mode,pattern,injection_rate,offered_load,expected_generated,packets_injected,packets_received,injection_acceptance,delivery_ratio,throughput,queueing_latency,network_latency,packet_latency,average_hops,average_link_utilization,adaptive_hops,escape_hops,escape_transitions,escape_hop_fraction,sim_ticks,sim_freq
mesh3d_xyz,uniform_random,0.02,0.01,6400.0,6387.0,6382.0,0.99796875,0.9992171598559574,0.009971875,2.0,10.594798,12.594798,3.786431,3.6945,0.0,0.0,0.0,0.0,10000.0,2000000000.0
mesh3d_xyz,uniform_random,0.04,0.02,12800.0,12618.0,12598.0,0.98578125,0.9984149627516247,0.019684375,2.0,10.54588,12.54588,3.753056,7.256,0.0,0.0,0.0,0.0,10000.0,2000000000.0
mesh3d_xyz,uniform_random,0.06,0.03,19200.0,19131.0,19118.0,0.99640625,0.9993204746223407,0.029871875,2.0,10.568888,12.568888,3.755518,11.0079,0.0,0.0,0.0,0.0,10000.0,2000000000.0
mesh3d_xyz,uniform_random,0.08,0.04,25600.0,25513.0,25490.0,0.9966015625,0.999098498804531,0.039828125,2.0,10.592115,12.592115,3.754767,14.677,0.0,0.0,0.0,0.0,10000.0,2000000000.0
mesh3d_xyz,uniform_random,0.1,0.05,32000.0,31970.0,31927.0,0.9990625,0.9986549890522365,0.0498859375,2.0,10.627839,12.627839,3.761957,18.4094,0.0,0.0,0.0,0.0,10000.0,2000000000.0
mesh3d_xyz,uniform_random,0.12,0.06,38400.0,38312.0,38259.0,0.9977083333333333,0.9986166214240969,0.0597796875,2.0,10.628846,12.628846,3.753731,22.0318,0.0,0.0,0.0,0.0,10000.0,2000000000.0
mesh3d_xyz,uniform_random,0.14,0.07,44800.00000000001,44515.0,44472.0,0.9936383928571427,0.9990340334718634,0.0694875,2.0,10.643573,12.643573,3.751079,25.5912,0.0,0.0,0.0,0.0,10000.0,2000000000.0
mesh3d_xyz,uniform_random,0.16,0.08,51200.0,50920.0,50859.0,0.99453125,0.9988020424194816,0.0794671875,2.0,10.653926,12.653926,3.746358,29.2484,0.0,0.0,0.0,0.0,10000.0,2000000000.0
mesh3d_xyz,uniform_random,0.18,0.09,57600.0,57428.0,57367.0,0.9970138888888889,0.9989378003761231,0.0896359375,2.0,10.692663,12.692663,3.755731,33.039,0.0,0.0,0.0,0.0,10000.0,2000000000.0
mesh3d_xyz,uniform_random,0.2,0.1,64000.0,63801.0,63727.0,0.996890625,0.9988401435714174,0.0995734375,2.0,10.706718,12.706718,3.75337,36.6911,0.0,0.0,0.0,0.0,10000.0,2000000000.0
mesh3d_xyz,uniform_random,0.22,0.11,70400.0,70205.0,70131.0,0.9972301136363636,0.9989459440210812,0.1095796875,2.0,10.722676,12.722676,3.749868,40.3507,0.0,0.0,0.0,0.0,10000.0,2000000000.0
mesh3d_xyz,uniform_random,0.24,0.12,76800.0,76649.0,76562.0,0.9980338541666667,0.9988649558376496,0.119628125,2.0,10.742522,12.742522,3.750451,44.0548,0.0,0.0,0.0,0.0,10000.0,2000000000.0
mesh3d_xyz,uniform_random,0.26,0.13,83200.0,83161.0,83053.0,0.99953125,0.9987013143180097,0.1297703125,2.0,10.746535,12.746535,3.742959,47.736,0.0,0.0,0.0,0.0,10000.0,2000000000.0
mesh3d_xyz,uniform_random,0.28,0.14,89600.00000000001,89543.0,89435.0,0.9993638392857142,0.9987938755681628,0.1397421875,2.0,10.763549,12.763549,3.743098,51.399,0.0,0.0,0.0,0.0,10000.0,2000000000.0
mesh3d_xyz,uniform_random,0.3,0.15,96000.0,96060.0,95954.0,1.000625,0.9988965230064543,0.149928125,2.0,10.824082,12.824082,3.759374,55.3016,0.0,0.0,0.0,0.0,10000.0,2000000000.0
mesh3d_xyz,uniform_random,0.32,0.16,102400.0,102412.0,102295.0,1.0001171875,0.998857555755185,0.1598359375,2.0,10.826648,12.826648,3.750936,58.8701,0.0,0.0,0.0,0.0,10000.0,2000000000.0
mesh3d_xyz,uniform_random,0.34,0.17,108800.00000000001,108817.0,108691.0,1.0001562499999999,0.9988420926877234,0.1698296875,2.0,10.842719,12.842719,3.749105,62.5302,0.0,0.0,0.0,0.0,10000.0,2000000000.0
mesh3d_xyz,uniform_random,0.36,0.18,115200.0,115134.0,114986.0,0.9994270833333333,0.998714541317074,0.179665625,2.0,10.877889,12.877889,3.755466,66.2294,0.0,0.0,0.0,0.0,10000.0,2000000000.0
mesh3d_xyz,uniform_random,0.38,0.19,121600.0,121411.0,121249.0,0.9984457236842105,0.9986656892703297,0.1894515625,2.0,10.898449,12.898449,3.753474,69.8199,0.0,0.0,0.0,0.0,10000.0,2000000000.0
mesh3d_xyz,uniform_random,0.4,0.2,128000.0,127850.0,127703.0,0.998828125,0.9988502150958154,0.1995359375,2.0,10.915319,12.915319,3.749951,73.4796,0.0,0.0,0.0,0.0,10000.0,2000000000.0
mesh3d_xyz,uniform_random,0.42,0.21,134400.0,134152.0,134012.0,0.9981547619047619,0.9989564076569861,0.20939375,2.0,10.943908,12.943908,3.751992,77.1305,0.0,0.0,0.0,0.0,10000.0,2000000000.0
mesh3d_xyz,uniform_random,0.44,0.22,140800.0,140661.0,140509.0,0.9990127840909091,0.9989193877478476,0.2195453125,2.0,10.961995,12.961995,3.750222,80.8462,0.0,0.0,0.0,0.0,10000.0,2000000000.0
mesh3d_xyz,uniform_random,0.46,0.23,147200.0,146960.0,146795.0,0.9983695652173913,0.998877245508982,0.2293671875,2.0,10.980742,12.980742,3.747505,84.4284,0.0,0.0,0.0,0.0,10000.0,2000000000.0
mesh3d_xyz,uniform_random,0.48,0.24,153600.0,153229.0,153047.0,0.9975846354166666,0.998812235281833,0.2391359375,2.0,11.024104,13.024104,3.756095,88.1581,0.0,0.0,0.0,0.0,10000.0,2000000000.0
mesh3d_xyz,uniform_random,0.5,0.25,160000.0,159529.0,159365.0,0.99705625,0.9989719737477198,0.2490078125,2.0,11.028827,13.028827,3.746557,91.6382,0.0,0.0,0.0,0.0,10000.0,2000000000.0
mesh3d_xyz,uniform_random,0.52,0.26,166400.0,166218.0,166016.0,0.99890625,0.9987847284890926,0.2594,2.0,11.060398,13.060398,3.747187,95.4819,0.0,0.0,0.0,0.0,10000.0,2000000000.0
mesh3d_xyz,uniform_random,0.54,0.27,172800.0,172492.0,172285.0,0.9982175925925926,0.998799944345245,0.2691953125,2.0,11.083089,13.083089,3.745973,99.0633,0.0,0.0,0.0,0.0,10000.0,2000000000.0
mesh3d_xyz,uniform_random,0.56,0.28,179200.00000000003,178832.0,178608.0,0.9979464285714285,0.9987474277534222,0.279075,2.0,11.118074,13.118074,3.749283,102.7636,0.0,0.0,0.0,0.0,10000.0,2000000000.0
mesh3d_xyz,uniform_random,0.58,0.29,185600.0,185199.0,184975.0,0.9978394396551724,0.9987904902294289,0.2890234375,2.0,11.154421,13.154421,3.74935,106.4273,0.0,0.0,0.0,0.0,10000.0,2000000000.0
mesh3d_xyz,uniform_random,0.6,0.3,192000.0,191612.0,191373.0,0.9979791666666666,0.9987526877231071,0.2990203125,2.0,11.185068,13.185068,3.748261,110.0888,0.0,0.0,0.0,0.0,10000.0,2000000000.0
mesh3d_xyz,uniform_random,0.62,0.31,198400.0,198029.0,197802.0,0.9981300403225807,0.9988537032454843,0.309065625,2.0,11.228673,13.228673,3.75206,113.8527,0.0,0.0,0.0,0.0,10000.0,2000000000.0
mesh3d_xyz,uniform_random,0.64,0.32,204800.0,204347.0,204113.0,0.9977880859375,0.9988548889878491,0.3189265625,2.000029,11.257382,13.257411,3.75031,117.4535,0.0,0.0,0.0,0.0,10000.0,2000000000.0
mesh3d_xyz,uniform_random,0.66,0.33,211200.0,210736.0,210478.0,0.9978030303030303,0.9987757193834941,0.328871875,2.000005,11.290524,13.290529,3.750188,121.1182,0.0,0.0,0.0,0.0,10000.0,2000000000.0
mesh3d_xyz,uniform_random,0.68,0.34,217600.00000000003,217207.0,216941.0,0.9981939338235293,0.9987753617516931,0.3389703125,2.0,11.332537,13.332537,3.749992,124.8338,0.0,0.0,0.0,0.0,10000.0,2000000000.0
mesh3d_xyz,uniform_random,0.7,0.35,224000.0,223803.0,223515.0,0.9991205357142857,0.9987131539791692,0.3492421875,2.000009,11.380556,13.380565,3.755386,128.741,0.0,0.0,0.0,0.0,10000.0,2000000000.0
mesh3d_xyz,uniform_random,0.72,0.36,230400.0,230099.0,229830.0,0.9986935763888889,0.9988309379875618,0.359109375,2.0,11.414528,13.414528,3.749584,132.2374,0.0,0.0,0.0,0.0,10000.0,2000000000.0
mesh3d_xyz,uniform_random,0.74,0.37,236800.0,236467.0,236173.0,0.99859375,0.9987566975518782,0.3690203125,2.000025,11.465206,13.465231,3.751923,135.9476,0.0,0.0,0.0,0.0,10000.0,2000000000.0
mesh3d_xyz,uniform_random,0.76,0.38,243200.0,242793.0,242504.0,0.9983264802631578,0.9988096856169659,0.3789125,2.000045,11.498652,13.498697,3.744784,139.4118,0.0,0.0,0.0,0.0,10000.0,2000000000.0
mesh3d_xyz,uniform_random,0.78,0.39,249600.0,249368.0,249074.0,0.9990705128205128,0.9988210195373906,0.389178125,2.000016,11.569831,13.569847,3.753804,143.4104,0.0,0.0,0.0,0.0,10000.0,2000000000.0
mesh3d_xyz,uniform_random,0.8,0.4,256000.0,255570.0,255276.0,0.9983203125,0.9988496302382909,0.39886875,2.000024,11.614077,13.6141,3.751042,146.9107,0.0,0.0,0.0,0.0,10000.0,2000000000.0
mesh3d_xyz,uniform_random,0.82,0.41,262400.0,261936.0,261599.0,0.9982317073170732,0.998713426180441,0.4087484375,2.00034,11.664823,13.665163,3.748317,150.4907,0.0,0.0,0.0,0.0,10000.0,2000000000.0
mesh3d_xyz,uniform_random,0.84,0.42,268800.0,268418.0,268077.0,0.998578869047619,0.9987295933953758,0.4188703125,2.000119,11.714097,13.714216,3.747882,154.2045,0.0,0.0,0.0,0.0,10000.0,2000000000.0
mesh3d_xyz,uniform_random,0.86,0.43,275200.0,274829.0,274475.0,0.9986518895348837,0.9987119263250966,0.4288671875,2.001873,11.791577,13.793449,3.754258,158.0593,0.0,0.0,0.0,0.0,10000.0,2000000000.0
mesh3d_xyz,uniform_random,0.88,0.44,281600.0,281202.0,280843.0,0.9985866477272727,0.9987233376718515,0.4388171875,2.000324,11.837347,13.837671,3.746663,161.5134,0.0,0.0,0.0,0.0,10000.0,2000000000.0
mesh3d_xyz,uniform_random,0.9,0.45,288000.0,287618.0,287256.0,0.9986736111111111,0.9987413861441217,0.4488375,2.000501,11.933735,13.934236,3.748312,165.2465,0.0,0.0,0.0,0.0,10000.0,2000000000.0
mesh3d_xyz,uniform_random,0.92,0.46,294400.0,294132.0,293753.0,0.9990896739130435,0.9987114628806114,0.4589890625,2.000759,12.020575,14.021334,3.751077,169.0693,0.0,0.0,0.0,0.0,10000.0,2000000000.0
mesh3d_xyz,uniform_random,0.94,0.47,300800.0,300557.0,300181.0,0.9991921542553192,0.9987489893763911,0.4690328125,2.002928,12.116213,14.119141,3.751633,172.7821,0.0,0.0,0.0,0.0,10000.0,2000000000.0
mesh3d_xyz,uniform_random,0.96,0.48,307200.0,306759.0,306384.0,0.998564453125,0.9987775419792084,0.478725,2.003753,12.193972,14.197726,3.745724,176.1665,0.0,0.0,0.0,0.0,10000.0,2000000000.0
mesh3d_xyz,uniform_random,0.98,0.49,313600.0,313150.0,312766.0,0.9985650510204082,0.9987737505987546,0.488696875,2.006459,12.345504,14.351963,3.748544,179.9224,0.0,0.0,0.0,0.0,10000.0,2000000000.0
mesh3d_xyz,uniform_random,1.0,0.5,320000.0,319599.0,319173.0,0.998746875,0.9986670796842293,0.4987078125,2.021819,12.459842,14.48166,3.747648,183.5981,0.0,0.0,0.0,0.0,10000.0,2000000000.0
torus3d_dor,uniform_random,0.02,0.01,6400.0,6387.0,6382.0,0.99796875,0.9992171598559574,0.009971875,2.0,9.049044,11.049044,3.015826,3.2027,0.0,0.0,0.0,0.0,10000.0,2000000000.0
torus3d_dor,uniform_random,0.04,0.02,12800.0,12618.0,12600.0,0.98578125,0.9985734664764622,0.0196875,2.0,9.027381,11.027381,2.997302,6.3038,0.0,0.0,0.0,0.0,10000.0,2000000000.0
torus3d_dor,uniform_random,0.06,0.03,19200.0,19131.0,19119.0,0.99640625,0.9993727458052376,0.0298734375,2.0,9.049793,11.049793,3.000889,9.5649,0.0,0.0,0.0,0.0,10000.0,2000000000.0
torus3d_dor,uniform_random,0.08,0.04,25600.0,25513.0,25491.0,0.9966015625,0.9991376945086818,0.0398296875,2.0,9.070103,11.070103,2.999608,12.7516,0.0,0.0,0.0,0.0,10000.0,2000000000.0
torus3d_dor,uniform_random,0.1,0.05,32000.0,31970.0,31933.0,0.9990625,0.998842664998436,0.0498953125,2.0,9.103811,11.103811,3.008393,16.0022,0.0,0.0,0.0,0.0,10000.0,2000000000.0
torus3d_dor,uniform_random,0.12,0.06,38400.0,38312.0,38265.0,0.9977083333333333,0.9987732303194822,0.0597890625,2.0,9.126878,11.126878,3.011551,19.1912,0.0,0.0,0.0,0.0,10000.0,2000000000.0
torus3d_dor,uniform_random,0.14,0.07,44800.00000000001,44515.0,44477.0,0.9936383928571427,0.9991463551611817,0.0694953125,2.0,9.110169,11.110169,2.995121,22.2288,0.0,0.0,0.0,0.0,10000.0,2000000000.0
torus3d_dor,uniform_random,0.16,0.08,51200.0,50920.0,50870.0,0.99453125,0.9990180675569521,0.079484375,2.0,9.138254,11.138254,3.000354,25.4527,0.0,0.0,0.0,0.0,10000.0,2000000000.0
torus3d_dor,uniform_random,0.18,0.09,57600.0,57428.0,57373.0,0.9970138888888889,0.999042279027652,0.0896453125,2.0,9.165914,11.165914,3.006153,28.7383,0.0,0.0,0.0,0.0,10000.0,2000000000.0
torus3d_dor,uniform_random,0.2,0.1,64000.0,63801.0,63731.0,0.996890625,0.9989028385135029,0.0995796875,2.0,9.168003,11.168003,2.997693,31.8741,0.0,0.0,0.0,0.0,10000.0,2000000000.0
torus3d_dor,uniform_random,0.22,0.11,70400.0,70205.0,70142.0,0.9972301136363636,0.9991026280179475,0.109596875,2.0,9.194677,11.194677,3.002566,35.1083,0.0,0.0,0.0,0.0,10000.0,2000000000.0
torus3d_dor,uniform_random,0.24,0.12,76800.0,76649.0,76571.0,0.9980338541666667,0.998982374199272,0.1196421875,2.0,9.209688,11.209688,3.001489,38.32,0.0,0.0,0.0,0.0,10000.0,2000000000.0
torus3d_dor,uniform_random,0.26,0.13,83200.0,83161.0,83075.0,0.99953125,0.998965861401378,0.1298046875,2.0,9.20461,11.20461,2.990972,41.4873,0.0,0.0,0.0,0.0,10000.0,2000000000.0
torus3d_dor,uniform_random,0.28,0.14,89600.00000000001,89543.0,89450.0,0.9993638392857142,0.9989613928503625,0.139765625,2.0,9.234612,11.234612,2.998591,44.7388,0.0,0.0,0.0,0.0,10000.0,2000000000.0
torus3d_dor,uniform_random,0.3,0.15,96000.0,96060.0,95966.0,1.000625,0.9990214449302519,0.149946875,2.0,9.272763,11.272763,3.005929,48.0705,0.0,0.0,0.0,0.0,10000.0,2000000000.0
torus3d_dor,uniform_random,0.32,0.16,102400.0,102412.0,102312.0,1.0001171875,0.9990235519275085,0.1598625,2.0,9.26169,11.26169,2.993227,51.1168,0.0,0.0,0.0,0.0,10000.0,2000000000.0
torus3d_dor,uniform_random,0.34,0.17,108800.00000000001,108817.0,108709.0,1.0001562499999999,0.9990075080180486,0.1698578125,2.0,9.298724,11.298724,3.001996,54.4064,0.0,0.0,0.0,0.0,10000.0,2000000000.0
torus3d_dor,uniform_random,0.36,0.18,115200.0,115134.0,115006.0,0.9994270833333333,0.9988882519499018,0.179696875,2.0,9.31214,11.31214,3.000278,57.544,0.0,0.0,0.0,0.0,10000.0,2000000000.0
torus3d_dor,uniform_random,0.38,0.19,121600.0,121411.0,121271.0,0.9984457236842105,0.9988468919620134,0.1894859375,2.0,9.33741,11.33741,3.000577,60.6881,0.0,0.0,0.0,0.0,10000.0,2000000000.0
torus3d_dor,uniform_random,0.4,0.2,128000.0,127850.0,127721.0,0.998828125,0.9989910050840829,0.1995640625,2.0,9.342465,11.342465,2.997181,63.8652,0.0,0.0,0.0,0.0,10000.0,2000000000.0
torus3d_dor,uniform_random,0.42,0.21,134400.0,134152.0,134024.0,0.9981547619047619,0.9990458584292444,0.2094125,2.0,9.373724,11.373724,3.002276,67.0803,0.0,0.0,0.0,0.0,10000.0,2000000000.0
torus3d_dor,uniform_random,0.44,0.22,140800.0,140661.0,140529.0,0.9990127840909091,0.9990615735704993,0.2195765625,2.0,9.387144,11.387144,2.999715,70.2986,0.0,0.0,0.0,0.0,10000.0,2000000000.0
torus3d_dor,uniform_random,0.46,0.23,147200.0,146960.0,146818.0,0.9983695652173913,0.9990337506804573,0.229403125,2.0,9.406013,11.406013,3.00002,73.4542,0.0,0.0,0.0,0.0,10000.0,2000000000.0
torus3d_dor,uniform_random,0.48,0.24,153600.0,153229.0,153064.0,0.9975846354166666,0.9989231803379256,0.2391625,2.0,9.441678,11.441678,3.007716,76.7023,0.0,0.0,0.0,0.0,10000.0,2000000000.0
torus3d_dor,uniform_random,0.5,0.25,160000.0,159529.0,159392.0,0.99705625,0.9991412219721806,0.24905,2.0,9.447381,11.447381,2.998883,79.7198,0.0,0.0,0.0,0.0,10000.0,2000000000.0
torus3d_dor,uniform_random,0.52,0.26,166400.0,166218.0,166038.0,0.99890625,0.9989170847922607,0.259434375,2.0,9.476295,11.476295,3.001945,83.1066,0.0,0.0,0.0,0.0,10000.0,2000000000.0
torus3d_dor,uniform_random,0.54,0.27,172800.0,172492.0,172307.0,0.9982175925925926,0.9989274864921271,0.2692296875,2.0,9.479139,11.479139,2.997365,86.1624,0.0,0.0,0.0,0.0,10000.0,2000000000.0
torus3d_dor,uniform_random,0.56,0.28,179200.00000000003,178832.0,178643.0,0.9979464285714285,0.99894314216695,0.2791296875,2.0,9.517608,11.517608,3.001853,89.4102,0.0,0.0,0.0,0.0,10000.0,2000000000.0
torus3d_dor,uniform_random,0.58,0.29,185600.0,185199.0,185005.0,0.9978394396551724,0.9989524781451303,0.2890703125,2.000005,9.538958,11.538964,3.000438,92.5686,0.0,0.0,0.0,0.0,10000.0,2000000000.0
torus3d_dor,uniform_random,0.6,0.3,192000.0,191612.0,191409.0,0.9979791666666666,0.998940567396614,0.2990765625,2.0,9.560689,11.560689,2.998401,95.7365,0.0,0.0,0.0,0.0,10000.0,2000000000.0
torus3d_dor,uniform_random,0.62,0.31,198400.0,198029.0,197831.0,0.9981300403225807,0.9990001464431977,0.3091109375,2.0,9.591682,11.591682,3.003897,99.0506,0.0,0.0,0.0,0.0,10000.0,2000000000.0
torus3d_dor,uniform_random,0.64,0.32,204800.0,204347.0,204141.0,0.9977880859375,0.9989919108183629,0.3189703125,2.0,9.618426,11.618426,3.003091,102.1974,0.0,0.0,0.0,0.0,10000.0,2000000000.0
torus3d_dor,uniform_random,0.66,0.33,211200.0,210736.0,210517.0,0.9978030303030303,0.9989607850580822,0.3289328125,2.0,9.64134,11.64134,3.000584,105.3371,0.0,0.0,0.0,0.0,10000.0,2000000000.0
torus3d_dor,uniform_random,0.68,0.34,217600.00000000003,217207.0,216974.0,0.9981939338235293,0.9989272905569342,0.339021875,2.0,9.670149,11.670149,3.000111,108.5623,0.0,0.0,0.0,0.0,10000.0,2000000000.0
torus3d_dor,uniform_random,0.7,0.35,224000.0,223803.0,223552.0,0.9991205357142857,0.9988784779471231,0.3493,2.0,9.709432,11.709432,3.006441,111.9949,0.0,0.0,0.0,0.0,10000.0,2000000000.0
torus3d_dor,uniform_random,0.72,0.36,230400.0,230099.0,229869.0,0.9986935763888889,0.9990004302495882,0.3591703125,2.000009,9.71931,11.719318,2.996959,114.9347,0.0,0.0,0.0,0.0,10000.0,2000000000.0
torus3d_dor,uniform_random,0.74,0.37,236800.0,236467.0,236222.0,0.99859375,0.9989639146265652,0.369096875,2.000013,9.763066,11.763079,2.999373,118.1697,0.0,0.0,0.0,0.0,10000.0,2000000000.0
torus3d_dor,uniform_random,0.76,0.38,243200.0,242793.0,242545.0,0.9983264802631578,0.9989785537474309,0.3789765625,2.000021,9.789561,11.789581,2.998743,121.3148,0.0,0.0,0.0,0.0,10000.0,2000000000.0
torus3d_dor,uniform_random,0.78,0.39,249600.0,249368.0,249101.0,0.9990705128205128,0.9989292932533445,0.3892203125,2.000008,9.825585,11.825593,3.001232,124.6629,0.0,0.0,0.0,0.0,10000.0,2000000000.0
torus3d_dor,uniform_random,0.8,0.4,256000.0,255570.0,255310.0,0.9983203125,0.9989826661971279,0.398921875,2.000039,9.859269,11.859308,3.000227,127.7386,0.0,0.0,0.0,0.0,10000.0,2000000000.0
torus3d_dor,uniform_random,0.82,0.41,262400.0,261936.0,261651.0,0.9982317073170732,0.9989119479567528,0.4088296875,2.000233,9.899056,11.89929,2.99992,130.9111,0.0,0.0,0.0,0.0,10000.0,2000000000.0
torus3d_dor,uniform_random,0.84,0.42,268800.0,268418.0,268125.0,0.998578869047619,0.9989084189584901,0.4189453125,2.000015,9.920593,11.920608,2.997807,134.0933,0.0,0.0,0.0,0.0,10000.0,2000000000.0
torus3d_dor,uniform_random,0.86,0.43,275200.0,274829.0,274518.0,0.9986518895348837,0.9988683872517092,0.428934375,2.000062,9.98387,11.983932,3.00451,137.4772,0.0,0.0,0.0,0.0,10000.0,2000000000.0
torus3d_dor,uniform_random,0.88,0.44,281600.0,281202.0,280897.0,0.9985866477272727,0.9989153704454449,0.4389015625,2.000317,10.003674,12.003991,2.997362,140.4644,0.0,0.0,0.0,0.0,10000.0,2000000000.0
torus3d_dor,uniform_random,0.9,0.45,288000.0,287618.0,287309.0,0.9986736111111111,0.9989256583384907,0.4489203125,2.000171,10.055331,12.055501,2.99717,143.6631,0.0,0.0,0.0,0.0,10000.0,2000000000.0
torus3d_dor,uniform_random,0.92,0.46,294400.0,294133.0,293816.0,0.9990930706521739,0.9989222562582233,0.4590875,2.000228,10.101325,12.101553,2.997458,146.9272,0.0,0.0,0.0,0.0,10000.0,2000000000.0
torus3d_dor,uniform_random,0.94,0.47,300800.0,300557.0,300238.0,0.9991921542553192,0.9989386372634808,0.469121875,2.000729,10.170508,12.171237,3.000556,150.2297,0.0,0.0,0.0,0.0,10000.0,2000000000.0
torus3d_dor,uniform_random,0.96,0.48,307200.0,306759.0,306439.0,0.998564453125,0.9989568358222579,0.4788109375,2.0003,10.209275,12.209575,2.997833,153.2482,0.0,0.0,0.0,0.0,10000.0,2000000000.0
torus3d_dor,uniform_random,0.98,0.49,313600.0,313150.0,312825.0,0.9985650510204082,0.9989621587098835,0.4887890625,2.000678,10.276369,12.277046,2.997299,156.4203,0.0,0.0,0.0,0.0,10000.0,2000000000.0
torus3d_dor,uniform_random,1.0,0.5,320000.0,319599.0,319249.0,0.998746875,0.9989048776748363,0.4988265625,2.002468,10.340433,12.342902,2.998844,159.6918,0.0,0.0,0.0,0.0,10000.0,2000000000.0
torus3d_adaptive_escape,uniform_random,0.02,0.01,6400.0,6387.0,6382.0,0.99796875,0.9992171598559574,0.009971875,2.0,9.051238,11.051238,3.015826,3.2027,19257.0,0.0,0.0,0.0,10000.0,2000000000.0
torus3d_adaptive_escape,uniform_random,0.04,0.02,12800.0,12618.0,12600.0,0.98578125,0.9985734664764622,0.0196875,2.0,9.030476,11.030476,2.997302,6.3038,37816.0,0.0,0.0,0.0,10000.0,2000000000.0
torus3d_adaptive_escape,uniform_random,0.06,0.03,19200.0,19131.0,19119.0,0.99640625,0.9993727458052376,0.0298734375,2.0,9.05743,11.05743,3.000889,9.5649,57397.0,0.0,0.0,0.0,10000.0,2000000000.0
torus3d_adaptive_escape,uniform_random,0.08,0.04,25600.0,25513.0,25491.0,0.9966015625,0.9991376945086818,0.0398296875,2.0,9.076733,11.076733,2.999608,12.7516,76509.0,0.0,0.0,0.0,10000.0,2000000000.0
torus3d_adaptive_escape,uniform_random,0.1,0.05,32000.0,31970.0,31933.0,0.9990625,0.998842664998436,0.0498953125,2.0,9.113832,11.113832,3.008393,16.0022,96112.0,0.0,0.0,0.0,10000.0,2000000000.0
torus3d_adaptive_escape,uniform_random,0.12,0.06,38400.0,38312.0,38265.0,0.9977083333333333,0.9987732303194822,0.0597890625,2.0,9.134013,11.134013,3.011551,19.1907,115329.0,0.0,0.0,0.0,10000.0,2000000000.0
torus3d_adaptive_escape,uniform_random,0.14,0.07,44800.00000000001,44515.0,44477.0,0.9936383928571427,0.9991463551611817,0.0694953125,2.0,9.118825,11.118825,2.995121,22.2287,133293.0,0.0,0.0,0.0,10000.0,2000000000.0
torus3d_adaptive_escape,uniform_random,0.16,0.08,51200.0,50920.0,50871.0,0.99453125,0.999037706205813,0.0794859375,2.0,9.149437,11.149437,3.000334,25.4525,152729.0,0.0,0.0,0.0,10000.0,2000000000.0
torus3d_adaptive_escape,uniform_random,0.18,0.09,57600.0,57428.0,57373.0,0.9970138888888889,0.999042279027652,0.0896453125,2.0,9.179841,11.179841,3.006153,28.7386,172578.0,0.0,0.0,0.0,10000.0,2000000000.0
torus3d_adaptive_escape,uniform_random,0.2,0.1,64000.0,63801.0,63731.0,0.996890625,0.9989028385135029,0.0995796875,2.0,9.179599,11.179599,2.997725,31.8747,191205.0,4.0,2.0,2.0919517386733887e-05,10000.0,2000000000.0
torus3d_adaptive_escape,uniform_random,0.22,0.11,70400.0,70205.0,70142.0,0.9972301136363636,0.9991026280179475,0.109596875,2.0,9.206994,11.206994,3.002566,35.1081,210730.0,2.0,2.0,9.490727559174686e-06,10000.0,2000000000.0
torus3d_adaptive_escape,uniform_random,0.24,0.12,76800.0,76649.0,76571.0,0.9980338541666667,0.998982374199272,0.1196421875,2.0,9.222317,11.222317,3.001515,38.3194,229967.0,4.0,2.0,1.739349744098169e-05,10000.0,2000000000.0
torus3d_adaptive_escape,uniform_random,0.26,0.13,83200.0,83161.0,83075.0,0.99953125,0.998965861401378,0.1298046875,2.000024,9.21625,11.216274,2.990972,41.4867,248629.0,4.0,4.0,1.6087969014571678e-05,10000.0,2000000000.0
torus3d_adaptive_escape,uniform_random,0.28,0.14,89600.00000000001,89543.0,89450.0,0.9993638392857142,0.9989613928503625,0.139765625,2.000034,9.246316,11.24635,2.998591,44.7387,268389.0,4.0,4.0,1.4903518348094025e-05,10000.0,2000000000.0
torus3d_adaptive_escape,uniform_random,0.3,0.15,96000.0,96060.0,95966.0,1.000625,0.9990214449302519,0.149946875,2.000031,9.283142,11.283173,3.00595,48.0706,288660.0,6.0,4.0,2.0785267402465132e-05,10000.0,2000000000.0
torus3d_adaptive_escape,uniform_random,0.32,0.16,102400.0,102412.0,102313.0,1.0001171875,0.9990333164082335,0.1598640625,2.000078,9.273093,11.273172,2.993334,51.1176,306426.0,20.0,12.0,6.526435326289134e-05,10000.0,2000000000.0
torus3d_adaptive_escape,uniform_random,0.34,0.17,108800.00000000001,108817.0,108708.0,1.0001562499999999,0.998998318277475,0.16985625,2.000092,9.311679,11.311771,3.002079,54.4073,326522.0,22.0,14.0,6.737223773825273e-05,10000.0,2000000000.0
torus3d_adaptive_escape,uniform_random,0.36,0.18,115200.0,115134.0,115006.0,0.9994270833333333,0.9988882519499018,0.179696875,2.000043,9.324609,11.324653,3.000348,57.5452,345285.0,25.0,17.0,7.239871419883583e-05,10000.0,2000000000.0
torus3d_adaptive_escape,uniform_random,0.38,0.19,121600.0,121411.0,121272.0,0.9984457236842105,0.998855128447999,0.1894875,2.000074,9.342923,11.342998,3.00066,60.6882,364163.0,34.0,24.0,9.335606828172665e-05,10000.0,2000000000.0
torus3d_adaptive_escape,uniform_random,0.4,0.2,128000.0,127850.0,127720.0,0.998828125,0.998983183418068,0.1995625,2.000125,9.353719,11.353844,2.997314,63.8666,383035.0,55.0,37.0,0.00014356939622543006,10000.0,2000000000.0
torus3d_adaptive_escape,uniform_random,0.42,0.21,134400.0,134152.0,134022.0,0.9981547619047619,0.9990309499672014,0.209409375,2.000142,9.380117,11.380258,3.00235,67.0823,402596.0,55.0,43.0,0.00013659471850312058,10000.0,2000000000.0
torus3d_adaptive_escape,uniform_random,0.44,0.22,140800.0,140661.0,140529.0,0.9990127840909091,0.9990615735704993,0.2195765625,2.000263,9.392069,11.392332,2.999957,70.3011,421722.0,98.0,64.0,0.00023232658479920346,10000.0,2000000000.0
torus3d_adaptive_escape,uniform_random,0.46,0.23,147200.0,146960.0,146819.0,0.9983695652173913,0.9990405552531301,0.2294046875,2.000238,9.413026,11.413264,3.000259,73.4569,440671.0,117.0,83.0,0.00026543372324110457,10000.0,2000000000.0
torus3d_adaptive_escape,uniform_random,0.48,0.24,153600.0,153229.0,153063.0,0.9975846354166666,0.9989166541581554,0.2391609375,2.000261,9.446914,11.447175,3.008121,76.7083,460628.0,159.0,97.0,0.0003450618181502516,10000.0,2000000000.0
torus3d_adaptive_escape,uniform_random,0.5,0.25,160000.0,159529.0,159391.0,0.99705625,0.9991349535194228,0.2490484375,2.000471,9.448915,11.449385,2.999247,79.7246,478157.0,164.0,106.0,0.00034286598330409915,10000.0,2000000000.0
torus3d_adaptive_escape,uniform_random,0.52,0.26,166400.0,166218.0,166038.0,0.99890625,0.9989170847922607,0.259434375,2.000446,9.472308,11.472753,3.002301,83.1117,498692.0,175.0,117.0,0.00035079490124622395,10000.0,2000000000.0
torus3d_adaptive_escape,uniform_random,0.54,0.27,172800.0,172492.0,172309.0,0.9982175925925926,0.9989390812327528,0.2692328125,2.000667,9.480567,11.481234,2.997847,86.1706,516659.0,245.0,161.0,0.00047397582529831457,10000.0,2000000000.0
torus3d_adaptive_escape,uniform_random,0.56,0.28,179200.00000000003,178832.0,178642.0,0.9979464285714285,0.9989375503265635,0.279128125,2.000565,9.514286,11.514851,3.002278,89.4178,536451.0,251.0,175.0,0.0004676710725877675,10000.0,2000000000.0
torus3d_adaptive_escape,uniform_random,0.58,0.29,185600.0,185199.0,185008.0,0.9978394396551724,0.9989686769367006,0.289075,2.000822,9.53262,11.533442,3.001076,92.5812,555257.0,346.0,230.0,0.0006227468174217922,10000.0,2000000000.0
torus3d_adaptive_escape,uniform_random,0.6,0.3,192000.0,191612.0,191409.0,0.9979791666666666,0.998940567396614,0.2990765625,2.001217,9.553469,11.554687,2.998924,95.7453,574061.0,381.0,283.0,0.0006632523387913836,10000.0,2000000000.0
torus3d_adaptive_escape,uniform_random,0.62,0.31,198400.0,198029.0,197831.0,0.9981300403225807,0.9990001464431977,0.3091109375,2.001461,9.58459,11.586051,3.004757,99.0674,594336.0,474.0,304.0,0.0007968931255358854,10000.0,2000000000.0
torus3d_adaptive_escape,uniform_random,0.64,0.32,204800.0,204347.0,204138.0,0.9977880859375,0.9989772299079507,0.318965625,2.001553,9.602867,11.60442,3.003831,102.2135,613132.0,511.0,353.0,0.0008327317349012374,10000.0,2000000000.0
torus3d_adaptive_escape,uniform_random,0.66,0.33,211200.0,210736.0,210516.0,0.9978030303030303,0.9989560397843747,0.32893125,2.0019,9.621634,11.623535,3.001568,105.3573,631701.0,612.0,412.0,0.0009678750871799252,10000.0,2000000000.0
torus3d_adaptive_escape,uniform_random,0.68,0.34,217600.00000000003,217207.0,216978.0,0.9981939338235293,0.9989457061696907,0.339028125,2.002258,9.643434,11.645692,3.001235,108.5854,650964.0,712.0,478.0,0.0010925674721794267,10000.0,2000000000.0
torus3d_adaptive_escape,uniform_random,0.7,0.35,224000.0,223803.0,223557.0,0.9991205357142857,0.9989008190238736,0.3493078125,2.002885,9.683705,11.68659,3.007743,112.0239,672005.0,878.0,592.0,0.0013048330839090898,10000.0,2000000000.0
torus3d_adaptive_escape,uniform_random,0.72,0.36,230400.0,230099.0,229874.0,0.9986935763888889,0.9990221600267711,0.359178125,2.003476,9.685963,11.689439,2.998308,114.965,688749.0,939.0,631.0,0.0013614851933047988,10000.0,2000000000.0
torus3d_adaptive_escape,uniform_random,0.74,0.37,236800.0,236467.0,236227.0,0.99859375,0.9989850592260231,0.3691046875,2.003789,9.716709,11.720498,3.000796,118.2032,708286.0,1058.0,720.0,0.0014915189245274507,10000.0,2000000000.0
torus3d_adaptive_escape,uniform_random,0.76,0.38,243200.0,242793.0,242540.0,0.9983264802631578,0.998957960072984,0.37896875,2.004292,9.739466,11.743758,3.000495,121.3562,726943.0,1287.0,863.0,0.0017672987929637615,10000.0,2000000000.0
torus3d_adaptive_escape,uniform_random,0.78,0.39,249600.0,249368.0,249108.0,0.9990705128205128,0.99895736421674,0.38923125,2.005576,9.772978,11.778554,3.003087,124.7084,747179.0,1442.0,990.0,0.001926208321700834,10000.0,2000000000.0
torus3d_adaptive_escape,uniform_random,0.8,0.4,256000.0,255570.0,255313.0,0.9983203125,0.9989944046640842,0.3989265625,2.006639,9.797652,11.804291,3.002334,127.7905,765414.0,1620.0,1081.0,0.0021120315396709922,10000.0,2000000000.0
torus3d_adaptive_escape,uniform_random,0.82,0.41,262400.0,261936.0,261653.0,0.9982317073170732,0.9989195834096879,0.4088328125,2.007292,9.825104,11.832396,3.002083,130.9661,784310.0,1774.0,1212.0,0.0022567562754107705,10000.0,2000000000.0
torus3d_adaptive_escape,uniform_random,0.84,0.42,268800.0,268418.0,268128.0,0.998578869047619,0.9989195955561847,0.41895,2.008481,9.84642,11.854901,2.999828,134.1465,803125.0,1813.0,1274.0,0.0022523473857613877,10000.0,2000000000.0
torus3d_adaptive_escape,uniform_random,0.86,0.43,275200.0,274829.0,274527.0,0.9986518895348837,0.9989011348875119,0.4289484375,2.010629,9.895846,11.906476,3.00715,137.5478,823935.0,2216.0,1499.0,0.00268231836552882,10000.0,2000000000.0
torus3d_adaptive_escape,uniform_random,0.88,0.44,281600.0,281202.0,280901.0,0.9985866477272727,0.9989295950953407,0.4389078125,2.01246,9.91025,11.922709,3.000128,140.5419,840803.0,2529.0,1741.0,0.0029988189704647753,10000.0,2000000000.0
torus3d_adaptive_escape,uniform_random,0.9,0.45,288000.0,287617.0,287315.0,0.9986701388888889,0.9989499925247812,0.4489296875,2.013939,9.946738,11.960677,3.000428,143.7572,859722.0,2933.0,1990.0,0.003399968701276872,10000.0,2000000000.0
torus3d_adaptive_escape,uniform_random,0.92,0.46,294400.0,294133.0,293816.0,0.9990930706521739,0.9989222562582233,0.4590875,2.017099,9.984089,12.001188,3.001215,147.0379,879117.0,3336.0,2227.0,0.0037803713058939116,10000.0,2000000000.0
torus3d_adaptive_escape,uniform_random,0.94,0.47,300800.0,300557.0,300241.0,0.9991921542553192,0.9989486187312223,0.4691265625,2.021113,10.021729,12.042842,3.004523,150.3491,899061.0,3655.0,2454.0,0.004048892453440507,10000.0,2000000000.0
torus3d_adaptive_escape,uniform_random,0.96,0.48,307200.0,306759.0,306445.0,0.998564453125,0.9989763951505906,0.4788203125,2.024399,10.045548,12.069947,3.002066,153.3763,916516.0,4076.0,2782.0,0.004427585727444948,10000.0,2000000000.0
torus3d_adaptive_escape,uniform_random,0.98,0.49,313600.0,313150.0,312828.0,0.9985650510204082,0.9989717387833307,0.48879375,2.026986,10.08917,12.116156,3.002027,156.5688,935178.0,4565.0,3063.0,0.0048577110976086016,10000.0,2000000000.0
torus3d_adaptive_escape,uniform_random,1.0,0.5,320000.0,319599.0,319254.0,0.998746875,0.9989205222794815,0.498834375,2.03256,10.128747,12.161307,3.003868,159.8508,954741.0,4954.0,3347.0,0.005162056695095838,10000.0,2000000000.0
mesh3d_xyz,torus3d_neighbor,0.02,0.01,6400.0,6392.0,6389.0,0.99875,0.9995306633291614,0.0099828125,2.0,6.041791,8.041791,1.520895,2.2502,0.0,0.0,0.0,0.0,10000.0,2000000000.0
mesh3d_xyz,torus3d_neighbor,0.04,0.02,12800.0,12607.0,12598.0,0.984921875,0.999286110890775,0.019684375,2.0,6.014129,8.014129,1.507065,4.42,0.0,0.0,0.0,0.0,10000.0,2000000000.0
mesh3d_xyz,torus3d_neighbor,0.06,0.03,19200.0,19104.0,19085.0,0.995,0.9990054438860971,0.0298203125,2.0,6.000367,8.000367,1.500183,6.6847,0.0,0.0,0.0,0.0,10000.0,2000000000.0
mesh3d_xyz,torus3d_neighbor,0.08,0.04,25600.0,25466.0,25440.0,0.994765625,0.9989790308646823,0.03975,2.0,5.993396,7.993396,1.496698,8.9018,0.0,0.0,0.0,0.0,10000.0,2000000000.0
mesh3d_xyz,torus3d_neighbor,0.1,0.05,32000.0,31948.0,31917.0,0.998375,0.9990296732189808,0.0498703125,2.0,5.994705,7.994705,1.497353,11.1703,0.0,0.0,0.0,0.0,10000.0,2000000000.0
mesh3d_xyz,torus3d_neighbor,0.12,0.06,38400.0,38292.0,38257.0,0.9971875,0.9990859709599916,0.0597765625,2.0,5.997569,7.997569,1.498785,13.394,0.0,0.0,0.0,0.0,10000.0,2000000000.0
mesh3d_xyz,torus3d_neighbor,0.14,0.07,44800.00000000001,44569.0,44531.0,0.9948437499999998,0.9991473894410914,0.0695796875,2.0,5.998945,7.998945,1.499472,15.5926,0.0,0.0,0.0,0.0,10000.0,2000000000.0
mesh3d_xyz,torus3d_neighbor,0.16,0.08,51200.0,50975.0,50934.0,0.99560546875,0.9991956841589015,0.079584375,2.0,5.995798,7.995798,1.497899,17.826,0.0,0.0,0.0,0.0,10000.0,2000000000.0
mesh3d_xyz,torus3d_neighbor,0.18,0.09,57600.0,57392.0,57347.0,0.9963888888888889,0.9992159185949261,0.0896046875,2.0,5.998762,7.998762,1.499381,20.0787,0.0,0.0,0.0,0.0,10000.0,2000000000.0
mesh3d_xyz,torus3d_neighbor,0.2,0.1,64000.0,63806.0,63754.0,0.99696875,0.9991850296210387,0.099615625,2.0,5.998965,7.998965,1.499482,22.3229,0.0,0.0,0.0,0.0,10000.0,2000000000.0
mesh3d_xyz,torus3d_neighbor,0.22,0.11,70400.0,70137.0,70081.0,0.9962642045454545,0.9992015626559448,0.1095015625,2.0,6.000043,8.000043,1.500021,24.5423,0.0,0.0,0.0,0.0,10000.0,2000000000.0
mesh3d_xyz,torus3d_neighbor,0.24,0.12,76800.0,76496.0,76435.0,0.9960416666666667,0.999202572683539,0.1194296875,2.0,5.998338,7.998338,1.499169,26.7609,0.0,0.0,0.0,0.0,10000.0,2000000000.0
mesh3d_xyz,torus3d_neighbor,0.26,0.13,83200.0,82939.0,82875.0,0.9968629807692307,0.9992283485453164,0.1294921875,2.0,5.998226,7.998226,1.499113,29.0144,0.0,0.0,0.0,0.0,10000.0,2000000000.0
mesh3d_xyz,torus3d_neighbor,0.28,0.14,89600.00000000001,89320.0,89251.0,0.9968749999999998,0.9992274966412897,0.1394546875,2.0,5.999608,7.999608,1.499804,31.2524,0.0,0.0,0.0,0.0,10000.0,2000000000.0
mesh3d_xyz,torus3d_neighbor,0.3,0.15,96000.0,95810.0,95739.0,0.9980208333333334,0.9992589500052187,0.1495921875,2.0,6.003896,8.003896,1.501948,33.5438,0.0,0.0,0.0,0.0,10000.0,2000000000.0
mesh3d_xyz,torus3d_neighbor,0.32,0.16,102400.0,102153.0,102076.0,0.997587890625,0.9992462286961714,0.15949375,2.0,6.002469,8.002469,1.501234,35.7572,0.0,0.0,0.0,0.0,10000.0,2000000000.0
mesh3d_xyz,torus3d_neighbor,0.34,0.17,108800.00000000001,108533.0,108453.0,0.9975459558823528,0.9992628969990694,0.1694578125,2.0,6.002683,8.002683,1.501342,37.9919,0.0,0.0,0.0,0.0,10000.0,2000000000.0
mesh3d_xyz,torus3d_neighbor,0.36,0.18,115200.0,114873.0,114789.0,0.9971614583333334,0.9992687576715155,0.1793578125,2.0,6.001768,8.001768,1.500884,40.2066,0.0,0.0,0.0,0.0,10000.0,2000000000.0
mesh3d_xyz,torus3d_neighbor,0.38,0.19,121600.0,121234.0,121145.0,0.9969901315789473,0.9992658825082072,0.1892890625,2.0,6.001114,8.001114,1.500557,42.4291,0.0,0.0,0.0,0.0,10000.0,2000000000.0
mesh3d_xyz,torus3d_neighbor,0.4,0.2,128000.0,127637.0,127545.0,0.9971640625,0.9992792058729052,0.1992890625,2.0,6.000713,8.000713,1.500357,44.6675,0.0,0.0,0.0,0.0,10000.0,2000000000.0
mesh3d_xyz,torus3d_neighbor,0.42,0.21,134400.0,133970.0,133877.0,0.9968005952380953,0.9993058147346421,0.2091828125,2.0,6.0005,8.0005,1.50025,46.8826,0.0,0.0,0.0,0.0,10000.0,2000000000.0
mesh3d_xyz,torus3d_neighbor,0.44,0.22,140800.0,140415.0,140315.0,0.997265625,0.9992878253747819,0.2192421875,2.0,6.001233,8.001233,1.500616,49.1425,0.0,0.0,0.0,0.0,10000.0,2000000000.0
mesh3d_xyz,torus3d_neighbor,0.46,0.23,147200.0,146736.0,146633.0,0.9968478260869565,0.9992980590993349,0.2291140625,2.0,6.001248,8.001248,1.500624,51.3549,0.0,0.0,0.0,0.0,10000.0,2000000000.0
mesh3d_xyz,torus3d_neighbor,0.48,0.24,153600.0,153087.0,152981.0,0.99666015625,0.9993075832696441,0.2390328125,2.0,6.000621,8.000621,1.50031,53.573,0.0,0.0,0.0,0.0,10000.0,2000000000.0
mesh3d_xyz,torus3d_neighbor,0.5,0.25,160000.0,159452.0,159342.0,0.996575,0.9993101372199784,0.248971875,2.0,6.00059,8.00059,1.500295,55.8001,0.0,0.0,0.0,0.0,10000.0,2000000000.0
mesh3d_xyz,torus3d_neighbor,0.52,0.26,166400.0,166081.0,165966.0,0.9980829326923077,0.999307566789699,0.259321875,2.0,6.002012,8.002012,1.501006,58.1321,0.0,0.0,0.0,0.0,10000.0,2000000000.0
mesh3d_xyz,torus3d_neighbor,0.54,0.27,172800.0,172452.0,172330.0,0.9979861111111111,0.9992925567694199,0.269265625,2.0,6.003563,8.003563,1.501781,60.3748,0.0,0.0,0.0,0.0,10000.0,2000000000.0
mesh3d_xyz,torus3d_neighbor,0.56,0.28,179200.00000000003,178841.0,178715.0,0.9979966517857142,0.9992954635681974,0.2792421875,2.0,6.003922,8.003922,1.501961,62.6151,0.0,0.0,0.0,0.0,10000.0,2000000000.0
mesh3d_xyz,torus3d_neighbor,0.58,0.29,185600.0,185159.0,185030.0,0.997623922413793,0.9993033014868302,0.289109375,2.0,6.003275,8.003275,1.501638,64.8213,0.0,0.0,0.0,0.0,10000.0,2000000000.0
mesh3d_xyz,torus3d_neighbor,0.6,0.3,192000.0,191507.0,191374.0,0.9974322916666667,0.999305508414836,0.299021875,2.0,6.00208,8.00208,1.50104,67.0322,0.0,0.0,0.0,0.0,10000.0,2000000000.0
mesh3d_xyz,torus3d_neighbor,0.62,0.31,198400.0,197905.0,197768.0,0.9975050403225807,0.9993077486672899,0.3090125,2.0,6.002225,8.002225,1.501112,69.2733,0.0,0.0,0.0,0.0,10000.0,2000000000.0
mesh3d_xyz,torus3d_neighbor,0.64,0.32,204800.0,204392.0,204252.0,0.9980078125,0.999315041684606,0.31914375,2.0,6.002252,8.002252,1.501126,71.5444,0.0,0.0,0.0,0.0,10000.0,2000000000.0
mesh3d_xyz,torus3d_neighbor,0.66,0.33,211200.0,210823.0,210681.0,0.9982149621212121,0.9993264492014629,0.3291890625,2.0,6.002293,8.002293,1.501146,73.796,0.0,0.0,0.0,0.0,10000.0,2000000000.0
mesh3d_xyz,torus3d_neighbor,0.68,0.34,217600.00000000003,217326.0,217174.0,0.9987408088235292,0.9993005898972052,0.339334375,2.0,6.002643,8.002643,1.501322,76.0762,0.0,0.0,0.0,0.0,10000.0,2000000000.0
mesh3d_xyz,torus3d_neighbor,0.7,0.35,224000.0,223725.0,223570.0,0.9987723214285714,0.9993071851603531,0.349328125,2.0,6.002066,8.002066,1.501033,78.3099,0.0,0.0,0.0,0.0,10000.0,2000000000.0
mesh3d_xyz,torus3d_neighbor,0.72,0.36,230400.0,230024.0,229866.0,0.9983680555555555,0.9993131151532014,0.359165625,2.0,6.002306,8.002306,1.501153,80.5178,0.0,0.0,0.0,0.0,10000.0,2000000000.0
mesh3d_xyz,torus3d_neighbor,0.74,0.37,236800.0,236386.0,236219.0,0.9982516891891892,0.9992935283815454,0.3690921875,2.0,6.00185,8.00185,1.500925,82.7387,0.0,0.0,0.0,0.0,10000.0,2000000000.0
mesh3d_xyz,torus3d_neighbor,0.76,0.38,243200.0,242927.0,242758.0,0.9988774671052632,0.9993043177580097,0.379309375,2.0,6.001953,8.001953,1.500976,85.0294,0.0,0.0,0.0,0.0,10000.0,2000000000.0
mesh3d_xyz,torus3d_neighbor,0.78,0.39,249600.0,249467.0,249293.0,0.9994671474358975,0.9993025129576256,0.3895203125,2.0,6.00128,8.00128,1.50064,87.3097,0.0,0.0,0.0,0.0,10000.0,2000000000.0
mesh3d_xyz,torus3d_neighbor,0.8,0.4,256000.0,255852.0,255673.0,0.999421875,0.9993003767803261,0.3994890625,2.0,6.001467,8.001467,1.500733,89.5467,0.0,0.0,0.0,0.0,10000.0,2000000000.0
mesh3d_xyz,torus3d_neighbor,0.82,0.41,262400.0,262163.0,261980.0,0.9990967987804878,0.9993019609937329,0.40934375,2.0,6.001832,8.001832,1.500916,91.7602,0.0,0.0,0.0,0.0,10000.0,2000000000.0
mesh3d_xyz,torus3d_neighbor,0.84,0.42,268800.0,268553.0,268365.0,0.9990811011904762,0.999299951964789,0.4193203125,2.0,6.001636,8.001636,1.500818,93.994,0.0,0.0,0.0,0.0,10000.0,2000000000.0
mesh3d_xyz,torus3d_neighbor,0.86,0.43,275200.0,274926.0,274735.0,0.9990043604651163,0.9993052675992813,0.4292734375,2.0,6.001416,8.001416,1.500708,96.2218,0.0,0.0,0.0,0.0,10000.0,2000000000.0
mesh3d_xyz,torus3d_neighbor,0.88,0.44,281600.0,281283.0,281085.0,0.9988742897727273,0.9992960825929758,0.4391953125,2.0,6.001348,8.001348,1.500674,98.4455,0.0,0.0,0.0,0.0,10000.0,2000000000.0
mesh3d_xyz,torus3d_neighbor,0.9,0.45,288000.0,287669.0,287468.0,0.9988506944444444,0.9993012802908898,0.44916875,2.0,6.000696,8.000696,1.500348,100.6711,0.0,0.0,0.0,0.0,10000.0,2000000000.0
mesh3d_xyz,torus3d_neighbor,0.92,0.46,294400.0,294137.0,293932.0,0.9991066576086957,0.9993030458595824,0.45926875,2.0,6.000558,8.000558,1.500279,102.9325,0.0,0.0,0.0,0.0,10000.0,2000000000.0
mesh3d_xyz,torus3d_neighbor,0.94,0.47,300800.0,300672.0,300461.0,0.9995744680851064,0.9992982386121754,0.4694703125,2.0,5.99973,7.99973,1.499865,105.2069,0.0,0.0,0.0,0.0,10000.0,2000000000.0
mesh3d_xyz,torus3d_neighbor,0.96,0.48,307200.0,306998.0,306783.0,0.9993424479166667,0.9992996697046886,0.4793484375,2.0,5.999221,7.999221,1.49961,107.4125,0.0,0.0,0.0,0.0,10000.0,2000000000.0
mesh3d_xyz,torus3d_neighbor,0.98,0.49,313600.0,313232.0,313014.0,0.9988265306122449,0.9993040302395668,0.489084375,2.0,5.999482,7.999482,1.499741,109.5979,0.0,0.0,0.0,0.0,10000.0,2000000000.0
mesh3d_xyz,torus3d_neighbor,1.0,0.5,320000.0,319602.0,319379.0,0.99875625,0.9993022571823705,0.4990296875,2.0,5.99974,7.99974,1.49987,111.8312,0.0,0.0,0.0,0.0,10000.0,2000000000.0
torus3d_dor,torus3d_neighbor,0.02,0.01,6400.0,6392.0,6390.0,0.99875,0.9996871088861077,0.009984375,2.0,5.0,7.0,1.0,1.9172,0.0,0.0,0.0,0.0,10000.0,2000000000.0
torus3d_dor,torus3d_neighbor,0.04,0.02,12800.0,12607.0,12599.0,0.984921875,0.999365431902911,0.0196859375,2.0,5.0,7.0,1.0,3.781,0.0,0.0,0.0,0.0,10000.0,2000000000.0
torus3d_dor,torus3d_neighbor,0.06,0.03,19200.0,19104.0,19090.0,0.995,0.9992671691792295,0.029828125,2.0,5.0,7.0,1.0,5.7294,0.0,0.0,0.0,0.0,10000.0,2000000000.0
torus3d_dor,torus3d_neighbor,0.08,0.04,25600.0,25466.0,25446.0,0.994765625,0.9992146391266787,0.039759375,2.0,5.0,7.0,1.0,7.6373,0.0,0.0,0.0,0.0,10000.0,2000000000.0
torus3d_dor,torus3d_neighbor,0.1,0.05,32000.0,31948.0,31924.0,0.998375,0.9992487792663077,0.04988125,2.0,5.0,7.0,1.0,9.5818,0.0,0.0,0.0,0.0,10000.0,2000000000.0
torus3d_dor,torus3d_neighbor,0.12,0.06,38400.0,38292.0,38264.0,0.9971875,0.9992687767679933,0.0597875,2.0,5.0,7.0,1.0,11.4847,0.0,0.0,0.0,0.0,10000.0,2000000000.0
torus3d_dor,torus3d_neighbor,0.14,0.07,44800.00000000001,44569.0,44538.0,0.9948437499999998,0.9993044492808904,0.069590625,2.0,5.0,7.0,1.0,13.3673,0.0,0.0,0.0,0.0,10000.0,2000000000.0
torus3d_dor,torus3d_neighbor,0.16,0.08,51200.0,50975.0,50942.0,0.99560546875,0.9993526238352134,0.079596875,2.0,5.0,7.0,1.0,15.2888,0.0,0.0,0.0,0.0,10000.0,2000000000.0
torus3d_dor,torus3d_neighbor,0.18,0.09,57600.0,57392.0,57356.0,0.9963888888888889,0.9993727348759409,0.08961875,2.0,5.0,7.0,1.0,17.2135,0.0,0.0,0.0,0.0,10000.0,2000000000.0
torus3d_dor,torus3d_neighbor,0.2,0.1,64000.0,63806.0,63763.0,0.99696875,0.9993260821866282,0.0996296875,2.0,5.0,7.0,1.0,19.1371,0.0,0.0,0.0,0.0,10000.0,2000000000.0
torus3d_dor,torus3d_neighbor,0.22,0.11,70400.0,70137.0,70092.0,0.9962642045454545,0.9993583985628128,0.10951875,2.0,5.0,7.0,1.0,21.0364,0.0,0.0,0.0,0.0,10000.0,2000000000.0
torus3d_dor,torus3d_neighbor,0.24,0.12,76800.0,76496.0,76447.0,0.9960416666666667,0.9993594436310396,0.1194484375,2.0,5.0,7.0,1.0,22.9437,0.0,0.0,0.0,0.0,10000.0,2000000000.0
torus3d_dor,torus3d_neighbor,0.26,0.13,83200.0,82939.0,82887.0,0.9968629807692307,0.9993730331930696,0.1295109375,2.0,5.0,7.0,1.0,24.8762,0.0,0.0,0.0,0.0,10000.0,2000000000.0
torus3d_dor,torus3d_neighbor,0.28,0.14,89600.00000000001,89320.0,89263.0,0.9968749999999998,0.9993618450515003,0.1394734375,2.0,5.0,7.0,1.0,26.7898,0.0,0.0,0.0,0.0,10000.0,2000000000.0
torus3d_dor,torus3d_neighbor,0.3,0.15,96000.0,95810.0,95751.0,0.9980208333333334,0.9993841978916606,0.1496109375,2.0,5.0,7.0,1.0,28.7364,0.0,0.0,0.0,0.0,10000.0,2000000000.0
torus3d_dor,torus3d_neighbor,0.32,0.16,102400.0,102153.0,102089.0,0.997587890625,0.9993734887864282,0.1595140625,2.0,5.0,7.0,1.0,30.6388,0.0,0.0,0.0,0.0,10000.0,2000000000.0
torus3d_dor,torus3d_neighbor,0.34,0.17,108800.00000000001,108533.0,108467.0,0.9975459558823528,0.9993918900242322,0.1694796875,2.0,5.0,7.0,1.0,32.5525,0.0,0.0,0.0,0.0,10000.0,2000000000.0
torus3d_dor,torus3d_neighbor,0.36,0.18,115200.0,114873.0,114805.0,0.9971614583333334,0.9994080419245601,0.1793828125,2.0,5.0,7.0,1.0,34.4545,0.0,0.0,0.0,0.0,10000.0,2000000000.0
torus3d_dor,torus3d_neighbor,0.38,0.19,121600.0,121234.0,121162.0,0.9969901315789473,0.9994061071976508,0.189315625,2.0,5.0,7.0,1.0,36.3625,0.0,0.0,0.0,0.0,10000.0,2000000000.0
torus3d_dor,torus3d_neighbor,0.4,0.2,128000.0,127637.0,127562.0,0.9971640625,0.9994123960920422,0.199315625,2.0,5.0,7.0,1.0,38.2831,0.0,0.0,0.0,0.0,10000.0,2000000000.0
torus3d_dor,torus3d_neighbor,0.42,0.21,134400.0,133970.0,133894.0,0.9968005952380953,0.9994327088154065,0.209209375,2.0,5.0,7.0,1.0,40.1828,0.0,0.0,0.0,0.0,10000.0,2000000000.0
torus3d_dor,torus3d_neighbor,0.44,0.22,140800.0,140415.0,140332.0,0.997265625,0.999408895061069,0.21926875,2.0,5.0,7.0,1.0,42.1155,0.0,0.0,0.0,0.0,10000.0,2000000000.0
torus3d_dor,torus3d_neighbor,0.46,0.23,147200.0,146736.0,146650.0,0.9968478260869565,0.9994139134227457,0.229140625,2.0,5.0,7.0,1.0,44.0115,0.0,0.0,0.0,0.0,10000.0,2000000000.0
torus3d_dor,torus3d_neighbor,0.48,0.24,153600.0,153087.0,152998.0,0.99666015625,0.9994186312358332,0.239059375,2.0,5.0,7.0,1.0,45.9166,0.0,0.0,0.0,0.0,10000.0,2000000000.0
torus3d_dor,torus3d_neighbor,0.5,0.25,160000.0,159452.0,159359.0,0.996575,0.9994167523768909,0.2489984375,2.0,5.0,7.0,1.0,47.8257,0.0,0.0,0.0,0.0,10000.0,2000000000.0
torus3d_dor,torus3d_neighbor,0.52,0.26,166400.0,166081.0,165985.0,0.9980829326923077,0.9994219687983574,0.2593515625,2.0,5.0,7.0,1.0,49.8142,0.0,0.0,0.0,0.0,10000.0,2000000000.0
torus3d_dor,torus3d_neighbor,0.54,0.27,172800.0,172452.0,172350.0,0.9979861111111111,0.999408531069515,0.269296875,2.0,5.0,7.0,1.0,51.7246,0.0,0.0,0.0,0.0,10000.0,2000000000.0
torus3d_dor,torus3d_neighbor,0.56,0.28,179200.00000000003,178841.0,178736.0,0.9979966517857142,0.9994128863068312,0.279275,2.0,5.0,7.0,1.0,53.6412,0.0,0.0,0.0,0.0,10000.0,2000000000.0
torus3d_dor,torus3d_neighbor,0.58,0.29,185600.0,185159.0,185051.0,0.997623922413793,0.9994167175238579,0.2891421875,2.0,5.0,7.0,1.0,55.5364,0.0,0.0,0.0,0.0,10000.0,2000000000.0
torus3d_dor,torus3d_neighbor,0.6,0.3,192000.0,191507.0,191396.0,0.9974322916666667,0.9994203867221564,0.29905625,2.0,5.0,7.0,1.0,57.4404,0.0,0.0,0.0,0.0,10000.0,2000000000.0
torus3d_dor,torus3d_neighbor,0.62,0.31,198400.0,197905.0,197792.0,0.9975050403225807,0.99942901897375,0.30905,2.0,5.0,7.0,1.0,59.3595,0.0,0.0,0.0,0.0,10000.0,2000000000.0
torus3d_dor,torus3d_neighbor,0.64,0.32,204800.0,204392.0,204276.0,0.9980078125,0.9994324631101021,0.31918125,2.0,5.0,7.0,1.0,61.3054,0.0,0.0,0.0,0.0,10000.0,2000000000.0
torus3d_dor,torus3d_neighbor,0.66,0.33,211200.0,210823.0,210705.0,0.9982149621212121,0.9994402887730466,0.3292265625,2.0,5.0,7.0,1.0,63.2344,0.0,0.0,0.0,0.0,10000.0,2000000000.0
torus3d_dor,torus3d_neighbor,0.68,0.34,217600.00000000003,217326.0,217200.0,0.9987408088235292,0.9994202258358411,0.339375,2.0,5.0,7.0,1.0,65.185,0.0,0.0,0.0,0.0,10000.0,2000000000.0
torus3d_dor,torus3d_neighbor,0.7,0.35,224000.0,223725.0,223596.0,0.9987723214285714,0.9994233992624875,0.34936875,2.0,5.0,7.0,1.0,67.1045,0.0,0.0,0.0,0.0,10000.0,2000000000.0
torus3d_dor,torus3d_neighbor,0.72,0.36,230400.0,230024.0,229893.0,0.9983680555555555,0.9994304942092999,0.3592078125,2.0,5.0,7.0,1.0,68.994,0.0,0.0,0.0,0.0,10000.0,2000000000.0
torus3d_dor,torus3d_neighbor,0.74,0.37,236800.0,236386.0,236246.0,0.9982516891891892,0.9994077483438105,0.369134375,2.0,5.0,7.0,1.0,70.9019,0.0,0.0,0.0,0.0,10000.0,2000000000.0
torus3d_dor,torus3d_neighbor,0.76,0.38,243200.0,242927.0,242785.0,0.9988774671052632,0.9994154622582092,0.3793515625,2.0,5.0,7.0,1.0,72.8638,0.0,0.0,0.0,0.0,10000.0,2000000000.0
torus3d_dor,torus3d_neighbor,0.78,0.39,249600.0,249467.0,249320.0,0.9994671474358975,0.9994107437055803,0.3895625,2.0,5.0,7.0,1.0,74.8251,0.0,0.0,0.0,0.0,10000.0,2000000000.0
torus3d_dor,torus3d_neighbor,0.8,0.4,256000.0,255852.0,255701.0,0.999421875,0.9994098150493254,0.3995328125,2.0,5.0,7.0,1.0,76.7401,0.0,0.0,0.0,0.0,10000.0,2000000000.0
torus3d_dor,torus3d_neighbor,0.82,0.41,262400.0,262163.0,262008.0,0.9990967987804878,0.9994087647761126,0.4093875,2.0,5.0,7.0,1.0,78.633,0.0,0.0,0.0,0.0,10000.0,2000000000.0
torus3d_dor,torus3d_neighbor,0.84,0.42,268800.0,268553.0,268394.0,0.9990811011904762,0.9994079380978801,0.419365625,2.0,5.0,7.0,1.0,80.5495,0.0,0.0,0.0,0.0,10000.0,2000000000.0
torus3d_dor,torus3d_neighbor,0.86,0.43,275200.0,274926.0,274765.0,0.9990043604651163,0.9994143878716455,0.4293203125,2.0,5.0,7.0,1.0,82.4612,0.0,0.0,0.0,0.0,10000.0,2000000000.0
torus3d_dor,torus3d_neighbor,0.88,0.44,281600.0,281283.0,281115.0,0.9988742897727273,0.9994027367455552,0.4392421875,2.0,5.0,7.0,1.0,84.3679,0.0,0.0,0.0,0.0,10000.0,2000000000.0
torus3d_dor,torus3d_neighbor,0.9,0.45,288000.0,287669.0,287498.0,0.9988506944444444,0.9994055668146377,0.449215625,2.0,5.0,7.0,1.0,86.2833,0.0,0.0,0.0,0.0,10000.0,2000000000.0
torus3d_dor,torus3d_neighbor,0.92,0.46,294400.0,294137.0,293962.0,0.9991066576086957,0.999405039148424,0.459315625,2.0,5.0,7.0,1.0,88.2233,0.0,0.0,0.0,0.0,10000.0,2000000000.0
torus3d_dor,torus3d_neighbor,0.94,0.47,300800.0,300672.0,300492.0,0.9995744680851064,0.9994013409961686,0.46951875,2.0,5.0,7.0,1.0,90.1833,0.0,0.0,0.0,0.0,10000.0,2000000000.0
torus3d_dor,torus3d_neighbor,0.96,0.48,307200.0,306998.0,306814.0,0.9993424479166667,0.9994006475612219,0.479396875,2.0,5.0,7.0,1.0,92.0807,0.0,0.0,0.0,0.0,10000.0,2000000000.0
torus3d_dor,torus3d_neighbor,0.98,0.49,313600.0,313232.0,313045.0,0.9988265306122449,0.9994029984165091,0.4891328125,2.0,5.0,7.0,1.0,93.9507,0.0,0.0,0.0,0.0,10000.0,2000000000.0
torus3d_dor,torus3d_neighbor,1.0,0.5,320000.0,319602.0,319411.0,0.99875625,0.9994023817122546,0.4990796875,2.0,5.0,7.0,1.0,95.8616,0.0,0.0,0.0,0.0,10000.0,2000000000.0
torus3d_adaptive_escape,torus3d_neighbor,0.02,0.01,6400.0,6392.0,6390.0,0.99875,0.9996871088861077,0.009984375,2.0,5.0,7.0,1.0,1.9172,6390.0,0.0,0.0,0.0,10000.0,2000000000.0
torus3d_adaptive_escape,torus3d_neighbor,0.04,0.02,12800.0,12607.0,12599.0,0.984921875,0.999365431902911,0.0196859375,2.0,5.0,7.0,1.0,3.781,12602.0,0.0,0.0,0.0,10000.0,2000000000.0
torus3d_adaptive_escape,torus3d_neighbor,0.06,0.03,19200.0,19104.0,19090.0,0.995,0.9992671691792295,0.029828125,2.0,5.0,7.0,1.0,5.7294,19097.0,0.0,0.0,0.0,10000.0,2000000000.0
torus3d_adaptive_escape,torus3d_neighbor,0.08,0.04,25600.0,25466.0,25446.0,0.994765625,0.9992146391266787,0.039759375,2.0,5.0,7.0,1.0,7.6373,25456.0,0.0,0.0,0.0,10000.0,2000000000.0
torus3d_adaptive_escape,torus3d_neighbor,0.1,0.05,32000.0,31948.0,31924.0,0.998375,0.9992487792663077,0.04988125,2.0,5.0,7.0,1.0,9.5818,31938.0,0.0,0.0,0.0,10000.0,2000000000.0
torus3d_adaptive_escape,torus3d_neighbor,0.12,0.06,38400.0,38292.0,38264.0,0.9971875,0.9992687767679933,0.0597875,2.0,5.0,7.0,1.0,11.4847,38281.0,0.0,0.0,0.0,10000.0,2000000000.0
torus3d_adaptive_escape,torus3d_neighbor,0.14,0.07,44800.00000000001,44569.0,44538.0,0.9948437499999998,0.9993044492808904,0.069590625,2.0,5.0,7.0,1.0,13.3673,44556.0,0.0,0.0,0.0,10000.0,2000000000.0
torus3d_adaptive_escape,torus3d_neighbor,0.16,0.08,51200.0,50975.0,50942.0,0.99560546875,0.9993526238352134,0.079596875,2.0,5.0,7.0,1.0,15.2888,50961.0,0.0,0.0,0.0,10000.0,2000000000.0
torus3d_adaptive_escape,torus3d_neighbor,0.18,0.09,57600.0,57392.0,57356.0,0.9963888888888889,0.9993727348759409,0.08961875,2.0,5.0,7.0,1.0,17.2135,57376.0,0.0,0.0,0.0,10000.0,2000000000.0
torus3d_adaptive_escape,torus3d_neighbor,0.2,0.1,64000.0,63806.0,63763.0,0.99696875,0.9993260821866282,0.0996296875,2.0,5.0,7.0,1.0,19.1371,63788.0,0.0,0.0,0.0,10000.0,2000000000.0
torus3d_adaptive_escape,torus3d_neighbor,0.22,0.11,70400.0,70137.0,70092.0,0.9962642045454545,0.9993583985628128,0.10951875,2.0,5.0,7.0,1.0,21.0364,70119.0,0.0,0.0,0.0,10000.0,2000000000.0
torus3d_adaptive_escape,torus3d_neighbor,0.24,0.12,76800.0,76496.0,76447.0,0.9960416666666667,0.9993594436310396,0.1194484375,2.0,5.0,7.0,1.0,22.9437,76477.0,0.0,0.0,0.0,10000.0,2000000000.0
torus3d_adaptive_escape,torus3d_neighbor,0.26,0.13,83200.0,82939.0,82887.0,0.9968629807692307,0.9993730331930696,0.1295109375,2.0,5.0,7.0,1.0,24.8762,82918.0,0.0,0.0,0.0,10000.0,2000000000.0
torus3d_adaptive_escape,torus3d_neighbor,0.28,0.14,89600.00000000001,89320.0,89263.0,0.9968749999999998,0.9993618450515003,0.1394734375,2.0,5.0,7.0,1.0,26.7898,89297.0,0.0,0.0,0.0,10000.0,2000000000.0
torus3d_adaptive_escape,torus3d_neighbor,0.3,0.15,96000.0,95810.0,95751.0,0.9980208333333334,0.9993841978916606,0.1496109375,2.0,5.0,7.0,1.0,28.7364,95785.0,0.0,0.0,0.0,10000.0,2000000000.0
torus3d_adaptive_escape,torus3d_neighbor,0.32,0.16,102400.0,102153.0,102089.0,0.997587890625,0.9993734887864282,0.1595140625,2.0,5.0,7.0,1.0,30.6388,102127.0,0.0,0.0,0.0,10000.0,2000000000.0
torus3d_adaptive_escape,torus3d_neighbor,0.34,0.17,108800.00000000001,108533.0,108467.0,0.9975459558823528,0.9993918900242322,0.1694796875,2.0,5.0,7.0,1.0,32.5525,108506.0,0.0,0.0,0.0,10000.0,2000000000.0
torus3d_adaptive_escape,torus3d_neighbor,0.36,0.18,115200.0,114873.0,114805.0,0.9971614583333334,0.9994080419245601,0.1793828125,2.0,5.0,7.0,1.0,34.4545,114846.0,0.0,0.0,0.0,10000.0,2000000000.0
torus3d_adaptive_escape,torus3d_neighbor,0.38,0.19,121600.0,121234.0,121162.0,0.9969901315789473,0.9994061071976508,0.189315625,2.0,5.0,7.0,1.0,36.3625,121206.0,0.0,0.0,0.0,10000.0,2000000000.0
torus3d_adaptive_escape,torus3d_neighbor,0.4,0.2,128000.0,127637.0,127562.0,0.9971640625,0.9994123960920422,0.199315625,2.0,5.0,7.0,1.0,38.2831,127608.0,0.0,0.0,0.0,10000.0,2000000000.0
torus3d_adaptive_escape,torus3d_neighbor,0.42,0.21,134400.0,133970.0,133894.0,0.9968005952380953,0.9994327088154065,0.209209375,2.0,5.0,7.0,1.0,40.1828,133940.0,0.0,0.0,0.0,10000.0,2000000000.0
torus3d_adaptive_escape,torus3d_neighbor,0.44,0.22,140800.0,140415.0,140332.0,0.997265625,0.999408895061069,0.21926875,2.0,5.0,7.0,1.0,42.1155,140383.0,0.0,0.0,0.0,10000.0,2000000000.0
torus3d_adaptive_escape,torus3d_neighbor,0.46,0.23,147200.0,146736.0,146650.0,0.9968478260869565,0.9994139134227457,0.229140625,2.0,5.0,7.0,1.0,44.0115,146704.0,0.0,0.0,0.0,10000.0,2000000000.0
torus3d_adaptive_escape,torus3d_neighbor,0.48,0.24,153600.0,153087.0,152998.0,0.99666015625,0.9994186312358332,0.239059375,2.0,5.0,7.0,1.0,45.9166,153055.0,0.0,0.0,0.0,10000.0,2000000000.0
torus3d_adaptive_escape,torus3d_neighbor,0.5,0.25,160000.0,159452.0,159359.0,0.996575,0.9994167523768909,0.2489984375,2.0,5.0,7.0,1.0,47.8257,159419.0,0.0,0.0,0.0,10000.0,2000000000.0
torus3d_adaptive_escape,torus3d_neighbor,0.52,0.26,166400.0,166081.0,165985.0,0.9980829326923077,0.9994219687983574,0.2593515625,2.0,5.0,7.0,1.0,49.8142,166048.0,0.0,0.0,0.0,10000.0,2000000000.0
torus3d_adaptive_escape,torus3d_neighbor,0.54,0.27,172800.0,172452.0,172350.0,0.9979861111111111,0.999408531069515,0.269296875,2.0,5.0,7.0,1.0,51.7246,172416.0,0.0,0.0,0.0,10000.0,2000000000.0
torus3d_adaptive_escape,torus3d_neighbor,0.56,0.28,179200.00000000003,178841.0,178736.0,0.9979966517857142,0.9994128863068312,0.279275,2.0,5.0,7.0,1.0,53.6412,178805.0,0.0,0.0,0.0,10000.0,2000000000.0
torus3d_adaptive_escape,torus3d_neighbor,0.58,0.29,185600.0,185159.0,185051.0,0.997623922413793,0.9994167175238579,0.2891421875,2.0,5.0,7.0,1.0,55.5364,185123.0,0.0,0.0,0.0,10000.0,2000000000.0
torus3d_adaptive_escape,torus3d_neighbor,0.6,0.3,192000.0,191507.0,191396.0,0.9974322916666667,0.9994203867221564,0.29905625,2.0,5.0,7.0,1.0,57.4404,191469.0,0.0,0.0,0.0,10000.0,2000000000.0
torus3d_adaptive_escape,torus3d_neighbor,0.62,0.31,198400.0,197905.0,197792.0,0.9975050403225807,0.99942901897375,0.30905,2.0,5.0,7.0,1.0,59.3595,197866.0,0.0,0.0,0.0,10000.0,2000000000.0
torus3d_adaptive_escape,torus3d_neighbor,0.64,0.32,204800.0,204392.0,204276.0,0.9980078125,0.9994324631101021,0.31918125,2.0,5.0,7.0,1.0,61.3054,204352.0,0.0,0.0,0.0,10000.0,2000000000.0
torus3d_adaptive_escape,torus3d_neighbor,0.66,0.33,211200.0,210823.0,210705.0,0.9982149621212121,0.9994402887730466,0.3292265625,2.0,5.0,7.0,1.0,63.2344,210782.0,0.0,0.0,0.0,10000.0,2000000000.0
torus3d_adaptive_escape,torus3d_neighbor,0.68,0.34,217600.00000000003,217326.0,217200.0,0.9987408088235292,0.9994202258358411,0.339375,2.0,5.0,7.0,1.0,65.185,217284.0,0.0,0.0,0.0,10000.0,2000000000.0
torus3d_adaptive_escape,torus3d_neighbor,0.7,0.35,224000.0,223725.0,223596.0,0.9987723214285714,0.9994233992624875,0.34936875,2.0,5.0,7.0,1.0,67.1045,223682.0,0.0,0.0,0.0,10000.0,2000000000.0
torus3d_adaptive_escape,torus3d_neighbor,0.72,0.36,230400.0,230024.0,229893.0,0.9983680555555555,0.9994304942092999,0.3592078125,2.0,5.0,7.0,1.0,68.994,229981.0,0.0,0.0,0.0,10000.0,2000000000.0
torus3d_adaptive_escape,torus3d_neighbor,0.74,0.37,236800.0,236386.0,236246.0,0.9982516891891892,0.9994077483438105,0.369134375,2.0,5.0,7.0,1.0,70.9019,236341.0,0.0,0.0,0.0,10000.0,2000000000.0
torus3d_adaptive_escape,torus3d_neighbor,0.76,0.38,243200.0,242927.0,242785.0,0.9988774671052632,0.9994154622582092,0.3793515625,2.0,5.0,7.0,1.0,72.8638,242880.0,0.0,0.0,0.0,10000.0,2000000000.0
torus3d_adaptive_escape,torus3d_neighbor,0.78,0.39,249600.0,249467.0,249320.0,0.9994671474358975,0.9994107437055803,0.3895625,2.0,5.0,7.0,1.0,74.8251,249417.0,0.0,0.0,0.0,10000.0,2000000000.0
torus3d_adaptive_escape,torus3d_neighbor,0.8,0.4,256000.0,255852.0,255701.0,0.999421875,0.9994098150493254,0.3995328125,2.0,5.0,7.0,1.0,76.7401,255800.0,0.0,0.0,0.0,10000.0,2000000000.0
torus3d_adaptive_escape,torus3d_neighbor,0.82,0.41,262400.0,262163.0,262008.0,0.9990967987804878,0.9994087647761126,0.4093875,2.0,5.0,7.0,1.0,78.633,262110.0,0.0,0.0,0.0,10000.0,2000000000.0
torus3d_adaptive_escape,torus3d_neighbor,0.84,0.42,268800.0,268553.0,268394.0,0.9990811011904762,0.9994079380978801,0.419365625,2.0,5.0,7.0,1.0,80.5495,268498.0,0.0,0.0,0.0,10000.0,2000000000.0
torus3d_adaptive_escape,torus3d_neighbor,0.86,0.43,275200.0,274926.0,274765.0,0.9990043604651163,0.9994143878716455,0.4293203125,2.0,5.0,7.0,1.0,82.4612,274870.0,0.0,0.0,0.0,10000.0,2000000000.0
torus3d_adaptive_escape,torus3d_neighbor,0.88,0.44,281600.0,281283.0,281115.0,0.9988742897727273,0.9994027367455552,0.4392421875,2.0,5.0,7.0,1.0,84.3679,281225.0,0.0,0.0,0.0,10000.0,2000000000.0
torus3d_adaptive_escape,torus3d_neighbor,0.9,0.45,288000.0,287669.0,287498.0,0.9988506944444444,0.9994055668146377,0.449215625,2.0,5.0,7.0,1.0,86.2833,287610.0,0.0,0.0,0.0,10000.0,2000000000.0
torus3d_adaptive_escape,torus3d_neighbor,0.92,0.46,294400.0,294137.0,293962.0,0.9991066576086957,0.999405039148424,0.459315625,2.0,5.0,7.0,1.0,88.2233,294077.0,0.0,0.0,0.0,10000.0,2000000000.0
torus3d_adaptive_escape,torus3d_neighbor,0.94,0.47,300800.0,300672.0,300492.0,0.9995744680851064,0.9994013409961686,0.46951875,2.0,5.0,7.0,1.0,90.1833,300610.0,0.0,0.0,0.0,10000.0,2000000000.0
torus3d_adaptive_escape,torus3d_neighbor,0.96,0.48,307200.0,306998.0,306814.0,0.9993424479166667,0.9994006475612219,0.479396875,2.0,5.0,7.0,1.0,92.0807,306935.0,0.0,0.0,0.0,10000.0,2000000000.0
torus3d_adaptive_escape,torus3d_neighbor,0.98,0.49,313600.0,313232.0,313045.0,0.9988265306122449,0.9994029984165091,0.4891328125,2.0,5.0,7.0,1.0,93.9507,313169.0,0.0,0.0,0.0,10000.0,2000000000.0
torus3d_adaptive_escape,torus3d_neighbor,1.0,0.5,320000.0,319602.0,319411.0,0.99875625,0.9994023817122546,0.4990796875,2.0,5.0,7.0,1.0,95.8616,319539.0,0.0,0.0,0.0,10000.0,2000000000.0
mesh3d_xyz,torus3d_tornado,0.02,0.01,6400.0,6392.0,6387.0,0.99875,0.9992177722152691,0.0099796875,2.0,12.017379,14.017379,4.50869,4.1589,0.0,0.0,0.0,0.0,10000.0,2000000000.0
mesh3d_xyz,torus3d_tornado,0.04,0.02,12800.0,12607.0,12590.0,0.984921875,0.9986515427936861,0.019671875,2.0,11.996029,13.996029,4.498014,8.1871,0.0,0.0,0.0,0.0,10000.0,2000000000.0
mesh3d_xyz,torus3d_tornado,0.06,0.03,19200.0,19104.0,19074.0,0.995,0.9984296482412061,0.029803125,2.0,12.007025,14.007025,4.503513,12.4153,0.0,0.0,0.0,0.0,10000.0,2000000000.0
mesh3d_xyz,torus3d_tornado,0.08,0.04,25600.0,25466.0,25423.0,0.994765625,0.9983114741223592,0.0397234375,2.0,12.003265,14.003265,4.501632,16.5446,0.0,0.0,0.0,0.0,10000.0,2000000000.0
mesh3d_xyz,torus3d_tornado,0.1,0.05,32000.0,31948.0,31897.0,0.998375,0.998403655940904,0.0498390625,2.0,11.998527,13.998527,4.499263,20.7494,0.0,0.0,0.0,0.0,10000.0,2000000000.0
mesh3d_xyz,torus3d_tornado,0.12,0.06,38400.0,38292.0,38233.0,0.9971875,0.9984592081897002,0.0597390625,2.0,11.998457,13.998457,4.499228,24.87,0.0,0.0,0.0,0.0,10000.0,2000000000.0
mesh3d_xyz,torus3d_tornado,0.14,0.07,44800.00000000001,44569.0,44504.0,0.9948437499999998,0.9985415872018668,0.0695375,2.0,12.002517,14.002517,4.501258,28.9568,0.0,0.0,0.0,0.0,10000.0,2000000000.0
mesh3d_xyz,torus3d_tornado,0.16,0.08,51200.0,50975.0,50903.0,0.99560546875,0.9985875429131927,0.0795359375,2.0,11.993694,13.993694,4.496847,33.0972,0.0,0.0,0.0,0.0,10000.0,2000000000.0
mesh3d_xyz,torus3d_tornado,0.18,0.09,57600.0,57392.0,57314.0,0.9963888888888889,0.9986409255645387,0.089553125,2.0,11.994801,13.994801,4.4974,37.2676,0.0,0.0,0.0,0.0,10000.0,2000000000.0
mesh3d_xyz,torus3d_tornado,0.2,0.1,64000.0,63806.0,63718.0,0.99696875,0.998620819358681,0.099559375,2.0,11.996139,13.996139,4.49807,41.4358,0.0,0.0,0.0,0.0,10000.0,2000000000.0
mesh3d_xyz,torus3d_tornado,0.22,0.11,70400.0,70137.0,70041.0,0.9962642045454545,0.9986312502673339,0.1094390625,2.0,11.996131,13.996131,4.498065,45.5489,0.0,0.0,0.0,0.0,10000.0,2000000000.0
mesh3d_xyz,torus3d_tornado,0.24,0.12,76800.0,76496.0,76392.0,0.9960416666666667,0.9986404517883288,0.1193625,2.0,11.995654,13.995654,4.497827,49.6766,0.0,0.0,0.0,0.0,10000.0,2000000000.0
mesh3d_xyz,torus3d_tornado,0.26,0.13,83200.0,82939.0,82831.0,0.9968629807692307,0.9986978381702215,0.1294234375,2.0,11.995545,13.995545,4.497773,53.8613,0.0,0.0,0.0,0.0,10000.0,2000000000.0
mesh3d_xyz,torus3d_tornado,0.28,0.14,89600.00000000001,89320.0,89206.0,0.9968749999999998,0.9987236901030004,0.139384375,2.0,11.995852,13.995852,4.497926,58.0062,0.0,0.0,0.0,0.0,10000.0,2000000000.0
mesh3d_xyz,torus3d_tornado,0.3,0.15,96000.0,95810.0,95688.0,0.9980208333333334,0.9987266464878405,0.1495125,2.0,12.000627,14.000627,4.500314,62.2445,0.0,0.0,0.0,0.0,10000.0,2000000000.0
mesh3d_xyz,torus3d_tornado,0.32,0.16,102400.0,102153.0,102021.0,0.997587890625,0.9987078206220081,0.1594078125,2.0,11.997814,13.997814,4.498907,66.3509,0.0,0.0,0.0,0.0,10000.0,2000000000.0
mesh3d_xyz,torus3d_tornado,0.34,0.17,108800.00000000001,108533.0,108395.0,0.9975459558823528,0.9987284973233947,0.1693671875,2.0,11.998847,13.998847,4.499423,70.5015,0.0,0.0,0.0,0.0,10000.0,2000000000.0
mesh3d_xyz,torus3d_tornado,0.36,0.18,115200.0,114873.0,114725.0,0.9971614583333334,0.9987116206593368,0.1792578125,2.0,11.996383,13.996383,4.498191,74.6068,0.0,0.0,0.0,0.0,10000.0,2000000000.0
mesh3d_xyz,torus3d_tornado,0.38,0.19,121600.0,121234.0,121077.0,0.9969901315789473,0.998704983750433,0.1891828125,2.0,11.997365,13.997365,4.498683,78.7439,0.0,0.0,0.0,0.0,10000.0,2000000000.0
mesh3d_xyz,torus3d_tornado,0.4,0.2,128000.0,127637.0,127468.0,0.9971640625,0.9986759325274019,0.19916875,2.0,11.995889,13.995889,4.497945,82.8932,0.0,0.0,0.0,0.0,10000.0,2000000000.0
mesh3d_xyz,torus3d_tornado,0.42,0.21,134400.0,133970.0,133797.0,0.9968005952380953,0.9987086661192804,0.2090578125,2.0,11.996061,13.996061,4.498031,87.0088,0.0,0.0,0.0,0.0,10000.0,2000000000.0
mesh3d_xyz,torus3d_tornado,0.44,0.22,140800.0,140415.0,140232.0,0.997265625,0.9986967204358509,0.2191125,2.0,11.996862,13.996862,4.498431,91.199,0.0,0.0,0.0,0.0,10000.0,2000000000.0
mesh3d_xyz,torus3d_tornado,0.46,0.23,147200.0,146736.0,146546.0,0.9968478260869565,0.9987051575618798,0.228978125,2.0,11.997639,13.997639,4.498819,95.3105,0.0,0.0,0.0,0.0,10000.0,2000000000.0
mesh3d_xyz,torus3d_tornado,0.48,0.24,153600.0,153087.0,152890.0,0.99666015625,0.9987131500388667,0.238890625,2.0,11.99635,13.99635,4.498175,99.4264,0.0,0.0,0.0,0.0,10000.0,2000000000.0
mesh3d_xyz,torus3d_tornado,0.5,0.25,160000.0,159452.0,159249.0,0.996575,0.9987268895968693,0.2488265625,2.0,11.993928,13.993928,4.496964,103.5416,0.0,0.0,0.0,0.0,10000.0,2000000000.0
mesh3d_xyz,torus3d_tornado,0.52,0.26,166400.0,166081.0,165870.0,0.9980829326923077,0.9987295355880564,0.259171875,2.0,11.996974,13.996974,4.498487,107.8722,0.0,0.0,0.0,0.0,10000.0,2000000000.0
mesh3d_xyz,torus3d_tornado,0.54,0.27,172800.0,172452.0,172230.0,0.9979861111111111,0.9987126852689444,0.269109375,2.0,11.999222,13.999222,4.499611,112.0283,0.0,0.0,0.0,0.0,10000.0,2000000000.0
mesh3d_xyz,torus3d_tornado,0.56,0.28,179200.00000000003,178841.0,178608.0,0.9979966517857142,0.9986971667570635,0.279075,2.0,12.0,14.0,4.5,116.1859,0.0,0.0,0.0,0.0,10000.0,2000000000.0
mesh3d_xyz,torus3d_tornado,0.58,0.29,185600.0,185159.0,184921.0,0.997623922413793,0.9987146182470201,0.2889390625,2.0,11.99953,13.99953,4.499765,120.2866,0.0,0.0,0.0,0.0,10000.0,2000000000.0
mesh3d_xyz,torus3d_tornado,0.6,0.3,192000.0,191507.0,191261.0,0.9974322916666667,0.9987154516545087,0.2988453125,2.0,11.998876,13.998876,4.499438,124.404,0.0,0.0,0.0,0.0,10000.0,2000000000.0
mesh3d_xyz,torus3d_tornado,0.62,0.31,198400.0,197905.0,197653.0,0.9975050403225807,0.9987266617821682,0.3088328125,2.0,11.999722,13.999722,4.499861,128.5693,0.0,0.0,0.0,0.0,10000.0,2000000000.0
mesh3d_xyz,torus3d_tornado,0.64,0.32,204800.0,204392.0,204132.0,0.9980078125,0.9987279345571255,0.31895625,2.0,11.999922,13.999922,4.499961,132.786,0.0,0.0,0.0,0.0,10000.0,2000000000.0
mesh3d_xyz,torus3d_tornado,0.66,0.33,211200.0,210823.0,210557.0,0.9982149621212121,0.9987382780816135,0.3289953125,2.0,11.999948,13.999948,4.499974,136.9657,0.0,0.0,0.0,0.0,10000.0,2000000000.0
mesh3d_xyz,torus3d_tornado,0.68,0.34,217600.00000000003,217326.0,217044.0,0.9987408088235292,0.9987024102040253,0.33913125,2.0,12.000221,14.000221,4.500111,141.1911,0.0,0.0,0.0,0.0,10000.0,2000000000.0
mesh3d_xyz,torus3d_tornado,0.7,0.35,224000.0,223725.0,223433.0,0.9987723214285714,0.9986948262375684,0.3491140625,2.0,11.99893,13.99893,4.499465,145.3348,0.0,0.0,0.0,0.0,10000.0,2000000000.0
mesh3d_xyz,torus3d_tornado,0.72,0.36,230400.0,230024.0,229723.0,0.9983680555555555,0.9986914408931242,0.3589421875,2.0,11.998881,13.998881,4.499441,149.4267,0.0,0.0,0.0,0.0,10000.0,2000000000.0
mesh3d_xyz,torus3d_tornado,0.74,0.37,236800.0,236386.0,236069.0,0.9982516891891892,0.9986589730356281,0.3688578125,2.0,11.997293,13.997293,4.498647,153.5386,0.0,0.0,0.0,0.0,10000.0,2000000000.0
mesh3d_xyz,torus3d_tornado,0.76,0.38,243200.0,242927.0,242607.0,0.9988774671052632,0.9986827318494856,0.3790734375,2.0,11.997754,13.997754,4.498877,157.7938,0.0,0.0,0.0,0.0,10000.0,2000000000.0
mesh3d_xyz,torus3d_tornado,0.78,0.39,249600.0,249467.0,249136.0,0.9994671474358975,0.9986731712010005,0.389275,2.0,11.997624,13.997624,4.498812,162.0396,0.0,0.0,0.0,0.0,10000.0,2000000000.0
mesh3d_xyz,torus3d_tornado,0.8,0.4,256000.0,255852.0,255510.0,0.999421875,0.9986632897143661,0.399234375,2.0,11.998301,13.998301,4.499151,166.1955,0.0,0.0,0.0,0.0,10000.0,2000000000.0
mesh3d_xyz,torus3d_tornado,0.82,0.41,262400.0,262163.0,261816.0,0.9990967987804878,0.998676395982652,0.4090875,2.0,11.997342,13.997342,4.498671,170.2825,0.0,0.0,0.0,0.0,10000.0,2000000000.0
mesh3d_xyz,torus3d_tornado,0.84,0.42,268800.0,268553.0,268199.0,0.9990811011904762,0.9986818244443368,0.4190609375,2.0,11.997893,13.997893,4.498947,174.4402,0.0,0.0,0.0,0.0,10000.0,2000000000.0
mesh3d_xyz,torus3d_tornado,0.86,0.43,275200.0,274926.0,274565.0,0.9990043604651163,0.9986869193892175,0.4290078125,2.0,11.996667,13.996667,4.498334,178.5645,0.0,0.0,0.0,0.0,10000.0,2000000000.0
mesh3d_xyz,torus3d_tornado,0.88,0.44,281600.0,281283.0,280907.0,0.9988742897727273,0.9986632679543378,0.4389171875,2.0,11.997205,13.997205,4.498603,182.6996,0.0,0.0,0.0,0.0,10000.0,2000000000.0
mesh3d_xyz,torus3d_tornado,0.9,0.45,288000.0,287669.0,287287.0,0.9988506944444444,0.998672084930945,0.4488859375,2.0,11.996446,13.996446,4.498223,186.837,0.0,0.0,0.0,0.0,10000.0,2000000000.0
mesh3d_xyz,torus3d_tornado,0.92,0.46,294400.0,294137.0,293751.0,0.9991066576086957,0.9986876863502382,0.4589859375,2.0,11.997355,13.997355,4.498677,191.0516,0.0,0.0,0.0,0.0,10000.0,2000000000.0
mesh3d_xyz,torus3d_tornado,0.94,0.47,300800.0,300672.0,300279.0,0.9995744680851064,0.9986929278416348,0.4691859375,2.0,11.998078,13.998078,4.499039,195.3068,0.0,0.0,0.0,0.0,10000.0,2000000000.0
mesh3d_xyz,torus3d_tornado,0.96,0.48,307200.0,306998.0,306597.0,0.9993424479166667,0.998693802565489,0.4790578125,2.0,11.998464,13.998464,4.499232,199.4218,0.0,0.0,0.0,0.0,10000.0,2000000000.0
mesh3d_xyz,torus3d_tornado,0.98,0.49,313600.0,313232.0,312827.0,0.9988265306122449,0.998707028656076,0.4887921875,2.0,11.998782,13.998782,4.499391,203.4772,0.0,0.0,0.0,0.0,10000.0,2000000000.0
mesh3d_xyz,torus3d_tornado,1.0,0.5,320000.0,319602.0,319187.0,0.99875625,0.9987015100030663,0.4987296875,2.0,11.99932,13.99932,4.49966,207.6238,0.0,0.0,0.0,0.0,10000.0,2000000000.0
torus3d_dor,torus3d_tornado,0.02,0.01,6400.0,6392.0,6388.0,0.99875,0.9993742177722152,0.00998125,2.0,9.0,11.0,3.0,3.1951,0.0,0.0,0.0,0.0,10000.0,2000000000.0
torus3d_dor,torus3d_tornado,0.04,0.02,12800.0,12607.0,12593.0,0.984921875,0.9988895058300944,0.0196765625,2.0,9.0,11.0,3.0,6.3006,0.0,0.0,0.0,0.0,10000.0,2000000000.0
torus3d_dor,torus3d_tornado,0.06,0.03,19200.0,19104.0,19078.0,0.995,0.9986390284757118,0.029809375,2.0,9.0,11.0,3.0,9.5469,0.0,0.0,0.0,0.0,10000.0,2000000000.0
torus3d_dor,torus3d_tornado,0.08,0.04,25600.0,25466.0,25429.0,0.994765625,0.9985470823843556,0.0397328125,2.0,9.0,11.0,3.0,12.7258,0.0,0.0,0.0,0.0,10000.0,2000000000.0
torus3d_dor,torus3d_tornado,0.1,0.05,32000.0,31948.0,31904.0,0.998375,0.9986227619882309,0.04985,2.0,9.0,11.0,3.0,15.9658,0.0,0.0,0.0,0.0,10000.0,2000000000.0
torus3d_dor,torus3d_tornado,0.12,0.06,38400.0,38292.0,38241.0,0.9971875,0.9986681291131306,0.0597515625,2.0,9.0,11.0,3.0,19.1365,0.0,0.0,0.0,0.0,10000.0,2000000000.0
torus3d_dor,torus3d_tornado,0.14,0.07,44800.00000000001,44569.0,44513.0,0.9948437499999998,0.9987435212816083,0.0695515625,2.0,9.0,11.0,3.0,22.2739,0.0,0.0,0.0,0.0,10000.0,2000000000.0
torus3d_dor,torus3d_tornado,0.16,0.08,51200.0,50975.0,50913.0,0.99560546875,0.9987837175085826,0.0795515625,2.0,9.0,11.0,3.0,25.476,0.0,0.0,0.0,0.0,10000.0,2000000000.0
torus3d_dor,torus3d_tornado,0.18,0.09,57600.0,57392.0,57325.0,0.9963888888888889,0.9988325899080012,0.0895703125,2.0,9.0,11.0,3.0,28.6835,0.0,0.0,0.0,0.0,10000.0,2000000000.0
torus3d_dor,torus3d_tornado,0.2,0.1,64000.0,63806.0,63730.0,0.99696875,0.9988088894461336,0.099578125,2.0,9.0,11.0,3.0,31.8884,0.0,0.0,0.0,0.0,10000.0,2000000000.0
torus3d_dor,torus3d_tornado,0.22,0.11,70400.0,70137.0,70057.0,0.9962642045454545,0.9988593752227782,0.1094640625,2.0,9.0,11.0,3.0,35.0534,0.0,0.0,0.0,0.0,10000.0,2000000000.0
torus3d_dor,torus3d_tornado,0.24,0.12,76800.0,76496.0,76408.0,0.9960416666666667,0.9988496130516629,0.1193875,2.0,9.0,11.0,3.0,38.2315,0.0,0.0,0.0,0.0,10000.0,2000000000.0
torus3d_dor,torus3d_tornado,0.26,0.13,83200.0,82939.0,82848.0,0.9968629807692307,0.9989028080878718,0.12945,2.0,9.0,11.0,3.0,41.452,0.0,0.0,0.0,0.0,10000.0,2000000000.0
torus3d_dor,torus3d_tornado,0.28,0.14,89600.00000000001,89320.0,89223.0,0.9968749999999998,0.9989140170174653,0.1394109375,2.0,9.0,11.0,3.0,44.6407,0.0,0.0,0.0,0.0,10000.0,2000000000.0
torus3d_dor,torus3d_tornado,0.3,0.15,96000.0,95810.0,95708.0,0.9980208333333334,0.9989353929652437,0.14954375,2.0,9.0,11.0,3.0,47.8846,0.0,0.0,0.0,0.0,10000.0,2000000000.0
torus3d_dor,torus3d_tornado,0.32,0.16,102400.0,102153.0,102045.0,0.997587890625,0.9989427623270976,0.1594453125,2.0,9.0,11.0,3.0,51.0546,0.0,0.0,0.0,0.0,10000.0,2000000000.0
torus3d_dor,torus3d_tornado,0.34,0.17,108800.00000000001,108533.0,108421.0,0.9975459558823528,0.9989680557986972,0.1694078125,2.0,9.0,11.0,3.0,54.2439,0.0,0.0,0.0,0.0,10000.0,2000000000.0
torus3d_dor,torus3d_tornado,0.36,0.18,115200.0,114873.0,114755.0,0.9971614583333334,0.9989727786337956,0.1793046875,2.0,9.0,11.0,3.0,57.4133,0.0,0.0,0.0,0.0,10000.0,2000000000.0
torus3d_dor,torus3d_tornado,0.38,0.19,121600.0,121234.0,121109.0,0.9969901315789473,0.9989689361070326,0.1892328125,2.0,9.0,11.0,3.0,60.5924,0.0,0.0,0.0,0.0,10000.0,2000000000.0
torus3d_dor,torus3d_tornado,0.4,0.2,128000.0,127637.0,127504.0,0.9971640625,0.9989579824032216,0.199225,2.0,9.0,11.0,3.0,63.7927,0.0,0.0,0.0,0.0,10000.0,2000000000.0
torus3d_dor,torus3d_tornado,0.42,0.21,134400.0,133970.0,133834.0,0.9968005952380953,0.9989848473538852,0.209115625,2.0,9.0,11.0,3.0,66.9588,0.0,0.0,0.0,0.0,10000.0,2000000000.0
torus3d_dor,torus3d_tornado,0.44,0.22,140800.0,140415.0,140271.0,0.997265625,0.998974468539686,0.2191734375,2.0,9.0,11.0,3.0,70.1791,0.0,0.0,0.0,0.0,10000.0,2000000000.0
torus3d_dor,torus3d_tornado,0.46,0.23,147200.0,146736.0,146587.0,0.9968478260869565,0.9989845709301057,0.2290421875,2.0,9.0,11.0,3.0,73.3386,0.0,0.0,0.0,0.0,10000.0,2000000000.0
torus3d_dor,torus3d_tornado,0.48,0.24,153600.0,153087.0,152933.0,0.99666015625,0.9989940360709924,0.2389578125,2.0,9.0,11.0,3.0,76.5131,0.0,0.0,0.0,0.0,10000.0,2000000000.0
torus3d_dor,torus3d_tornado,0.5,0.25,160000.0,159452.0,159293.0,0.996575,0.9990028347088779,0.2488953125,2.0,9.0,11.0,3.0,79.6943,0.0,0.0,0.0,0.0,10000.0,2000000000.0
torus3d_dor,torus3d_tornado,0.52,0.26,166400.0,166081.0,165916.0,0.9980829326923077,0.9990065088721768,0.25924375,2.0,9.0,11.0,3.0,83.0078,0.0,0.0,0.0,0.0,10000.0,2000000000.0
torus3d_dor,torus3d_tornado,0.54,0.27,172800.0,172452.0,172279.0,0.9979861111111111,0.9989968223041774,0.2691859375,2.0,9.0,11.0,3.0,86.1911,0.0,0.0,0.0,0.0,10000.0,2000000000.0
torus3d_dor,torus3d_tornado,0.56,0.28,179200.00000000003,178841.0,178660.0,0.9979966517857142,0.9989879278241567,0.27915625,2.0,9.0,11.0,3.0,89.3847,0.0,0.0,0.0,0.0,10000.0,2000000000.0
torus3d_dor,torus3d_tornado,0.58,0.29,185600.0,185159.0,184973.0,0.997623922413793,0.9989954579577552,0.2890203125,2.0,9.0,11.0,3.0,92.5428,0.0,0.0,0.0,0.0,10000.0,2000000000.0
torus3d_dor,torus3d_tornado,0.6,0.3,192000.0,191507.0,191314.0,0.9974322916666667,0.998992203940326,0.298928125,2.0,9.0,11.0,3.0,95.7154,0.0,0.0,0.0,0.0,10000.0,2000000000.0
torus3d_dor,torus3d_tornado,0.62,0.31,198400.0,197905.0,197708.0,0.9975050403225807,0.9990045729011394,0.30891875,2.0,9.0,11.0,3.0,98.9135,0.0,0.0,0.0,0.0,10000.0,2000000000.0
torus3d_dor,torus3d_tornado,0.64,0.32,204800.0,204392.0,204189.0,0.9980078125,0.9990068104426788,0.3190453125,2.0,9.0,11.0,3.0,102.1562,0.0,0.0,0.0,0.0,10000.0,2000000000.0
torus3d_dor,torus3d_tornado,0.66,0.33,211200.0,210823.0,210617.0,0.9982149621212121,0.9990228770105728,0.3290890625,2.0,9.0,11.0,3.0,105.3709,0.0,0.0,0.0,0.0,10000.0,2000000000.0
torus3d_dor,torus3d_tornado,0.68,0.34,217600.00000000003,217326.0,217105.0,0.9987408088235292,0.9989830945215943,0.3392265625,2.0,9.0,11.0,3.0,108.6202,0.0,0.0,0.0,0.0,10000.0,2000000000.0
torus3d_dor,torus3d_tornado,0.7,0.35,224000.0,223725.0,223498.0,0.9987723214285714,0.9989853614929043,0.349215625,2.0,9.0,11.0,3.0,111.8189,0.0,0.0,0.0,0.0,10000.0,2000000000.0
torus3d_dor,torus3d_tornado,0.72,0.36,230400.0,230024.0,229791.0,0.9983680555555555,0.9989870622195944,0.3590484375,2.0,9.0,11.0,3.0,114.9676,0.0,0.0,0.0,0.0,10000.0,2000000000.0
torus3d_dor,torus3d_tornado,0.74,0.37,236800.0,236386.0,236141.0,0.9982516891891892,0.9989635596016685,0.3689703125,2.0,9.0,11.0,3.0,118.1459,0.0,0.0,0.0,0.0,10000.0,2000000000.0
torus3d_dor,torus3d_tornado,0.76,0.38,243200.0,242927.0,242680.0,0.9988774671052632,0.9989832336463217,0.3791875,2.0,9.0,11.0,3.0,121.4156,0.0,0.0,0.0,0.0,10000.0,2000000000.0
torus3d_dor,torus3d_tornado,0.78,0.39,249600.0,249467.0,249212.0,0.9994671474358975,0.9989778207137617,0.38939375,2.0,9.0,11.0,3.0,124.6838,0.0,0.0,0.0,0.0,10000.0,2000000000.0
torus3d_dor,torus3d_tornado,0.8,0.4,256000.0,255852.0,255590.0,0.999421875,0.9989759704829354,0.399359375,2.0,9.0,11.0,3.0,127.875,0.0,0.0,0.0,0.0,10000.0,2000000000.0
torus3d_dor,torus3d_tornado,0.82,0.41,262400.0,262163.0,261896.0,0.9990967987804878,0.9989815496465939,0.4092125,2.0,9.0,11.0,3.0,131.0292,0.0,0.0,0.0,0.0,10000.0,2000000000.0
torus3d_dor,torus3d_tornado,0.84,0.42,268800.0,268553.0,268280.0,0.9990811011904762,0.9989834408850394,0.4191875,2.0,9.0,11.0,3.0,134.2227,0.0,0.0,0.0,0.0,10000.0,2000000000.0
torus3d_dor,torus3d_tornado,0.86,0.43,275200.0,274926.0,274649.0,0.9990043604651163,0.9989924561518372,0.4291390625,2.0,9.0,11.0,3.0,137.4085,0.0,0.0,0.0,0.0,10000.0,2000000000.0
torus3d_dor,torus3d_tornado,0.88,0.44,281600.0,281283.0,280995.0,0.9988742897727273,0.9989761201352375,0.4390546875,2.0,9.0,11.0,3.0,140.585,0.0,0.0,0.0,0.0,10000.0,2000000000.0
torus3d_dor,torus3d_tornado,0.9,0.45,288000.0,287669.0,287377.0,0.9988506944444444,0.9989849445021883,0.4490265625,2.0,9.0,11.0,3.0,143.7769,0.0,0.0,0.0,0.0,10000.0,2000000000.0
torus3d_dor,torus3d_tornado,0.92,0.46,294400.0,294137.0,293841.0,0.9991066576086957,0.9989936662167629,0.4591265625,2.0,9.0,11.0,3.0,147.0097,0.0,0.0,0.0,0.0,10000.0,2000000000.0
torus3d_dor,torus3d_tornado,0.94,0.47,300800.0,300672.0,300369.0,0.9995744680851064,0.9989922573435505,0.4693265625,2.0,9.0,11.0,3.0,150.2757,0.0,0.0,0.0,0.0,10000.0,2000000000.0
torus3d_dor,torus3d_tornado,0.96,0.48,307200.0,306998.0,306689.0,0.9993424479166667,0.9989934787848781,0.4792015625,2.0,9.0,11.0,3.0,153.4373,0.0,0.0,0.0,0.0,10000.0,2000000000.0
torus3d_dor,torus3d_tornado,0.98,0.49,313600.0,313232.0,312920.0,0.9988265306122449,0.999003933186903,0.4889375,2.0,9.0,11.0,3.0,156.5535,0.0,0.0,0.0,0.0,10000.0,2000000000.0
torus3d_dor,torus3d_tornado,1.0,0.5,320000.0,319602.0,319283.0,0.99875625,0.9990018835927185,0.4988796875,2.0,9.0,11.0,3.0,159.7374,0.0,0.0,0.0,0.0,10000.0,2000000000.0
torus3d_adaptive_escape,torus3d_tornado,0.02,0.01,6400.0,6392.0,6388.0,0.99875,0.9993742177722152,0.00998125,2.0,9.018472,11.018472,3.0,3.1951,19170.0,0.0,0.0,0.0,10000.0,2000000000.0
torus3d_adaptive_escape,torus3d_tornado,0.04,0.02,12800.0,12607.0,12593.0,0.984921875,0.9988895058300944,0.0196765625,2.0,9.035337,11.035337,3.0,6.3006,37802.0,0.0,0.0,0.0,10000.0,2000000000.0
torus3d_adaptive_escape,torus3d_tornado,0.06,0.03,19200.0,19104.0,19078.0,0.995,0.9986390284757118,0.029809375,2.0,9.054932,11.054932,3.0,9.5468,57280.0,0.0,0.0,0.0,10000.0,2000000000.0
torus3d_adaptive_escape,torus3d_tornado,0.08,0.04,25600.0,25466.0,25429.0,0.994765625,0.9985470823843556,0.0397328125,2.0,9.077746,11.077746,3.0,12.7258,76353.0,0.0,0.0,0.0,10000.0,2000000000.0
torus3d_adaptive_escape,torus3d_tornado,0.1,0.05,32000.0,31948.0,31904.0,0.998375,0.9986227619882309,0.04985,2.0,9.094471,11.094471,3.0,15.9655,95794.0,0.0,0.0,0.0,10000.0,2000000000.0
torus3d_adaptive_escape,torus3d_tornado,0.12,0.06,38400.0,38292.0,38241.0,0.9971875,0.9986681291131306,0.0597515625,2.000026,9.110902,11.110928,3.0,19.1358,114819.0,0.0,0.0,0.0,10000.0,2000000000.0
torus3d_adaptive_escape,torus3d_tornado,0.14,0.07,44800.00000000001,44569.0,44513.0,0.9948437499999998,0.9987435212816083,0.0695515625,2.000022,9.133377,11.133399,3.0,22.2736,133642.0,0.0,0.0,0.0,10000.0,2000000000.0
torus3d_adaptive_escape,torus3d_tornado,0.16,0.08,51200.0,50975.0,50913.0,0.99560546875,0.9987837175085826,0.0795515625,2.0,9.146996,11.146996,3.0,25.4757,152855.0,0.0,0.0,0.0,10000.0,2000000000.0
torus3d_adaptive_escape,torus3d_tornado,0.18,0.09,57600.0,57392.0,57325.0,0.9963888888888889,0.9988325899080012,0.0895703125,2.0,9.169874,11.169874,3.0,28.6832,172099.0,0.0,0.0,0.0,10000.0,2000000000.0
torus3d_adaptive_escape,torus3d_tornado,0.2,0.1,64000.0,63806.0,63730.0,0.99696875,0.9988088894461336,0.099578125,2.000031,9.193159,11.19319,3.0,31.8873,191327.0,0.0,0.0,0.0,10000.0,2000000000.0
torus3d_adaptive_escape,torus3d_tornado,0.22,0.11,70400.0,70137.0,70057.0,0.9962642045454545,0.9988593752227782,0.1094640625,2.0,9.211414,11.211414,3.0,35.0527,210319.0,0.0,0.0,0.0,10000.0,2000000000.0
torus3d_adaptive_escape,torus3d_tornado,0.24,0.12,76800.0,76496.0,76408.0,0.9960416666666667,0.9988496130516629,0.1193875,2.000013,9.233431,11.233444,3.0,38.2301,229387.0,1.0,1.0,4.3594259507908e-06,10000.0,2000000000.0
torus3d_adaptive_escape,torus3d_tornado,0.26,0.13,83200.0,82939.0,82848.0,0.9968629807692307,0.9989028080878718,0.12945,2.000048,9.255275,11.255323,3.000024,41.4511,248707.0,5.0,3.0,2.0103573611245136e-05,10000.0,2000000000.0
torus3d_adaptive_escape,torus3d_tornado,0.28,0.14,89600.00000000001,89320.0,89223.0,0.9968749999999998,0.9989140170174653,0.1394109375,2.000078,9.27828,11.278359,3.0,44.6386,267837.0,4.0,4.0,1.4934233369797753e-05,10000.0,2000000000.0
torus3d_adaptive_escape,torus3d_tornado,0.3,0.15,96000.0,95810.0,95708.0,0.9980208333333334,0.9989353929652437,0.14954375,2.000073,9.298857,11.29893,3.000042,47.8832,287295.0,12.0,8.0,4.1767168916872895e-05,10000.0,2000000000.0
torus3d_adaptive_escape,torus3d_tornado,0.32,0.16,102400.0,102153.0,102045.0,0.997587890625,0.9989427623270976,0.1594453125,2.000176,9.32125,11.321427,3.000078,51.0532,306311.0,20.0,12.0,6.528885421325299e-05,10000.0,2000000000.0
torus3d_adaptive_escape,torus3d_tornado,0.34,0.17,108800.00000000001,108533.0,108420.0,0.9975459558823528,0.9989588420111856,0.16940625,2.000166,9.348109,11.348275,3.000018,54.2417,325445.0,15.0,13.0,4.608861304000492e-05,10000.0,2000000000.0
torus3d_adaptive_escape,torus3d_tornado,0.36,0.18,115200.0,114873.0,114755.0,0.9971614583333334,0.9989727786337956,0.1793046875,2.000244,9.375391,11.375635,3.000157,57.4132,344448.0,45.0,27.0,0.0001306267471327429,10000.0,2000000000.0
torus3d_adaptive_escape,torus3d_tornado,0.38,0.19,121600.0,121234.0,121107.0,0.9969901315789473,0.9989524390847452,0.1892296875,2.000272,9.395691,11.395964,3.000165,60.5916,363506.0,64.0,44.0,0.00017603212586297,10000.0,2000000000.0
torus3d_adaptive_escape,torus3d_tornado,0.4,0.2,128000.0,127637.0,127504.0,0.9971640625,0.9989579824032216,0.199225,2.000455,9.425344,11.425798,3.000188,63.7925,382695.0,84.0,60.0,0.0002194477753481774,10000.0,2000000000.0
torus3d_adaptive_escape,torus3d_tornado,0.42,0.21,134400.0,133970.0,133831.0,0.9968005952380953,0.9989624542808091,0.2091109375,2.000523,9.450157,11.45068,3.000329,66.9599,401679.0,117.0,73.0,0.00029119254547083594,10000.0,2000000000.0
torus3d_adaptive_escape,torus3d_tornado,0.44,0.22,140800.0,140415.0,140266.0,0.997265625,0.998938859808425,0.219165625,2.00062,9.476944,11.477564,3.000356,70.1799,420965.0,153.0,103.0,0.00036331859478815916,10000.0,2000000000.0
torus3d_adaptive_escape,torus3d_tornado,0.46,0.23,147200.0,146736.0,146586.0,0.9968478260869565,0.9989777559699051,0.229040625,2.000955,9.506801,11.507757,3.000559,73.3437,439875.0,232.0,150.0,0.0005271445353061869,10000.0,2000000000.0
torus3d_adaptive_escape,torus3d_tornado,0.48,0.24,153600.0,153087.0,152931.0,0.99666015625,0.9989809716043818,0.2389546875,2.001059,9.53755,11.538609,3.000536,76.5169,458879.0,274.0,191.0,0.0005967509740761794,10000.0,2000000000.0
torus3d_adaptive_escape,torus3d_tornado,0.5,0.25,160000.0,159452.0,159289.0,0.996575,0.9989777487896044,0.2488890625,2.001287,9.565431,11.566718,3.000741,79.7024,477902.0,378.0,260.0,0.0007903320230827131,10000.0,2000000000.0
torus3d_adaptive_escape,torus3d_tornado,0.52,0.26,166400.0,166081.0,165906.0,0.9980829326923077,0.9989462972886723,0.259228125,2.002001,9.596808,11.598809,3.000832,83.0162,497718.0,463.0,325.0,0.0009293810883995977,10000.0,2000000000.0
torus3d_adaptive_escape,torus3d_tornado,0.54,0.27,172800.0,172452.0,172277.0,0.9979861111111111,0.9989852248741679,0.2691828125,2.002171,9.627652,11.629823,3.001347,86.2092,516679.0,694.0,462.0,0.0013413919937839817,10000.0,2000000000.0
torus3d_adaptive_escape,torus3d_tornado,0.56,0.28,179200.00000000003,178841.0,178653.0,0.9979966517857142,0.9989487869112788,0.2791453125,2.003028,9.658741,11.661769,3.001399,89.4042,535729.0,826.0,576.0,0.0015394507552813784,10000.0,2000000000.0
torus3d_adaptive_escape,torus3d_tornado,0.58,0.29,185600.0,185159.0,184966.0,0.997623922413793,0.9989576526120794,0.289009375,2.003401,9.696052,11.699453,3.001665,92.5674,554540.0,1018.0,709.0,0.0018323919374754751,10000.0,2000000000.0
torus3d_adaptive_escape,torus3d_tornado,0.6,0.3,192000.0,191507.0,191311.0,0.9974322916666667,0.9989765387166004,0.2989234375,2.003957,9.723382,11.727339,3.00185,95.7445,573447.0,1192.0,837.0,0.002074345806671667,10000.0,2000000000.0
torus3d_adaptive_escape,torus3d_tornado,0.62,0.31,198400.0,197905.0,197699.0,0.9975050403225807,0.9989590965362168,0.3089046875,2.005023,9.763125,11.768148,3.003116,98.9681,592350.0,1741.0,1120.0,0.0029305274781136225,10000.0,2000000000.0
torus3d_adaptive_escape,torus3d_tornado,0.64,0.32,204800.0,204391.0,204181.0,0.9980029296875,0.9989725575000856,0.3190328125,2.006298,9.800657,11.806956,3.003193,102.2123,611556.0,2019.0,1360.0,0.0032905512773499573,10000.0,2000000000.0
torus3d_adaptive_escape,torus3d_tornado,0.66,0.33,211200.0,210823.0,210603.0,0.9982149621212121,0.9989564705938156,0.3290671875,2.00801,9.841189,11.8492,3.003666,105.4398,630477.0,2515.0,1731.0,0.00397319397401547,10000.0,2000000000.0
torus3d_adaptive_escape,torus3d_tornado,0.68,0.34,217600.00000000003,217326.0,217095.0,0.9987408088235292,0.998937080699042,0.3392109375,2.008678,9.876303,11.884981,3.004855,108.7167,649610.0,3155.0,2084.0,0.004833286098366181,10000.0,2000000000.0
torus3d_adaptive_escape,torus3d_tornado,0.7,0.35,224000.0,223725.0,223487.0,0.9987723214285714,0.9989361939881551,0.3491984375,2.010654,9.918121,11.928774,3.005235,111.9263,668372.0,3703.0,2514.0,0.005509801733437489,10000.0,2000000000.0
torus3d_adaptive_escape,torus3d_tornado,0.72,0.36,230400.0,230024.0,229780.0,0.9983680555555555,0.9989392411226654,0.35903125,2.013848,9.954248,11.968096,3.006493,115.1065,686710.0,4575.0,3063.0,0.006618109752128283,10000.0,2000000000.0
torus3d_adaptive_escape,torus3d_tornado,0.74,0.37,236800.0,236386.0,236129.0,0.9982516891891892,0.9989127951739951,0.3689515625,2.016131,10.003879,12.02001,3.00681,118.2952,705197.0,5269.0,3627.0,0.00741625918763178,10000.0,2000000000.0
torus3d_adaptive_escape,torus3d_tornado,0.76,0.38,243200.0,242927.0,242664.0,0.9988774671052632,0.998917370238796,0.3791625,2.01889,10.052937,12.071828,3.008753,121.6158,723920.0,6675.0,4495.0,0.009136388833758786,10000.0,2000000000.0
torus3d_adaptive_escape,torus3d_tornado,0.78,0.39,249600.0,249467.0,249188.0,0.9994671474358975,0.9988816156044688,0.38935625,2.023609,10.099419,12.123028,3.010057,124.9215,742728.0,7861.0,5289.0,0.010473108452162235,10000.0,2000000000.0
torus3d_adaptive_escape,torus3d_tornado,0.8,0.4,256000.0,255851.0,255569.0,0.99941796875,0.9988977959828181,0.3993265625,2.027245,10.152702,12.179947,3.011285,128.1503,760928.0,9186.0,6204.0,0.011928104150814035,10000.0,2000000000.0
torus3d_adaptive_escape,torus3d_tornado,0.82,0.41,262400.0,262163.0,261866.0,0.9990967987804878,0.9988671170226157,0.409165625,2.033059,10.20593,12.238989,3.013923,131.3777,778548.0,11247.0,7474.0,0.014240404155508708,10000.0,2000000000.0
torus3d_adaptive_escape,torus3d_tornado,0.84,0.42,268800.0,268552.0,268254.0,0.999077380952381,0.9988903452590188,0.419146875,2.039679,10.267709,12.307388,3.015806,134.6284,796326.0,13208.0,8822.0,0.016315559321782656,10000.0,2000000000.0
torus3d_adaptive_escape,torus3d_tornado,0.86,0.43,275200.0,274925.0,274627.0,0.999000726744186,0.9989160680185505,0.4291046875,2.048083,10.322412,12.370495,3.018767,137.9079,813808.0,15761.0,10380.0,0.01899902238391261,10000.0,2000000000.0
torus3d_adaptive_escape,torus3d_tornado,0.88,0.44,281600.0,281283.0,280961.0,0.9988742897727273,0.9988552454289807,0.4390015625,2.055542,10.38137,12.436911,3.020579,141.1453,831291.0,17972.0,11886.0,0.02116187800481123,10000.0,2000000000.0
torus3d_adaptive_escape,torus3d_tornado,0.9,0.45,288000.0,287669.0,287348.0,0.9988506944444444,0.9988841341958987,0.44898125,2.073026,10.460463,12.533489,3.024222,144.4567,848036.0,21555.0,14195.0,0.024787515050178763,10000.0,2000000000.0
torus3d_adaptive_escape,torus3d_tornado,0.92,0.46,294400.0,294135.0,293798.0,0.9990998641304348,0.9988542675982117,0.459059375,2.088697,10.534279,12.622976,3.027767,147.8043,864881.0,25288.0,16546.0,0.028408088801115294,10000.0,2000000000.0
torus3d_adaptive_escape,torus3d_tornado,0.94,0.47,300800.0,300668.0,300320.0,0.9995611702127659,0.9988425771947796,0.46925,2.113256,10.614345,12.727601,3.031919,151.2129,881551.0,29635.0,19252.0,0.03252354623534602,10000.0,2000000000.0
torus3d_adaptive_escape,torus3d_tornado,0.96,0.48,307200.0,306997.0,306652.0,0.9993391927083334,0.9988762105167152,0.47914375,2.14114,10.708311,12.849451,3.036771,154.5454,897074.0,34783.0,22481.0,0.037326542591835446,10000.0,2000000000.0
torus3d_adaptive_escape,torus3d_tornado,0.98,0.49,313600.0,313231.0,312866.0,0.9988233418367347,0.9988347258093867,0.488853125,2.185434,10.804309,12.989743,3.041609,157.8303,911984.0,40287.0,25882.0,0.04230623425474471,10000.0,2000000000.0
torus3d_adaptive_escape,torus3d_tornado,1.0,0.5,320000.0,319598.0,319231.0,0.99874375,0.9988516824260477,0.4987984375,2.249694,10.906456,13.15615,3.047533,161.2295,926834.0,46698.0,29824.0,0.047967606611801154,10000.0,2000000000.0
mesh3d_xyz,torus3d_transpose,0.02,0.01,6400.0,6392.0,6386.0,0.99875,0.9990613266583229,0.009978125,2.0,10.561697,12.561697,3.763232,3.6828,0.0,0.0,0.0,0.0,10000.0,2000000000.0
mesh3d_xyz,torus3d_transpose,0.04,0.02,12800.0,12607.0,12590.0,0.984921875,0.9986515427936861,0.019671875,2.0,10.600953,12.600953,3.765052,7.2645,0.0,0.0,0.0,0.0,10000.0,2000000000.0
mesh3d_xyz,torus3d_transpose,0.06,0.03,19200.0,19104.0,19076.0,0.995,0.998534338358459,0.02980625,2.0,10.621881,12.621881,3.757287,10.9918,0.0,0.0,0.0,0.0,10000.0,2000000000.0
mesh3d_xyz,torus3d_transpose,0.08,0.04,25600.0,25466.0,25427.0,0.994765625,0.9984685462970235,0.0397296875,2.0,10.647422,12.647422,3.751839,14.6378,0.0,0.0,0.0,0.0,10000.0,2000000000.0
mesh3d_xyz,torus3d_transpose,0.1,0.05,32000.0,31948.0,31902.0,0.998375,0.9985601602604232,0.049846875,2.0,10.678139,12.678139,3.749545,18.3573,0.0,0.0,0.0,0.0,10000.0,2000000000.0
mesh3d_xyz,torus3d_transpose,0.12,0.06,38400.0,38292.0,38235.0,0.9971875,0.9985114384205578,0.0597421875,2.0,10.720622,12.720622,3.751275,22.0098,0.0,0.0,0.0,0.0,10000.0,2000000000.0
mesh3d_xyz,torus3d_transpose,0.14,0.07,44800.00000000001,44569.0,44507.0,0.9948437499999998,0.9986088985617806,0.0695421875,2.0,10.755274,12.755274,3.748983,25.6082,0.0,0.0,0.0,0.0,10000.0,2000000000.0
mesh3d_xyz,torus3d_transpose,0.16,0.08,51200.0,50975.0,50907.0,0.99560546875,0.9986660127513487,0.0795421875,2.0,10.795745,12.795745,3.746911,29.2787,0.0,0.0,0.0,0.0,10000.0,2000000000.0
mesh3d_xyz,torus3d_transpose,0.18,0.09,57600.0,57392.0,57319.0,0.9963888888888889,0.998728045720658,0.0895609375,2.0,10.853242,12.853242,3.749577,32.9803,0.0,0.0,0.0,0.0,10000.0,2000000000.0
mesh3d_xyz,torus3d_transpose,0.2,0.1,64000.0,63806.0,63724.0,0.99696875,0.9987148544024073,0.09956875,2.0,10.915511,12.915511,3.754567,36.6969,0.0,0.0,0.0,0.0,10000.0,2000000000.0
mesh3d_xyz,torus3d_transpose,0.22,0.11,70400.0,70137.0,70049.0,0.9962642045454545,0.9987453127450561,0.1094515625,2.0,10.984083,12.984083,3.756056,40.3497,0.0,0.0,0.0,0.0,10000.0,2000000000.0
mesh3d_xyz,torus3d_transpose,0.24,0.12,76800.0,76496.0,76399.0,0.9960416666666667,0.9987319598410375,0.1193734375,2.000013,11.057619,13.057632,3.756384,44.0103,0.0,0.0,0.0,0.0,10000.0,2000000000.0
mesh3d_xyz,torus3d_transpose,0.26,0.13,83200.0,82939.0,82837.0,0.9968629807692307,0.998770180494098,0.1294328125,2.000024,11.148171,13.148195,3.75593,47.7143,0.0,0.0,0.0,0.0,10000.0,2000000000.0
mesh3d_xyz,torus3d_transpose,0.28,0.14,89600.00000000001,89320.0,89209.0,0.9968749999999998,0.9987572772055531,0.1393890625,2.000022,11.237319,13.237342,3.752536,51.3542,0.0,0.0,0.0,0.0,10000.0,2000000000.0
mesh3d_xyz,torus3d_transpose,0.3,0.15,96000.0,95810.0,95690.0,0.9980208333333334,0.9987475211355809,0.149515625,2.000042,11.396457,13.396499,3.754039,55.0984,0.0,0.0,0.0,0.0,10000.0,2000000000.0
mesh3d_xyz,torus3d_transpose,0.32,0.16,102400.0,102153.0,102019.0,0.997587890625,0.998688242146584,0.1594046875,2.000843,11.585371,13.586214,3.752595,58.7304,0.0,0.0,0.0,0.0,10000.0,2000000000.0
mesh3d_xyz,torus3d_transpose,0.34,0.17,108800.00000000001,108532.0,108381.0,0.9975367647058823,0.9986087052666495,0.1693453125,2.00585,11.888781,13.894631,3.748609,62.3489,0.0,0.0,0.0,0.0,10000.0,2000000000.0
mesh3d_xyz,torus3d_transpose,0.36,0.18,115200.0,114866.0,114703.0,0.9971006944444445,0.9985809551999721,0.1792234375,2.066659,12.530413,14.597072,3.750259,66.0068,0.0,0.0,0.0,0.0,10000.0,2000000000.0
mesh3d_xyz,torus3d_transpose,0.38,0.19,121600.0,121225.0,121041.0,0.9969161184210527,0.998482161270365,0.1891265625,3.525458,13.94411,17.469568,3.749853,69.6529,0.0,0.0,0.0,0.0,10000.0,2000000000.0
mesh3d_xyz,torus3d_transpose,0.4,0.2,128000.0,125770.0,125551.0,0.982578125,0.9982587262463226,0.1961734375,51.774418,16.100358,67.874776,3.716322,71.8315,0.0,0.0,0.0,0.0,10000.0,2000000000.0
mesh3d_xyz,torus3d_transpose,0.42,0.21,134400.0,129082.0,128835.0,0.9604315476190476,0.9980864876590074,0.2013046875,92.681911,18.903419,111.58533,3.663911,73.0359,0.0,0.0,0.0,0.0,10000.0,2000000000.0
mesh3d_xyz,torus3d_transpose,0.44,0.22,140800.0,132534.0,132210.0,0.9412926136363636,0.9975553442890126,0.206578125,146.017147,23.774525,169.791672,3.624945,74.4459,0.0,0.0,0.0,0.0,10000.0,2000000000.0
mesh3d_xyz,torus3d_transpose,0.46,0.23,147200.0,134499.0,134125.0,0.9137160326086956,0.9972193101807448,0.2095703125,256.288783,26.670986,282.959769,3.584626,74.9903,0.0,0.0,0.0,0.0,10000.0,2000000000.0
mesh3d_xyz,torus3d_transpose,0.48,0.24,153600.0,135407.0,135006.0,0.8815559895833334,0.9970385578293589,0.210946875,386.021955,27.192406,413.214361,3.533636,74.7999,0.0,0.0,0.0,0.0,10000.0,2000000000.0
mesh3d_xyz,torus3d_transpose,0.5,0.25,160000.0,135999.0,135605.0,0.84999375,0.9971029198744108,0.2118828125,498.966675,27.493138,526.459813,3.483485,74.448,0.0,0.0,0.0,0.0,10000.0,2000000000.0
mesh3d_xyz,torus3d_transpose,0.52,0.26,166400.0,136452.0,136053.0,0.8200240384615385,0.9970758948201566,0.2125828125,591.872778,27.851337,619.724115,3.429237,73.956,0.0,0.0,0.0,0.0,10000.0,2000000000.0
mesh3d_xyz,torus3d_transpose,0.54,0.27,172800.0,137209.0,136797.0,0.7940335648148148,0.9969972815194339,0.2137453125,660.432817,28.148899,688.581716,3.384285,73.7455,0.0,0.0,0.0,0.0,10000.0,2000000000.0
mesh3d_xyz,torus3d_transpose,0.56,0.28,179200.00000000003,138453.0,138042.0,0.7726171874999999,0.9970314836081559,0.215690625,735.240115,28.233313,763.473428,3.351082,73.9571,0.0,0.0,0.0,0.0,10000.0,2000000000.0
mesh3d_xyz,torus3d_transpose,0.58,0.29,185600.0,139981.0,139559.0,0.7542079741379311,0.9969853051485559,0.2180609375,790.879477,28.451057,819.330534,3.322036,74.3646,0.0,0.0,0.0,0.0,10000.0,2000000000.0
mesh3d_xyz,torus3d_transpose,0.6,0.3,192000.0,141628.0,141205.0,0.7376458333333333,0.997013302454317,0.2206328125,848.897553,28.424128,877.321681,3.296257,74.8771,0.0,0.0,0.0,0.0,10000.0,2000000000.0
mesh3d_xyz,torus3d_transpose,0.62,0.31,198400.0,143327.0,142904.0,0.722414314516129,0.9970487068033239,0.2232875,904.706306,28.208259,932.914565,3.273232,75.4477,0.0,0.0,0.0,0.0,10000.0,2000000000.0
mesh3d_xyz,torus3d_transpose,0.64,0.32,204800.0,145091.0,144669.0,0.7084521484375,0.9970914805191224,0.2260453125,957.83915,27.969316,985.808466,3.251325,76.0613,0.0,0.0,0.0,0.0,10000.0,2000000000.0
mesh3d_xyz,torus3d_transpose,0.66,0.33,211200.0,146761.0,146335.0,0.6948910984848485,0.9970973214954927,0.2286484375,1004.300454,27.771196,1032.071651,3.228291,76.6013,0.0,0.0,0.0,0.0,10000.0,2000000000.0
mesh3d_xyz,torus3d_transpose,0.68,0.34,217600.00000000003,148555.0,148128.0,0.6826976102941176,0.9971256437009862,0.23145,1043.583921,27.542585,1071.126505,3.206133,77.2104,0.0,0.0,0.0,0.0,10000.0,2000000000.0
mesh3d_xyz,torus3d_transpose,0.7,0.35,224000.0,150363.0,149929.0,0.6712633928571429,0.9971136516297228,0.2342640625,1079.127287,27.331744,1106.459031,3.185254,77.8354,0.0,0.0,0.0,0.0,10000.0,2000000000.0
mesh3d_xyz,torus3d_transpose,0.72,0.36,230400.0,152122.0,151696.0,0.6602517361111111,0.9971996160976059,0.237025,1111.423419,27.143339,1138.566759,3.165542,78.4518,0.0,0.0,0.0,0.0,10000.0,2000000000.0
mesh3d_xyz,torus3d_transpose,0.74,0.37,236800.0,154033.0,153603.0,0.650477195945946,0.9972083904098472,0.2400046875,1139.726073,26.943224,1166.669297,3.147985,79.1654,0.0,0.0,0.0,0.0,10000.0,2000000000.0
mesh3d_xyz,torus3d_transpose,0.76,0.38,243200.0,155606.0,155168.0,0.6398273026315789,0.9971851985141961,0.24245,1166.715856,26.886658,1193.602515,3.126856,79.6463,0.0,0.0,0.0,0.0,10000.0,2000000000.0
mesh3d_xyz,torus3d_transpose,0.78,0.39,249600.0,157513.0,157078.0,0.6310616987179487,0.9972383231860228,0.245434375,1188.962598,26.826443,1215.789041,3.109169,80.346,0.0,0.0,0.0,0.0,10000.0,2000000000.0
mesh3d_xyz,torus3d_transpose,0.8,0.4,256000.0,159176.0,158725.0,0.62178125,0.9971666582901945,0.2480078125,1209.570061,27.015587,1236.585648,3.091082,80.9016,0.0,0.0,0.0,0.0,10000.0,2000000000.0
mesh3d_xyz,torus3d_transpose,0.82,0.41,262400.0,160659.0,160204.0,0.6122675304878049,0.997167914651529,0.25031875,1242.87579,26.992884,1269.868674,3.07629,81.4197,0.0,0.0,0.0,0.0,10000.0,2000000000.0
mesh3d_xyz,torus3d_transpose,0.84,0.42,268800.0,162067.0,161612.0,0.6029278273809524,0.9971925191433173,0.25251875,1276.01016,26.840402,1302.850562,3.061753,81.8988,0.0,0.0,0.0,0.0,10000.0,2000000000.0
mesh3d_xyz,torus3d_transpose,0.86,0.43,275200.0,163626.0,163170.0,0.5945712209302325,0.9972131568332661,0.254953125,1306.752669,26.642771,1333.39544,3.048943,82.4802,0.0,0.0,0.0,0.0,10000.0,2000000000.0
mesh3d_xyz,torus3d_transpose,0.88,0.44,281600.0,164779.0,164321.0,0.5851526988636364,0.9972205196050468,0.2567515625,1339.464451,26.530906,1365.995357,3.035291,82.8361,0.0,0.0,0.0,0.0,10000.0,2000000000.0
mesh3d_xyz,torus3d_transpose,0.9,0.45,288000.0,166111.0,165655.0,0.5767743055555555,0.9972548476621055,0.2588359375,1376.042848,26.359591,1402.402439,3.024297,83.3257,0.0,0.0,0.0,0.0,10000.0,2000000000.0
mesh3d_xyz,torus3d_transpose,0.92,0.46,294400.0,167391.0,166934.0,0.5685835597826087,0.9972698651659886,0.260834375,1409.212964,26.173404,1435.386368,3.015431,83.8192,0.0,0.0,0.0,0.0,10000.0,2000000000.0
mesh3d_xyz,torus3d_transpose,0.94,0.47,300800.0,168602.0,168145.0,0.5605119680851064,0.9972894746207044,0.2627265625,1439.420566,26.052348,1465.472913,3.002623,84.2116,0.0,0.0,0.0,0.0,10000.0,2000000000.0
mesh3d_xyz,torus3d_transpose,0.96,0.48,307200.0,169828.0,169371.0,0.5528255208333334,0.9973090420896437,0.2646421875,1469.338494,25.897627,1495.236121,2.991976,84.6449,0.0,0.0,0.0,0.0,10000.0,2000000000.0
mesh3d_xyz,torus3d_transpose,0.98,0.49,313600.0,171235.0,170776.0,0.546029974489796,0.9973194732385319,0.2668375,1494.529319,25.705755,1520.235074,2.983066,85.1951,0.0,0.0,0.0,0.0,10000.0,2000000000.0
mesh3d_xyz,torus3d_transpose,1.0,0.5,320000.0,172616.0,172155.0,0.539425,0.9973293321592437,0.2689921875,1517.750597,25.537097,1543.287694,2.973808,85.7239,0.0,0.0,0.0,0.0,10000.0,2000000000.0
torus3d_dor,torus3d_transpose,0.02,0.01,6400.0,6392.0,6387.0,0.99875,0.9992177722152691,0.0099796875,2.0,9.03147,11.03147,3.006106,3.1991,0.0,0.0,0.0,0.0,10000.0,2000000000.0
torus3d_dor,torus3d_transpose,0.04,0.02,12800.0,12607.0,12592.0,0.984921875,0.9988101848179582,0.019675,2.0,9.057814,11.057814,3.007783,6.3107,0.0,0.0,0.0,0.0,10000.0,2000000000.0
torus3d_dor,torus3d_transpose,0.06,0.03,19200.0,19104.0,19079.0,0.995,0.9986913735343383,0.0298109375,2.0,9.073798,11.073798,3.00477,9.5561,0.0,0.0,0.0,0.0,10000.0,2000000000.0
torus3d_dor,torus3d_transpose,0.08,0.04,25600.0,25466.0,25430.0,0.994765625,0.9985863504280217,0.039734375,2.0,9.094809,11.094809,3.003146,12.734,0.0,0.0,0.0,0.0,10000.0,2000000000.0
torus3d_dor,torus3d_transpose,0.1,0.05,32000.0,31948.0,31906.0,0.998375,0.9986853637160386,0.049853125,2.0,9.116373,11.116373,3.00351,15.9772,0.0,0.0,0.0,0.0,10000.0,2000000000.0
torus3d_dor,torus3d_transpose,0.12,0.06,38400.0,38292.0,38241.0,0.9971875,0.9986681291131306,0.0597515625,2.0,9.141994,11.141994,3.004785,19.155,0.0,0.0,0.0,0.0,10000.0,2000000000.0
torus3d_dor,torus3d_transpose,0.14,0.07,44800.00000000001,44569.0,44514.0,0.9948437499999998,0.9987659584015796,0.069553125,2.0,9.158669,11.158669,3.002246,22.284,0.0,0.0,0.0,0.0,10000.0,2000000000.0
torus3d_dor,torus3d_transpose,0.16,0.08,51200.0,50975.0,50914.0,0.99560546875,0.9988033349681217,0.079553125,2.0,9.174176,11.174176,2.998429,25.4681,0.0,0.0,0.0,0.0,10000.0,2000000000.0
torus3d_dor,torus3d_transpose,0.18,0.09,57600.0,57392.0,57326.0,0.9963888888888889,0.998850013939225,0.089571875,2.0,9.194118,11.194118,2.998186,28.673,0.0,0.0,0.0,0.0,10000.0,2000000000.0
torus3d_dor,torus3d_transpose,0.2,0.1,64000.0,63806.0,63731.0,0.99696875,0.9988245619534213,0.0995796875,2.0,9.225542,11.225542,3.001553,31.8979,0.0,0.0,0.0,0.0,10000.0,2000000000.0
torus3d_dor,torus3d_transpose,0.22,0.11,70400.0,70137.0,70057.0,0.9962642045454545,0.9988593752227782,0.1094640625,2.0,9.256991,11.256991,3.003925,35.0804,0.0,0.0,0.0,0.0,10000.0,2000000000.0
torus3d_dor,torus3d_transpose,0.24,0.12,76800.0,76496.0,76410.0,0.9960416666666667,0.9988757582095796,0.119390625,2.0,9.284806,11.284806,3.004319,38.264,0.0,0.0,0.0,0.0,10000.0,2000000000.0
torus3d_dor,torus3d_transpose,0.26,0.13,83200.0,82939.0,82850.0,0.9968629807692307,0.9989269221958307,0.129453125,2.0,9.313144,11.313144,3.003114,41.4773,0.0,0.0,0.0,0.0,10000.0,2000000000.0
torus3d_dor,torus3d_transpose,0.28,0.14,89600.00000000001,89320.0,89225.0,0.9968749999999998,0.9989364084191671,0.1394140625,2.0,9.339737,11.339737,3.000056,44.6406,0.0,0.0,0.0,0.0,10000.0,2000000000.0
torus3d_dor,torus3d_transpose,0.3,0.15,96000.0,95810.0,95709.0,0.9980208333333334,0.9989458302891139,0.1495453125,2.0,9.379463,11.379463,3.001243,47.8959,0.0,0.0,0.0,0.0,10000.0,2000000000.0
torus3d_dor,torus3d_transpose,0.32,0.16,102400.0,102153.0,102046.0,0.997587890625,0.9989525515648097,0.159446875,2.0,9.424152,11.424152,3.00149,51.0692,0.0,0.0,0.0,0.0,10000.0,2000000000.0
torus3d_dor,torus3d_transpose,0.34,0.17,108800.00000000001,108533.0,108420.0,0.9975459558823528,0.9989588420111856,0.16940625,2.000009,9.474525,11.474534,3.000074,54.2437,0.0,0.0,0.0,0.0,10000.0,2000000000.0
torus3d_dor,torus3d_transpose,0.36,0.18,115200.0,114873.0,114755.0,0.9971614583333334,0.9989727786337956,0.1793046875,2.000148,9.544124,11.544273,3.002222,57.4377,0.0,0.0,0.0,0.0,10000.0,2000000000.0
torus3d_dor,torus3d_transpose,0.38,0.19,121600.0,121234.0,121110.0,0.9969901315789473,0.9989771846181764,0.189234375,2.000281,9.613963,11.614243,3.001288,60.6071,0.0,0.0,0.0,0.0,10000.0,2000000000.0
torus3d_dor,torus3d_transpose,0.4,0.2,128000.0,127637.0,127505.0,0.9971640625,0.9989658171219944,0.1992265625,2.000384,9.701306,11.70169,3.000086,63.7927,0.0,0.0,0.0,0.0,10000.0,2000000000.0
torus3d_dor,torus3d_transpose,0.42,0.21,134400.0,133970.0,133832.0,0.9968005952380953,0.9989699186385012,0.2091125,2.001166,9.818466,11.819632,2.998969,66.9427,0.0,0.0,0.0,0.0,10000.0,2000000000.0
torus3d_dor,torus3d_transpose,0.44,0.22,140800.0,140415.0,140269.0,0.997265625,0.9989602250471815,0.2191703125,2.017559,10.037072,12.054631,2.997826,70.1468,0.0,0.0,0.0,0.0,10000.0,2000000000.0
torus3d_dor,torus3d_transpose,0.46,0.23,147200.0,146736.0,146579.0,0.9968478260869565,0.9989300512485008,0.2290296875,2.204777,10.564446,12.769223,2.998342,73.31,0.0,0.0,0.0,0.0,10000.0,2000000000.0
torus3d_dor,torus3d_transpose,0.48,0.24,153600.0,152171.0,151971.0,0.9906966145833334,0.9986856891260489,0.2374546875,17.37948,13.200446,30.579926,2.99111,75.9014,0.0,0.0,0.0,0.0,10000.0,2000000000.0
torus3d_dor,torus3d_transpose,0.5,0.25,160000.0,134787.0,134420.0,0.84241875,0.9972771854852471,0.21003125,316.547374,23.131402,339.678775,2.913257,66.1189,0.0,0.0,0.0,0.0,10000.0,2000000000.0
torus3d_dor,torus3d_transpose,0.52,0.26,166400.0,140983.0,140599.0,0.8472536057692308,0.9972762673513828,0.2196859375,443.397627,24.901628,468.299255,2.91554,69.1916,0.0,0.0,0.0,0.0,10000.0,2000000000.0
torus3d_dor,torus3d_transpose,0.54,0.27,172800.0,144315.0,143925.0,0.83515625,0.9972975782143229,0.2248828125,579.941226,24.862255,604.803481,2.912267,70.7802,0.0,0.0,0.0,0.0,10000.0,2000000000.0
torus3d_dor,torus3d_transpose,0.56,0.28,179200.00000000003,155630.0,155250.0,0.868470982142857,0.9975583113795541,0.242578125,449.975124,22.903079,472.878203,2.936103,76.7129,0.0,0.0,0.0,0.0,10000.0,2000000000.0
torus3d_dor,torus3d_transpose,0.58,0.29,185600.0,166035.0,165658.0,0.8945851293103448,0.9977293944047941,0.258840625,519.219289,21.392652,540.611941,2.937631,81.8768,0.0,0.0,0.0,0.0,10000.0,2000000000.0
torus3d_dor,torus3d_transpose,0.6,0.3,192000.0,165251.0,164868.0,0.8606822916666667,0.9976823135714761,0.25760625,649.382476,21.915684,671.29816,2.913713,81.0938,0.0,0.0,0.0,0.0,10000.0,2000000000.0
torus3d_dor,torus3d_transpose,0.62,0.31,198400.0,168550.0,168165.0,0.8495463709677419,0.997715811331949,0.2627578125,626.680516,21.561841,648.242357,2.908869,82.6312,0.0,0.0,0.0,0.0,10000.0,2000000000.0
torus3d_dor,torus3d_transpose,0.64,0.32,204800.0,163789.0,163399.0,0.7997509765625,0.9976188877152923,0.2553109375,741.691761,22.550224,764.241984,2.897386,80.1063,0.0,0.0,0.0,0.0,10000.0,2000000000.0
torus3d_dor,torus3d_transpose,0.66,0.33,211200.0,163601.0,163210.0,0.774625946969697,0.9976100390584409,0.255015625,772.23887,22.634244,794.873114,2.864236,79.4729,0.0,0.0,0.0,0.0,10000.0,2000000000.0
torus3d_dor,torus3d_transpose,0.68,0.34,217600.00000000003,163264.0,162866.0,0.7502941176470588,0.997562230497844,0.254478125,876.559656,22.846954,899.40661,2.836418,78.8534,0.0,0.0,0.0,0.0,10000.0,2000000000.0
torus3d_dor,torus3d_transpose,0.7,0.35,224000.0,173842.0,173446.0,0.7760803571428572,0.9977220694653766,0.271009375,803.220599,21.32402,824.544619,2.830195,83.8604,0.0,0.0,0.0,0.0,10000.0,2000000000.0
torus3d_dor,torus3d_transpose,0.72,0.36,230400.0,176404.0,176015.0,0.7656423611111111,0.9977948345842498,0.2750234375,837.781842,21.123467,858.905309,2.824327,84.9977,0.0,0.0,0.0,0.0,10000.0,2000000000.0
torus3d_dor,torus3d_transpose,0.74,0.37,236800.0,181878.0,181478.0,0.7680658783783784,0.9978007235619482,0.283559375,858.41885,20.492396,878.911245,2.838052,87.8851,0.0,0.0,0.0,0.0,10000.0,2000000000.0
torus3d_dor,torus3d_transpose,0.76,0.38,243200.0,187525.0,187126.0,0.7710731907894737,0.9978722836955073,0.292384375,900.489168,20.041849,920.531017,2.863942,91.1023,0.0,0.0,0.0,0.0,10000.0,2000000000.0
torus3d_dor,torus3d_transpose,0.78,0.39,249600.0,188800.0,188398.0,0.7564102564102564,0.9978707627118644,0.294371875,948.000908,20.073891,968.074799,2.847514,91.4119,0.0,0.0,0.0,0.0,10000.0,2000000000.0
torus3d_dor,torus3d_transpose,0.8,0.4,256000.0,189213.0,188810.0,0.73911328125,0.9978701252028137,0.295015625,963.352799,20.158556,983.511355,2.827234,91.2292,0.0,0.0,0.0,0.0,10000.0,2000000000.0
torus3d_dor,torus3d_transpose,0.82,0.41,262400.0,191745.0,191338.0,0.7307355182926829,0.997877389240919,0.298965625,986.98257,19.981044,1006.963614,2.823276,92.374,0.0,0.0,0.0,0.0,10000.0,2000000000.0
torus3d_dor,torus3d_transpose,0.84,0.42,268800.0,194085.0,193675.0,0.7220424107142858,0.9978875235077415,0.3026171875,1004.047368,19.844781,1023.892149,2.816564,93.3728,0.0,0.0,0.0,0.0,10000.0,2000000000.0
torus3d_dor,torus3d_transpose,0.86,0.43,275200.0,195178.0,194764.0,0.7092223837209303,0.9978788592976667,0.30431875,998.38807,19.887561,1018.275631,2.796379,93.5048,0.0,0.0,0.0,0.0,10000.0,2000000000.0
torus3d_dor,torus3d_transpose,0.88,0.44,281600.0,196116.0,195701.0,0.6964346590909091,0.997883905443717,0.3057828125,1057.563518,20.053939,1077.617457,2.788294,93.7961,0.0,0.0,0.0,0.0,10000.0,2000000000.0
torus3d_dor,torus3d_transpose,0.9,0.45,288000.0,197021.0,196606.0,0.6841006944444444,0.9978936255526061,0.307196875,1075.053111,20.005692,1095.058803,2.776904,94.0039,0.0,0.0,0.0,0.0,10000.0,2000000000.0
torus3d_dor,torus3d_transpose,0.92,0.46,294400.0,198826.0,198409.0,0.6753600543478261,0.9979026887831571,0.3100140625,1102.855007,20.124586,1122.979593,2.777787,94.8826,0.0,0.0,0.0,0.0,10000.0,2000000000.0
torus3d_dor,torus3d_transpose,0.94,0.47,300800.0,203859.0,203440.0,0.6777227393617021,0.9979446578272237,0.317875,1065.286763,19.463709,1084.750472,2.770606,97.1416,0.0,0.0,0.0,0.0,10000.0,2000000000.0
torus3d_dor,torus3d_transpose,0.96,0.48,307200.0,211699.0,211278.0,0.6891243489583333,0.9980113274035305,0.330121875,1078.165554,18.912461,1097.078016,2.798455,101.4706,0.0,0.0,0.0,0.0,10000.0,2000000000.0
torus3d_dor,torus3d_transpose,0.98,0.49,313600.0,208710.0,208288.0,0.6655293367346938,0.997978055675339,0.32545,1066.787919,19.398208,1086.186127,2.787343,99.8039,0.0,0.0,0.0,0.0,10000.0,2000000000.0
torus3d_dor,torus3d_transpose,1.0,0.5,320000.0,218312.0,217891.0,0.682225,0.9980715672981788,0.3404546875,1121.143049,18.458459,1139.601507,2.803493,104.7543,0.0,0.0,0.0,0.0,10000.0,2000000000.0
torus3d_adaptive_escape,torus3d_transpose,0.02,0.01,6400.0,6392.0,6387.0,0.99875,0.9992177722152691,0.0099796875,2.0,9.025677,11.025677,3.006106,3.1991,19211.0,0.0,0.0,0.0,10000.0,2000000000.0
torus3d_adaptive_escape,torus3d_transpose,0.04,0.02,12800.0,12607.0,12592.0,0.984921875,0.9988101848179582,0.019675,2.0,9.046537,11.046537,3.007783,6.3107,37904.0,0.0,0.0,0.0,10000.0,2000000000.0
torus3d_adaptive_escape,torus3d_transpose,0.06,0.03,19200.0,19104.0,19079.0,0.995,0.9986913735343383,0.0298109375,2.0,9.04995,11.04995,3.00477,9.5563,57375.0,0.0,0.0,0.0,10000.0,2000000000.0
torus3d_adaptive_escape,torus3d_transpose,0.08,0.04,25600.0,25466.0,25430.0,0.994765625,0.9985863504280217,0.039734375,2.0,9.064569,11.064569,3.003146,12.7343,76441.0,0.0,0.0,0.0,10000.0,2000000000.0
torus3d_adaptive_escape,torus3d_transpose,0.1,0.05,32000.0,31948.0,31906.0,0.998375,0.9986853637160386,0.049853125,2.0,9.076694,11.076694,3.00351,15.9773,95915.0,0.0,0.0,0.0,10000.0,2000000000.0
torus3d_adaptive_escape,torus3d_transpose,0.12,0.06,38400.0,38292.0,38241.0,0.9971875,0.9986681291131306,0.0597515625,2.0,9.089825,11.089825,3.004785,19.1551,115013.0,0.0,0.0,0.0,10000.0,2000000000.0
torus3d_adaptive_escape,torus3d_transpose,0.14,0.07,44800.00000000001,44569.0,44514.0,0.9948437499999998,0.9987659584015796,0.069553125,2.0,9.099834,11.099834,3.002246,22.2839,133754.0,0.0,0.0,0.0,10000.0,2000000000.0
torus3d_adaptive_escape,torus3d_transpose,0.16,0.08,51200.0,50975.0,50914.0,0.99560546875,0.9988033349681217,0.079553125,2.0,9.104902,11.104902,2.998429,25.4685,152789.0,0.0,0.0,0.0,10000.0,2000000000.0
torus3d_adaptive_escape,torus3d_transpose,0.18,0.09,57600.0,57392.0,57326.0,0.9963888888888889,0.998850013939225,0.089571875,2.000017,9.118794,11.118812,2.998186,28.6733,172010.0,0.0,0.0,0.0,10000.0,2000000000.0
torus3d_adaptive_escape,torus3d_transpose,0.2,0.1,64000.0,63806.0,63730.0,0.99696875,0.9988088894461336,0.099578125,2.000016,9.137471,11.137486,3.001538,31.8986,191443.0,0.0,0.0,0.0,10000.0,2000000000.0
torus3d_adaptive_escape,torus3d_transpose,0.22,0.11,70400.0,70137.0,70058.0,0.9962642045454545,0.9988736330324935,0.109465625,2.0,9.155971,11.155971,3.00394,35.0814,210610.0,1.0,1.0,4.748090080765012e-06,10000.0,2000000000.0
torus3d_adaptive_escape,torus3d_transpose,0.24,0.12,76800.0,76496.0,76410.0,0.9960416666666667,0.9988757582095796,0.119390625,2.0,9.168774,11.168774,3.004319,38.2643,229732.0,2.0,2.0,8.705720528959578e-06,10000.0,2000000000.0
torus3d_adaptive_escape,torus3d_transpose,0.26,0.13,83200.0,82939.0,82849.0,0.9968629807692307,0.9989148651418512,0.1294515625,2.000024,9.178988,11.179012,3.003102,41.4779,248985.0,0.0,0.0,0.0,10000.0,2000000000.0
torus3d_adaptive_escape,torus3d_transpose,0.28,0.14,89600.00000000001,89320.0,89225.0,0.9968749999999998,0.9989364084191671,0.1394140625,2.000056,9.187324,11.18738,3.000056,44.6413,267859.0,2.0,2.0,7.466559148214932e-06,10000.0,2000000000.0
torus3d_adaptive_escape,torus3d_transpose,0.3,0.15,96000.0,95810.0,95709.0,0.9980208333333334,0.9989458302891139,0.1495453125,2.000021,9.201611,11.201632,3.001243,47.8965,287438.0,1.0,1.0,3.4789990224012748e-06,10000.0,2000000000.0
torus3d_adaptive_escape,torus3d_transpose,0.32,0.16,102400.0,102153.0,102047.0,0.997587890625,0.9989623408025217,0.1594484375,2.000049,9.21592,11.215969,3.001519,51.0701,306493.0,3.0,1.0,9.788055961578618e-06,10000.0,2000000000.0
torus3d_adaptive_escape,torus3d_transpose,0.34,0.17,108800.00000000001,108533.0,108422.0,0.9975459558823528,0.9989772695862088,0.169409375,2.000009,9.22572,11.225729,3.000111,54.245,325477.0,11.0,7.0,3.379540874010716e-05,10000.0,2000000000.0
torus3d_adaptive_escape,torus3d_transpose,0.36,0.18,115200.0,114873.0,114755.0,0.9971614583333334,0.9989727786337956,0.1793046875,2.000078,9.242787,11.242865,3.002222,57.4388,344751.0,2.0,2.0,5.801254811415709e-06,10000.0,2000000000.0
torus3d_adaptive_escape,torus3d_transpose,0.38,0.19,121600.0,121234.0,121111.0,0.9969901315789473,0.9989854331293202,0.1892359375,2.000149,9.256145,11.256294,3.001329,60.6085,363722.0,11.0,7.0,3.0241963198280057e-05,10000.0,2000000000.0
torus3d_adaptive_escape,torus3d_transpose,0.4,0.2,128000.0,127637.0,127506.0,0.9971640625,0.9989736518407671,0.199228125,2.000165,9.264686,11.26485,3.000094,63.7935,382783.0,7.0,7.0,1.8286789101073696e-05,10000.0,2000000000.0
torus3d_adaptive_escape,torus3d_transpose,0.42,0.21,134400.0,133970.0,133834.0,0.9968005952380953,0.9989848473538852,0.209115625,2.000276,9.274527,11.274803,2.999014,66.9455,401630.0,14.0,10.0,3.485673880351754e-05,10000.0,2000000000.0
torus3d_adaptive_escape,torus3d_transpose,0.44,0.22,140800.0,140415.0,140272.0,0.997265625,0.9989815902859381,0.219175,2.000292,9.286401,11.286693,2.997933,70.15,420777.0,30.0,18.0,7.129158973115942e-05,10000.0,2000000000.0
torus3d_adaptive_escape,torus3d_transpose,0.46,0.23,147200.0,146736.0,146587.0,0.9968478260869565,0.9989845709301057,0.2290421875,2.000355,9.300143,11.300497,2.998492,73.315,439802.0,29.0,15.0,6.59344157187647e-05,10000.0,2000000000.0
torus3d_adaptive_escape,torus3d_transpose,0.48,0.24,153600.0,153087.0,152934.0,0.99666015625,0.9990005683042975,0.238959375,2.000405,9.308408,11.308813,2.997149,76.4688,458613.0,53.0,31.0,0.00011555249353560107,10000.0,2000000000.0
torus3d_adaptive_escape,torus3d_transpose,0.5,0.25,160000.0,159452.0,159294.0,0.996575,0.9990091061886963,0.248896875,2.00054,9.327169,11.327709,2.99774,79.6578,477777.0,51.0,31.0,0.00010673296667420076,10000.0,2000000000.0
torus3d_adaptive_escape,torus3d_transpose,0.52,0.26,166400.0,166081.0,165917.0,0.9980829326923077,0.9990125300305273,0.2592453125,2.000729,9.34378,11.34451,2.99833,82.9793,497723.0,67.0,47.0,0.00013459490949998995,10000.0,2000000000.0
torus3d_adaptive_escape,torus3d_transpose,0.54,0.27,172800.0,172452.0,172276.0,0.9979861111111111,0.9989794261591631,0.26918125,2.001039,9.359888,11.360927,2.999443,86.1802,516993.0,79.0,49.0,0.00015278336479252405,10000.0,2000000000.0
torus3d_adaptive_escape,torus3d_transpose,0.56,0.28,179200.00000000003,178841.0,178658.0,0.9979966517857142,0.9989767447061916,0.279153125,2.001282,9.375623,11.376904,2.999687,89.3781,536206.0,71.0,53.0,0.00013239426639591106,10000.0,2000000000.0
torus3d_adaptive_escape,torus3d_transpose,0.58,0.29,185600.0,185159.0,184968.0,0.997623922413793,0.9989684541394153,0.2890125,2.001476,9.3899,11.391376,3.000551,92.551,555282.0,104.0,72.0,0.00018725715088244933,10000.0,2000000000.0
torus3d_adaptive_escape,torus3d_transpose,0.6,0.3,192000.0,191507.0,191311.0,0.9974322916666667,0.9989765387166004,0.2989234375,2.001589,9.402653,11.404242,3.000037,95.7133,574175.0,148.0,100.0,0.00025769471186074737,10000.0,2000000000.0
torus3d_adaptive_escape,torus3d_transpose,0.62,0.31,198400.0,197905.0,197702.0,0.9975050403225807,0.9989742553245244,0.308909375,2.001947,9.420542,11.422489,3.000162,98.9154,593377.0,168.0,110.0,0.0002830450934638486,10000.0,2000000000.0
torus3d_adaptive_escape,torus3d_transpose,0.64,0.32,204800.0,204392.0,204185.0,0.9980078125,0.9989872402050961,0.3190390625,2.002527,9.435066,11.437593,3.000671,102.1671,612897.0,208.0,143.0,0.00033925673416462104,10000.0,2000000000.0
torus3d_adaptive_escape,torus3d_transpose,0.66,0.33,211200.0,210823.0,210610.0,0.9982149621212121,0.9989896738021943,0.329078125,2.002844,9.449665,11.452509,3.000617,105.3811,632120.0,271.0,181.0,0.00042853234786706325,10000.0,2000000000.0
torus3d_adaptive_escape,torus3d_transpose,0.68,0.34,217600.00000000003,217326.0,217100.0,0.9987408088235292,0.9989600876103182,0.33921875,2.003478,9.467646,11.471124,3.000111,108.6198,651454.0,326.0,206.0,0.0005001687686029028,10000.0,2000000000.0
torus3d_adaptive_escape,torus3d_transpose,0.7,0.35,224000.0,223725.0,223491.0,0.9987723214285714,0.9989540730807912,0.3492046875,2.004515,9.480641,11.485156,2.999217,111.7982,670440.0,332.0,232.0,0.0004949520850601993,10000.0,2000000000.0
torus3d_adaptive_escape,torus3d_transpose,0.72,0.36,230400.0,230024.0,229787.0,0.9983680555555555,0.9989696727298021,0.3590421875,2.005153,9.495924,11.501077,2.999604,114.9541,689291.0,455.0,311.0,0.0006596631223667842,10000.0,2000000000.0
torus3d_adaptive_escape,torus3d_transpose,0.74,0.37,236800.0,236386.0,236136.0,0.9982516891891892,0.9989424077568045,0.3689625,2.005971,9.513361,11.519332,2.999763,118.1368,708329.0,526.0,366.0,0.0007420417433748792,10000.0,2000000000.0
torus3d_adaptive_escape,torus3d_transpose,0.76,0.38,243200.0,242927.0,242678.0,0.9988774671052632,0.998975000720381,0.379184375,2.006927,9.533209,11.540135,3.000577,121.4266,728066.0,601.0,401.0,0.0008247937672489628,10000.0,2000000000.0
torus3d_adaptive_escape,torus3d_transpose,0.78,0.39,249600.0,249467.0,249207.0,0.9994671474358975,0.9989577779826591,0.3893859375,2.008708,9.552781,11.561489,3.000927,124.7022,747648.0,716.0,463.0,0.0009567536653286369,10000.0,2000000000.0
torus3d_adaptive_escape,torus3d_transpose,0.8,0.4,256000.0,255852.0,255586.0,0.999421875,0.998960336444507,0.399353125,2.010196,9.572512,11.582708,3.001064,127.8982,766762.0,794.0,551.0,0.0010344522093501973,10000.0,2000000000.0
torus3d_adaptive_escape,torus3d_transpose,0.82,0.41,262400.0,262162.0,261894.0,0.9990929878048781,0.9989777313264318,0.409209375,2.011867,9.587933,11.5998,3.000596,131.0402,785508.0,854.0,580.0,0.0010860138206067944,10000.0,2000000000.0
torus3d_adaptive_escape,torus3d_transpose,0.84,0.42,268800.0,268553.0,268272.0,0.9990811011904762,0.9989536516069454,0.419175,2.014116,9.609236,11.623352,3.000716,134.2366,804428.0,1137.0,762.0,0.0014114317280418092,10000.0,2000000000.0
torus3d_adaptive_escape,torus3d_transpose,0.86,0.43,275200.0,274926.0,274645.0,0.9990043604651163,0.9989779067821887,0.4291328125,2.01645,9.628091,11.644541,3.000739,137.4238,823463.0,1223.0,820.0,0.0014829886769024817,10000.0,2000000000.0
torus3d_adaptive_escape,torus3d_transpose,0.88,0.44,281600.0,281283.0,280987.0,0.9988742897727273,0.998947679027883,0.4390421875,2.020545,9.650859,11.671405,3.001214,140.6136,842430.0,1459.0,982.0,0.0017289003648584115,10000.0,2000000000.0
torus3d_adaptive_escape,torus3d_transpose,0.9,0.45,288000.0,287669.0,287367.0,0.9988506944444444,0.9989501823276057,0.4490109375,2.024276,9.67299,11.697265,3.002161,143.8339,861543.0,1774.0,1184.0,0.0020548651306530508,10000.0,2000000000.0
torus3d_adaptive_escape,torus3d_transpose,0.92,0.46,294400.0,294137.0,293830.0,0.9991066576086957,0.998956268677521,0.459109375,2.027444,9.697145,11.724589,3.002634,147.0814,880937.0,1933.0,1317.0,0.0021894503154484806,10000.0,2000000000.0
torus3d_adaptive_escape,torus3d_transpose,0.94,0.47,300800.0,300672.0,300362.0,0.9995744680851064,0.9989689761600681,0.469315625,2.034076,9.719092,11.753168,3.00259,150.3477,900228.0,2240.0,1519.0,0.0024820824671899725,10000.0,2000000000.0
torus3d_adaptive_escape,torus3d_transpose,0.96,0.48,307200.0,306998.0,306681.0,0.9993424479166667,0.998967419983192,0.4791890625,2.037531,9.734672,11.772203,3.002312,153.5007,918854.0,2508.0,1701.0,0.0027220571284685066,10000.0,2000000000.0
torus3d_adaptive_escape,torus3d_transpose,0.98,0.49,313600.0,313230.0,312903.0,0.9988201530612245,0.9989560386936117,0.4889109375,2.046864,9.762076,11.808941,3.002771,156.6313,937381.0,2833.0,1907.0,0.0030131438161950363,10000.0,2000000000.0
torus3d_adaptive_escape,torus3d_transpose,1.0,0.5,320000.0,319601.0,319270.0,0.998753125,0.9989643336535242,0.498859375,2.053118,9.782917,11.836035,3.003063,159.8275,956142.0,3292.0,2189.0,0.003431189638891263,10000.0,2000000000.0
