mode,pattern,injection_rate,vcs_per_vnet,sim_cycles,deadlock,expected_generated,packets_injected,packets_received,injection_acceptance,delivery_ratio,throughput,queueing_latency,network_latency,packet_latency,average_hops,cbs_entry_blocks,cbs_mark_moves,dp_pool_blocks,dp_shared_grants,escape_hops,escape_transitions,sim_ticks
A1_cbs_v3,torus3d_xopposite,0.05,3,10000,0,16000.0,15968.0,15954.0,0.998,0.999123246492986,0.024928125,2.0,7.050771,9.050771,2.0,29.0,20.0,0.0,0.0,0.0,0.0,10000.0
A1_cbs_v3,torus3d_xopposite,0.1,3,10000,0,32000.0,31948.0,31916.0,0.998375,0.998998372355077,0.04986875,2.000031,7.103898,9.103929,2.0,188.0,160.0,0.0,0.0,0.0,0.0,10000.0
A1_cbs_v3,torus3d_xopposite,0.15,3,10000,0,48000.0,47760.0,47718.0,0.995,0.9991206030150753,0.074559375,2.000063,7.165849,9.165912,2.0,747.0,540.0,0.0,0.0,0.0,0.0,10000.0
A1_cbs_v3,torus3d_xopposite,0.2,3,10000,0,64000.0,63806.0,63750.0,0.99696875,0.9991223395918879,0.099609375,2.000204,7.238667,9.238871,2.0,1939.0,1291.0,0.0,0.0,0.0,0.0,10000.0
A1_cbs_v3,torus3d_xopposite,0.25,3,10000,0,80000.0,79713.0,79645.0,0.9964125,0.99914693964598,0.1244453125,2.000979,7.32066,9.32164,2.0,3835.0,2463.0,0.0,0.0,0.0,0.0,10000.0
A1_cbs_v3,torus3d_xopposite,0.3,3,10000,0,96000.0,95810.0,95728.0,0.9980208333333334,0.9991441394426469,0.149575,2.002016,7.418164,9.42018,2.0,6675.0,4458.0,0.0,0.0,0.0,0.0,10000.0
A1_cbs_v3,torus3d_xopposite,0.35,3,10000,0,112000.0,111703.0,111612.0,0.9973482142857143,0.9991853396954424,0.17439375,2.005483,7.545004,9.550487,2.0,11168.0,7009.0,0.0,0.0,0.0,0.0,10000.0
A1_cbs_v3,torus3d_xopposite,0.4,3,10000,0,128000.0,127637.0,127525.0,0.9971640625,0.9991225114974498,0.1992578125,2.014029,7.716785,9.730814,2.0,17833.0,10614.0,0.0,0.0,0.0,0.0,10000.0
A1_cbs_v3,torus3d_xopposite,0.45,3,10000,0,144000.0,143553.0,143430.0,0.9968958333333333,0.9991431736013876,0.224109375,2.033445,7.940201,9.973646,2.0,27256.0,15913.0,0.0,0.0,0.0,0.0,10000.0
A1_cbs_v3,torus3d_xopposite,0.5,3,10000,0,160000.0,159451.0,159309.0,0.99656875,0.9991094442806882,0.2489203125,2.111306,8.329498,10.440804,2.0,43352.0,24148.0,0.0,0.0,0.0,0.0,10000.0
A1_cbs_v3,torus3d_xopposite,0.55,3,10000,0,176000.0,169799.0,169554.0,0.9647670454545455,0.9985571175330832,0.264928125,115.211726,12.166661,127.378387,2.0,115175.0,58718.0,0.0,0.0,0.0,0.0,10000.0
A1_cbs_v3,torus3d_xopposite,0.6,3,10000,0,192000.0,161722.0,161420.0,0.8423020833333333,0.9981325979149405,0.25221875,727.134989,16.898996,744.033986,2.0,185944.0,92904.0,0.0,0.0,0.0,0.0,10000.0
A1_cbs_v3,torus3d_xopposite,0.65,3,10000,0,208000.0,160809.0,160498.0,0.7731201923076924,0.9980660286426755,0.250778125,1101.043483,16.83244,1117.875924,2.0,209142.0,104482.0,0.0,0.0,0.0,0.0,10000.0
A1_cbs_v3,torus3d_xopposite,0.7,3,10000,0,224000.0,160476.0,160175.0,0.7164107142857142,0.9981243301178992,0.2502734375,1396.281717,17.169677,1413.451394,2.0,199739.0,99778.0,0.0,0.0,0.0,0.0,10000.0
A1_cbs_v3,torus3d_xopposite,0.75,3,10000,0,240000.0,170987.0,170690.0,0.7124458333333333,0.99826302584407,0.266703125,1364.225344,16.376413,1380.601758,2.0,174856.0,87545.0,0.0,0.0,0.0,0.0,10000.0
A1_cbs_v3,torus3d_xopposite,0.8,3,10000,0,256000.0,166978.0,166679.0,0.6522578125,0.9982093449436452,0.2604359375,1688.404922,16.619184,1705.024106,2.0,199757.0,99811.0,0.0,0.0,0.0,0.0,10000.0
A1_cbs_v3,torus3d_xopposite,0.85,3,10000,0,272000.0,163616.0,163315.0,0.6015294117647059,0.9981603266184236,0.2551796875,1959.114448,17.096819,1976.211267,2.0,189903.0,94884.0,0.0,0.0,0.0,0.0,10000.0
A1_cbs_v3,torus3d_xopposite,0.9,3,10000,0,288000.0,160311.0,160011.0,0.5566354166666667,0.9981286374609353,0.2500171875,2199.935454,17.772422,2217.707876,2.0,170034.0,84942.0,0.0,0.0,0.0,0.0,10000.0
A1_cbs_v3,torus3d_xopposite,0.95,3,10000,0,304000.0,160263.0,159964.0,0.5271809210526316,0.9981343167168966,0.24994375,2350.42839,17.033376,2367.461766,2.0,209931.0,104931.0,0.0,0.0,0.0,0.0,10000.0
A1_cbs_v3,torus3d_xopposite,1.0,3,10000,0,320000.0,160192.0,159888.0,0.5006,0.9981022772672793,0.249825,2485.509719,14.987992,2500.497711,2.0,319648.0,159840.0,0.0,0.0,0.0,0.0,10000.0
A2_dpcbs_v4_s2,torus3d_xopposite,0.05,4,10000,0,16000.0,15968.0,15954.0,0.998,0.999123246492986,0.024928125,2.0,7.049016,9.049016,2.0,1.0,0.0,0.0,31773.0,0.0,0.0,10000.0
A2_dpcbs_v4_s2,torus3d_xopposite,0.1,4,10000,0,32000.0,31948.0,31916.0,0.998375,0.998998372355077,0.04986875,2.0,7.096347,9.096347,2.0,8.0,2.0,0.0,62742.0,0.0,0.0,10000.0
A2_dpcbs_v4_s2,torus3d_xopposite,0.15,4,10000,0,48000.0,47760.0,47718.0,0.995,0.9991206030150753,0.074559375,2.0,7.144411,9.144411,2.0,28.0,10.0,0.0,91711.0,0.0,0.0,10000.0
A2_dpcbs_v4_s2,torus3d_xopposite,0.2,4,10000,0,64000.0,63806.0,63750.0,0.99696875,0.9991223395918879,0.099609375,2.0,7.194541,9.194541,2.0,83.0,28.0,0.0,119172.0,0.0,0.0,10000.0
A2_dpcbs_v4_s2,torus3d_xopposite,0.25,4,10000,0,80000.0,79713.0,79645.0,0.9964125,0.99914693964598,0.1244453125,2.0,7.245414,9.245414,2.0,199.0,82.0,0.0,144213.0,0.0,0.0,10000.0
A2_dpcbs_v4_s2,torus3d_xopposite,0.3,4,10000,0,96000.0,95810.0,95730.0,0.9980208333333334,0.9991650140903873,0.149578125,2.0,7.299509,9.299509,2.0,450.0,225.0,0.0,167098.0,0.0,0.0,10000.0
A2_dpcbs_v4_s2,torus3d_xopposite,0.35,4,10000,0,112000.0,111703.0,111615.0,0.9973482142857143,0.9992121966285596,0.1743984375,2.0,7.358034,9.358034,2.0,797.0,440.0,0.0,187160.0,0.0,0.0,10000.0
A2_dpcbs_v4_s2,torus3d_xopposite,0.4,4,10000,0,128000.0,127637.0,127531.0,0.9971640625,0.9991695198100864,0.1992671875,2.0,7.426085,9.426085,2.0,1516.0,782.0,0.0,204888.0,0.0,0.0,10000.0
A2_dpcbs_v4_s2,torus3d_xopposite,0.45,4,10000,0,144000.0,143553.0,143440.0,0.9968958333333333,0.9992128342842016,0.224125,2.0,7.499442,9.499442,2.0,2591.0,1338.0,0.0,220710.0,0.0,0.0,10000.0
A2_dpcbs_v4_s2,torus3d_xopposite,0.5,4,10000,0,160000.0,159452.0,159325.0,0.996575,0.999203522063066,0.2489453125,2.000038,7.594301,9.594339,2.0,4140.0,2236.0,0.0,233954.0,0.0,0.0,10000.0
A2_dpcbs_v4_s2,torus3d_xopposite,0.55,4,10000,0,176000.0,175634.0,175493.0,0.9979204545454545,0.9991971941651389,0.2742078125,2.000524,7.727585,9.728109,2.0,7007.0,3411.0,0.0,245400.0,0.0,0.0,10000.0
A2_dpcbs_v4_s2,torus3d_xopposite,0.6,4,10000,0,192000.0,191507.0,191337.0,0.9974322916666667,0.9991123039888882,0.2989640625,2.00207,7.930259,9.932329,2.0,11280.0,5178.0,0.0,254263.0,0.0,0.0,10000.0
A2_dpcbs_v4_s2,torus3d_xopposite,0.65,4,10000,0,208000.0,205110.0,204919.0,0.9861057692307692,0.9990687923553215,0.3201859375,39.922823,8.772588,48.695411,2.0,30567.0,7335.0,0.0,253236.0,0.0,0.0,10000.0
A2_dpcbs_v4_s2,torus3d_xopposite,0.7,4,10000,0,224000.0,187569.0,187173.0,0.8373616071428571,0.9978887769300897,0.2924578125,517.813777,15.997056,533.810833,2.0,198350.0,20695.0,0.0,181395.0,0.0,0.0,10000.0
A2_dpcbs_v4_s2,torus3d_xopposite,0.75,4,10000,0,240000.0,185873.0,185468.0,0.7744708333333333,0.9978210928967628,0.28979375,983.10191,18.267982,1001.369891,2.0,235887.0,21379.0,0.0,183665.0,0.0,0.0,10000.0
A2_dpcbs_v4_s2,torus3d_xopposite,0.8,4,10000,0,256000.0,178357.0,177952.0,0.69670703125,0.9977292733113923,0.27805,1393.607861,18.789837,1412.397697,2.0,241445.0,14979.0,0.0,159856.0,0.0,0.0,10000.0
A2_dpcbs_v4_s2,torus3d_xopposite,0.85,4,10000,0,272000.0,182431.0,182026.0,0.670702205882353,0.997779982568752,0.284415625,1543.816043,18.839918,1562.655961,2.0,250180.0,20407.0,0.0,153414.0,0.0,0.0,10000.0
A2_dpcbs_v4_s2,torus3d_xopposite,0.9,4,10000,0,288000.0,183884.0,183475.0,0.6384861111111111,0.9977757716821475,0.2866796875,1705.927516,18.308979,1724.236495,2.0,285193.0,51252.0,0.0,144272.0,0.0,0.0,10000.0
A2_dpcbs_v4_s2,torus3d_xopposite,0.95,4,10000,0,304000.0,177061.0,176645.0,0.5824375,0.9976505272194328,0.2760078125,1947.166588,18.143712,1965.3103,2.0,343214.0,80841.0,0.0,102581.0,0.0,0.0,10000.0
A2_dpcbs_v4_s2,torus3d_xopposite,1.0,4,10000,0,320000.0,161344.0,160912.0,0.5042,0.9973224910749703,0.251425,2432.898205,17.945312,2450.843517,2.0,474896.0,157696.0,0.0,4032.0,0.0,0.0,10000.0
A3_cbs_v4,torus3d_xopposite,0.05,4,10000,0,16000.0,15968.0,15954.0,0.998,0.999123246492986,0.024928125,2.0,7.049016,9.049016,2.0,1.0,0.0,0.0,0.0,0.0,0.0,10000.0
A3_cbs_v4,torus3d_xopposite,0.1,4,10000,0,32000.0,31948.0,31916.0,0.998375,0.998998372355077,0.04986875,2.0,7.096284,9.096284,2.0,9.0,4.0,0.0,0.0,0.0,0.0,10000.0
A3_cbs_v4,torus3d_xopposite,0.15,4,10000,0,48000.0,47760.0,47718.0,0.995,0.9991206030150753,0.074559375,2.0,7.143719,9.143719,2.0,18.0,37.0,0.0,0.0,0.0,0.0,10000.0
A3_cbs_v4,torus3d_xopposite,0.2,4,10000,0,64000.0,63806.0,63750.0,0.99696875,0.9991223395918879,0.099609375,2.0,7.192769,9.192769,2.0,61.0,103.0,0.0,0.0,0.0,0.0,10000.0
A3_cbs_v4,torus3d_xopposite,0.25,4,10000,0,80000.0,79713.0,79645.0,0.9964125,0.99914693964598,0.1244453125,2.0,7.242476,9.242476,2.0,181.0,228.0,0.0,0.0,0.0,0.0,10000.0
A3_cbs_v4,torus3d_xopposite,0.3,4,10000,0,96000.0,95810.0,95730.0,0.9980208333333334,0.9991650140903873,0.149578125,2.0,7.294495,9.294495,2.0,458.0,526.0,0.0,0.0,0.0,0.0,10000.0
A3_cbs_v4,torus3d_xopposite,0.35,4,10000,0,112000.0,111703.0,111615.0,0.9973482142857143,0.9992121966285596,0.1743984375,2.0,7.350947,9.350947,2.0,835.0,966.0,0.0,0.0,0.0,0.0,10000.0
A3_cbs_v4,torus3d_xopposite,0.4,4,10000,0,128000.0,127637.0,127532.0,0.9971640625,0.9991773545288591,0.19926875,2.0,7.414022,9.414022,2.0,1437.0,1560.0,0.0,0.0,0.0,0.0,10000.0
A3_cbs_v4,torus3d_xopposite,0.45,4,10000,0,144000.0,143553.0,143440.0,0.9968958333333333,0.9992128342842016,0.224125,2.000007,7.476861,9.476868,2.0,2442.0,2610.0,0.0,0.0,0.0,0.0,10000.0
A3_cbs_v4,torus3d_xopposite,0.5,4,10000,0,160000.0,159452.0,159325.0,0.996575,0.999203522063066,0.2489453125,2.000006,7.559241,9.559247,2.0,3827.0,4056.0,0.0,0.0,0.0,0.0,10000.0
A3_cbs_v4,torus3d_xopposite,0.55,4,10000,0,176000.0,175634.0,175494.0,0.9979204545454545,0.9992028878235422,0.274209375,2.000068,7.666923,9.666991,2.0,6438.0,6144.0,0.0,0.0,0.0,0.0,10000.0
A3_cbs_v4,torus3d_xopposite,0.6,4,10000,0,192000.0,191507.0,191344.0,0.9974322916666667,0.999148856177581,0.298975,2.000455,7.816425,9.81688,2.0,10032.0,9137.0,0.0,0.0,0.0,0.0,10000.0
A3_cbs_v4,torus3d_xopposite,0.65,4,10000,0,208000.0,207649.0,207472.0,0.9983125,0.9991476000366002,0.324175,2.00295,8.041741,10.04469,2.0,16641.0,13779.0,0.0,0.0,0.0,0.0,10000.0
A3_cbs_v4,torus3d_xopposite,0.7,4,10000,0,224000.0,223725.0,223527.0,0.9987723214285714,0.9991149849145156,0.3492609375,2.018705,8.432198,10.450903,2.0,30010.0,22105.0,0.0,0.0,0.0,0.0,10000.0
A3_cbs_v4,torus3d_xopposite,0.75,4,10000,0,240000.0,239660.0,239426.0,0.9985833333333334,0.9990236167904532,0.374103125,2.207843,9.303559,11.511402,2.0,64615.0,39259.0,0.0,0.0,0.0,0.0,10000.0
A3_cbs_v4,torus3d_xopposite,0.8,4,10000,0,256000.0,255568.0,255243.0,0.9983125,0.9987283227947161,0.3988171875,11.981426,11.810416,23.791842,2.0,193024.0,76152.0,0.0,0.0,0.0,0.0,10000.0
A3_cbs_v4,torus3d_xopposite,0.85,4,10000,0,272000.0,258205.0,257823.0,0.9492830882352942,0.998520555372669,0.4028484375,242.548442,13.433972,255.982414,2.0,287734.0,90828.0,0.0,0.0,0.0,0.0,10000.0
A3_cbs_v4,torus3d_xopposite,0.9,4,10000,0,288000.0,263136.0,262767.0,0.9136666666666666,0.9985976833272528,0.4105734375,420.293313,13.100542,433.393855,2.0,282935.0,91593.0,0.0,0.0,0.0,0.0,10000.0
A3_cbs_v4,torus3d_xopposite,0.95,4,10000,0,304000.0,258834.0,258463.0,0.8514276315789474,0.9985666488946584,0.4038484375,732.381498,13.434809,745.816306,2.0,290648.0,91827.0,0.0,0.0,0.0,0.0,10000.0
A3_cbs_v4,torus3d_xopposite,1.0,4,10000,0,320000.0,256256.0,255904.0,0.8008,0.9986263736263736,0.39985,991.644593,13.628236,1005.272829,2.0,291008.0,89328.0,0.0,0.0,0.0,0.0,10000.0
A4_dpcbs_v6_s4,torus3d_xopposite,0.05,6,10000,0,16000.0,15968.0,15954.0,0.998,0.999123246492986,0.024928125,2.0,7.048953,9.048953,2.0,0.0,0.0,0.0,31923.0,0.0,0.0,10000.0
A4_dpcbs_v6_s4,torus3d_xopposite,0.1,6,10000,0,32000.0,31948.0,31916.0,0.998375,0.998998372355077,0.04986875,2.0,7.095908,9.095908,2.0,0.0,0.0,0.0,63870.0,0.0,0.0,10000.0
A4_dpcbs_v6_s4,torus3d_xopposite,0.15,6,10000,0,48000.0,47760.0,47718.0,0.995,0.9991206030150753,0.074559375,2.0,7.1433,9.1433,2.0,0.0,0.0,0.0,95484.0,0.0,0.0,10000.0
A4_dpcbs_v6_s4,torus3d_xopposite,0.2,6,10000,0,64000.0,63806.0,63750.0,0.99696875,0.9991223395918879,0.099609375,2.0,7.191373,9.191373,2.0,0.0,0.0,0.0,127559.0,0.0,0.0,10000.0
A4_dpcbs_v6_s4,torus3d_xopposite,0.25,6,10000,0,80000.0,79713.0,79645.0,0.9964125,0.99914693964598,0.1244453125,2.0,7.239212,9.239212,2.0,0.0,0.0,0.0,159354.0,0.0,0.0,10000.0
A4_dpcbs_v6_s4,torus3d_xopposite,0.3,6,10000,0,96000.0,95810.0,95730.0,0.9980208333333334,0.9991650140903873,0.149578125,2.0,7.287705,9.287705,2.0,0.0,0.0,0.0,191493.0,0.0,0.0,10000.0
A4_dpcbs_v6_s4,torus3d_xopposite,0.35,6,10000,0,112000.0,111703.0,111615.0,0.9973482142857143,0.9992121966285596,0.1743984375,2.0,7.340626,9.340626,2.0,0.0,0.0,0.0,223165.0,0.0,0.0,10000.0
A4_dpcbs_v6_s4,torus3d_xopposite,0.4,6,10000,0,128000.0,127637.0,127532.0,0.9971640625,0.9991773545288591,0.19926875,2.0,7.397555,9.397555,2.0,0.0,0.0,0.0,254812.0,0.0,0.0,10000.0
A4_dpcbs_v6_s4,torus3d_xopposite,0.45,6,10000,0,144000.0,143553.0,143440.0,0.9968958333333333,0.9992128342842016,0.224125,2.0,7.450502,9.450502,2.0,0.0,0.0,0.0,286297.0,0.0,0.0,10000.0
A4_dpcbs_v6_s4,torus3d_xopposite,0.5,6,10000,0,160000.0,159452.0,159326.0,0.996575,0.9992097935428844,0.248946875,2.0,7.518151,9.518151,2.0,5.0,0.0,0.0,317436.0,0.0,0.0,10000.0
A4_dpcbs_v6_s4,torus3d_xopposite,0.55,6,10000,0,176000.0,175634.0,175493.0,0.9979204545454545,0.9991971941651389,0.2742078125,2.0,7.598132,9.598132,2.0,22.0,1.0,0.0,348652.0,0.0,0.0,10000.0
A4_dpcbs_v6_s4,torus3d_xopposite,0.6,6,10000,0,192000.0,191507.0,191346.0,0.9974322916666667,0.9991592996600647,0.298978125,2.0,7.693613,9.693613,2.0,34.0,3.0,0.0,378566.0,0.0,0.0,10000.0
A4_dpcbs_v6_s4,torus3d_xopposite,0.65,6,10000,0,208000.0,207649.0,207478.0,0.9983125,0.9991764949506138,0.324184375,2.0,7.823172,9.823172,2.0,142.0,9.0,0.0,407515.0,0.0,0.0,10000.0
A4_dpcbs_v6_s4,torus3d_xopposite,0.7,6,10000,0,224000.0,223725.0,223537.0,0.9987723214285714,0.9991596826461057,0.3492765625,2.0,7.994775,9.994775,2.0,317.0,24.0,0.0,434718.0,0.0,0.0,10000.0
A4_dpcbs_v6_s4,torus3d_xopposite,0.75,6,10000,0,240000.0,239664.0,239443.0,0.9986,0.9990778756926364,0.3741296875,2.0,8.241957,10.241957,2.0,676.0,69.0,0.0,458020.0,0.0,0.0,10000.0
A4_dpcbs_v6_s4,torus3d_xopposite,0.8,6,10000,0,256000.0,255852.0,255611.0,0.999421875,0.9990580491846849,0.3993921875,2.0,8.694728,10.694728,2.0,1702.0,231.0,0.0,474388.0,0.0,0.0,10000.0
A4_dpcbs_v6_s4,torus3d_xopposite,0.85,6,10000,0,272000.0,237670.0,237047.0,0.8737867647058823,0.9973787183910464,0.3703859375,416.66953,18.627272,435.296802,2.0,164449.0,1353.0,0.0,354108.0,0.0,0.0,10000.0
A4_dpcbs_v6_s4,torus3d_xopposite,0.9,6,10000,0,288000.0,218805.0,218153.0,0.7597395833333334,0.9970201777838715,0.3408640625,1093.849477,25.103638,1118.953115,2.0,253979.0,1338.0,0.0,307409.0,0.0,0.0,10000.0
A4_dpcbs_v6_s4,torus3d_xopposite,0.95,6,10000,0,304000.0,216831.0,216187.0,0.7132598684210526,0.9970299449801919,0.3377921875,1358.307114,25.973481,1384.280595,2.0,261353.0,1400.0,0.0,300003.0,0.0,0.0,10000.0
A4_dpcbs_v6_s4,torus3d_xopposite,1.0,6,10000,0,320000.0,214640.0,214016.0,0.67075,0.9970928065598211,0.3344,1609.145952,26.855394,1636.001346,2.0,265471.0,672.0,0.0,302768.0,0.0,0.0,10000.0
B1_esc_v2,torus3d_xopposite,0.05,2,10000,0,16000.0,15967.0,15954.0,0.9979375,0.9991858207553078,0.024928125,2.224332,7.063934,9.288266,2.020434,0.0,0.0,0.0,0.0,1032.0,673.0,10000.0
B1_esc_v2,torus3d_xopposite,0.1,2,10000,0,32000.0,31944.0,31915.0,0.99825,0.9990921612822439,0.0498671875,2.523954,7.124832,9.648786,2.040796,0.0,0.0,0.0,0.0,4385.0,2909.0,10000.0
B1_esc_v2,torus3d_xopposite,0.15,2,10000,0,48000.0,47753.0,47710.0,0.9948541666666667,0.9990995330136326,0.074546875,2.946447,7.193104,10.139551,2.063425,0.0,0.0,0.0,0.0,10263.0,6674.0,10000.0
B1_esc_v2,torus3d_xopposite,0.2,2,10000,0,64000.0,63792.0,63735.0,0.99675,0.9991064710308503,0.0995859375,3.577014,7.266651,10.843665,2.084381,0.0,0.0,0.0,0.0,18907.0,12364.0,10000.0
B1_esc_v2,torus3d_xopposite,0.25,2,10000,0,80000.0,79688.0,79622.0,0.9961,0.9991717699026202,0.124409375,4.622881,7.339065,11.961945,2.105825,0.0,0.0,0.0,0.0,29960.0,19479.0,10000.0
B1_esc_v2,torus3d_xopposite,0.3,2,10000,0,96000.0,95761.0,95687.0,0.9975104166666666,0.9992272428232788,0.1495109375,6.73127,7.411184,14.142454,2.123256,0.0,0.0,0.0,0.0,42575.0,27822.0,10000.0
B1_esc_v2,torus3d_xopposite,0.35,2,10000,0,112000.0,111581.0,111486.0,0.9962589285714286,0.9991486005681971,0.174196875,13.098568,7.498045,20.596613,2.145722,0.0,0.0,0.0,0.0,57208.0,37135.0,10000.0
B1_esc_v2,torus3d_xopposite,0.4,2,10000,0,128000.0,125681.0,125575.0,0.9818828125,0.9991565948711421,0.1962109375,103.251021,7.516767,110.767788,2.157547,0.0,0.0,0.0,0.0,61037.0,38043.0,10000.0
B1_esc_v2,torus3d_xopposite,0.45,2,10000,0,144000.0,127709.0,127596.0,0.8868680555555556,0.9991151759077277,0.19936875,556.06461,7.418407,563.483017,2.157387,0.0,0.0,0.0,0.0,48444.0,27601.0,10000.0
B1_esc_v2,torus3d_xopposite,0.5,2,10000,0,160000.0,127836.0,127725.0,0.798975,0.999131699990613,0.1995703125,992.663825,7.403085,1000.066909,2.149368,0.0,0.0,0.0,0.0,42678.0,23212.0,10000.0
B1_esc_v2,torus3d_xopposite,0.55,2,10000,0,176000.0,127891.0,127769.0,0.7266534090909091,0.9990460626627362,0.1996390625,1358.947836,7.521731,1366.469566,2.191001,0.0,0.0,0.0,0.0,53913.0,29117.0,10000.0
B1_esc_v2,torus3d_xopposite,0.6,2,10000,0,192000.0,127888.0,127766.0,0.6660833333333334,0.9990460402852496,0.199634375,1661.137611,7.466642,1668.604253,2.18476,0.0,0.0,0.0,0.0,49392.0,25352.0,10000.0
B1_esc_v2,torus3d_xopposite,0.65,2,10000,0,208000.0,127853.0,127733.0,0.6146778846153846,0.9990614221019452,0.1995828125,1921.975817,7.320332,1929.296149,2.119828,0.0,0.0,0.0,0.0,34005.0,18045.0,10000.0
B1_esc_v2,torus3d_xopposite,0.7,2,10000,0,224000.0,127824.0,127696.0,0.5706428571428571,0.9989986231067718,0.199525,2144.851139,7.496233,2152.347372,2.196968,0.0,0.0,0.0,0.0,49662.0,23648.0,10000.0
B1_esc_v2,torus3d_xopposite,0.75,2,10000,0,240000.0,127888.0,127771.0,0.5328666666666667,0.9990851369948706,0.1996421875,2336.042662,7.275383,2343.318046,2.103576,0.0,0.0,0.0,0.0,28658.0,14889.0,10000.0
B1_esc_v2,torus3d_xopposite,0.8,2,10000,0,256000.0,127931.0,127814.0,0.49973046875,0.9990854444974244,0.199709375,2500.305287,7.230687,2507.535974,2.090507,0.0,0.0,0.0,0.0,25733.0,13850.0,10000.0
B1_esc_v2,torus3d_xopposite,0.85,2,10000,0,272000.0,127901.0,127785.0,0.47022426470588236,0.9990930485297222,0.1996640625,2647.822366,7.190382,2655.012748,2.073655,0.0,0.0,0.0,0.0,19056.0,9242.0,10000.0
B1_esc_v2,torus3d_xopposite,0.9,2,10000,0,288000.0,127927.0,127811.0,0.4441909722222222,0.9990932328593651,0.1997046875,2776.803436,7.125146,2783.928582,2.047664,0.0,0.0,0.0,0.0,12688.0,6316.0,10000.0
B1_esc_v2,torus3d_xopposite,0.95,2,10000,0,304000.0,127972.0,127852.0,0.42096052631578945,0.9990622948770044,0.19976875,2892.475706,7.122579,2899.598286,2.034775,0.0,0.0,0.0,0.0,10475.0,5899.0,10000.0
B1_esc_v2,torus3d_xopposite,1.0,2,10000,0,320000.0,128000.0,127872.0,0.4,0.999,0.1998,2995.312312,7.110298,3002.42261,2.031594,0.0,0.0,0.0,0.0,6192.0,2137.0,10000.0
B2_dpesc_v3_s2,torus3d_xopposite,0.05,3,10000,0,16000.0,15968.0,15954.0,0.998,0.999123246492986,0.024928125,2.003009,7.030463,9.033471,2.002382,0.0,0.0,0.0,31857.0,104.0,65.0,10000.0
B2_dpesc_v3_s2,torus3d_xopposite,0.1,3,10000,0,32000.0,31948.0,31916.0,0.998375,0.998998372355077,0.04986875,2.010716,7.070247,9.080963,2.009274,0.0,0.0,0.0,63261.0,905.0,588.0,10000.0
B2_dpesc_v3_s2,torus3d_xopposite,0.15,3,10000,0,48000.0,47760.0,47718.0,0.995,0.9991206030150753,0.074559375,2.024896,7.126514,9.15141,2.022004,0.0,0.0,0.0,93101.0,3434.0,2187.0,10000.0
B2_dpesc_v3_s2,torus3d_xopposite,0.2,3,10000,0,64000.0,63805.0,63750.0,0.996953125,0.9991379985894523,0.099609375,2.046698,7.189537,9.236235,2.036016,0.0,0.0,0.0,121551.0,8309.0,5344.0,10000.0
B2_dpesc_v3_s2,torus3d_xopposite,0.25,3,10000,0,80000.0,79712.0,79644.0,0.9964,0.9991469289441991,0.12444375,2.073264,7.273153,9.346417,2.054066,0.0,0.0,0.0,147400.0,16282.0,10311.0,10000.0
B2_dpesc_v3_s2,torus3d_xopposite,0.3,3,10000,0,96000.0,95809.0,95730.0,0.9980104166666667,0.9991754428080869,0.149578125,2.110927,7.376131,9.487057,2.072475,0.0,0.0,0.0,170834.0,27658.0,17467.0,10000.0
B2_dpesc_v3_s2,torus3d_xopposite,0.35,3,10000,0,112000.0,111701.0,111614.0,0.9973303571428571,0.9992211349943152,0.174396875,2.163385,7.510259,9.673643,2.09153,0.0,0.0,0.0,190902.0,42648.0,26821.0,10000.0
B2_dpesc_v3_s2,torus3d_xopposite,0.4,3,10000,0,128000.0,127634.0,127524.0,0.997140625,0.9991381606781892,0.19925625,2.240253,7.688741,9.928994,2.109125,0.0,0.0,0.0,208139.0,60964.0,38185.0,10000.0
B2_dpesc_v3_s2,torus3d_xopposite,0.45,3,10000,0,144000.0,143550.0,143425.0,0.996875,0.9991292232671543,0.2241015625,2.374823,7.95095,10.325773,2.121903,0.0,0.0,0.0,222777.0,81728.0,51208.0,10000.0
B2_dpesc_v3_s2,torus3d_xopposite,0.5,3,10000,0,160000.0,159443.0,159292.0,0.99651875,0.9990529530929548,0.24889375,5.024006,8.56817,13.592177,2.132423,0.0,0.0,0.0,232975.0,106894.0,67076.0,10000.0
B2_dpesc_v3_s2,torus3d_xopposite,0.55,3,10000,0,176000.0,172370.0,172148.0,0.979375,0.9987120728665081,0.26898125,60.967447,10.322409,71.289855,2.152311,0.0,0.0,0.0,230608.0,140162.0,86048.0,10000.0
B2_dpesc_v3_s2,torus3d_xopposite,0.6,3,10000,0,192000.0,153451.0,153182.0,0.7992239583333334,0.9982469974128549,0.239346875,695.935887,14.167148,710.103034,2.236725,0.0,0.0,0.0,185172.0,157745.0,90086.0,10000.0
B2_dpesc_v3_s2,torus3d_xopposite,0.65,3,10000,0,208000.0,152009.0,151748.0,0.7308125,0.9982829964015288,0.23710625,1129.176332,14.306488,1143.48282,2.249005,0.0,0.0,0.0,182201.0,159383.0,85712.0,10000.0
B2_dpesc_v3_s2,torus3d_xopposite,0.7,3,10000,0,224000.0,146423.0,146157.0,0.6536741071428571,0.9981833455126585,0.2283703125,1400.612164,14.981082,1415.593246,2.233954,0.0,0.0,0.0,170397.0,156396.0,88794.0,10000.0
B2_dpesc_v3_s2,torus3d_xopposite,0.75,3,10000,0,240000.0,149498.0,149229.0,0.6229083333333333,0.99820064482468,0.2331703125,1627.141011,14.630018,1641.77103,2.211326,0.0,0.0,0.0,172951.0,157335.0,88897.0,10000.0
B2_dpesc_v3_s2,torus3d_xopposite,0.8,3,10000,0,256000.0,151542.0,151282.0,0.5919609375,0.9982843040213274,0.236378125,1823.12369,14.805595,1837.929284,2.239381,0.0,0.0,0.0,178738.0,160331.0,92242.0,10000.0
B2_dpesc_v3_s2,torus3d_xopposite,0.85,3,10000,0,272000.0,158806.0,158549.0,0.5838455882352941,0.9983816732365276,0.2477328125,1893.230465,13.992721,1907.223187,2.214117,0.0,0.0,0.0,186259.0,165082.0,98042.0,10000.0
B2_dpesc_v3_s2,torus3d_xopposite,0.9,3,10000,0,288000.0,156336.0,156076.0,0.5428333333333333,0.9983369153617849,0.24386875,2111.655168,14.064962,2125.72013,2.215485,0.0,0.0,0.0,185285.0,160794.0,89983.0,10000.0
B2_dpesc_v3_s2,torus3d_xopposite,0.95,3,10000,0,304000.0,150773.0,150517.0,0.4959638157894737,0.998302083264245,0.2351828125,2319.022522,14.872147,2333.89467,2.209757,0.0,0.0,0.0,175232.0,157658.0,87479.0,10000.0
B2_dpesc_v3_s2,torus3d_xopposite,1.0,3,10000,0,320000.0,151007.0,150747.0,0.471896875,0.9982782255127246,0.2355421875,2450.936821,14.558598,2465.495419,2.214731,0.0,0.0,0.0,179514.0,154637.0,84958.0,10000.0
B3_esc_v3,torus3d_xopposite,0.05,3,10000,0,16000.0,15968.0,15954.0,0.998,0.999123246492986,0.024928125,2.003009,7.02432,9.027329,2.0,0.0,0.0,0.0,0.0,0.0,0.0,10000.0
B3_esc_v3,torus3d_xopposite,0.1,3,10000,0,32000.0,31948.0,31916.0,0.998375,0.998998372355077,0.04986875,2.010841,7.051103,9.061944,2.000188,0.0,0.0,0.0,0.0,19.0,13.0,10000.0
B3_esc_v3,torus3d_xopposite,0.15,3,10000,0,48000.0,47760.0,47718.0,0.995,0.9991206030150753,0.074559375,2.024854,7.075485,9.100339,2.000671,0.0,0.0,0.0,0.0,95.0,63.0,10000.0
B3_esc_v3,torus3d_xopposite,0.2,3,10000,0,64000.0,63805.0,63750.0,0.996953125,0.9991379985894523,0.099609375,2.046494,7.101396,9.14789,2.001349,0.0,0.0,0.0,0.0,259.0,171.0,10000.0
B3_esc_v3,torus3d_xopposite,0.25,3,10000,0,80000.0,79712.0,79646.0,0.9964,0.9991720192693697,0.124446875,2.072408,7.125769,9.198177,2.002536,0.0,0.0,0.0,0.0,639.0,431.0,10000.0
B3_esc_v3,torus3d_xopposite,0.3,3,10000,0,96000.0,95809.0,95731.0,0.9980104166666667,0.9991858802408959,0.1495796875,2.107959,7.150839,9.258798,2.004157,0.0,0.0,0.0,0.0,1297.0,876.0,10000.0
B3_esc_v3,torus3d_xopposite,0.35,3,10000,0,112000.0,111701.0,111617.0,0.9973303571428571,0.9992479924083043,0.1744015625,2.154278,7.178226,9.332503,2.007221,0.0,0.0,0.0,0.0,2437.0,1593.0,10000.0
B3_esc_v3,torus3d_xopposite,0.4,3,10000,0,128000.0,127635.0,127531.0,0.9971484375,0.9991851764798056,0.1992671875,2.215979,7.202578,9.418557,2.009488,0.0,0.0,0.0,0.0,3886.0,2585.0,10000.0
B3_esc_v3,torus3d_xopposite,0.45,3,10000,0,144000.0,143549.0,143438.0,0.9968680555555556,0.9992267448745724,0.224121875,2.300555,7.228336,9.528891,2.013553,0.0,0.0,0.0,0.0,6089.0,4002.0,10000.0
B3_esc_v3,torus3d_xopposite,0.5,3,10000,0,160000.0,159449.0,159320.0,0.99655625,0.9991909638818682,0.2489375,2.416985,7.253107,9.670092,2.016821,0.0,0.0,0.0,0.0,8795.0,5870.0,10000.0
B3_esc_v3,torus3d_xopposite,0.55,3,10000,0,176000.0,175629.0,175489.0,0.9978920454545455,0.9992028651304738,0.2742015625,2.586236,7.284553,9.87079,2.021187,0.0,0.0,0.0,0.0,12234.0,8132.0,10000.0
B3_esc_v3,torus3d_xopposite,0.6,3,10000,0,192000.0,191492.0,191331.0,0.9973541666666667,0.999159233806112,0.2989546875,2.865871,7.311173,10.177044,2.024596,0.0,0.0,0.0,0.0,16139.0,10837.0,10000.0
B3_esc_v3,torus3d_xopposite,0.65,3,10000,0,208000.0,207630.0,207457.0,0.9982211538461538,0.999166787073159,0.3241515625,3.37496,7.349942,10.724902,2.029876,0.0,0.0,0.0,0.0,20873.0,13791.0,10000.0
B3_esc_v3,torus3d_xopposite,0.7,3,10000,0,224000.0,223664.0,223477.0,0.9985,0.9991639244581157,0.3491828125,4.536453,7.382876,11.91933,2.0322,0.0,0.0,0.0,0.0,24883.0,16466.0,10000.0
B3_esc_v3,torus3d_xopposite,0.75,3,10000,0,240000.0,239492.0,239290.0,0.9978833333333333,0.9991565480266564,0.373890625,9.237933,7.407911,16.645844,2.032304,0.0,0.0,0.0,0.0,26314.0,17108.0,10000.0
B3_esc_v3,torus3d_xopposite,0.8,3,10000,0,256000.0,253395.0,253180.0,0.98982421875,0.999151522326802,0.39559375,68.573683,7.383589,75.957272,2.008105,0.0,0.0,0.0,0.0,7948.0,5502.0,10000.0
B3_esc_v3,torus3d_xopposite,0.85,3,10000,0,272000.0,255542.0,255333.0,0.9394926470588235,0.9991821305304021,0.3989578125,305.867679,7.389292,313.25697,2.000971,0.0,0.0,0.0,0.0,851.0,549.0,10000.0
B3_esc_v3,torus3d_xopposite,0.9,3,10000,0,288000.0,255618.0,255408.0,0.8875625,0.9991784616106847,0.399075,563.235494,7.360329,570.595823,2.00119,0.0,0.0,0.0,0.0,1037.0,672.0,10000.0
B3_esc_v3,torus3d_xopposite,0.95,3,10000,0,304000.0,255694.0,255470.0,0.8410986842105264,0.9991239528498909,0.399171875,797.647485,7.387208,805.034693,2.000736,0.0,0.0,0.0,0.0,686.0,455.0,10000.0
B3_esc_v3,torus3d_xopposite,1.0,3,10000,0,320000.0,255980.0,255734.0,0.7999375,0.9990389874208923,0.399584375,996.655591,7.281382,1003.936974,2.000016,0.0,0.0,0.0,0.0,15.0,10.0,10000.0
B4_dpesc_v5_s4,torus3d_xopposite,0.05,5,10000,0,16000.0,15968.0,15954.0,0.998,0.999123246492986,0.024928125,2.0,7.025574,9.025574,2.0,0.0,0.0,0.0,31923.0,0.0,0.0,10000.0
B4_dpesc_v5_s4,torus3d_xopposite,0.1,5,10000,0,32000.0,31948.0,31916.0,0.998375,0.998998372355077,0.04986875,2.0,7.051166,9.051166,2.0,0.0,0.0,0.0,63870.0,0.0,0.0,10000.0
B4_dpesc_v5_s4,torus3d_xopposite,0.15,5,10000,0,48000.0,47760.0,47718.0,0.995,0.9991206030150753,0.074559375,2.0,7.076743,9.076743,2.0,0.0,0.0,0.0,95486.0,0.0,0.0,10000.0
B4_dpesc_v5_s4,torus3d_xopposite,0.2,5,10000,0,64000.0,63806.0,63750.0,0.99696875,0.9991223395918879,0.099609375,2.0,7.107467,9.107467,2.000063,0.0,0.0,0.0,127559.0,10.0,6.0,10000.0
B4_dpesc_v5_s4,torus3d_xopposite,0.25,5,10000,0,80000.0,79713.0,79646.0,0.9964125,0.9991594846511861,0.124446875,2.0,7.132411,9.132411,2.0001,0.0,0.0,0.0,159350.0,31.0,23.0,10000.0
B4_dpesc_v5_s4,torus3d_xopposite,0.3,5,10000,0,96000.0,95810.0,95731.0,0.9980208333333334,0.9991754514142573,0.1495796875,2.0,7.162497,9.162497,2.000397,0.0,0.0,0.0,191474.0,118.0,79.0,10000.0
B4_dpesc_v5_s4,torus3d_xopposite,0.35,5,10000,0,112000.0,111703.0,111617.0,0.9973482142857143,0.9992301012506378,0.1744015625,2.0,7.189398,9.189398,2.000968,0.0,0.0,0.0,223146.0,294.0,182.0,10000.0
B4_dpesc_v5_s4,torus3d_xopposite,0.4,5,10000,0,128000.0,127637.0,127534.0,0.9971640625,0.9991930239664047,0.199271875,2.0,7.217009,9.217009,2.001239,0.0,0.0,0.0,254761.0,591.0,418.0,10000.0
B4_dpesc_v5_s4,torus3d_xopposite,0.45,5,10000,0,144000.0,143553.0,143441.0,0.9968958333333333,0.999219800352483,0.2241265625,2.0,7.248743,9.248743,2.002747,0.0,0.0,0.0,286143.0,1267.0,852.0,10000.0
B4_dpesc_v5_s4,torus3d_xopposite,0.5,5,10000,0,160000.0,159452.0,159327.0,0.996575,0.9992160650227028,0.2489484375,2.0,7.28021,9.28021,2.005235,0.0,0.0,0.0,316973.0,2666.0,1778.0,10000.0
B4_dpesc_v5_s4,torus3d_xopposite,0.55,5,10000,0,176000.0,175634.0,175495.0,0.9979204545454545,0.9992085814819454,0.2742109375,2.0,7.315622,9.315622,2.007385,0.0,0.0,0.0,347861.0,4592.0,3165.0,10000.0
B4_dpesc_v5_s4,torus3d_xopposite,0.6,5,10000,0,192000.0,191507.0,191350.0,0.9974322916666667,0.9991801866250319,0.298984375,2.0,7.354487,9.354487,2.011152,0.0,0.0,0.0,377288.0,7747.0,5342.0,10000.0
B4_dpesc_v5_s4,torus3d_xopposite,0.65,5,10000,0,208000.0,207649.0,207483.0,0.9983125,0.9992005740456251,0.3241921875,2.0,7.401961,9.401961,2.017274,0.0,0.0,0.0,406134.0,12629.0,8575.0,10000.0
B4_dpesc_v5_s4,torus3d_xopposite,0.7,5,10000,0,224000.0,223725.0,223546.0,0.9987723214285714,0.9991999106045368,0.349290625,2.0,7.454716,9.454716,2.022411,0.0,0.0,0.0,433155.0,19178.0,13128.0,10000.0
B4_dpesc_v5_s4,torus3d_xopposite,0.75,5,10000,0,240000.0,239664.0,239465.0,0.9986,0.9991696708725549,0.3741640625,2.0,7.520986,9.520986,2.030142,0.0,0.0,0.0,458235.0,28173.0,19115.0,10000.0
B4_dpesc_v5_s4,torus3d_xopposite,0.8,5,10000,0,256000.0,255852.0,255638.0,0.999421875,0.999163578944077,0.399434375,2.0,7.613942,9.613942,2.040096,0.0,0.0,0.0,481226.0,40576.0,26953.0,10000.0
B4_dpesc_v5_s4,torus3d_xopposite,0.85,5,10000,0,272000.0,271674.0,271443.0,0.9988014705882353,0.9991497162039797,0.4241296875,2.000007,7.726477,9.726484,2.048894,0.0,0.0,0.0,500765.0,55692.0,36888.0,10000.0
B4_dpesc_v5_s4,torus3d_xopposite,0.9,5,10000,0,288000.0,287669.0,287421.0,0.9988506944444444,0.9991378980703517,0.4490953125,2.000118,7.896845,9.896963,2.058228,0.0,0.0,0.0,517751.0,74153.0,48689.0,10000.0
B4_dpesc_v5_s4,torus3d_xopposite,0.95,5,10000,0,304000.0,303804.0,303518.0,0.9993552631578947,0.9990586035733565,0.474246875,2.015531,8.209483,10.225015,2.064036,0.0,0.0,0.0,530966.0,95861.0,62482.0,10000.0
B4_dpesc_v5_s4,torus3d_xopposite,1.0,5,10000,0,320000.0,310231.0,309790.0,0.969471875,0.9985784786175462,0.484046875,135.791827,11.306679,147.098505,2.01206,0.0,0.0,0.0,475168.0,148582.0,113794.0,10000.0
B5_esc_v4,torus3d_xopposite,0.05,4,10000,0,16000.0,15968.0,15954.0,0.998,0.999123246492986,0.024928125,2.0,7.025574,9.025574,2.0,0.0,0.0,0.0,0.0,0.0,0.0,10000.0
B5_esc_v4,torus3d_xopposite,0.1,4,10000,0,32000.0,31948.0,31916.0,0.998375,0.998998372355077,0.04986875,2.0,7.051166,9.051166,2.0,0.0,0.0,0.0,0.0,0.0,0.0,10000.0
B5_esc_v4,torus3d_xopposite,0.15,4,10000,0,48000.0,47760.0,47718.0,0.995,0.9991206030150753,0.074559375,2.0,7.076743,9.076743,2.0,0.0,0.0,0.0,0.0,0.0,0.0,10000.0
B5_esc_v4,torus3d_xopposite,0.2,4,10000,0,64000.0,63806.0,63750.0,0.99696875,0.9991223395918879,0.099609375,2.0,7.106886,9.106886,2.0,0.0,0.0,0.0,0.0,0.0,0.0,10000.0
B5_esc_v4,torus3d_xopposite,0.25,4,10000,0,80000.0,79713.0,79646.0,0.9964125,0.9991594846511861,0.124446875,2.0,7.132737,9.132737,2.0,0.0,0.0,0.0,0.0,0.0,0.0,10000.0
B5_esc_v4,torus3d_xopposite,0.3,4,10000,0,96000.0,95810.0,95731.0,0.9980208333333334,0.9991754514142573,0.1495796875,2.000031,7.159656,9.159687,2.0,0.0,0.0,0.0,0.0,0.0,0.0,10000.0
B5_esc_v4,torus3d_xopposite,0.35,4,10000,0,112000.0,111703.0,111617.0,0.9973482142857143,0.9992301012506378,0.1744015625,2.000045,7.18886,9.188905,2.000036,0.0,0.0,0.0,0.0,9.0,5.0,10000.0
B5_esc_v4,torus3d_xopposite,0.4,4,10000,0,128000.0,127637.0,127533.0,0.9971640625,0.999185189247632,0.1992703125,2.000039,7.215372,9.215411,2.0,0.0,0.0,0.0,0.0,4.0,4.0,10000.0
B5_esc_v4,torus3d_xopposite,0.45,4,10000,0,144000.0,143553.0,143441.0,0.9968958333333333,0.999219800352483,0.2241265625,2.000112,7.240134,9.240245,2.00007,0.0,0.0,0.0,0.0,37.0,27.0,10000.0
B5_esc_v4,torus3d_xopposite,0.5,4,10000,0,160000.0,159452.0,159326.0,0.996575,0.9992097935428844,0.248946875,2.000176,7.266981,9.267157,2.000113,0.0,0.0,0.0,0.0,64.0,46.0,10000.0
B5_esc_v4,torus3d_xopposite,0.55,4,10000,0,176000.0,175634.0,175496.0,0.9979204545454545,0.9992142751403487,0.2742125,2.000427,7.292588,9.293015,2.000217,0.0,0.0,0.0,0.0,137.0,99.0,10000.0
B5_esc_v4,torus3d_xopposite,0.6,4,10000,0,192000.0,191507.0,191353.0,0.9974322916666667,0.9991958518487575,0.2989890625,2.000528,7.320329,9.320857,2.000502,0.0,0.0,0.0,0.0,311.0,213.0,10000.0
B5_esc_v4,torus3d_xopposite,0.65,4,10000,0,208000.0,207649.0,207487.0,0.9983125,0.9992198373216341,0.3241984375,2.000853,7.347496,9.34835,2.000925,0.0,0.0,0.0,0.0,608.0,413.0,10000.0
B5_esc_v4,torus3d_xopposite,0.7,4,10000,0,224000.0,223725.0,223547.0,0.9987723214285714,0.9992043803776959,0.3492921875,2.001114,7.372691,9.373805,2.001083,0.0,0.0,0.0,0.0,939.0,694.0,10000.0
B5_esc_v4,torus3d_xopposite,0.75,4,10000,0,240000.0,239664.0,239471.0,0.9986,0.9991947059216236,0.3741734375,2.001391,7.40245,9.40384,2.001553,0.0,0.0,0.0,0.0,1481.0,1102.0,10000.0
B5_esc_v4,torus3d_xopposite,0.8,4,10000,0,256000.0,255852.0,255647.0,0.999421875,0.999198755530541,0.3994484375,2.001971,7.429651,9.431623,2.002214,0.0,0.0,0.0,0.0,2251.0,1668.0,10000.0
B5_esc_v4,torus3d_xopposite,0.85,4,10000,0,272000.0,271674.0,271455.0,0.9988014705882353,0.999193886790786,0.4241484375,2.002549,7.46523,9.467779,2.003544,0.0,0.0,0.0,0.0,3493.0,2492.0,10000.0
B5_esc_v4,torus3d_xopposite,0.9,4,10000,0,288000.0,287669.0,287435.0,0.9988506944444444,0.9991865651147673,0.4491171875,2.003058,7.494167,9.497225,2.003778,0.0,0.0,0.0,0.0,4402.0,3214.0,10000.0
B5_esc_v4,torus3d_xopposite,0.95,4,10000,0,304000.0,303819.0,303571.0,0.9994046052631579,0.9991837245201913,0.4743296875,2.00305,7.53542,9.53847,2.00417,0.0,0.0,0.0,0.0,5099.0,3696.0,10000.0
B5_esc_v4,torus3d_xopposite,1.0,4,10000,0,320000.0,319602.0,319346.0,0.99875625,0.9991990037609276,0.498978125,2.000445,7.510556,9.511001,2.000388,0.0,0.0,0.0,0.0,553.0,409.0,10000.0
B6_dpesc_v7_s6,torus3d_xopposite,0.05,7,10000,0,16000.0,15968.0,15954.0,0.998,0.999123246492986,0.024928125,2.0,7.025574,9.025574,2.0,0.0,0.0,0.0,31923.0,0.0,0.0,10000.0
B6_dpesc_v7_s6,torus3d_xopposite,0.1,7,10000,0,32000.0,31948.0,31916.0,0.998375,0.998998372355077,0.04986875,2.0,7.051166,9.051166,2.0,0.0,0.0,0.0,63870.0,0.0,0.0,10000.0
B6_dpesc_v7_s6,torus3d_xopposite,0.15,7,10000,0,48000.0,47760.0,47718.0,0.995,0.9991206030150753,0.074559375,2.0,7.076743,9.076743,2.0,0.0,0.0,0.0,95486.0,0.0,0.0,10000.0
B6_dpesc_v7_s6,torus3d_xopposite,0.2,7,10000,0,64000.0,63806.0,63750.0,0.99696875,0.9991223395918879,0.099609375,2.0,7.106886,9.106886,2.0,0.0,0.0,0.0,127565.0,0.0,0.0,10000.0
B6_dpesc_v7_s6,torus3d_xopposite,0.25,7,10000,0,80000.0,79713.0,79646.0,0.9964125,0.9991594846511861,0.124446875,2.0,7.132737,9.132737,2.0,0.0,0.0,0.0,159373.0,0.0,0.0,10000.0
B6_dpesc_v7_s6,torus3d_xopposite,0.3,7,10000,0,96000.0,95810.0,95731.0,0.9980208333333334,0.9991754514142573,0.1495796875,2.0,7.160011,9.160011,2.0,0.0,0.0,0.0,191554.0,0.0,0.0,10000.0
B6_dpesc_v7_s6,torus3d_xopposite,0.35,7,10000,0,112000.0,111703.0,111617.0,0.9973482142857143,0.9992301012506378,0.1744015625,2.0,7.188278,9.188278,2.0,0.0,0.0,0.0,223331.0,0.0,0.0,10000.0
B6_dpesc_v7_s6,torus3d_xopposite,0.4,7,10000,0,128000.0,127637.0,127534.0,0.9971640625,0.9991930239664047,0.199271875,2.0,7.214351,9.214351,2.0,0.0,0.0,0.0,255194.0,0.0,0.0,10000.0
B6_dpesc_v7_s6,torus3d_xopposite,0.45,7,10000,0,144000.0,143553.0,143440.0,0.9968958333333333,0.9992128342842016,0.224125,2.0,7.241125,9.241125,2.0,0.0,0.0,0.0,287016.0,0.0,0.0,10000.0
B6_dpesc_v7_s6,torus3d_xopposite,0.5,7,10000,0,160000.0,159452.0,159326.0,0.996575,0.9992097935428844,0.248946875,2.0,7.267646,9.267646,2.0,0.0,0.0,0.0,318802.0,0.0,0.0,10000.0
B6_dpesc_v7_s6,torus3d_xopposite,0.55,7,10000,0,176000.0,175634.0,175496.0,0.9979204545454545,0.9992142751403487,0.2742125,2.0,7.292263,9.292263,2.0,0.0,0.0,0.0,351158.0,0.0,0.0,10000.0
B6_dpesc_v7_s6,torus3d_xopposite,0.6,7,10000,0,192000.0,191507.0,191354.0,0.9974322916666667,0.9992010735899993,0.298990625,2.0,7.31864,9.31864,2.0,0.0,0.0,0.0,382897.0,0.0,0.0,10000.0
B6_dpesc_v7_s6,torus3d_xopposite,0.65,7,10000,0,208000.0,207649.0,207486.0,0.9983125,0.9992150215026319,0.324196875,2.0,7.346153,9.346153,2.0,0.0,0.0,0.0,415175.0,1.0,1.0,10000.0
B6_dpesc_v7_s6,torus3d_xopposite,0.7,7,10000,0,224000.0,223725.0,223543.0,0.9987723214285714,0.9991865012850598,0.3492859375,2.0,7.3686,9.3686,2.0,0.0,0.0,0.0,447319.0,0.0,0.0,10000.0
B6_dpesc_v7_s6,torus3d_xopposite,0.75,7,10000,0,240000.0,239664.0,239468.0,0.9986,0.9991821883970893,0.37416875,2.0,7.39617,9.39617,2.000017,0.0,0.0,0.0,479177.0,12.0,8.0,10000.0
B6_dpesc_v7_s6,torus3d_xopposite,0.8,7,10000,0,256000.0,255852.0,255644.0,0.999421875,0.9991870300017197,0.39944375,2.0,7.423519,9.423519,2.000008,0.0,0.0,0.0,511539.0,12.0,10.0,10000.0
B6_dpesc_v7_s6,torus3d_xopposite,0.85,7,10000,0,272000.0,271674.0,271457.0,0.9988014705882353,0.9992012485552537,0.4241515625,2.0,7.453203,9.453203,2.000066,0.0,0.0,0.0,543152.0,50.0,32.0,10000.0
B6_dpesc_v7_s6,torus3d_xopposite,0.9,7,10000,0,288000.0,287669.0,287434.0,0.9988506944444444,0.9991830888973091,0.449115625,2.0,7.483328,9.483328,2.000035,0.0,0.0,0.0,575113.0,56.0,46.0,10000.0
B6_dpesc_v7_s6,torus3d_xopposite,0.95,7,10000,0,304000.0,303819.0,303573.0,0.9994046052631579,0.9991903073869639,0.4743328125,2.0,7.520995,9.520995,2.000072,0.0,0.0,0.0,607325.0,145.0,123.0,10000.0
B6_dpesc_v7_s6,torus3d_xopposite,1.0,7,10000,0,320000.0,319602.0,319347.0,0.99875625,0.9992021326524866,0.4989796875,2.0,7.511012,9.511012,2.000019,0.0,0.0,0.0,638987.0,32.0,26.0,10000.0
A1_cbs_v3,torus3d_tornado,0.05,3,10000,0,16000.0,15968.0,15949.0,0.998,0.998810120240481,0.0249203125,2.0,9.0,11.0,3.0,0.0,0.0,0.0,0.0,0.0,0.0,10000.0
A1_cbs_v3,torus3d_tornado,0.1,3,10000,0,32000.0,31948.0,31904.0,0.998375,0.9986227619882309,0.04985,2.0,9.0,11.0,3.0,0.0,0.0,0.0,0.0,0.0,0.0,10000.0
A1_cbs_v3,torus3d_tornado,0.15,3,10000,0,48000.0,47760.0,47701.0,0.995,0.9987646566164154,0.0745328125,2.0,9.0,11.0,3.0,0.0,0.0,0.0,0.0,0.0,0.0,10000.0
A1_cbs_v3,torus3d_tornado,0.2,3,10000,0,64000.0,63806.0,63730.0,0.99696875,0.9988088894461336,0.099578125,2.0,9.0,11.0,3.0,0.0,0.0,0.0,0.0,0.0,0.0,10000.0
A1_cbs_v3,torus3d_tornado,0.25,3,10000,0,80000.0,79713.0,79623.0,0.9964125,0.9988709495314441,0.1244109375,2.0,9.0,11.0,3.0,0.0,0.0,0.0,0.0,0.0,0.0,10000.0
A1_cbs_v3,torus3d_tornado,0.3,3,10000,0,96000.0,95810.0,95708.0,0.9980208333333334,0.9989353929652437,0.14954375,2.0,9.0,11.0,3.0,0.0,0.0,0.0,0.0,0.0,0.0,10000.0
A1_cbs_v3,torus3d_tornado,0.35,3,10000,0,112000.0,111703.0,111591.0,0.9973482142857143,0.9989973411636214,0.1743609375,2.0,9.0,11.0,3.0,0.0,0.0,0.0,0.0,0.0,0.0,10000.0
A1_cbs_v3,torus3d_tornado,0.4,3,10000,0,128000.0,127637.0,127504.0,0.9971640625,0.9989579824032216,0.199225,2.0,9.0,11.0,3.0,0.0,0.0,0.0,0.0,0.0,0.0,10000.0
A1_cbs_v3,torus3d_tornado,0.45,3,10000,0,144000.0,143553.0,143408.0,0.9968958333333333,0.9989899200991968,0.224075,2.0,9.0,11.0,3.0,0.0,0.0,0.0,0.0,0.0,0.0,10000.0
A1_cbs_v3,torus3d_tornado,0.5,3,10000,0,160000.0,159452.0,159293.0,0.996575,0.9990028347088779,0.2488953125,2.0,9.0,11.0,3.0,0.0,0.0,0.0,0.0,0.0,0.0,10000.0
A1_cbs_v3,torus3d_tornado,0.55,3,10000,0,176000.0,175634.0,175458.0,0.9979204545454545,0.9989979161210244,0.274153125,2.0,9.0,11.0,3.0,0.0,0.0,0.0,0.0,0.0,0.0,10000.0
A1_cbs_v3,torus3d_tornado,0.6,3,10000,0,192000.0,191507.0,191314.0,0.9974322916666667,0.998992203940326,0.298928125,2.0,9.0,11.0,3.0,0.0,0.0,0.0,0.0,0.0,0.0,10000.0
A1_cbs_v3,torus3d_tornado,0.65,3,10000,0,208000.0,207649.0,207445.0,0.9983125,0.9990175729235392,0.3241328125,2.0,9.0,11.0,3.0,0.0,0.0,0.0,0.0,0.0,0.0,10000.0
A1_cbs_v3,torus3d_tornado,0.7,3,10000,0,224000.0,223725.0,223498.0,0.9987723214285714,0.9989853614929043,0.349215625,2.0,9.0,11.0,3.0,0.0,0.0,0.0,0.0,0.0,0.0,10000.0
A1_cbs_v3,torus3d_tornado,0.75,3,10000,0,240000.0,239664.0,239418.0,0.9986,0.9989735629881834,0.374090625,2.0,9.0,11.0,3.0,0.0,0.0,0.0,0.0,0.0,0.0,10000.0
A1_cbs_v3,torus3d_tornado,0.8,3,10000,0,256000.0,255852.0,255590.0,0.999421875,0.9989759704829354,0.399359375,2.0,9.0,11.0,3.0,0.0,0.0,0.0,0.0,0.0,0.0,10000.0
A1_cbs_v3,torus3d_tornado,0.85,3,10000,0,272000.0,271674.0,271399.0,0.9988014705882353,0.9989877573856902,0.4240609375,2.0,9.0,11.0,3.0,0.0,0.0,0.0,0.0,0.0,0.0,10000.0
A1_cbs_v3,torus3d_tornado,0.9,3,10000,0,288000.0,287669.0,287377.0,0.9988506944444444,0.9989849445021883,0.4490265625,2.0,9.0,11.0,3.0,0.0,0.0,0.0,0.0,0.0,0.0,10000.0
A1_cbs_v3,torus3d_tornado,0.95,3,10000,0,304000.0,303819.0,303512.0,0.9994046052631579,0.9989895299503981,0.4742375,2.0,9.0,11.0,3.0,0.0,0.0,0.0,0.0,0.0,0.0,10000.0
A1_cbs_v3,torus3d_tornado,1.0,3,10000,0,320000.0,319602.0,319283.0,0.99875625,0.9990018835927185,0.4988796875,2.0,9.0,11.0,3.0,0.0,0.0,0.0,0.0,0.0,0.0,10000.0
A2_dpcbs_v4_s2,torus3d_tornado,0.05,4,10000,0,16000.0,15968.0,15949.0,0.998,0.998810120240481,0.0249203125,2.0,9.0,11.0,3.0,0.0,0.0,0.0,47880.0,0.0,0.0,10000.0
A2_dpcbs_v4_s2,torus3d_tornado,0.1,4,10000,0,32000.0,31948.0,31904.0,0.998375,0.9986227619882309,0.04985,2.0,9.0,11.0,3.0,0.0,0.0,0.0,95794.0,0.0,0.0,10000.0
A2_dpcbs_v4_s2,torus3d_tornado,0.15,4,10000,0,48000.0,47760.0,47701.0,0.995,0.9987646566164154,0.0745328125,2.0,9.0,11.0,3.0,0.0,0.0,0.0,143215.0,0.0,0.0,10000.0
A2_dpcbs_v4_s2,torus3d_tornado,0.2,4,10000,0,64000.0,63806.0,63730.0,0.99696875,0.9988088894461336,0.099578125,2.0,9.0,11.0,3.0,0.0,0.0,0.0,191328.0,0.0,0.0,10000.0
A2_dpcbs_v4_s2,torus3d_tornado,0.25,4,10000,0,80000.0,79713.0,79623.0,0.9964125,0.9988709495314441,0.1244109375,2.0,9.0,11.0,3.0,0.0,0.0,0.0,239035.0,0.0,0.0,10000.0
A2_dpcbs_v4_s2,torus3d_tornado,0.3,4,10000,0,96000.0,95810.0,95708.0,0.9980208333333334,0.9989353929652437,0.14954375,2.0,9.0,11.0,3.0,0.0,0.0,0.0,287305.0,0.0,0.0,10000.0
A2_dpcbs_v4_s2,torus3d_tornado,0.35,4,10000,0,112000.0,111703.0,111591.0,0.9973482142857143,0.9989973411636214,0.1743609375,2.0,9.0,11.0,3.0,0.0,0.0,0.0,334969.0,0.0,0.0,10000.0
A2_dpcbs_v4_s2,torus3d_tornado,0.4,4,10000,0,128000.0,127637.0,127504.0,0.9971640625,0.9989579824032216,0.199225,2.0,9.0,11.0,3.0,0.0,0.0,0.0,382756.0,0.0,0.0,10000.0
A2_dpcbs_v4_s2,torus3d_tornado,0.45,4,10000,0,144000.0,143553.0,143408.0,0.9968958333333333,0.9989899200991968,0.224075,2.0,9.0,11.0,3.0,0.0,0.0,0.0,430486.0,0.0,0.0,10000.0
A2_dpcbs_v4_s2,torus3d_tornado,0.5,4,10000,0,160000.0,159452.0,159293.0,0.996575,0.9990028347088779,0.2488953125,2.0,9.0,11.0,3.0,0.0,0.0,0.0,478164.0,0.0,0.0,10000.0
A2_dpcbs_v4_s2,torus3d_tornado,0.55,4,10000,0,176000.0,175634.0,175458.0,0.9979204545454545,0.9989979161210244,0.274153125,2.0,9.0,11.0,3.0,0.0,0.0,0.0,526689.0,0.0,0.0,10000.0
A2_dpcbs_v4_s2,torus3d_tornado,0.6,4,10000,0,192000.0,191507.0,191314.0,0.9974322916666667,0.998992203940326,0.298928125,2.0,9.0,11.0,3.0,0.0,0.0,0.0,574293.0,0.0,0.0,10000.0
A2_dpcbs_v4_s2,torus3d_tornado,0.65,4,10000,0,208000.0,207649.0,207445.0,0.9983125,0.9990175729235392,0.3241328125,2.0,9.0,11.0,3.0,0.0,0.0,0.0,622709.0,0.0,0.0,10000.0
A2_dpcbs_v4_s2,torus3d_tornado,0.7,4,10000,0,224000.0,223725.0,223498.0,0.9987723214285714,0.9989853614929043,0.349215625,2.0,9.0,11.0,3.0,0.0,0.0,0.0,670916.0,0.0,0.0,10000.0
A2_dpcbs_v4_s2,torus3d_tornado,0.75,4,10000,0,240000.0,239664.0,239418.0,0.9986,0.9989735629881834,0.374090625,2.0,9.0,11.0,3.0,0.0,0.0,0.0,718710.0,0.0,0.0,10000.0
A2_dpcbs_v4_s2,torus3d_tornado,0.8,4,10000,0,256000.0,255852.0,255590.0,0.999421875,0.9989759704829354,0.399359375,2.0,9.0,11.0,3.0,0.0,0.0,0.0,767250.0,0.0,0.0,10000.0
A2_dpcbs_v4_s2,torus3d_tornado,0.85,4,10000,0,272000.0,271674.0,271399.0,0.9988014705882353,0.9989877573856902,0.4240609375,2.0,9.0,11.0,3.0,0.0,0.0,0.0,814699.0,0.0,0.0,10000.0
A2_dpcbs_v4_s2,torus3d_tornado,0.9,4,10000,0,288000.0,287669.0,287377.0,0.9988506944444444,0.9989849445021883,0.4490265625,2.0,9.0,11.0,3.0,0.0,0.0,0.0,862662.0,0.0,0.0,10000.0
A2_dpcbs_v4_s2,torus3d_tornado,0.95,4,10000,0,304000.0,303819.0,303512.0,0.9994046052631579,0.9989895299503981,0.4742375,2.0,9.0,11.0,3.0,0.0,0.0,0.0,911087.0,0.0,0.0,10000.0
A2_dpcbs_v4_s2,torus3d_tornado,1.0,4,10000,0,320000.0,319602.0,319283.0,0.99875625,0.9990018835927185,0.4988796875,2.0,9.0,11.0,3.0,0.0,0.0,0.0,958425.0,0.0,0.0,10000.0
A3_cbs_v4,torus3d_tornado,0.05,4,10000,0,16000.0,15968.0,15949.0,0.998,0.998810120240481,0.0249203125,2.0,9.0,11.0,3.0,0.0,0.0,0.0,0.0,0.0,0.0,10000.0
A3_cbs_v4,torus3d_tornado,0.1,4,10000,0,32000.0,31948.0,31904.0,0.998375,0.9986227619882309,0.04985,2.0,9.0,11.0,3.0,0.0,0.0,0.0,0.0,0.0,0.0,10000.0
A3_cbs_v4,torus3d_tornado,0.15,4,10000,0,48000.0,47760.0,47701.0,0.995,0.9987646566164154,0.0745328125,2.0,9.0,11.0,3.0,0.0,0.0,0.0,0.0,0.0,0.0,10000.0
A3_cbs_v4,torus3d_tornado,0.2,4,10000,0,64000.0,63806.0,63730.0,0.99696875,0.9988088894461336,0.099578125,2.0,9.0,11.0,3.0,0.0,0.0,0.0,0.0,0.0,0.0,10000.0
A3_cbs_v4,torus3d_tornado,0.25,4,10000,0,80000.0,79713.0,79623.0,0.9964125,0.9988709495314441,0.1244109375,2.0,9.0,11.0,3.0,0.0,0.0,0.0,0.0,0.0,0.0,10000.0
A3_cbs_v4,torus3d_tornado,0.3,4,10000,0,96000.0,95810.0,95708.0,0.9980208333333334,0.9989353929652437,0.14954375,2.0,9.0,11.0,3.0,0.0,0.0,0.0,0.0,0.0,0.0,10000.0
A3_cbs_v4,torus3d_tornado,0.35,4,10000,0,112000.0,111703.0,111591.0,0.9973482142857143,0.9989973411636214,0.1743609375,2.0,9.0,11.0,3.0,0.0,0.0,0.0,0.0,0.0,0.0,10000.0
A3_cbs_v4,torus3d_tornado,0.4,4,10000,0,128000.0,127637.0,127504.0,0.9971640625,0.9989579824032216,0.199225,2.0,9.0,11.0,3.0,0.0,0.0,0.0,0.0,0.0,0.0,10000.0
A3_cbs_v4,torus3d_tornado,0.45,4,10000,0,144000.0,143553.0,143408.0,0.9968958333333333,0.9989899200991968,0.224075,2.0,9.0,11.0,3.0,0.0,0.0,0.0,0.0,0.0,0.0,10000.0
A3_cbs_v4,torus3d_tornado,0.5,4,10000,0,160000.0,159452.0,159293.0,0.996575,0.9990028347088779,0.2488953125,2.0,9.0,11.0,3.0,0.0,0.0,0.0,0.0,0.0,0.0,10000.0
A3_cbs_v4,torus3d_tornado,0.55,4,10000,0,176000.0,175634.0,175458.0,0.9979204545454545,0.9989979161210244,0.274153125,2.0,9.0,11.0,3.0,0.0,0.0,0.0,0.0,0.0,0.0,10000.0
A3_cbs_v4,torus3d_tornado,0.6,4,10000,0,192000.0,191507.0,191314.0,0.9974322916666667,0.998992203940326,0.298928125,2.0,9.0,11.0,3.0,0.0,0.0,0.0,0.0,0.0,0.0,10000.0
A3_cbs_v4,torus3d_tornado,0.65,4,10000,0,208000.0,207649.0,207445.0,0.9983125,0.9990175729235392,0.3241328125,2.0,9.0,11.0,3.0,0.0,0.0,0.0,0.0,0.0,0.0,10000.0
A3_cbs_v4,torus3d_tornado,0.7,4,10000,0,224000.0,223725.0,223498.0,0.9987723214285714,0.9989853614929043,0.349215625,2.0,9.0,11.0,3.0,0.0,0.0,0.0,0.0,0.0,0.0,10000.0
A3_cbs_v4,torus3d_tornado,0.75,4,10000,0,240000.0,239664.0,239418.0,0.9986,0.9989735629881834,0.374090625,2.0,9.0,11.0,3.0,0.0,0.0,0.0,0.0,0.0,0.0,10000.0
A3_cbs_v4,torus3d_tornado,0.8,4,10000,0,256000.0,255852.0,255590.0,0.999421875,0.9989759704829354,0.399359375,2.0,9.0,11.0,3.0,0.0,0.0,0.0,0.0,0.0,0.0,10000.0
A3_cbs_v4,torus3d_tornado,0.85,4,10000,0,272000.0,271674.0,271399.0,0.9988014705882353,0.9989877573856902,0.4240609375,2.0,9.0,11.0,3.0,0.0,0.0,0.0,0.0,0.0,0.0,10000.0
A3_cbs_v4,torus3d_tornado,0.9,4,10000,0,288000.0,287669.0,287377.0,0.9988506944444444,0.9989849445021883,0.4490265625,2.0,9.0,11.0,3.0,0.0,0.0,0.0,0.0,0.0,0.0,10000.0
A3_cbs_v4,torus3d_tornado,0.95,4,10000,0,304000.0,303819.0,303512.0,0.9994046052631579,0.9989895299503981,0.4742375,2.0,9.0,11.0,3.0,0.0,0.0,0.0,0.0,0.0,0.0,10000.0
A3_cbs_v4,torus3d_tornado,1.0,4,10000,0,320000.0,319602.0,319283.0,0.99875625,0.9990018835927185,0.4988796875,2.0,9.0,11.0,3.0,0.0,0.0,0.0,0.0,0.0,0.0,10000.0
A4_dpcbs_v6_s4,torus3d_tornado,0.05,6,10000,0,16000.0,15968.0,15949.0,0.998,0.998810120240481,0.0249203125,2.0,9.0,11.0,3.0,0.0,0.0,0.0,47880.0,0.0,0.0,10000.0
A4_dpcbs_v6_s4,torus3d_tornado,0.1,6,10000,0,32000.0,31948.0,31904.0,0.998375,0.9986227619882309,0.04985,2.0,9.0,11.0,3.0,0.0,0.0,0.0,95794.0,0.0,0.0,10000.0
A4_dpcbs_v6_s4,torus3d_tornado,0.15,6,10000,0,48000.0,47760.0,47701.0,0.995,0.9987646566164154,0.0745328125,2.0,9.0,11.0,3.0,0.0,0.0,0.0,143215.0,0.0,0.0,10000.0
A4_dpcbs_v6_s4,torus3d_tornado,0.2,6,10000,0,64000.0,63806.0,63730.0,0.99696875,0.9988088894461336,0.099578125,2.0,9.0,11.0,3.0,0.0,0.0,0.0,191328.0,0.0,0.0,10000.0
A4_dpcbs_v6_s4,torus3d_tornado,0.25,6,10000,0,80000.0,79713.0,79623.0,0.9964125,0.9988709495314441,0.1244109375,2.0,9.0,11.0,3.0,0.0,0.0,0.0,239035.0,0.0,0.0,10000.0
A4_dpcbs_v6_s4,torus3d_tornado,0.3,6,10000,0,96000.0,95810.0,95708.0,0.9980208333333334,0.9989353929652437,0.14954375,2.0,9.0,11.0,3.0,0.0,0.0,0.0,287305.0,0.0,0.0,10000.0
A4_dpcbs_v6_s4,torus3d_tornado,0.35,6,10000,0,112000.0,111703.0,111591.0,0.9973482142857143,0.9989973411636214,0.1743609375,2.0,9.0,11.0,3.0,0.0,0.0,0.0,334969.0,0.0,0.0,10000.0
A4_dpcbs_v6_s4,torus3d_tornado,0.4,6,10000,0,128000.0,127637.0,127504.0,0.9971640625,0.9989579824032216,0.199225,2.0,9.0,11.0,3.0,0.0,0.0,0.0,382756.0,0.0,0.0,10000.0
A4_dpcbs_v6_s4,torus3d_tornado,0.45,6,10000,0,144000.0,143553.0,143408.0,0.9968958333333333,0.9989899200991968,0.224075,2.0,9.0,11.0,3.0,0.0,0.0,0.0,430486.0,0.0,0.0,10000.0
A4_dpcbs_v6_s4,torus3d_tornado,0.5,6,10000,0,160000.0,159452.0,159293.0,0.996575,0.9990028347088779,0.2488953125,2.0,9.0,11.0,3.0,0.0,0.0,0.0,478164.0,0.0,0.0,10000.0
A4_dpcbs_v6_s4,torus3d_tornado,0.55,6,10000,0,176000.0,175634.0,175458.0,0.9979204545454545,0.9989979161210244,0.274153125,2.0,9.0,11.0,3.0,0.0,0.0,0.0,526689.0,0.0,0.0,10000.0
A4_dpcbs_v6_s4,torus3d_tornado,0.6,6,10000,0,192000.0,191507.0,191314.0,0.9974322916666667,0.998992203940326,0.298928125,2.0,9.0,11.0,3.0,0.0,0.0,0.0,574293.0,0.0,0.0,10000.0
A4_dpcbs_v6_s4,torus3d_tornado,0.65,6,10000,0,208000.0,207649.0,207445.0,0.9983125,0.9990175729235392,0.3241328125,2.0,9.0,11.0,3.0,0.0,0.0,0.0,622709.0,0.0,0.0,10000.0
A4_dpcbs_v6_s4,torus3d_tornado,0.7,6,10000,0,224000.0,223725.0,223498.0,0.9987723214285714,0.9989853614929043,0.349215625,2.0,9.0,11.0,3.0,0.0,0.0,0.0,670916.0,0.0,0.0,10000.0
A4_dpcbs_v6_s4,torus3d_tornado,0.75,6,10000,0,240000.0,239664.0,239418.0,0.9986,0.9989735629881834,0.374090625,2.0,9.0,11.0,3.0,0.0,0.0,0.0,718710.0,0.0,0.0,10000.0
A4_dpcbs_v6_s4,torus3d_tornado,0.8,6,10000,0,256000.0,255852.0,255590.0,0.999421875,0.9989759704829354,0.399359375,2.0,9.0,11.0,3.0,0.0,0.0,0.0,767250.0,0.0,0.0,10000.0
A4_dpcbs_v6_s4,torus3d_tornado,0.85,6,10000,0,272000.0,271674.0,271399.0,0.9988014705882353,0.9989877573856902,0.4240609375,2.0,9.0,11.0,3.0,0.0,0.0,0.0,814699.0,0.0,0.0,10000.0
A4_dpcbs_v6_s4,torus3d_tornado,0.9,6,10000,0,288000.0,287669.0,287377.0,0.9988506944444444,0.9989849445021883,0.4490265625,2.0,9.0,11.0,3.0,0.0,0.0,0.0,862662.0,0.0,0.0,10000.0
A4_dpcbs_v6_s4,torus3d_tornado,0.95,6,10000,0,304000.0,303819.0,303512.0,0.9994046052631579,0.9989895299503981,0.4742375,2.0,9.0,11.0,3.0,0.0,0.0,0.0,911087.0,0.0,0.0,10000.0
A4_dpcbs_v6_s4,torus3d_tornado,1.0,6,10000,0,320000.0,319602.0,319283.0,0.99875625,0.9990018835927185,0.4988796875,2.0,9.0,11.0,3.0,0.0,0.0,0.0,958425.0,0.0,0.0,10000.0
B1_esc_v2,torus3d_tornado,0.05,2,10000,0,16000.0,15967.0,15949.0,0.9979375,0.9988726748919646,0.0249203125,2.224842,9.081949,11.30679,3.021443,0.0,0.0,0.0,0.0,1079.0,702.0,10000.0
B1_esc_v2,torus3d_tornado,0.1,2,10000,0,32000.0,31944.0,31902.0,0.99825,0.9986851990984222,0.049846875,2.525484,9.173343,11.698828,3.050969,0.0,0.0,0.0,0.0,4962.0,3001.0,10000.0
B1_esc_v2,torus3d_tornado,0.15,2,10000,0,48000.0,47753.0,47696.0,0.9948541666666667,0.9988063577157457,0.074525,2.949786,9.28233,12.232116,3.089861,0.0,0.0,0.0,0.0,12878.0,7330.0,10000.0
B1_esc_v2,torus3d_tornado,0.2,2,10000,0,64000.0,63792.0,63720.0,0.99675,0.9988713318284425,0.0995625,3.590066,9.389674,12.979739,3.124702,0.0,0.0,0.0,0.0,24106.0,13295.0,10000.0
B1_esc_v2,torus3d_tornado,0.25,2,10000,0,80000.0,79689.0,79601.0,0.9961125,0.9988957070612005,0.1243765625,4.644339,9.522519,14.166857,3.170048,0.0,0.0,0.0,0.0,40621.0,21505.0,10000.0
B1_esc_v2,torus3d_tornado,0.3,2,10000,0,96000.0,95761.0,95659.0,0.9975104166666666,0.9989348482158708,0.1494671875,6.826801,9.660638,16.48744,3.212463,0.0,0.0,0.0,0.0,61025.0,31333.0,10000.0
B1_esc_v2,torus3d_tornado,0.35,2,10000,0,112000.0,111570.0,111451.0,0.9961607142857143,0.9989334050371964,0.1741421875,13.650959,9.799607,23.450566,3.25439,0.0,0.0,0.0,0.0,85339.0,42718.0,10000.0
B1_esc_v2,torus3d_tornado,0.4,2,10000,0,128000.0,125047.0,124914.0,0.9769296875,0.9989363999136325,0.195178125,124.747234,9.910635,134.657869,3.288038,0.0,0.0,0.0,0.0,108201.0,52872.0,10000.0
B1_esc_v2,torus3d_tornado,0.45,2,10000,0,144000.0,126181.0,126043.0,0.8762569444444445,0.998906332966136,0.1969421875,604.574248,9.919424,614.493673,3.292011,0.0,0.0,0.0,0.0,110596.0,53554.0,10000.0
B1_esc_v2,torus3d_tornado,0.5,2,10000,0,160000.0,126241.0,126103.0,0.78900625,0.9989068527657418,0.1970359375,1038.820163,9.916243,1048.736406,3.292491,0.0,0.0,0.0,0.0,110996.0,53807.0,10000.0
B1_esc_v2,torus3d_tornado,0.55,2,10000,0,176000.0,126238.0,126099.0,0.7172613636363636,0.9988989052424785,0.1970296875,1402.845566,9.924266,1412.769832,3.291279,0.0,0.0,0.0,0.0,110753.0,53684.0,10000.0
B1_esc_v2,torus3d_tornado,0.6,2,10000,0,192000.0,126299.0,126158.0,0.6578072916666666,0.9988836016120476,0.197121875,1698.909257,9.905024,1708.814281,3.286688,0.0,0.0,0.0,0.0,109908.0,53582.0,10000.0
B1_esc_v2,torus3d_tornado,0.65,2,10000,0,208000.0,126232.0,126096.0,0.6068846153846154,0.9989226186703847,0.197025,1958.647158,9.927896,1968.575054,3.291698,0.0,0.0,0.0,0.0,110670.0,53740.0,10000.0
B1_esc_v2,torus3d_tornado,0.7,2,10000,0,224000.0,126264.0,126127.0,0.5636785714285715,0.9989149718051068,0.1970734375,2174.555401,9.917147,2184.472548,3.29131,0.0,0.0,0.0,0.0,110432.0,53573.0,10000.0
B1_esc_v2,torus3d_tornado,0.75,2,10000,0,240000.0,126306.0,126168.0,0.526275,0.9989074153246876,0.1971375,2364.222442,9.921089,2374.143531,3.291928,0.0,0.0,0.0,0.0,110780.0,53762.0,10000.0
B1_esc_v2,torus3d_tornado,0.8,2,10000,0,256000.0,126277.0,126138.0,0.49326953125,0.9988992453099139,0.197090625,2530.467266,9.920896,2540.388162,3.292014,0.0,0.0,0.0,0.0,110798.0,53629.0,10000.0
B1_esc_v2,torus3d_tornado,0.85,2,10000,0,272000.0,126287.0,126145.0,0.4642904411764706,0.9988755770586046,0.1971015625,2673.87952,9.914194,2683.793714,3.289587,0.0,0.0,0.0,0.0,110045.0,53658.0,10000.0
B1_esc_v2,torus3d_tornado,0.9,2,10000,0,288000.0,126364.0,126226.0,0.4387638888888889,0.9989079168117502,0.197228125,2800.617654,9.909139,2810.526793,3.290241,0.0,0.0,0.0,0.0,110535.0,53432.0,10000.0
B1_esc_v2,torus3d_tornado,0.95,2,10000,0,304000.0,126321.0,126186.0,0.4155296052631579,0.9989312940841191,0.197165625,2918.277368,9.909895,2928.187263,3.288954,0.0,0.0,0.0,0.0,110146.0,53433.0,10000.0
B1_esc_v2,torus3d_tornado,1.0,2,10000,0,320000.0,126334.0,126200.0,0.39479375,0.998939319581427,0.1971875,3020.785499,9.913074,3030.698574,3.29122,0.0,0.0,0.0,0.0,110550.0,53401.0,10000.0
B2_dpesc_v3_s2,torus3d_tornado,0.05,3,10000,0,16000.0,15968.0,15949.0,0.998,0.998810120240481,0.0249203125,2.003072,9.045959,11.049031,3.000125,0.0,0.0,0.0,47878.0,4.0,2.0,10000.0
B2_dpesc_v3_s2,torus3d_tornado,0.1,3,10000,0,32000.0,31948.0,31904.0,0.998375,0.9986227619882309,0.04985,2.010908,9.090616,11.101523,3.000251,0.0,0.0,0.0,95771.0,31.0,22.0,10000.0
B2_dpesc_v3_s2,torus3d_tornado,0.15,3,10000,0,48000.0,47760.0,47701.0,0.995,0.9987646566164154,0.0745328125,2.025282,9.137523,11.162806,3.00088,0.0,0.0,0.0,143111.0,146.0,104.0,10000.0
B2_dpesc_v3_s2,torus3d_tornado,0.2,3,10000,0,64000.0,63804.0,63730.0,0.9969375,0.9988401981067018,0.099578125,2.047105,9.185454,11.232559,3.00226,0.0,0.0,0.0,191019.0,451.0,305.0,10000.0
B2_dpesc_v3_s2,torus3d_tornado,0.25,3,10000,0,80000.0,79712.0,79623.0,0.9964,0.9988834805299077,0.1244109375,2.074526,9.233689,11.308215,3.00422,0.0,0.0,0.0,238330.0,1038.0,693.0,10000.0
B2_dpesc_v3_s2,torus3d_tornado,0.3,3,10000,0,96000.0,95809.0,95708.0,0.9980104166666667,0.9989458192862883,0.14954375,2.110973,9.285284,11.396257,3.007168,0.0,0.0,0.0,285842.0,2145.0,1442.0,10000.0
B2_dpesc_v3_s2,torus3d_tornado,0.35,3,10000,0,112000.0,111701.0,111590.0,0.9973303571428571,0.9990062756824021,0.174359375,2.160507,9.345434,11.505941,3.012152,0.0,0.0,0.0,332138.0,4185.0,2761.0,10000.0
B2_dpesc_v3_s2,torus3d_tornado,0.4,3,10000,0,128000.0,127635.0,127500.0,0.9971484375,0.9989422963920555,0.19921875,2.228188,9.410243,11.638431,3.019247,0.0,0.0,0.0,377654.0,7549.0,4930.0,10000.0
B2_dpesc_v3_s2,torus3d_tornado,0.45,3,10000,0,144000.0,143549.0,143402.0,0.9968680555555556,0.9989759594284878,0.224065625,2.321425,9.48546,11.806886,3.028256,0.0,0.0,0.0,422211.0,12314.0,7872.0,10000.0
B2_dpesc_v3_s2,torus3d_tornado,0.5,3,10000,0,160000.0,159447.0,159283.0,0.99654375,0.9989714450569782,0.2488796875,2.455033,9.568642,12.023675,3.039439,0.0,0.0,0.0,465279.0,19152.0,12183.0,10000.0
B2_dpesc_v3_s2,torus3d_tornado,0.55,3,10000,0,176000.0,175628.0,175439.0,0.9978863636363636,0.998923861798802,0.2741234375,2.657613,9.667828,12.325441,3.055415,0.0,0.0,0.0,507101.0,29284.0,18184.0,10000.0
B2_dpesc_v3_s2,torus3d_tornado,0.6,3,10000,0,192000.0,191489.0,191288.0,0.9973385416666667,0.9989503313506258,0.2988875,2.98634,9.774722,12.761062,3.07162,0.0,0.0,0.0,546110.0,41819.0,25704.0,10000.0
B2_dpesc_v3_s2,torus3d_tornado,0.65,3,10000,0,208000.0,207625.0,207413.0,0.9981971153846154,0.9989789283564118,0.3240828125,3.640307,9.916148,13.556455,3.093157,0.0,0.0,0.0,583474.0,58467.0,35009.0,10000.0
B2_dpesc_v3_s2,torus3d_tornado,0.7,3,10000,0,224000.0,223645.0,223395.0,0.9984151785714286,0.9988821569898724,0.3490546875,5.351906,10.085118,15.437024,3.114935,0.0,0.0,0.0,618011.0,78328.0,46014.0,10000.0
B2_dpesc_v3_s2,torus3d_tornado,0.75,3,10000,0,240000.0,239256.0,238979.0,0.9969,0.9988422442906343,0.3734046875,17.501998,10.292729,27.794727,3.141845,0.0,0.0,0.0,648557.0,102817.0,58986.0,10000.0
B2_dpesc_v3_s2,torus3d_tornado,0.8,3,10000,0,256000.0,243909.0,243625.0,0.95276953125,0.9988356313215174,0.3806640625,236.334613,10.373102,246.707715,3.151298,0.0,0.0,0.0,657001.0,111288.0,63393.0,10000.0
B2_dpesc_v3_s2,torus3d_tornado,0.85,3,10000,0,272000.0,243998.0,243721.0,0.8970514705882353,0.9988647447929901,0.3808140625,510.330238,10.364663,520.694901,3.148678,0.0,0.0,0.0,657360.0,110554.0,63021.0,10000.0
B2_dpesc_v3_s2,torus3d_tornado,0.9,3,10000,0,288000.0,244136.0,243852.0,0.8476944444444444,0.9988367139627093,0.38101875,756.809569,10.361502,767.171071,3.150165,0.0,0.0,0.0,657730.0,110988.0,63095.0,10000.0
B2_dpesc_v3_s2,torus3d_tornado,0.95,3,10000,0,304000.0,244039.0,243761.0,0.8027598684210526,0.9988608378169063,0.3808765625,983.544443,10.369235,993.913678,3.150812,0.0,0.0,0.0,657184.0,111365.0,63273.0,10000.0
B2_dpesc_v3_s2,torus3d_tornado,1.0,3,10000,0,320000.0,244037.0,243758.0,0.762615625,0.9988567307416498,0.380871875,1183.497145,10.363709,1193.860854,3.149755,0.0,0.0,0.0,657442.0,110872.0,63035.0,10000.0
B3_esc_v3,torus3d_tornado,0.05,3,10000,0,16000.0,15968.0,15949.0,0.998,0.998810120240481,0.0249203125,2.003072,9.045959,11.049031,3.000125,0.0,0.0,0.0,0.0,4.0,2.0,10000.0
B3_esc_v3,torus3d_tornado,0.1,3,10000,0,32000.0,31948.0,31904.0,0.998375,0.9986227619882309,0.04985,2.010908,9.090616,11.101523,3.000251,0.0,0.0,0.0,0.0,31.0,22.0,10000.0
B3_esc_v3,torus3d_tornado,0.15,3,10000,0,48000.0,47760.0,47701.0,0.995,0.9987646566164154,0.0745328125,2.025282,9.137523,11.162806,3.00088,0.0,0.0,0.0,0.0,146.0,104.0,10000.0
B3_esc_v3,torus3d_tornado,0.2,3,10000,0,64000.0,63804.0,63730.0,0.9969375,0.9988401981067018,0.099578125,2.047105,9.185454,11.232559,3.00226,0.0,0.0,0.0,0.0,451.0,305.0,10000.0
B3_esc_v3,torus3d_tornado,0.25,3,10000,0,80000.0,79712.0,79623.0,0.9964,0.9988834805299077,0.1244109375,2.074526,9.233689,11.308215,3.00422,0.0,0.0,0.0,0.0,1038.0,693.0,10000.0
B3_esc_v3,torus3d_tornado,0.3,3,10000,0,96000.0,95809.0,95708.0,0.9980104166666667,0.9989458192862883,0.14954375,2.110973,9.285284,11.396257,3.007168,0.0,0.0,0.0,0.0,2145.0,1442.0,10000.0
B3_esc_v3,torus3d_tornado,0.35,3,10000,0,112000.0,111701.0,111590.0,0.9973303571428571,0.9990062756824021,0.174359375,2.160507,9.345434,11.505941,3.012152,0.0,0.0,0.0,0.0,4185.0,2761.0,10000.0
B3_esc_v3,torus3d_tornado,0.4,3,10000,0,128000.0,127635.0,127500.0,0.9971484375,0.9989422963920555,0.19921875,2.228188,9.410243,11.638431,3.019247,0.0,0.0,0.0,0.0,7549.0,4930.0,10000.0
B3_esc_v3,torus3d_tornado,0.45,3,10000,0,144000.0,143549.0,143402.0,0.9968680555555556,0.9989759594284878,0.224065625,2.321425,9.48546,11.806886,3.028256,0.0,0.0,0.0,0.0,12314.0,7872.0,10000.0
B3_esc_v3,torus3d_tornado,0.5,3,10000,0,160000.0,159447.0,159283.0,0.99654375,0.9989714450569782,0.2488796875,2.455033,9.568642,12.023675,3.039439,0.0,0.0,0.0,0.0,19152.0,12183.0,10000.0
B3_esc_v3,torus3d_tornado,0.55,3,10000,0,176000.0,175628.0,175439.0,0.9978863636363636,0.998923861798802,0.2741234375,2.657613,9.667828,12.325441,3.055415,0.0,0.0,0.0,0.0,29284.0,18184.0,10000.0
B3_esc_v3,torus3d_tornado,0.6,3,10000,0,192000.0,191489.0,191288.0,0.9973385416666667,0.9989503313506258,0.2988875,2.98634,9.774722,12.761062,3.07162,0.0,0.0,0.0,0.0,41819.0,25704.0,10000.0
B3_esc_v3,torus3d_tornado,0.65,3,10000,0,208000.0,207625.0,207413.0,0.9981971153846154,0.9989789283564118,0.3240828125,3.640307,9.916148,13.556455,3.093157,0.0,0.0,0.0,0.0,58467.0,35009.0,10000.0
B3_esc_v3,torus3d_tornado,0.7,3,10000,0,224000.0,223645.0,223395.0,0.9984151785714286,0.9988821569898724,0.3490546875,5.351906,10.085118,15.437024,3.114935,0.0,0.0,0.0,0.0,78328.0,46014.0,10000.0
B3_esc_v3,torus3d_tornado,0.75,3,10000,0,240000.0,239256.0,238979.0,0.9969,0.9988422442906343,0.3734046875,17.501998,10.292729,27.794727,3.141845,0.0,0.0,0.0,0.0,102817.0,58986.0,10000.0
B3_esc_v3,torus3d_tornado,0.8,3,10000,0,256000.0,243909.0,243625.0,0.95276953125,0.9988356313215174,0.3806640625,236.334613,10.373102,246.707715,3.151298,0.0,0.0,0.0,0.0,111288.0,63393.0,10000.0
B3_esc_v3,torus3d_tornado,0.85,3,10000,0,272000.0,243998.0,243721.0,0.8970514705882353,0.9988647447929901,0.3808140625,510.330238,10.364663,520.694901,3.148678,0.0,0.0,0.0,0.0,110554.0,63021.0,10000.0
B3_esc_v3,torus3d_tornado,0.9,3,10000,0,288000.0,244136.0,243852.0,0.8476944444444444,0.9988367139627093,0.38101875,756.809569,10.361502,767.171071,3.150165,0.0,0.0,0.0,0.0,110988.0,63095.0,10000.0
B3_esc_v3,torus3d_tornado,0.95,3,10000,0,304000.0,244039.0,243761.0,0.8027598684210526,0.9988608378169063,0.3808765625,983.544443,10.369235,993.913678,3.150812,0.0,0.0,0.0,0.0,111365.0,63273.0,10000.0
B3_esc_v3,torus3d_tornado,1.0,3,10000,0,320000.0,244037.0,243758.0,0.762615625,0.9988567307416498,0.380871875,1183.497145,10.363709,1193.860854,3.149755,0.0,0.0,0.0,0.0,110872.0,63035.0,10000.0
B4_dpesc_v5_s4,torus3d_tornado,0.05,5,10000,0,16000.0,15968.0,15949.0,0.998,0.998810120240481,0.0249203125,2.0,9.04157,11.04157,3.0,0.0,0.0,0.0,47880.0,0.0,0.0,10000.0
B4_dpesc_v5_s4,torus3d_tornado,0.1,5,10000,0,32000.0,31948.0,31904.0,0.998375,0.9986227619882309,0.04985,2.0,9.094471,11.094471,3.0,0.0,0.0,0.0,95794.0,0.0,0.0,10000.0
B4_dpesc_v5_s4,torus3d_tornado,0.15,5,10000,0,48000.0,47760.0,47701.0,0.995,0.9987646566164154,0.0745328125,2.0,9.138551,11.138551,3.0,0.0,0.0,0.0,143215.0,0.0,0.0,10000.0
B4_dpesc_v5_s4,torus3d_tornado,0.2,5,10000,0,64000.0,63806.0,63730.0,0.99696875,0.9988088894461336,0.099578125,2.0,9.193159,11.193159,3.0,0.0,0.0,0.0,191327.0,0.0,0.0,10000.0
B4_dpesc_v5_s4,torus3d_tornado,0.25,5,10000,0,80000.0,79713.0,79623.0,0.9964125,0.9988709495314441,0.1244109375,2.0,9.245482,11.245482,3.0,0.0,0.0,0.0,239035.0,0.0,0.0,10000.0
B4_dpesc_v5_s4,torus3d_tornado,0.3,5,10000,0,96000.0,95810.0,95708.0,0.9980208333333334,0.9989353929652437,0.14954375,2.0,9.30079,11.30079,3.0,0.0,0.0,0.0,287305.0,0.0,0.0,10000.0
B4_dpesc_v5_s4,torus3d_tornado,0.35,5,10000,0,112000.0,111703.0,111591.0,0.9973482142857143,0.9989973411636214,0.1743609375,2.0,9.357654,11.357654,3.0,0.0,0.0,0.0,334968.0,0.0,0.0,10000.0
B4_dpesc_v5_s4,torus3d_tornado,0.4,5,10000,0,128000.0,127637.0,127504.0,0.9971640625,0.9989579824032216,0.199225,2.0,9.424818,11.424818,3.0,0.0,0.0,0.0,382753.0,0.0,0.0,10000.0
B4_dpesc_v5_s4,torus3d_tornado,0.45,5,10000,0,144000.0,143553.0,143408.0,0.9968958333333333,0.9989899200991968,0.224075,2.0,9.494491,11.494491,3.0,0.0,0.0,0.0,430481.0,0.0,0.0,10000.0
B4_dpesc_v5_s4,torus3d_tornado,0.5,5,10000,0,160000.0,159452.0,159290.0,0.996575,0.9989840202694228,0.248890625,2.0,9.565371,11.565371,3.0,0.0,0.0,0.0,478161.0,0.0,0.0,10000.0
B4_dpesc_v5_s4,torus3d_tornado,0.55,5,10000,0,176000.0,175634.0,175455.0,0.9979204545454545,0.9989808351458146,0.2741484375,2.0,9.64616,11.64616,3.0,0.0,0.0,0.0,526681.0,1.0,1.0,10000.0
B4_dpesc_v5_s4,torus3d_tornado,0.6,5,10000,0,192000.0,191507.0,191305.0,0.9974322916666667,0.9989452082691495,0.2989140625,2.000016,9.72985,11.729866,3.000021,0.0,0.0,0.0,574278.0,8.0,4.0,10000.0
B4_dpesc_v5_s4,torus3d_tornado,0.65,5,10000,0,208000.0,207649.0,207442.0,0.9983125,0.9990031254665325,0.324128125,2.000034,9.814734,11.814768,3.000019,0.0,0.0,0.0,622691.0,11.0,7.0,10000.0
B4_dpesc_v5_s4,torus3d_tornado,0.7,5,10000,0,224000.0,223725.0,223490.0,0.9987723214285714,0.9989496033076322,0.349203125,2.000027,9.913647,11.913674,3.000018,0.0,0.0,0.0,670895.0,11.0,7.0,10000.0
B4_dpesc_v5_s4,torus3d_tornado,0.75,5,10000,0,240000.0,239664.0,239405.0,0.9986,0.9989193203818679,0.3740703125,2.00005,10.018187,12.018237,3.000067,0.0,0.0,0.0,718653.0,52.0,36.0,10000.0
B4_dpesc_v5_s4,torus3d_tornado,0.8,5,10000,0,256000.0,255852.0,255570.0,0.999421875,0.9988978002907931,0.399328125,2.000153,10.139559,12.139711,3.00011,0.0,0.0,0.0,767161.0,96.0,68.0,10000.0
B4_dpesc_v5_s4,torus3d_tornado,0.85,5,10000,0,272000.0,271674.0,271383.0,0.9988014705882353,0.9989288632699486,0.4240359375,2.000328,10.272128,12.272456,3.000177,0.0,0.0,0.0,814554.0,169.0,121.0,10000.0
B4_dpesc_v5_s4,torus3d_tornado,0.9,5,10000,0,288000.0,287669.0,287343.0,0.9988506944444444,0.9988667531086075,0.4489734375,2.000602,10.43257,12.433172,3.000411,0.0,0.0,0.0,862388.0,358.0,240.0,10000.0
B4_dpesc_v5_s4,torus3d_tornado,0.95,5,10000,0,304000.0,303819.0,303472.0,0.9994046052631579,0.9988578726149451,0.474175,2.001661,10.623596,12.625257,3.000745,0.0,0.0,0.0,910616.0,657.0,428.0,10000.0
B4_dpesc_v5_s4,torus3d_tornado,1.0,5,10000,0,320000.0,319602.0,319231.0,0.99875625,0.9988391812316568,0.4987984375,2.003994,10.841184,12.845178,3.001297,0.0,0.0,0.0,957522.0,1265.0,850.0,10000.0
B5_esc_v4,torus3d_tornado,0.05,4,10000,0,16000.0,15968.0,15949.0,0.998,0.998810120240481,0.0249203125,2.0,9.04157,11.04157,3.0,0.0,0.0,0.0,0.0,0.0,0.0,10000.0
B5_esc_v4,torus3d_tornado,0.1,4,10000,0,32000.0,31948.0,31904.0,0.998375,0.9986227619882309,0.04985,2.0,9.094471,11.094471,3.0,0.0,0.0,0.0,0.0,0.0,0.0,10000.0
B5_esc_v4,torus3d_tornado,0.15,4,10000,0,48000.0,47760.0,47701.0,0.995,0.9987646566164154,0.0745328125,2.0,9.138551,11.138551,3.0,0.0,0.0,0.0,0.0,0.0,0.0,10000.0
B5_esc_v4,torus3d_tornado,0.2,4,10000,0,64000.0,63806.0,63730.0,0.99696875,0.9988088894461336,0.099578125,2.000031,9.193159,11.19319,3.0,0.0,0.0,0.0,0.0,0.0,0.0,10000.0
B5_esc_v4,torus3d_tornado,0.25,4,10000,0,80000.0,79713.0,79623.0,0.9964125,0.9988709495314441,0.1244109375,2.000025,9.242819,11.242844,3.0,0.0,0.0,0.0,0.0,1.0,1.0,10000.0
B5_esc_v4,torus3d_tornado,0.3,4,10000,0,96000.0,95810.0,95708.0,0.9980208333333334,0.9989353929652437,0.14954375,2.000073,9.298857,11.29893,3.000042,0.0,0.0,0.0,0.0,12.0,8.0,10000.0
B5_esc_v4,torus3d_tornado,0.35,4,10000,0,112000.0,111703.0,111591.0,0.9973482142857143,0.9989973411636214,0.1743609375,2.00017,9.36019,11.360361,3.000072,0.0,0.0,0.0,0.0,29.0,21.0,10000.0
B5_esc_v4,torus3d_tornado,0.4,4,10000,0,128000.0,127637.0,127504.0,0.9971640625,0.9989579824032216,0.199225,2.000455,9.425344,11.425798,3.000188,0.0,0.0,0.0,0.0,84.0,60.0,10000.0
B5_esc_v4,torus3d_tornado,0.45,4,10000,0,144000.0,143553.0,143404.0,0.9968958333333333,0.9989620558260712,0.22406875,2.000816,9.497852,11.498668,3.000502,0.0,0.0,0.0,0.0,216.0,144.0,10000.0
B5_esc_v4,torus3d_tornado,0.5,4,10000,0,160000.0,159452.0,159289.0,0.996575,0.9989777487896044,0.2488890625,2.001287,9.565431,11.566718,3.000741,0.0,0.0,0.0,0.0,378.0,260.0,10000.0
B5_esc_v4,torus3d_tornado,0.55,4,10000,0,176000.0,175634.0,175453.0,0.9979204545454545,0.9989694478290081,0.2741453125,2.002787,9.647113,11.649901,3.001288,0.0,0.0,0.0,0.0,693.0,466.0,10000.0
B5_esc_v4,torus3d_tornado,0.6,4,10000,0,192000.0,191507.0,191311.0,0.9974322916666667,0.9989765387166004,0.2989234375,2.003957,9.723382,11.727339,3.00185,0.0,0.0,0.0,0.0,1192.0,837.0,10000.0
B5_esc_v4,torus3d_tornado,0.65,4,10000,0,208000.0,207649.0,207441.0,0.9983125,0.9989983096475302,0.3241265625,2.007337,9.821294,11.828631,3.003635,0.0,0.0,0.0,0.0,2344.0,1584.0,10000.0
B5_esc_v4,torus3d_tornado,0.7,4,10000,0,224000.0,223725.0,223487.0,0.9987723214285714,0.9989361939881551,0.3491984375,2.010654,9.918121,11.928774,3.005235,0.0,0.0,0.0,0.0,3703.0,2514.0,10000.0
B5_esc_v4,torus3d_tornado,0.75,4,10000,0,240000.0,239664.0,239404.0,0.9986,0.9989151478736898,0.37406875,2.017974,10.030033,12.048007,3.008204,0.0,0.0,0.0,0.0,6101.0,4099.0,10000.0
B5_esc_v4,torus3d_tornado,0.8,4,10000,0,256000.0,255851.0,255569.0,0.99941796875,0.9988977959828181,0.3993265625,2.027245,10.152702,12.179947,3.011285,0.0,0.0,0.0,0.0,9186.0,6204.0,10000.0
B5_esc_v4,torus3d_tornado,0.85,4,10000,0,272000.0,271673.0,271374.0,0.998797794117647,0.9988994121609435,0.424021875,2.044492,10.292637,12.337129,3.01712,0.0,0.0,0.0,0.0,14539.0,9671.0,10000.0
B5_esc_v4,torus3d_tornado,0.9,4,10000,0,288000.0,287669.0,287348.0,0.9988506944444444,0.9988841341958987,0.44898125,2.073026,10.460463,12.533489,3.024222,0.0,0.0,0.0,0.0,21555.0,14195.0,10000.0
B5_esc_v4,torus3d_tornado,0.95,4,10000,0,304000.0,303818.0,303479.0,0.9994013157894737,0.9988842004094557,0.4741859375,2.12421,10.650681,12.774891,3.033966,0.0,0.0,0.0,0.0,31820.0,20617.0,10000.0
B5_esc_v4,torus3d_tornado,1.0,4,10000,0,320000.0,319598.0,319231.0,0.99874375,0.9988516824260477,0.4987984375,2.249694,10.906456,13.15615,3.047533,0.0,0.0,0.0,0.0,46698.0,29824.0,10000.0
B6_dpesc_v7_s6,torus3d_tornado,0.05,7,10000,0,16000.0,15968.0,15949.0,0.998,0.998810120240481,0.0249203125,2.0,9.04157,11.04157,3.0,0.0,0.0,0.0,47880.0,0.0,0.0,10000.0
B6_dpesc_v7_s6,torus3d_tornado,0.1,7,10000,0,32000.0,31948.0,31904.0,0.998375,0.9986227619882309,0.04985,2.0,9.094471,11.094471,3.0,0.0,0.0,0.0,95794.0,0.0,0.0,10000.0
B6_dpesc_v7_s6,torus3d_tornado,0.15,7,10000,0,48000.0,47760.0,47701.0,0.995,0.9987646566164154,0.0745328125,2.0,9.138551,11.138551,3.0,0.0,0.0,0.0,143215.0,0.0,0.0,10000.0
B6_dpesc_v7_s6,torus3d_tornado,0.2,7,10000,0,64000.0,63806.0,63730.0,0.99696875,0.9988088894461336,0.099578125,2.0,9.193159,11.193159,3.0,0.0,0.0,0.0,191327.0,0.0,0.0,10000.0
B6_dpesc_v7_s6,torus3d_tornado,0.25,7,10000,0,80000.0,79713.0,79623.0,0.9964125,0.9988709495314441,0.1244109375,2.0,9.245482,11.245482,3.0,0.0,0.0,0.0,239035.0,0.0,0.0,10000.0
B6_dpesc_v7_s6,torus3d_tornado,0.3,7,10000,0,96000.0,95810.0,95708.0,0.9980208333333334,0.9989353929652437,0.14954375,2.0,9.30079,11.30079,3.0,0.0,0.0,0.0,287305.0,0.0,0.0,10000.0
B6_dpesc_v7_s6,torus3d_tornado,0.35,7,10000,0,112000.0,111703.0,111591.0,0.9973482142857143,0.9989973411636214,0.1743609375,2.0,9.357654,11.357654,3.0,0.0,0.0,0.0,334968.0,0.0,0.0,10000.0
B6_dpesc_v7_s6,torus3d_tornado,0.4,7,10000,0,128000.0,127637.0,127504.0,0.9971640625,0.9989579824032216,0.199225,2.0,9.424818,11.424818,3.0,0.0,0.0,0.0,382753.0,0.0,0.0,10000.0
B6_dpesc_v7_s6,torus3d_tornado,0.45,7,10000,0,144000.0,143553.0,143408.0,0.9968958333333333,0.9989899200991968,0.224075,2.0,9.494491,11.494491,3.0,0.0,0.0,0.0,430481.0,0.0,0.0,10000.0
B6_dpesc_v7_s6,torus3d_tornado,0.5,7,10000,0,160000.0,159452.0,159290.0,0.996575,0.9989840202694228,0.248890625,2.0,9.565371,11.565371,3.0,0.0,0.0,0.0,478161.0,0.0,0.0,10000.0
B6_dpesc_v7_s6,torus3d_tornado,0.55,7,10000,0,176000.0,175634.0,175453.0,0.9979204545454545,0.9989694478290081,0.2741453125,2.0,9.643768,11.643768,3.0,0.0,0.0,0.0,526684.0,0.0,0.0,10000.0
B6_dpesc_v7_s6,torus3d_tornado,0.6,7,10000,0,192000.0,191507.0,191308.0,0.9974322916666667,0.9989608734928749,0.29891875,2.0,9.724606,11.724606,3.0,0.0,0.0,0.0,574284.0,0.0,0.0,10000.0
B6_dpesc_v7_s6,torus3d_tornado,0.65,7,10000,0,208000.0,207649.0,207432.0,0.9983125,0.9989549672765099,0.3241125,2.0,9.811263,11.811263,3.0,0.0,0.0,0.0,622699.0,0.0,0.0,10000.0
B6_dpesc_v7_s6,torus3d_tornado,0.7,7,10000,0,224000.0,223725.0,223488.0,0.9987723214285714,0.9989406637613141,0.3492,2.0,9.909127,11.909127,3.0,0.0,0.0,0.0,670903.0,0.0,0.0,10000.0
B6_dpesc_v7_s6,torus3d_tornado,0.75,7,10000,0,240000.0,239664.0,239398.0,0.9986,0.9988901128246211,0.374059375,2.0,10.015205,12.015205,3.0,0.0,0.0,0.0,718686.0,0.0,0.0,10000.0
B6_dpesc_v7_s6,torus3d_tornado,0.8,7,10000,0,256000.0,255852.0,255568.0,0.999421875,0.9988899832715789,0.399325,2.0,10.141039,12.141039,3.0,0.0,0.0,0.0,767227.0,0.0,0.0,10000.0
B6_dpesc_v7_s6,torus3d_tornado,0.85,7,10000,0,272000.0,271674.0,271371.0,0.9988014705882353,0.9988846926831423,0.4240171875,2.0,10.275387,12.275387,3.0,0.0,0.0,0.0,814675.0,0.0,0.0,10000.0
B6_dpesc_v7_s6,torus3d_tornado,0.9,7,10000,0,288000.0,287669.0,287345.0,0.9988506944444444,0.998873705543524,0.4489765625,2.0,10.441428,12.441428,3.0,0.0,0.0,0.0,862630.0,0.0,0.0,10000.0
B6_dpesc_v7_s6,torus3d_tornado,0.95,7,10000,0,304000.0,303819.0,303478.0,0.9994046052631579,0.998877621215263,0.474184375,2.0,10.620503,12.620503,3.0,0.0,0.0,0.0,911047.0,0.0,0.0,10000.0
B6_dpesc_v7_s6,torus3d_tornado,1.0,7,10000,0,320000.0,319602.0,319233.0,0.99875625,0.9988454390147746,0.4988015625,2.000009,10.836276,12.836286,3.0,0.0,0.0,0.0,958359.0,0.0,0.0,10000.0
A1_cbs_v3,torus3d_transpose,0.05,3,10000,0,16000.0,15968.0,15949.0,0.998,0.998810120240481,0.0249203125,2.0,9.06759,11.06759,3.003825,70.0,11.0,0.0,0.0,0.0,0.0,10000.0
A1_cbs_v3,torus3d_transpose,0.1,3,10000,0,32000.0,31948.0,31906.0,0.998375,0.9986853637160386,0.049853125,2.000031,9.137466,11.137498,3.00351,474.0,113.0,0.0,0.0,0.0,0.0,10000.0
A1_cbs_v3,torus3d_transpose,0.15,3,10000,0,48000.0,47760.0,47703.0,0.995,0.9988065326633165,0.0745359375,2.000063,9.222565,11.222628,2.999057,1720.0,324.0,0.0,0.0,0.0,0.0,10000.0
A1_cbs_v3,torus3d_transpose,0.2,3,10000,0,64000.0,63806.0,63731.0,0.99696875,0.9988245619534213,0.0995796875,2.000157,9.363434,11.363591,3.001553,4548.0,816.0,0.0,0.0,0.0,0.0,10000.0
A1_cbs_v3,torus3d_transpose,0.25,3,10000,0,80000.0,79713.0,79623.0,0.9964125,0.9988709495314441,0.1244109375,2.001997,9.594903,11.5969,3.00368,9792.0,1569.0,0.0,0.0,0.0,0.0,10000.0
A1_cbs_v3,torus3d_transpose,0.3,3,10000,0,96000.0,95810.0,95706.0,0.9980208333333334,0.9989145183175034,0.149540625,2.013552,9.959041,11.972593,3.001212,17853.0,2820.0,0.0,0.0,0.0,0.0,10000.0
A1_cbs_v3,torus3d_transpose,0.35,3,10000,0,112000.0,111703.0,111573.0,0.9973482142857143,0.9988361995649176,0.1743328125,2.148701,10.957794,13.106495,3.000636,35461.0,4908.0,0.0,0.0,0.0,0.0,10000.0
A1_cbs_v3,torus3d_transpose,0.4,3,10000,0,128000.0,126940.0,126757.0,0.99171875,0.9985583740349772,0.1980578125,27.609189,14.422612,42.031801,2.994312,99723.0,8775.0,0.0,0.0,0.0,0.0,10000.0
A1_cbs_v3,torus3d_transpose,0.45,3,10000,0,144000.0,136870.0,136608.0,0.9504861111111111,0.9980857748228246,0.21345,195.899589,17.501318,213.400906,2.953458,183129.0,9703.0,0.0,0.0,0.0,0.0,10000.0
A1_cbs_v3,torus3d_transpose,0.5,3,10000,0,160000.0,145808.0,145508.0,0.9113,0.9979424997256666,0.22735625,240.931454,18.65885,259.590304,2.920623,245127.0,9483.0,0.0,0.0,0.0,0.0,10000.0
A1_cbs_v3,torus3d_transpose,0.55,3,10000,0,176000.0,151761.0,151456.0,0.8622784090909091,0.9979902610024973,0.23665,534.278999,18.634917,552.913916,2.901886,239263.0,1979.0,0.0,0.0,0.0,0.0,10000.0
A1_cbs_v3,torus3d_transpose,0.6,3,10000,0,192000.0,158395.0,158083.0,0.8249739583333333,0.9980302408535623,0.2470046875,706.909364,18.095045,725.004409,2.886787,237179.0,1215.0,0.0,0.0,0.0,0.0,10000.0
A1_cbs_v3,torus3d_transpose,0.65,3,10000,0,208000.0,159189.0,158872.0,0.7653317307692308,0.998008656377011,0.2482375,820.637148,17.483011,838.12016,2.866194,261008.0,9891.0,0.0,0.0,0.0,0.0,10000.0
A1_cbs_v3,torus3d_transpose,0.7,3,10000,0,224000.0,166507.0,166183.0,0.7433348214285714,0.998054135862156,0.2596609375,938.596806,17.293676,955.890482,2.835717,263099.0,9675.0,0.0,0.0,0.0,0.0,10000.0
A1_cbs_v3,torus3d_transpose,0.75,3,10000,0,240000.0,168716.0,168371.0,0.7029833333333333,0.9979551435548496,0.2630796875,1002.421611,17.949374,1020.370984,2.819761,272367.0,12989.0,0.0,0.0,0.0,0.0,10000.0
A1_cbs_v3,torus3d_transpose,0.8,3,10000,0,256000.0,177987.0,177643.0,0.69526171875,0.9980672745762331,0.2775671875,1202.86,17.973503,1220.833503,2.81818,242151.0,98.0,0.0,0.0,0.0,0.0,10000.0
A1_cbs_v3,torus3d_transpose,0.85,3,10000,0,272000.0,179749.0,179404.0,0.6608419117647059,0.9980806569160329,0.28031875,1362.93805,17.757046,1380.695096,2.798722,242481.0,70.0,0.0,0.0,0.0,0.0,10000.0
A1_cbs_v3,torus3d_transpose,0.9,3,10000,0,288000.0,181339.0,180994.0,0.6296493055555555,0.9980974859241531,0.282803125,1509.936291,17.766114,1527.702404,2.779805,244563.0,878.0,0.0,0.0,0.0,0.0,10000.0
A1_cbs_v3,torus3d_transpose,0.95,3,10000,0,304000.0,181966.0,181616.0,0.5985723684210527,0.9980765637536683,0.283775,1644.376889,17.740001,1662.116889,2.755231,251184.0,3051.0,0.0,0.0,0.0,0.0,10000.0
A1_cbs_v3,torus3d_transpose,1.0,3,10000,0,320000.0,181562.0,181208.0,0.56738125,0.998050252806204,0.2831375,1758.661406,17.925428,1776.586834,2.726778,262939.0,4632.0,0.0,0.0,0.0,0.0,10000.0
A2_dpcbs_v4_s2,torus3d_transpose,0.05,4,10000,0,16000.0,15968.0,15949.0,0.998,0.998810120240481,0.0249203125,2.0,9.062449,11.062449,3.003825,0.0,0.0,0.0,47307.0,0.0,0.0,10000.0
A2_dpcbs_v4_s2,torus3d_transpose,0.1,4,10000,0,32000.0,31948.0,31906.0,0.998375,0.9986853637160386,0.049853125,2.0,9.121168,11.121168,3.00351,81.0,10.0,101.0,91549.0,0.0,0.0,10000.0
A2_dpcbs_v4_s2,torus3d_transpose,0.15,4,10000,0,48000.0,47760.0,47703.0,0.995,0.9988065326633165,0.0745359375,2.0,9.178794,11.178794,2.999057,417.0,33.0,461.0,130600.0,0.0,0.0,10000.0
A2_dpcbs_v4_s2,torus3d_transpose,0.2,4,10000,0,64000.0,63806.0,63731.0,0.99696875,0.9988245619534213,0.0995796875,2.0,9.262337,11.262337,3.001553,1169.0,94.0,1339.0,166157.0,0.0,0.0,10000.0
A2_dpcbs_v4_s2,torus3d_transpose,0.25,4,10000,0,80000.0,79713.0,79625.0,0.9964125,0.9988960395418565,0.1244140625,2.0,9.371014,11.371014,3.00368,2591.0,262.0,2800.0,197389.0,0.0,0.0,10000.0
A2_dpcbs_v4_s2,torus3d_transpose,0.3,4,10000,0,96000.0,95810.0,95709.0,0.9980208333333334,0.9989458302891139,0.1495453125,2.000178,9.506201,11.506379,3.001243,4968.0,475.0,5208.0,224732.0,0.0,0.0,10000.0
A2_dpcbs_v4_s2,torus3d_transpose,0.35,4,10000,0,112000.0,111703.0,111590.0,0.9973482142857143,0.9989883888525823,0.174359375,2.000385,9.740989,11.741375,3.000771,9541.0,876.0,9690.0,248503.0,0.0,0.0,10000.0
A2_dpcbs_v4_s2,torus3d_transpose,0.4,4,10000,0,128000.0,127637.0,127500.0,0.9971640625,0.9989266435281305,0.19921875,2.002745,10.186424,12.189169,3.000078,18804.0,1351.0,18019.0,268079.0,0.0,0.0,10000.0
A2_dpcbs_v4_s2,torus3d_transpose,0.45,4,10000,0,144000.0,143553.0,143388.0,0.9968958333333333,0.9988505987335687,0.22404375,2.645026,12.399908,15.044934,2.99795,60581.0,2270.0,46570.0,276827.0,0.0,0.0,10000.0
A2_dpcbs_v4_s2,torus3d_transpose,0.5,4,10000,0,160000.0,147904.0,147514.0,0.9244,0.9973631544785807,0.230490625,275.462424,23.52875,298.991174,2.950622,331955.0,1319.0,255790.0,248924.0,0.0,0.0,10000.0
A2_dpcbs_v4_s2,torus3d_transpose,0.55,4,10000,0,176000.0,153214.0,152814.0,0.870534090909091,0.9973892725207879,0.238771875,576.276022,24.278744,600.554766,2.943644,343008.0,199.0,327634.0,257183.0,0.0,0.0,10000.0
A2_dpcbs_v4_s2,torus3d_transpose,0.6,4,10000,0,192000.0,161403.0,160999.0,0.840640625,0.9974969486316859,0.2515609375,721.850384,22.961453,744.811837,2.936254,349246.0,125.0,339782.0,268794.0,0.0,0.0,10000.0
A2_dpcbs_v4_s2,torus3d_transpose,0.65,4,10000,0,208000.0,165720.0,165315.0,0.7967307692307692,0.9975561187545257,0.2583046875,963.898702,22.348976,986.247679,2.916626,352981.0,103.0,336751.0,269334.0,0.0,0.0,10000.0
A2_dpcbs_v4_s2,torus3d_transpose,0.7,4,10000,0,224000.0,159496.0,159089.0,0.7120357142857143,0.9974482118673823,0.2485765625,1299.158182,23.808403,1322.966585,2.856087,366611.0,149.0,313552.0,245957.0,0.0,0.0,10000.0
A2_dpcbs_v4_s2,torus3d_transpose,0.75,4,10000,0,240000.0,166994.0,166582.0,0.6958083333333334,0.9975328454914548,0.260284375,1293.020422,22.729208,1315.749631,2.84721,361178.0,126.0,352705.0,262059.0,0.0,0.0,10000.0
A2_dpcbs_v4_s2,torus3d_transpose,0.8,4,10000,0,256000.0,175864.0,175453.0,0.68696875,0.9976629668380111,0.2741453125,1278.780272,21.606111,1300.386383,2.834708,345219.0,106.0,390481.0,278529.0,0.0,0.0,10000.0
A2_dpcbs_v4_s2,torus3d_transpose,0.85,4,10000,0,272000.0,184928.0,184522.0,0.6798823529411765,0.9978045509603738,0.288315625,1383.924757,20.810814,1404.735571,2.831933,325253.0,101.0,383528.0,288559.0,0.0,0.0,10000.0
A2_dpcbs_v4_s2,torus3d_transpose,0.9,4,10000,0,288000.0,183210.0,182795.0,0.6361458333333333,0.9977348398013209,0.2856171875,1505.311732,21.349304,1526.661036,2.806991,350566.0,64.0,450045.0,285333.0,0.0,0.0,10000.0
A2_dpcbs_v4_s2,torus3d_transpose,0.95,4,10000,0,304000.0,183973.0,183547.0,0.6051743421052631,0.9976844428258494,0.2867921875,1578.788959,21.620119,1600.409078,2.780955,339078.0,85.0,522002.0,276456.0,0.0,0.0,10000.0
A2_dpcbs_v4_s2,torus3d_transpose,1.0,4,10000,0,320000.0,192932.0,192514.0,0.6029125,0.9978334335413513,0.300803125,1533.719568,20.323436,1554.043005,2.753992,324915.0,40.0,556291.0,295943.0,0.0,0.0,10000.0
A3_cbs_v4,torus3d_transpose,0.05,4,10000,0,16000.0,15968.0,15949.0,0.998,0.998810120240481,0.0249203125,2.0,9.062449,11.062449,3.003825,1.0,1.0,0.0,0.0,0.0,0.0,10000.0
A3_cbs_v4,torus3d_transpose,0.1,4,10000,0,32000.0,31948.0,31906.0,0.998375,0.9986853637160386,0.049853125,2.0,9.11747,11.11747,3.00351,29.0,10.0,0.0,0.0,0.0,0.0,10000.0
A3_cbs_v4,torus3d_transpose,0.15,4,10000,0,48000.0,47760.0,47703.0,0.995,0.9988065326633165,0.0745359375,2.0,9.165985,11.165985,2.999057,119.0,56.0,0.0,0.0,0.0,0.0,10000.0
A3_cbs_v4,torus3d_transpose,0.2,4,10000,0,64000.0,63806.0,63731.0,0.99696875,0.9988245619534213,0.0995796875,2.0,9.233058,11.233058,3.001553,343.0,137.0,0.0,0.0,0.0,0.0,10000.0
A3_cbs_v4,torus3d_transpose,0.25,4,10000,0,80000.0,79713.0,79625.0,0.9964125,0.9988960395418565,0.1244140625,2.0,9.31313,11.31313,3.00368,834.0,310.0,0.0,0.0,0.0,0.0,10000.0
A3_cbs_v4,torus3d_transpose,0.3,4,10000,0,96000.0,95810.0,95709.0,0.9980208333333334,0.9989458302891139,0.1495453125,2.00001,9.40481,11.404821,3.001243,1700.0,608.0,0.0,0.0,0.0,0.0,10000.0
A3_cbs_v4,torus3d_transpose,0.35,4,10000,0,112000.0,111703.0,111591.0,0.9973482142857143,0.9989973411636214,0.1743609375,2.000036,9.55293,11.552966,3.00078,3380.0,1116.0,0.0,0.0,0.0,0.0,10000.0
A3_cbs_v4,torus3d_transpose,0.4,4,10000,0,128000.0,127637.0,127505.0,0.9971640625,0.9989658171219944,0.1992265625,2.002816,9.798596,11.801412,3.000086,6879.0,1867.0,0.0,0.0,0.0,0.0,10000.0
A3_cbs_v4,torus3d_transpose,0.45,4,10000,0,144000.0,143553.0,143399.0,0.9968958333333333,0.9989272254846642,0.2240609375,2.020872,10.383057,12.403929,2.997999,13966.0,3063.0,0.0,0.0,0.0,0.0,10000.0
A3_cbs_v4,torus3d_transpose,0.5,4,10000,0,160000.0,155559.0,155260.0,0.97224375,0.9980778997036495,0.24259375,80.730781,17.349601,98.080381,2.974649,134800.0,4380.0,0.0,0.0,0.0,0.0,10000.0
A3_cbs_v4,torus3d_transpose,0.55,4,10000,0,176000.0,165168.0,164806.0,0.9384545454545454,0.9978082921631308,0.257509375,302.594693,19.911144,322.505837,2.96721,222912.0,1015.0,0.0,0.0,0.0,0.0,10000.0
A3_cbs_v4,torus3d_transpose,0.6,4,10000,0,192000.0,166712.0,166342.0,0.8682916666666667,0.9977806036758002,0.259909375,569.79244,20.575194,590.367634,2.93434,241738.0,974.0,0.0,0.0,0.0,0.0,10000.0
A3_cbs_v4,torus3d_transpose,0.65,4,10000,0,208000.0,173639.0,173265.0,0.8348028846153847,0.9978461060015319,0.2707265625,726.715107,20.182137,746.897244,2.917658,232306.0,426.0,0.0,0.0,0.0,0.0,10000.0
A3_cbs_v4,torus3d_transpose,0.7,4,10000,0,224000.0,179268.0,178885.0,0.8003035714285714,0.9978635339268581,0.2795078125,818.485373,20.062129,838.547503,2.887207,245607.0,1330.0,0.0,0.0,0.0,0.0,10000.0
A3_cbs_v4,torus3d_transpose,0.75,4,10000,0,240000.0,189383.0,188993.0,0.7890958333333333,0.9979406810537377,0.2953015625,882.855989,19.363585,902.219574,2.887895,241444.0,866.0,0.0,0.0,0.0,0.0,10000.0
A3_cbs_v4,torus3d_transpose,0.8,4,10000,0,256000.0,189894.0,189496.0,0.7417734375,0.9979040938628919,0.2960875,1019.057795,19.818445,1038.87624,2.844588,276357.0,1132.0,0.0,0.0,0.0,0.0,10000.0
A3_cbs_v4,torus3d_transpose,0.85,4,10000,0,272000.0,195716.0,195312.0,0.7195441176470588,0.9979357845040774,0.305175,1064.007183,19.668894,1083.676077,2.823298,276285.0,1395.0,0.0,0.0,0.0,0.0,10000.0
A3_cbs_v4,torus3d_transpose,0.9,4,10000,0,288000.0,201779.0,201365.0,0.7006215277777778,0.9979482503134618,0.3146328125,1117.413855,19.134711,1136.548566,2.821026,263123.0,530.0,0.0,0.0,0.0,0.0,10000.0
A3_cbs_v4,torus3d_transpose,0.95,4,10000,0,304000.0,206385.0,205973.0,0.6788980263157894,0.9980037308912953,0.3218328125,1155.256645,18.835833,1174.092478,2.79392,282418.0,435.0,0.0,0.0,0.0,0.0,10000.0
A3_cbs_v4,torus3d_transpose,1.0,4,10000,0,320000.0,217607.0,217188.0,0.680021875,0.9980745104707109,0.33935625,1181.498481,17.853113,1199.351594,2.815947,249782.0,66.0,0.0,0.0,0.0,0.0,10000.0
A4_dpcbs_v6_s4,torus3d_transpose,0.05,6,10000,0,16000.0,15968.0,15949.0,0.998,0.998810120240481,0.0249203125,2.0,9.062386,11.062386,3.003825,0.0,0.0,0.0,47945.0,0.0,0.0,10000.0
A4_dpcbs_v6_s4,torus3d_transpose,0.1,6,10000,0,32000.0,31948.0,31906.0,0.998375,0.9986853637160386,0.049853125,2.0,9.116373,11.116373,3.00351,0.0,0.0,0.0,95875.0,0.0,0.0,10000.0
A4_dpcbs_v6_s4,torus3d_transpose,0.15,6,10000,0,48000.0,47760.0,47703.0,0.995,0.9988065326633165,0.0745359375,2.0,9.162946,11.162946,2.999057,1.0,0.0,1.0,142847.0,0.0,0.0,10000.0
A4_dpcbs_v6_s4,torus3d_transpose,0.2,6,10000,0,64000.0,63806.0,63731.0,0.99696875,0.9988245619534213,0.0995796875,2.0,9.225652,11.225652,3.001553,5.0,0.0,9.0,190269.0,0.0,0.0,10000.0
A4_dpcbs_v6_s4,torus3d_transpose,0.25,6,10000,0,80000.0,79713.0,79625.0,0.9964125,0.9988960395418565,0.1244140625,2.0,9.299642,11.299642,3.00368,46.0,0.0,64.0,236118.0,0.0,0.0,10000.0
A4_dpcbs_v6_s4,torus3d_transpose,0.3,6,10000,0,96000.0,95810.0,95708.0,0.9980208333333334,0.9989353929652437,0.14954375,2.0,9.381452,11.381452,3.001233,153.0,2.0,190.0,280435.0,0.0,0.0,10000.0
A4_dpcbs_v6_s4,torus3d_transpose,0.35,6,10000,0,112000.0,111703.0,111591.0,0.9973482142857143,0.9989973411636214,0.1743609375,2.0,9.503293,11.503293,3.00078,484.0,4.0,608.0,321930.0,0.0,0.0,10000.0
A4_dpcbs_v6_s4,torus3d_transpose,0.4,6,10000,0,128000.0,127637.0,127505.0,0.9971640625,0.9989658171219944,0.1992265625,2.0,9.696969,11.696969,3.000086,1602.0,17.0,1763.0,360048.0,0.0,0.0,10000.0
A4_dpcbs_v6_s4,torus3d_transpose,0.45,6,10000,0,144000.0,143553.0,143405.0,0.9968958333333333,0.9989690218943527,0.2240703125,2.000007,10.023033,12.02304,2.998041,3737.0,81.0,4292.0,393440.0,0.0,0.0,10000.0
A4_dpcbs_v6_s4,torus3d_transpose,0.5,6,10000,0,160000.0,159452.0,159276.0,0.996575,0.9988962195519655,0.24886875,2.103864,11.385902,13.489766,2.997551,20089.0,226.0,20759.0,412687.0,0.0,0.0,10000.0
A4_dpcbs_v6_s4,torus3d_transpose,0.55,6,10000,0,176000.0,167549.0,167030.0,0.9519829545454546,0.9969023987012754,0.260984375,184.938257,26.543872,211.482129,2.966234,425569.0,1318.0,297435.0,355109.0,0.0,0.0,10000.0
A4_dpcbs_v6_s4,torus3d_transpose,0.6,6,10000,0,192000.0,167779.0,167183.0,0.8738489583333333,0.9964477079968291,0.2612234375,549.308094,33.014918,582.323011,2.925668,563366.0,1814.0,541351.0,327945.0,0.0,0.0,10000.0
A4_dpcbs_v6_s4,torus3d_transpose,0.65,6,10000,0,208000.0,169626.0,169025.0,0.8155096153846154,0.9964569110867437,0.2641015625,784.654998,33.379334,818.034332,2.892353,579322.0,1990.0,657867.0,326983.0,0.0,0.0,10000.0
A4_dpcbs_v6_s4,torus3d_transpose,0.7,6,10000,0,224000.0,173554.0,172954.0,0.7747946428571428,0.996542862740127,0.270240625,993.256987,33.236491,1026.493478,2.866496,583607.0,2393.0,604331.0,325692.0,0.0,0.0,10000.0
A4_dpcbs_v6_s4,torus3d_transpose,0.75,6,10000,0,240000.0,178634.0,178024.0,0.7443083333333333,0.9965851965471298,0.2781625,1081.390846,32.399092,1113.789938,2.854604,584223.0,2376.0,601270.0,335017.0,0.0,0.0,10000.0
A4_dpcbs_v6_s4,torus3d_transpose,0.8,6,10000,0,256000.0,187155.0,186541.0,0.73107421875,0.9967192968395181,0.2914703125,1085.949738,30.372642,1116.32238,2.844769,523824.0,1113.0,620620.0,349012.0,0.0,0.0,10000.0
A4_dpcbs_v6_s4,torus3d_transpose,0.85,6,10000,0,272000.0,192907.0,192299.0,0.7092169117647059,0.9968482222003349,0.3004671875,1196.620258,30.353824,1226.974082,2.821928,540049.0,1981.0,630324.0,357921.0,0.0,0.0,10000.0
A4_dpcbs_v6_s4,torus3d_transpose,0.9,6,10000,0,288000.0,196880.0,196266.0,0.6836111111111111,0.9968813490451036,0.306665625,1310.820606,29.569864,1340.39047,2.794768,551492.0,1490.0,646139.0,357939.0,0.0,0.0,10000.0
A4_dpcbs_v6_s4,torus3d_transpose,0.95,6,10000,0,304000.0,211207.0,210591.0,0.6947598684210526,0.9970834299999527,0.3290484375,1289.555209,28.072619,1317.627828,2.834775,511939.0,902.0,661338.0,397818.0,0.0,0.0,10000.0
A4_dpcbs_v6_s4,torus3d_transpose,1.0,6,10000,0,320000.0,228820.0,228231.0,0.7150625,0.9974259243073158,0.3566109375,1185.512787,24.465217,1209.978005,2.853425,386823.0,203.0,678772.0,454547.0,0.0,0.0,10000.0
B1_esc_v2,torus3d_transpose,0.05,2,10000,0,16000.0,15967.0,15949.0,0.9979375,0.9988726748919646,0.0249203125,2.224465,9.070287,11.294752,3.019249,0.0,0.0,0.0,0.0,756.0,480.0,10000.0
B1_esc_v2,torus3d_transpose,0.1,2,10000,0,32000.0,31944.0,31905.0,0.99825,0.998779113448535,0.0498515625,2.524056,9.128914,11.65297,3.036452,0.0,0.0,0.0,0.0,3262.0,2043.0,10000.0
B1_esc_v2,torus3d_transpose,0.15,2,10000,0,48000.0,47753.0,47700.0,0.9948541666666667,0.9988901220865705,0.07453125,2.944969,9.17457,12.119539,3.048008,0.0,0.0,0.0,0.0,7261.0,4392.0,10000.0
B1_esc_v2,torus3d_transpose,0.2,2,10000,0,64000.0,63792.0,63724.0,0.99675,0.9989340356157512,0.09956875,3.574477,9.242483,12.816961,3.069958,0.0,0.0,0.0,0.0,13482.0,7812.0,10000.0
B1_esc_v2,torus3d_transpose,0.25,2,10000,0,80000.0,79689.0,79605.0,0.9961125,0.9989459021947822,0.1243828125,4.620715,9.309327,13.930042,3.088776,0.0,0.0,0.0,0.0,21737.0,12346.0,10000.0
B1_esc_v2,torus3d_transpose,0.3,2,10000,0,96000.0,95760.0,95665.0,0.9975,0.9990079365079365,0.1494765625,6.73287,9.384174,16.117044,3.111044,0.0,0.0,0.0,0.0,33054.0,18116.0,10000.0
B1_esc_v2,torus3d_transpose,0.35,2,10000,0,112000.0,111579.0,111460.0,0.9962410714285714,0.998933491069108,0.17415625,13.325363,9.450583,22.775947,3.12426,0.0,0.0,0.0,0.0,44552.0,23992.0,10000.0
B1_esc_v2,torus3d_transpose,0.4,2,10000,0,128000.0,125295.0,125154.0,0.9788671875,0.998874655812283,0.195553125,115.62682,9.529308,125.156128,3.145708,0.0,0.0,0.0,0.0,57410.0,29738.0,10000.0
B1_esc_v2,torus3d_transpose,0.45,2,10000,0,144000.0,126570.0,126441.0,0.8789583333333333,0.9989808011377104,0.1975640625,591.852374,9.517419,601.369793,3.142319,0.0,0.0,0.0,0.0,57813.0,30123.0,10000.0
B1_esc_v2,torus3d_transpose,0.5,2,10000,0,160000.0,126616.0,126478.0,0.79135,0.9989100903519302,0.197621875,1028.244208,9.52247,1037.766679,3.141859,0.0,0.0,0.0,0.0,57769.0,30256.0,10000.0
B1_esc_v2,torus3d_transpose,0.55,2,10000,0,176000.0,126628.0,126506.0,0.7194772727272727,0.9990365479988628,0.197665625,1392.061507,9.512711,1401.574218,3.139677,0.0,0.0,0.0,0.0,57079.0,29905.0,10000.0
B1_esc_v2,torus3d_transpose,0.6,2,10000,0,192000.0,126655.0,126517.0,0.6596614583333333,0.9989104259602858,0.1976828125,1689.547294,9.521377,1699.068671,3.142929,0.0,0.0,0.0,0.0,57664.0,29993.0,10000.0
B1_esc_v2,torus3d_transpose,0.65,2,10000,0,208000.0,126659.0,126526.0,0.6089375,0.9989499364435216,0.197696875,1947.250865,9.521276,1956.772142,3.142485,0.0,0.0,0.0,0.0,57875.0,30105.0,10000.0
B1_esc_v2,torus3d_transpose,0.7,2,10000,0,224000.0,126628.0,126507.0,0.5653035714285715,0.9990444451464131,0.1976671875,2167.072731,9.529457,2176.602188,3.142972,0.0,0.0,0.0,0.0,58151.0,30221.0,10000.0
B1_esc_v2,torus3d_transpose,0.75,2,10000,0,240000.0,126697.0,126567.0,0.5279041666666666,0.9989739299273069,0.1977609375,2357.308437,9.521297,2366.829734,3.141877,0.0,0.0,0.0,0.0,57813.0,30013.0,10000.0
B1_esc_v2,torus3d_transpose,0.8,2,10000,0,256000.0,126696.0,126567.0,0.49490625,0.9989818147376397,0.1977609375,2521.849692,9.520918,2531.37061,3.142968,0.0,0.0,0.0,0.0,58164.0,30228.0,10000.0
B1_esc_v2,torus3d_transpose,0.85,2,10000,0,272000.0,126690.0,126556.0,0.4657720588235294,0.9989423001026126,0.19774375,2667.39445,9.521745,2676.916195,3.141724,0.0,0.0,0.0,0.0,57952.0,30444.0,10000.0
B1_esc_v2,torus3d_transpose,0.9,2,10000,0,288000.0,126677.0,126544.0,0.43985069444444447,0.9989500856509074,0.197725,2796.267267,9.514683,2805.781949,3.138924,0.0,0.0,0.0,0.0,57380.0,30218.0,10000.0
B1_esc_v2,torus3d_transpose,0.95,2,10000,0,304000.0,126727.0,126596.0,0.4168651315789474,0.998966281849961,0.19780625,2911.388535,9.510482,2920.899017,3.138741,0.0,0.0,0.0,0.0,56951.0,29882.0,10000.0
B1_esc_v2,torus3d_transpose,1.0,2,10000,0,320000.0,126693.0,126562.0,0.395915625,0.9989660044359199,0.197753125,3015.898161,9.530246,3025.428407,3.14611,0.0,0.0,0.0,0.0,58270.0,30150.0,10000.0
B2_dpesc_v3_s2,torus3d_transpose,0.05,3,10000,0,16000.0,15968.0,15949.0,0.998,0.998810120240481,0.0249203125,2.00301,9.042636,11.045645,3.004702,0.0,0.0,0.0,47924.0,35.0,21.0,10000.0
B2_dpesc_v3_s2,torus3d_transpose,0.1,3,10000,0,32000.0,31948.0,31906.0,0.998375,0.9986853637160386,0.049853125,2.010656,9.07986,11.090516,3.005955,0.0,0.0,0.0,95727.0,266.0,180.0,10000.0
B2_dpesc_v3_s2,torus3d_transpose,0.15,3,10000,0,48000.0,47760.0,47703.0,0.995,0.9988065326633165,0.0745359375,2.024736,9.109951,11.134688,3.006184,0.0,0.0,0.0,142505.0,1017.0,649.0,10000.0
B2_dpesc_v3_s2,torus3d_transpose,0.2,3,10000,0,64000.0,63805.0,63730.0,0.996953125,0.9988245435310712,0.099578125,2.046195,9.157367,11.203562,3.015064,0.0,0.0,0.0,189602.0,2703.0,1694.0,10000.0
B2_dpesc_v3_s2,torus3d_transpose,0.25,3,10000,0,80000.0,79712.0,79624.0,0.9964,0.998896025692493,0.1244125,2.072579,9.221278,11.293856,3.029715,0.0,0.0,0.0,235223.0,6197.0,3642.0,10000.0
B2_dpesc_v3_s2,torus3d_transpose,0.3,3,10000,0,96000.0,95809.0,95708.0,0.9980104166666667,0.9989458192862883,0.14954375,2.109364,9.278608,11.387972,3.040456,0.0,0.0,0.0,279820.0,11372.0,6500.0,10000.0
B2_dpesc_v3_s2,torus3d_transpose,0.35,3,10000,0,112000.0,111700.0,111590.0,0.9973214285714286,0.9990152193375111,0.174359375,2.155059,9.351322,11.506381,3.057837,0.0,0.0,0.0,322107.0,19331.0,10593.0,10000.0
B2_dpesc_v3_s2,torus3d_transpose,0.4,3,10000,0,128000.0,127634.0,127504.0,0.997140625,0.9989814626196781,0.199225,2.220409,9.450276,11.670685,3.080013,0.0,0.0,0.0,362128.0,30845.0,16390.0,10000.0
B2_dpesc_v3_s2,torus3d_transpose,0.45,3,10000,0,144000.0,143549.0,143403.0,0.9968680555555556,0.9989829256908791,0.2240671875,2.311458,9.561209,11.872667,3.10292,0.0,0.0,0.0,399784.0,45486.0,23464.0,10000.0
B2_dpesc_v3_s2,torus3d_transpose,0.5,3,10000,0,160000.0,159449.0,159284.0,0.99655625,0.9989651863605291,0.24888125,2.438506,9.707303,12.145809,3.128098,0.0,0.0,0.0,435388.0,63194.0,31829.0,10000.0
B2_dpesc_v3_s2,torus3d_transpose,0.55,3,10000,0,176000.0,175628.0,175437.0,0.9978863636363636,0.9989124740929692,0.2741203125,2.642943,9.914043,12.556986,3.161921,0.0,0.0,0.0,468916.0,86198.0,42062.0,10000.0
B2_dpesc_v3_s2,torus3d_transpose,0.6,3,10000,0,192000.0,191489.0,191276.0,0.9973385416666667,0.9988876645655886,0.29886875,2.992012,10.19635,13.188361,3.19371,0.0,0.0,0.0,499400.0,111929.0,53021.0,10000.0
B2_dpesc_v3_s2,torus3d_transpose,0.65,3,10000,0,208000.0,207619.0,207376.0,0.9981682692307692,0.9988295868875199,0.324025,3.911446,10.593063,14.504509,3.224336,0.0,0.0,0.0,528916.0,140258.0,64703.0,10000.0
B2_dpesc_v3_s2,torus3d_transpose,0.7,3,10000,0,224000.0,223238.0,222971.0,0.9965982142857143,0.9988039670665388,0.3483921875,15.960394,11.236784,27.197178,3.250503,0.0,0.0,0.0,556150.0,169198.0,76437.0,10000.0
B2_dpesc_v3_s2,torus3d_transpose,0.75,3,10000,0,240000.0,232579.0,232273.0,0.9690791666666667,0.9986843180166739,0.3629265625,148.291571,12.070624,160.362194,3.294055,0.0,0.0,0.0,577588.0,188229.0,83963.0,10000.0
B2_dpesc_v3_s2,torus3d_transpose,0.8,3,10000,0,256000.0,234961.0,234661.0,0.91781640625,0.9987231923595831,0.3666578125,393.651834,12.441808,406.093641,3.303208,0.0,0.0,0.0,583171.0,192628.0,85830.0,10000.0
B2_dpesc_v3_s2,torus3d_transpose,0.85,3,10000,0,272000.0,235203.0,234878.0,0.8647169117647059,0.9986182149037215,0.366996875,656.325799,12.412022,668.737821,3.299151,0.0,0.0,0.0,583378.0,192245.0,85836.0,10000.0
B2_dpesc_v3_s2,torus3d_transpose,0.9,3,10000,0,288000.0,235335.0,235009.0,0.8171354166666667,0.9986147406888053,0.3672015625,894.405708,12.40141,906.807118,3.298172,0.0,0.0,0.0,583415.0,192409.0,85788.0,10000.0
B2_dpesc_v3_s2,torus3d_transpose,0.95,3,10000,0,304000.0,235342.0,235027.0,0.7741513157894737,0.9986615223801957,0.3672296875,1112.220817,12.400971,1124.621788,3.300029,0.0,0.0,0.0,583229.0,193061.0,85992.0,10000.0
B2_dpesc_v3_s2,torus3d_transpose,1.0,3,10000,0,320000.0,235197.0,234871.0,0.734990625,0.9986139278987402,0.3669859375,1306.077017,12.426775,1318.503791,3.299036,0.0,0.0,0.0,583974.0,191612.0,85305.0,10000.0
B3_esc_v3,torus3d_transpose,0.05,3,10000,0,16000.0,15968.0,15949.0,0.998,0.998810120240481,0.0249203125,2.002947,9.044203,11.04715,3.003825,0.0,0.0,0.0,0.0,0.0,0.0,10000.0
B3_esc_v3,torus3d_transpose,0.1,3,10000,0,32000.0,31948.0,31906.0,0.998375,0.9986853637160386,0.049853125,2.010782,9.076005,11.086786,3.003886,0.0,0.0,0.0,0.0,24.0,12.0,10000.0
B3_esc_v3,torus3d_transpose,0.15,3,10000,0,48000.0,47759.0,47703.0,0.9949791666666666,0.9988274461358069,0.0745359375,2.024883,9.097541,11.122424,2.999392,0.0,0.0,0.0,0.0,50.0,34.0,10000.0
B3_esc_v3,torus3d_transpose,0.2,3,10000,0,64000.0,63805.0,63731.0,0.996953125,0.9988402162839903,0.0995796875,2.046994,9.133687,11.180681,3.002809,0.0,0.0,0.0,0.0,194.0,113.0,10000.0
B3_esc_v3,torus3d_transpose,0.25,3,10000,0,80000.0,79712.0,79625.0,0.9964,0.9989085708550783,0.1244140625,2.072239,9.165815,11.238053,3.005363,0.0,0.0,0.0,0.0,403.0,263.0,10000.0
B3_esc_v3,torus3d_transpose,0.3,3,10000,0,96000.0,95809.0,95709.0,0.9980104166666667,0.9989562567190974,0.1495453125,2.109227,9.187067,11.296294,3.003793,0.0,0.0,0.0,0.0,760.0,502.0,10000.0
B3_esc_v3,torus3d_transpose,0.35,3,10000,0,112000.0,111701.0,111592.0,0.9973303571428571,0.9990241806250616,0.1743625,2.154975,9.21368,11.368655,3.005108,0.0,0.0,0.0,0.0,1430.0,933.0,10000.0
B3_esc_v3,torus3d_transpose,0.4,3,10000,0,128000.0,127635.0,127504.0,0.9971484375,0.9989736357582167,0.199225,2.21706,9.241208,11.458268,3.0064,0.0,0.0,0.0,0.0,2409.0,1553.0,10000.0
B3_esc_v3,torus3d_transpose,0.45,3,10000,0,144000.0,143550.0,143408.0,0.996875,0.9990107976314873,0.224075,2.305764,9.262865,11.568629,3.006011,0.0,0.0,0.0,0.0,3500.0,2269.0,10000.0
B3_esc_v3,torus3d_transpose,0.5,3,10000,0,160000.0,159448.0,159287.0,0.99655,0.998990266419146,0.2488859375,2.425044,9.294663,11.719707,3.008858,0.0,0.0,0.0,0.0,5357.0,3402.0,10000.0
B3_esc_v3,torus3d_transpose,0.55,3,10000,0,176000.0,175628.0,175451.0,0.9978863636363636,0.9989921880337987,0.2741421875,2.600481,9.328228,11.928709,3.01259,0.0,0.0,0.0,0.0,7210.0,4648.0,10000.0
B3_esc_v3,torus3d_transpose,0.6,3,10000,0,192000.0,191495.0,191294.0,0.9973697916666666,0.9989503642392752,0.298896875,2.884387,9.3709,12.255288,3.017627,0.0,0.0,0.0,0.0,10364.0,6507.0,10000.0
B3_esc_v3,torus3d_transpose,0.65,3,10000,0,208000.0,207629.0,207415.0,0.9982163461538461,0.998969315461713,0.3240859375,3.422043,9.416257,12.8383,3.022616,0.0,0.0,0.0,0.0,14059.0,8777.0,10000.0
B3_esc_v3,torus3d_transpose,0.7,3,10000,0,224000.0,223673.0,223438.0,0.9985401785714285,0.9989493591090566,0.349121875,4.700516,9.460544,14.16106,3.024973,0.0,0.0,0.0,0.0,17858.0,11132.0,10000.0
B3_esc_v3,torus3d_transpose,0.75,3,10000,0,240000.0,239432.0,239180.0,0.9976333333333334,0.9989475091048815,0.37371875,11.477569,9.5304,21.007969,3.031449,0.0,0.0,0.0,0.0,23538.0,14519.0,10000.0
B3_esc_v3,torus3d_transpose,0.8,3,10000,0,256000.0,247190.0,246921.0,0.9655859375,0.9989117682754157,0.3858140625,174.324569,9.554611,183.87918,3.032063,0.0,0.0,0.0,0.0,26437.0,16297.0,10000.0
B3_esc_v3,torus3d_transpose,0.85,3,10000,0,272000.0,247450.0,247189.0,0.9097426470588236,0.9989452414629219,0.3862328125,446.852024,9.549426,456.40145,3.02952,0.0,0.0,0.0,0.0,26011.0,16072.0,10000.0
B3_esc_v3,torus3d_transpose,0.9,3,10000,0,288000.0,247347.0,247094.0,0.85884375,0.9989771454677032,0.386084375,700.238727,9.552518,709.791245,3.030296,0.0,0.0,0.0,0.0,26363.0,16251.0,10000.0
B3_esc_v3,torus3d_transpose,0.95,3,10000,0,304000.0,247474.0,247213.0,0.8140592105263158,0.9989453437532831,0.3862703125,927.034549,9.552418,936.586968,3.030439,0.0,0.0,0.0,0.0,26583.0,16410.0,10000.0
B3_esc_v3,torus3d_transpose,1.0,3,10000,0,320000.0,247453.0,247193.0,0.773290625,0.9989492954217568,0.3862390625,1128.225148,9.553398,1137.778546,3.030668,0.0,0.0,0.0,0.0,26411.0,16336.0,10000.0
B4_dpesc_v5_s4,torus3d_transpose,0.05,5,10000,0,16000.0,15968.0,15949.0,0.998,0.998810120240481,0.0249203125,2.0,9.042072,11.042072,3.003825,0.0,0.0,0.0,47945.0,0.0,0.0,10000.0
B4_dpesc_v5_s4,torus3d_transpose,0.1,5,10000,0,32000.0,31948.0,31906.0,0.998375,0.9986853637160386,0.049853125,2.0,9.076694,11.076694,3.00351,0.0,0.0,0.0,95915.0,0.0,0.0,10000.0
B4_dpesc_v5_s4,torus3d_transpose,0.15,5,10000,0,48000.0,47760.0,47703.0,0.995,0.9988065326633165,0.0745359375,2.0,9.098799,11.098799,2.999057,0.0,0.0,0.0,143183.0,0.0,0.0,10000.0
B4_dpesc_v5_s4,torus3d_transpose,0.2,5,10000,0,64000.0,63806.0,63731.0,0.99696875,0.9988245619534213,0.0995796875,2.0,9.137547,11.137547,3.001553,0.0,0.0,0.0,191442.0,0.0,0.0,10000.0
B4_dpesc_v5_s4,torus3d_transpose,0.25,5,10000,0,80000.0,79713.0,79625.0,0.9964125,0.9988960395418565,0.1244140625,2.0,9.174355,11.174355,3.00368,0.0,0.0,0.0,239345.0,0.0,0.0,10000.0
B4_dpesc_v5_s4,torus3d_transpose,0.3,5,10000,0,96000.0,95810.0,95709.0,0.9980208333333334,0.9989458302891139,0.1495453125,2.0,9.20345,11.20345,3.001264,0.0,0.0,0.0,287433.0,6.0,4.0,10000.0
B4_dpesc_v5_s4,torus3d_transpose,0.35,5,10000,0,112000.0,111703.0,111592.0,0.9973482142857143,0.9990062934746605,0.1743625,2.0,9.233556,11.233556,3.000824,0.0,0.0,0.0,335070.0,11.0,5.0,10000.0
B4_dpesc_v5_s4,torus3d_transpose,0.4,5,10000,0,128000.0,127637.0,127504.0,0.9971640625,0.9989579824032216,0.199225,2.0,9.263592,11.263592,3.000204,0.0,0.0,0.0,382763.0,38.0,26.0,10000.0
B4_dpesc_v5_s4,torus3d_transpose,0.45,5,10000,0,144000.0,143553.0,143409.0,0.9968958333333333,0.9989968861674782,0.2240765625,2.0,9.293782,11.293782,2.99818,0.0,0.0,0.0,430178.0,70.0,52.0,10000.0
B4_dpesc_v5_s4,torus3d_transpose,0.5,5,10000,0,160000.0,159452.0,159293.0,0.996575,0.9990028347088779,0.2488953125,2.0,9.325947,11.325947,2.997935,0.0,0.0,0.0,477710.0,148.0,96.0,10000.0
B4_dpesc_v5_s4,torus3d_transpose,0.55,5,10000,0,176000.0,175634.0,175458.0,0.9979204545454545,0.9989979161210244,0.274153125,2.000006,9.366475,11.366481,2.999761,0.0,0.0,0.0,526398.0,275.0,183.0,10000.0
B4_dpesc_v5_s4,torus3d_transpose,0.6,5,10000,0,192000.0,191507.0,191312.0,0.9974322916666667,0.9989817604578423,0.298925,2.0,9.404867,11.404867,3.000429,0.0,0.0,0.0,573937.0,464.0,333.0,10000.0
B4_dpesc_v5_s4,torus3d_transpose,0.65,5,10000,0,208000.0,207649.0,207437.0,0.9983125,0.9989790463715211,0.3241203125,2.000014,9.445586,11.4456,3.001808,0.0,0.0,0.0,622111.0,1003.0,628.0,10000.0
B4_dpesc_v5_s4,torus3d_transpose,0.7,5,10000,0,224000.0,223725.0,223496.0,0.9987723214285714,0.9989764219465862,0.3492125,2.000004,9.486751,11.486756,3.001289,0.0,0.0,0.0,669525.0,1704.0,1098.0,10000.0
B4_dpesc_v5_s4,torus3d_transpose,0.75,5,10000,0,240000.0,239664.0,239410.0,0.9986,0.9989401829227585,0.374078125,2.000017,9.537814,11.53783,3.003258,0.0,0.0,0.0,716635.0,2887.0,1830.0,10000.0
B4_dpesc_v5_s4,torus3d_transpose,0.8,5,10000,0,256000.0,255852.0,255589.0,0.999421875,0.9989720619733283,0.3993578125,2.000023,9.591266,11.591289,3.006444,0.0,0.0,0.0,764184.0,4747.0,2893.0,10000.0
B4_dpesc_v5_s4,torus3d_transpose,0.85,5,10000,0,272000.0,271674.0,271396.0,0.9988014705882353,0.9989767147389886,0.42405625,2.000041,9.645901,11.645942,3.007981,0.0,0.0,0.0,809718.0,7178.0,4381.0,10000.0
B4_dpesc_v5_s4,torus3d_transpose,0.9,5,10000,0,288000.0,287669.0,287359.0,0.9988506944444444,0.9989223725879396,0.4489984375,2.000045,9.721171,11.721216,3.01361,0.0,0.0,0.0,855029.0,11585.0,6924.0,10000.0
B4_dpesc_v5_s4,torus3d_transpose,0.95,5,10000,0,304000.0,303819.0,303500.0,0.9994046052631579,0.9989500327497622,0.47421875,2.000227,9.79083,11.791058,3.01747,0.0,0.0,0.0,899691.0,16731.0,10002.0,10000.0
B4_dpesc_v5_s4,torus3d_transpose,1.0,5,10000,0,320000.0,319602.0,319269.0,0.99875625,0.9989580791108942,0.4988578125,2.000357,9.874576,11.874933,3.024522,0.0,0.0,0.0,941994.0,24288.0,14171.0,10000.0
B5_esc_v4,torus3d_transpose,0.05,4,10000,0,16000.0,15968.0,15949.0,0.998,0.998810120240481,0.0249203125,2.0,9.042072,11.042072,3.003825,0.0,0.0,0.0,0.0,0.0,0.0,10000.0
B5_esc_v4,torus3d_transpose,0.1,4,10000,0,32000.0,31948.0,31906.0,0.998375,0.9986853637160386,0.049853125,2.0,9.076694,11.076694,3.00351,0.0,0.0,0.0,0.0,0.0,0.0,10000.0
B5_esc_v4,torus3d_transpose,0.15,4,10000,0,48000.0,47760.0,47703.0,0.995,0.9988065326633165,0.0745359375,2.0,9.098799,11.098799,2.999057,0.0,0.0,0.0,0.0,0.0,0.0,10000.0
B5_esc_v4,torus3d_transpose,0.2,4,10000,0,64000.0,63806.0,63730.0,0.99696875,0.9988088894461336,0.099578125,2.000016,9.137471,11.137486,3.001538,0.0,0.0,0.0,0.0,0.0,0.0,10000.0
B5_esc_v4,torus3d_transpose,0.25,4,10000,0,80000.0,79713.0,79624.0,0.9964125,0.9988834945366503,0.1244125,2.000025,9.176793,11.176819,3.003692,0.0,0.0,0.0,0.0,0.0,0.0,10000.0
B5_esc_v4,torus3d_transpose,0.3,4,10000,0,96000.0,95810.0,95709.0,0.9980208333333334,0.9989458302891139,0.1495453125,2.000021,9.201611,11.201632,3.001243,0.0,0.0,0.0,0.0,1.0,1.0,10000.0
B5_esc_v4,torus3d_transpose,0.35,4,10000,0,112000.0,111703.0,111592.0,0.9973482142857143,0.9990062934746605,0.1743625,2.00009,9.23249,11.232579,3.000789,0.0,0.0,0.0,0.0,7.0,5.0,10000.0
B5_esc_v4,torus3d_transpose,0.4,4,10000,0,128000.0,127637.0,127506.0,0.9971640625,0.9989736518407671,0.199228125,2.000165,9.264686,11.26485,3.000094,0.0,0.0,0.0,0.0,7.0,7.0,10000.0
B5_esc_v4,torus3d_transpose,0.45,4,10000,0,144000.0,143553.0,143409.0,0.9968958333333333,0.9989968861674782,0.2240765625,2.000258,9.289947,11.290205,2.998082,0.0,0.0,0.0,0.0,19.0,15.0,10000.0
B5_esc_v4,torus3d_transpose,0.5,4,10000,0,160000.0,159452.0,159294.0,0.996575,0.9990091061886963,0.248896875,2.00054,9.327169,11.327709,2.99774,0.0,0.0,0.0,0.0,51.0,31.0,10000.0
B5_esc_v4,torus3d_transpose,0.55,4,10000,0,176000.0,175634.0,175456.0,0.9979204545454545,0.9989865288042179,0.27415,2.000901,9.362798,11.363698,2.999441,0.0,0.0,0.0,0.0,81.0,47.0,10000.0
B5_esc_v4,torus3d_transpose,0.6,4,10000,0,192000.0,191507.0,191311.0,0.9974322916666667,0.9989765387166004,0.2989234375,2.001589,9.402653,11.404242,3.000037,0.0,0.0,0.0,0.0,148.0,100.0,10000.0
B5_esc_v4,torus3d_transpose,0.65,4,10000,0,208000.0,207649.0,207440.0,0.9983125,0.998993493828528,0.324125,2.002574,9.441414,11.443989,3.000347,0.0,0.0,0.0,0.0,198.0,146.0,10000.0
B5_esc_v4,torus3d_transpose,0.7,4,10000,0,224000.0,223725.0,223491.0,0.9987723214285714,0.9989540730807912,0.3492046875,2.004515,9.480641,11.485156,2.999217,0.0,0.0,0.0,0.0,332.0,232.0,10000.0
B5_esc_v4,torus3d_transpose,0.75,4,10000,0,240000.0,239664.0,239417.0,0.9986,0.9989693904800053,0.3740890625,2.006566,9.524219,11.530785,3.000104,0.0,0.0,0.0,0.0,570.0,372.0,10000.0
B5_esc_v4,torus3d_transpose,0.8,4,10000,0,256000.0,255852.0,255586.0,0.999421875,0.998960336444507,0.399353125,2.010196,9.572512,11.582708,3.001064,0.0,0.0,0.0,0.0,794.0,551.0,10000.0
B5_esc_v4,torus3d_transpose,0.85,4,10000,0,272000.0,271673.0,271397.0,0.998797794117647,0.9989840727639479,0.4240578125,2.01524,9.619933,11.635173,3.000512,0.0,0.0,0.0,0.0,1137.0,762.0,10000.0
B5_esc_v4,torus3d_transpose,0.9,4,10000,0,288000.0,287669.0,287367.0,0.9988506944444444,0.9989501823276057,0.4490109375,2.024276,9.67299,11.697265,3.002161,0.0,0.0,0.0,0.0,1774.0,1184.0,10000.0
B5_esc_v4,torus3d_transpose,0.95,4,10000,0,304000.0,303819.0,303503.0,0.9994046052631579,0.9989599070499212,0.4742234375,2.03572,9.726158,11.761877,3.002211,0.0,0.0,0.0,0.0,2246.0,1484.0,10000.0
B5_esc_v4,torus3d_transpose,1.0,4,10000,0,320000.0,319601.0,319270.0,0.998753125,0.9989643336535242,0.498859375,2.053118,9.782917,11.836035,3.003063,0.0,0.0,0.0,0.0,3292.0,2189.0,10000.0
B6_dpesc_v7_s6,torus3d_transpose,0.05,7,10000,0,16000.0,15968.0,15949.0,0.998,0.998810120240481,0.0249203125,2.0,9.042072,11.042072,3.003825,0.0,0.0,0.0,47945.0,0.0,0.0,10000.0
B6_dpesc_v7_s6,torus3d_transpose,0.1,7,10000,0,32000.0,31948.0,31906.0,0.998375,0.9986853637160386,0.049853125,2.0,9.076694,11.076694,3.00351,0.0,0.0,0.0,95915.0,0.0,0.0,10000.0
B6_dpesc_v7_s6,torus3d_transpose,0.15,7,10000,0,48000.0,47760.0,47703.0,0.995,0.9988065326633165,0.0745359375,2.0,9.098799,11.098799,2.999057,0.0,0.0,0.0,143183.0,0.0,0.0,10000.0
B6_dpesc_v7_s6,torus3d_transpose,0.2,7,10000,0,64000.0,63806.0,63731.0,0.99696875,0.9988245619534213,0.0995796875,2.0,9.137547,11.137547,3.001553,0.0,0.0,0.0,191442.0,0.0,0.0,10000.0
B6_dpesc_v7_s6,torus3d_transpose,0.25,7,10000,0,80000.0,79713.0,79625.0,0.9964125,0.9988960395418565,0.1244140625,2.0,9.174355,11.174355,3.00368,0.0,0.0,0.0,239345.0,0.0,0.0,10000.0
B6_dpesc_v7_s6,torus3d_transpose,0.3,7,10000,0,96000.0,95810.0,95709.0,0.9980208333333334,0.9989458302891139,0.1495453125,2.0,9.203513,11.203513,3.001243,0.0,0.0,0.0,287439.0,0.0,0.0,10000.0
B6_dpesc_v7_s6,torus3d_transpose,0.35,7,10000,0,112000.0,111703.0,111591.0,0.9973482142857143,0.9989973411636214,0.1743609375,2.0,9.234195,11.234195,3.000762,0.0,0.0,0.0,335075.0,0.0,0.0,10000.0
B6_dpesc_v7_s6,torus3d_transpose,0.4,7,10000,0,128000.0,127637.0,127506.0,0.9971640625,0.9989736518407671,0.199228125,2.0,9.266427,11.266427,3.000094,0.0,0.0,0.0,382790.0,0.0,0.0,10000.0
B6_dpesc_v7_s6,torus3d_transpose,0.45,7,10000,0,144000.0,143553.0,143407.0,0.9968958333333333,0.9989829540309154,0.2240734375,2.0,9.293772,11.293772,2.998041,0.0,0.0,0.0,430232.0,0.0,0.0,10000.0
B6_dpesc_v7_s6,torus3d_transpose,0.5,7,10000,0,160000.0,159452.0,159293.0,0.996575,0.9990028347088779,0.2488953125,2.0,9.324904,11.324904,2.997608,0.0,0.0,0.0,477808.0,0.0,0.0,10000.0
B6_dpesc_v7_s6,torus3d_transpose,0.55,7,10000,0,176000.0,175634.0,175458.0,0.9979204545454545,0.9989979161210244,0.274153125,2.0,9.363557,11.363557,2.999248,0.0,0.0,0.0,526582.0,0.0,0.0,10000.0
B6_dpesc_v7_s6,torus3d_transpose,0.6,7,10000,0,192000.0,191507.0,191312.0,0.9974322916666667,0.9989817604578423,0.298925,2.0,9.401935,11.401935,2.99977,0.0,0.0,0.0,574276.0,0.0,0.0,10000.0
B6_dpesc_v7_s6,torus3d_transpose,0.65,7,10000,0,208000.0,207649.0,207436.0,0.9983125,0.9989742305525189,0.32411875,2.0,9.44138,11.44138,3.000077,0.0,0.0,0.0,622759.0,0.0,0.0,10000.0
B6_dpesc_v7_s6,torus3d_transpose,0.7,7,10000,0,224000.0,223725.0,223495.0,0.9987723214285714,0.9989719521734272,0.3492109375,2.0,9.482082,11.482082,2.99877,0.0,0.0,0.0,670668.0,0.0,0.0,10000.0
B6_dpesc_v7_s6,torus3d_transpose,0.75,7,10000,0,240000.0,239664.0,239417.0,0.9986,0.9989693904800053,0.3740890625,2.0,9.523267,11.523267,2.999294,0.0,0.0,0.0,718567.0,1.0,1.0,10000.0
B6_dpesc_v7_s6,torus3d_transpose,0.8,7,10000,0,256000.0,255852.0,255587.0,0.999421875,0.9989642449541141,0.3993546875,2.0,9.57242,11.57242,3.000137,0.0,0.0,0.0,767314.0,3.0,1.0,10000.0
B6_dpesc_v7_s6,torus3d_transpose,0.85,7,10000,0,272000.0,271674.0,271394.0,0.9988014705882353,0.9989693529745209,0.424053125,2.0,9.617239,11.617239,2.999167,0.0,0.0,0.0,814504.0,1.0,1.0,10000.0
B6_dpesc_v7_s6,torus3d_transpose,0.9,7,10000,0,288000.0,287669.0,287361.0,0.9988506944444444,0.9989293250228561,0.4490015625,2.0,9.670432,11.670432,3.000164,0.0,0.0,0.0,862741.0,8.0,4.0,10000.0
B6_dpesc_v7_s6,torus3d_transpose,0.95,7,10000,0,304000.0,303819.0,303501.0,0.9994046052631579,0.9989533241831485,0.4742203125,2.0,9.728377,11.728377,2.999759,0.0,0.0,0.0,911047.0,6.0,4.0,10000.0
B6_dpesc_v7_s6,torus3d_transpose,1.0,7,10000,0,320000.0,319602.0,319273.0,0.99875625,0.9989705946771297,0.4988640625,2.0,9.783123,11.783123,2.999753,0.0,0.0,0.0,958357.0,14.0,8.0,10000.0
A1_cbs_v3,torus3d_neighbor,0.05,3,10000,0,16000.0,15968.0,15957.0,0.998,0.9993111222444889,0.0249328125,2.0,5.0,7.0,1.0,0.0,0.0,0.0,0.0,0.0,0.0,10000.0
A1_cbs_v3,torus3d_neighbor,0.1,3,10000,0,32000.0,31948.0,31924.0,0.998375,0.9992487792663077,0.04988125,2.0,5.0,7.0,1.0,0.0,0.0,0.0,0.0,0.0,0.0,10000.0
A1_cbs_v3,torus3d_neighbor,0.15,3,10000,0,48000.0,47760.0,47729.0,0.995,0.9993509212730318,0.0745765625,2.0,5.0,7.0,1.0,0.0,0.0,0.0,0.0,0.0,0.0,10000.0
A1_cbs_v3,torus3d_neighbor,0.2,3,10000,0,64000.0,63806.0,63763.0,0.99696875,0.9993260821866282,0.0996296875,2.0,5.0,7.0,1.0,0.0,0.0,0.0,0.0,0.0,0.0,10000.0
A1_cbs_v3,torus3d_neighbor,0.25,3,10000,0,80000.0,79713.0,79662.0,0.9964125,0.999360204734485,0.124471875,2.0,5.0,7.0,1.0,0.0,0.0,0.0,0.0,0.0,0.0,10000.0
A1_cbs_v3,torus3d_neighbor,0.3,3,10000,0,96000.0,95810.0,95751.0,0.9980208333333334,0.9993841978916606,0.1496109375,2.0,5.0,7.0,1.0,0.0,0.0,0.0,0.0,0.0,0.0,10000.0
A1_cbs_v3,torus3d_neighbor,0.35,3,10000,0,112000.0,111703.0,111637.0,0.9973482142857143,0.9994091474714197,0.1744328125,2.0,5.0,7.0,1.0,0.0,0.0,0.0,0.0,0.0,0.0,10000.0
A1_cbs_v3,torus3d_neighbor,0.4,3,10000,0,128000.0,127637.0,127562.0,0.9971640625,0.9994123960920422,0.199315625,2.0,5.0,7.0,1.0,0.0,0.0,0.0,0.0,0.0,0.0,10000.0
A1_cbs_v3,torus3d_neighbor,0.45,3,10000,0,144000.0,143553.0,143470.0,0.9968958333333333,0.9994218163326437,0.224171875,2.0,5.0,7.0,1.0,0.0,0.0,0.0,0.0,0.0,0.0,10000.0
A1_cbs_v3,torus3d_neighbor,0.5,3,10000,0,160000.0,159452.0,159359.0,0.996575,0.9994167523768909,0.2489984375,2.0,5.0,7.0,1.0,0.0,0.0,0.0,0.0,0.0,0.0,10000.0
A1_cbs_v3,torus3d_neighbor,0.55,3,10000,0,176000.0,175634.0,175531.0,0.9979204545454545,0.9994135531844631,0.2742671875,2.0,5.0,7.0,1.0,0.0,0.0,0.0,0.0,0.0,0.0,10000.0
A1_cbs_v3,torus3d_neighbor,0.6,3,10000,0,192000.0,191507.0,191396.0,0.9974322916666667,0.9994203867221564,0.29905625,2.0,5.0,7.0,1.0,0.0,0.0,0.0,0.0,0.0,0.0,10000.0
A1_cbs_v3,torus3d_neighbor,0.65,3,10000,0,208000.0,207649.0,207533.0,0.9983125,0.999441364995738,0.3242703125,2.0,5.0,7.0,1.0,0.0,0.0,0.0,0.0,0.0,0.0,10000.0
A1_cbs_v3,torus3d_neighbor,0.7,3,10000,0,224000.0,223725.0,223596.0,0.9987723214285714,0.9994233992624875,0.34936875,2.0,5.0,7.0,1.0,0.0,0.0,0.0,0.0,0.0,0.0,10000.0
A1_cbs_v3,torus3d_neighbor,0.75,3,10000,0,240000.0,239664.0,239523.0,0.9986,0.9994116763468857,0.3742546875,2.0,5.0,7.0,1.0,0.0,0.0,0.0,0.0,0.0,0.0,10000.0
A1_cbs_v3,torus3d_neighbor,0.8,3,10000,0,256000.0,255852.0,255701.0,0.999421875,0.9994098150493254,0.3995328125,2.0,5.0,7.0,1.0,0.0,0.0,0.0,0.0,0.0,0.0,10000.0
A1_cbs_v3,torus3d_neighbor,0.85,3,10000,0,272000.0,271674.0,271515.0,0.9988014705882353,0.9994147397248172,0.4242421875,2.0,5.0,7.0,1.0,0.0,0.0,0.0,0.0,0.0,0.0,10000.0
A1_cbs_v3,torus3d_neighbor,0.9,3,10000,0,288000.0,287669.0,287498.0,0.9988506944444444,0.9994055668146377,0.449215625,2.0,5.0,7.0,1.0,0.0,0.0,0.0,0.0,0.0,0.0,10000.0
A1_cbs_v3,torus3d_neighbor,0.95,3,10000,0,304000.0,303819.0,303636.0,0.9994046052631579,0.9993976676903025,0.47443125,2.0,5.0,7.0,1.0,0.0,0.0,0.0,0.0,0.0,0.0,10000.0
A1_cbs_v3,torus3d_neighbor,1.0,3,10000,0,320000.0,319602.0,319411.0,0.99875625,0.9994023817122546,0.4990796875,2.0,5.0,7.0,1.0,0.0,0.0,0.0,0.0,0.0,0.0,10000.0
A2_dpcbs_v4_s2,torus3d_neighbor,0.05,4,10000,0,16000.0,15968.0,15957.0,0.998,0.9993111222444889,0.0249328125,2.0,5.0,7.0,1.0,0.0,0.0,0.0,15963.0,0.0,0.0,10000.0
A2_dpcbs_v4_s2,torus3d_neighbor,0.1,4,10000,0,32000.0,31948.0,31924.0,0.998375,0.9992487792663077,0.04988125,2.0,5.0,7.0,1.0,0.0,0.0,0.0,31938.0,0.0,0.0,10000.0
A2_dpcbs_v4_s2,torus3d_neighbor,0.15,4,10000,0,48000.0,47760.0,47729.0,0.995,0.9993509212730318,0.0745765625,2.0,5.0,7.0,1.0,0.0,0.0,0.0,47747.0,0.0,0.0,10000.0
A2_dpcbs_v4_s2,torus3d_neighbor,0.2,4,10000,0,64000.0,63806.0,63763.0,0.99696875,0.9993260821866282,0.0996296875,2.0,5.0,7.0,1.0,0.0,0.0,0.0,63788.0,0.0,0.0,10000.0
A2_dpcbs_v4_s2,torus3d_neighbor,0.25,4,10000,0,80000.0,79713.0,79662.0,0.9964125,0.999360204734485,0.124471875,2.0,5.0,7.0,1.0,0.0,0.0,0.0,79693.0,0.0,0.0,10000.0
A2_dpcbs_v4_s2,torus3d_neighbor,0.3,4,10000,0,96000.0,95810.0,95751.0,0.9980208333333334,0.9993841978916606,0.1496109375,2.0,5.0,7.0,1.0,0.0,0.0,0.0,95785.0,0.0,0.0,10000.0
A2_dpcbs_v4_s2,torus3d_neighbor,0.35,4,10000,0,112000.0,111703.0,111637.0,0.9973482142857143,0.9994091474714197,0.1744328125,2.0,5.0,7.0,1.0,0.0,0.0,0.0,111676.0,0.0,0.0,10000.0
A2_dpcbs_v4_s2,torus3d_neighbor,0.4,4,10000,0,128000.0,127637.0,127562.0,0.9971640625,0.9994123960920422,0.199315625,2.0,5.0,7.0,1.0,0.0,0.0,0.0,127608.0,0.0,0.0,10000.0
A2_dpcbs_v4_s2,torus3d_neighbor,0.45,4,10000,0,144000.0,143553.0,143470.0,0.9968958333333333,0.9994218163326437,0.224171875,2.0,5.0,7.0,1.0,0.0,0.0,0.0,143521.0,0.0,0.0,10000.0
A2_dpcbs_v4_s2,torus3d_neighbor,0.5,4,10000,0,160000.0,159452.0,159359.0,0.996575,0.9994167523768909,0.2489984375,2.0,5.0,7.0,1.0,0.0,0.0,0.0,159419.0,0.0,0.0,10000.0
A2_dpcbs_v4_s2,torus3d_neighbor,0.55,4,10000,0,176000.0,175634.0,175531.0,0.9979204545454545,0.9994135531844631,0.2742671875,2.0,5.0,7.0,1.0,0.0,0.0,0.0,175598.0,0.0,0.0,10000.0
A2_dpcbs_v4_s2,torus3d_neighbor,0.6,4,10000,0,192000.0,191507.0,191396.0,0.9974322916666667,0.9994203867221564,0.29905625,2.0,5.0,7.0,1.0,0.0,0.0,0.0,191469.0,0.0,0.0,10000.0
A2_dpcbs_v4_s2,torus3d_neighbor,0.65,4,10000,0,208000.0,207649.0,207533.0,0.9983125,0.999441364995738,0.3242703125,2.0,5.0,7.0,1.0,0.0,0.0,0.0,207609.0,0.0,0.0,10000.0
A2_dpcbs_v4_s2,torus3d_neighbor,0.7,4,10000,0,224000.0,223725.0,223596.0,0.9987723214285714,0.9994233992624875,0.34936875,2.0,5.0,7.0,1.0,0.0,0.0,0.0,223682.0,0.0,0.0,10000.0
A2_dpcbs_v4_s2,torus3d_neighbor,0.75,4,10000,0,240000.0,239664.0,239523.0,0.9986,0.9994116763468857,0.3742546875,2.0,5.0,7.0,1.0,0.0,0.0,0.0,239618.0,0.0,0.0,10000.0
A2_dpcbs_v4_s2,torus3d_neighbor,0.8,4,10000,0,256000.0,255852.0,255701.0,0.999421875,0.9994098150493254,0.3995328125,2.0,5.0,7.0,1.0,0.0,0.0,0.0,255800.0,0.0,0.0,10000.0
A2_dpcbs_v4_s2,torus3d_neighbor,0.85,4,10000,0,272000.0,271674.0,271515.0,0.9988014705882353,0.9994147397248172,0.4242421875,2.0,5.0,7.0,1.0,0.0,0.0,0.0,271619.0,0.0,0.0,10000.0
A2_dpcbs_v4_s2,torus3d_neighbor,0.9,4,10000,0,288000.0,287669.0,287498.0,0.9988506944444444,0.9994055668146377,0.449215625,2.0,5.0,7.0,1.0,0.0,0.0,0.0,287610.0,0.0,0.0,10000.0
A2_dpcbs_v4_s2,torus3d_neighbor,0.95,4,10000,0,304000.0,303819.0,303636.0,0.9994046052631579,0.9993976676903025,0.47443125,2.0,5.0,7.0,1.0,0.0,0.0,0.0,303756.0,0.0,0.0,10000.0
A2_dpcbs_v4_s2,torus3d_neighbor,1.0,4,10000,0,320000.0,319602.0,319411.0,0.99875625,0.9994023817122546,0.4990796875,2.0,5.0,7.0,1.0,0.0,0.0,0.0,319539.0,0.0,0.0,10000.0
A3_cbs_v4,torus3d_neighbor,0.05,4,10000,0,16000.0,15968.0,15957.0,0.998,0.9993111222444889,0.0249328125,2.0,5.0,7.0,1.0,0.0,0.0,0.0,0.0,0.0,0.0,10000.0
A3_cbs_v4,torus3d_neighbor,0.1,4,10000,0,32000.0,31948.0,31924.0,0.998375,0.9992487792663077,0.04988125,2.0,5.0,7.0,1.0,0.0,0.0,0.0,0.0,0.0,0.0,10000.0
A3_cbs_v4,torus3d_neighbor,0.15,4,10000,0,48000.0,47760.0,47729.0,0.995,0.9993509212730318,0.0745765625,2.0,5.0,7.0,1.0,0.0,0.0,0.0,0.0,0.0,0.0,10000.0
A3_cbs_v4,torus3d_neighbor,0.2,4,10000,0,64000.0,63806.0,63763.0,0.99696875,0.9993260821866282,0.0996296875,2.0,5.0,7.0,1.0,0.0,0.0,0.0,0.0,0.0,0.0,10000.0
A3_cbs_v4,torus3d_neighbor,0.25,4,10000,0,80000.0,79713.0,79662.0,0.9964125,0.999360204734485,0.124471875,2.0,5.0,7.0,1.0,0.0,0.0,0.0,0.0,0.0,0.0,10000.0
A3_cbs_v4,torus3d_neighbor,0.3,4,10000,0,96000.0,95810.0,95751.0,0.9980208333333334,0.9993841978916606,0.1496109375,2.0,5.0,7.0,1.0,0.0,0.0,0.0,0.0,0.0,0.0,10000.0
A3_cbs_v4,torus3d_neighbor,0.35,4,10000,0,112000.0,111703.0,111637.0,0.9973482142857143,0.9994091474714197,0.1744328125,2.0,5.0,7.0,1.0,0.0,0.0,0.0,0.0,0.0,0.0,10000.0
A3_cbs_v4,torus3d_neighbor,0.4,4,10000,0,128000.0,127637.0,127562.0,0.9971640625,0.9994123960920422,0.199315625,2.0,5.0,7.0,1.0,0.0,0.0,0.0,0.0,0.0,0.0,10000.0
A3_cbs_v4,torus3d_neighbor,0.45,4,10000,0,144000.0,143553.0,143470.0,0.9968958333333333,0.9994218163326437,0.224171875,2.0,5.0,7.0,1.0,0.0,0.0,0.0,0.0,0.0,0.0,10000.0
A3_cbs_v4,torus3d_neighbor,0.5,4,10000,0,160000.0,159452.0,159359.0,0.996575,0.9994167523768909,0.2489984375,2.0,5.0,7.0,1.0,0.0,0.0,0.0,0.0,0.0,0.0,10000.0
A3_cbs_v4,torus3d_neighbor,0.55,4,10000,0,176000.0,175634.0,175531.0,0.9979204545454545,0.9994135531844631,0.2742671875,2.0,5.0,7.0,1.0,0.0,0.0,0.0,0.0,0.0,0.0,10000.0
A3_cbs_v4,torus3d_neighbor,0.6,4,10000,0,192000.0,191507.0,191396.0,0.9974322916666667,0.9994203867221564,0.29905625,2.0,5.0,7.0,1.0,0.0,0.0,0.0,0.0,0.0,0.0,10000.0
A3_cbs_v4,torus3d_neighbor,0.65,4,10000,0,208000.0,207649.0,207533.0,0.9983125,0.999441364995738,0.3242703125,2.0,5.0,7.0,1.0,0.0,0.0,0.0,0.0,0.0,0.0,10000.0
A3_cbs_v4,torus3d_neighbor,0.7,4,10000,0,224000.0,223725.0,223596.0,0.9987723214285714,0.9994233992624875,0.34936875,2.0,5.0,7.0,1.0,0.0,0.0,0.0,0.0,0.0,0.0,10000.0
A3_cbs_v4,torus3d_neighbor,0.75,4,10000,0,240000.0,239664.0,239523.0,0.9986,0.9994116763468857,0.3742546875,2.0,5.0,7.0,1.0,0.0,0.0,0.0,0.0,0.0,0.0,10000.0
A3_cbs_v4,torus3d_neighbor,0.8,4,10000,0,256000.0,255852.0,255701.0,0.999421875,0.9994098150493254,0.3995328125,2.0,5.0,7.0,1.0,0.0,0.0,0.0,0.0,0.0,0.0,10000.0
A3_cbs_v4,torus3d_neighbor,0.85,4,10000,0,272000.0,271674.0,271515.0,0.9988014705882353,0.9994147397248172,0.4242421875,2.0,5.0,7.0,1.0,0.0,0.0,0.0,0.0,0.0,0.0,10000.0
A3_cbs_v4,torus3d_neighbor,0.9,4,10000,0,288000.0,287669.0,287498.0,0.9988506944444444,0.9994055668146377,0.449215625,2.0,5.0,7.0,1.0,0.0,0.0,0.0,0.0,0.0,0.0,10000.0
A3_cbs_v4,torus3d_neighbor,0.95,4,10000,0,304000.0,303819.0,303636.0,0.9994046052631579,0.9993976676903025,0.47443125,2.0,5.0,7.0,1.0,0.0,0.0,0.0,0.0,0.0,0.0,10000.0
A3_cbs_v4,torus3d_neighbor,1.0,4,10000,0,320000.0,319602.0,319411.0,0.99875625,0.9994023817122546,0.4990796875,2.0,5.0,7.0,1.0,0.0,0.0,0.0,0.0,0.0,0.0,10000.0
A4_dpcbs_v6_s4,torus3d_neighbor,0.05,6,10000,0,16000.0,15968.0,15957.0,0.998,0.9993111222444889,0.0249328125,2.0,5.0,7.0,1.0,0.0,0.0,0.0,15963.0,0.0,0.0,10000.0
A4_dpcbs_v6_s4,torus3d_neighbor,0.1,6,10000,0,32000.0,31948.0,31924.0,0.998375,0.9992487792663077,0.04988125,2.0,5.0,7.0,1.0,0.0,0.0,0.0,31938.0,0.0,0.0,10000.0
A4_dpcbs_v6_s4,torus3d_neighbor,0.15,6,10000,0,48000.0,47760.0,47729.0,0.995,0.9993509212730318,0.0745765625,2.0,5.0,7.0,1.0,0.0,0.0,0.0,47747.0,0.0,0.0,10000.0
A4_dpcbs_v6_s4,torus3d_neighbor,0.2,6,10000,0,64000.0,63806.0,63763.0,0.99696875,0.9993260821866282,0.0996296875,2.0,5.0,7.0,1.0,0.0,0.0,0.0,63788.0,0.0,0.0,10000.0
A4_dpcbs_v6_s4,torus3d_neighbor,0.25,6,10000,0,80000.0,79713.0,79662.0,0.9964125,0.999360204734485,0.124471875,2.0,5.0,7.0,1.0,0.0,0.0,0.0,79693.0,0.0,0.0,10000.0
A4_dpcbs_v6_s4,torus3d_neighbor,0.3,6,10000,0,96000.0,95810.0,95751.0,0.9980208333333334,0.9993841978916606,0.1496109375,2.0,5.0,7.0,1.0,0.0,0.0,0.0,95785.0,0.0,0.0,10000.0
A4_dpcbs_v6_s4,torus3d_neighbor,0.35,6,10000,0,112000.0,111703.0,111637.0,0.9973482142857143,0.9994091474714197,0.1744328125,2.0,5.0,7.0,1.0,0.0,0.0,0.0,111676.0,0.0,0.0,10000.0
A4_dpcbs_v6_s4,torus3d_neighbor,0.4,6,10000,0,128000.0,127637.0,127562.0,0.9971640625,0.9994123960920422,0.199315625,2.0,5.0,7.0,1.0,0.0,0.0,0.0,127608.0,0.0,0.0,10000.0
A4_dpcbs_v6_s4,torus3d_neighbor,0.45,6,10000,0,144000.0,143553.0,143470.0,0.9968958333333333,0.9994218163326437,0.224171875,2.0,5.0,7.0,1.0,0.0,0.0,0.0,143521.0,0.0,0.0,10000.0
A4_dpcbs_v6_s4,torus3d_neighbor,0.5,6,10000,0,160000.0,159452.0,159359.0,0.996575,0.9994167523768909,0.2489984375,2.0,5.0,7.0,1.0,0.0,0.0,0.0,159419.0,0.0,0.0,10000.0
A4_dpcbs_v6_s4,torus3d_neighbor,0.55,6,10000,0,176000.0,175634.0,175531.0,0.9979204545454545,0.9994135531844631,0.2742671875,2.0,5.0,7.0,1.0,0.0,0.0,0.0,175598.0,0.0,0.0,10000.0
A4_dpcbs_v6_s4,torus3d_neighbor,0.6,6,10000,0,192000.0,191507.0,191396.0,0.9974322916666667,0.9994203867221564,0.29905625,2.0,5.0,7.0,1.0,0.0,0.0,0.0,191469.0,0.0,0.0,10000.0
A4_dpcbs_v6_s4,torus3d_neighbor,0.65,6,10000,0,208000.0,207649.0,207533.0,0.9983125,0.999441364995738,0.3242703125,2.0,5.0,7.0,1.0,0.0,0.0,0.0,207609.0,0.0,0.0,10000.0
A4_dpcbs_v6_s4,torus3d_neighbor,0.7,6,10000,0,224000.0,223725.0,223596.0,0.9987723214285714,0.9994233992624875,0.34936875,2.0,5.0,7.0,1.0,0.0,0.0,0.0,223682.0,0.0,0.0,10000.0
A4_dpcbs_v6_s4,torus3d_neighbor,0.75,6,10000,0,240000.0,239664.0,239523.0,0.9986,0.9994116763468857,0.3742546875,2.0,5.0,7.0,1.0,0.0,0.0,0.0,239618.0,0.0,0.0,10000.0
A4_dpcbs_v6_s4,torus3d_neighbor,0.8,6,10000,0,256000.0,255852.0,255701.0,0.999421875,0.9994098150493254,0.3995328125,2.0,5.0,7.0,1.0,0.0,0.0,0.0,255800.0,0.0,0.0,10000.0
A4_dpcbs_v6_s4,torus3d_neighbor,0.85,6,10000,0,272000.0,271674.0,271515.0,0.9988014705882353,0.9994147397248172,0.4242421875,2.0,5.0,7.0,1.0,0.0,0.0,0.0,271619.0,0.0,0.0,10000.0
A4_dpcbs_v6_s4,torus3d_neighbor,0.9,6,10000,0,288000.0,287669.0,287498.0,0.9988506944444444,0.9994055668146377,0.449215625,2.0,5.0,7.0,1.0,0.0,0.0,0.0,287610.0,0.0,0.0,10000.0
A4_dpcbs_v6_s4,torus3d_neighbor,0.95,6,10000,0,304000.0,303819.0,303636.0,0.9994046052631579,0.9993976676903025,0.47443125,2.0,5.0,7.0,1.0,0.0,0.0,0.0,303756.0,0.0,0.0,10000.0
A4_dpcbs_v6_s4,torus3d_neighbor,1.0,6,10000,0,320000.0,319602.0,319411.0,0.99875625,0.9994023817122546,0.4990796875,2.0,5.0,7.0,1.0,0.0,0.0,0.0,319539.0,0.0,0.0,10000.0
B1_esc_v2,torus3d_neighbor,0.05,2,10000,0,16000.0,15967.0,15957.0,0.9979375,0.9993737082733137,0.0249328125,2.2231,5.0,7.2231,1.0,0.0,0.0,0.0,0.0,0.0,0.0,10000.0
B1_esc_v2,torus3d_neighbor,0.1,2,10000,0,32000.0,31944.0,31922.0,0.99825,0.9993112947658402,0.049878125,2.518514,5.0,7.518514,1.0,0.0,0.0,0.0,0.0,0.0,0.0,10000.0
B1_esc_v2,torus3d_neighbor,0.15,2,10000,0,48000.0,47753.0,47725.0,0.9948541666666667,0.999413649404226,0.0745703125,2.929618,5.0,7.929618,1.0,0.0,0.0,0.0,0.0,0.0,0.0,10000.0
B1_esc_v2,torus3d_neighbor,0.2,2,10000,0,64000.0,63792.0,63753.0,0.99675,0.9993886380737397,0.0996140625,3.536618,5.0,8.536618,1.0,0.0,0.0,0.0,0.0,0.0,0.0,10000.0
B1_esc_v2,torus3d_neighbor,0.25,2,10000,0,80000.0,79690.0,79640.0,0.996125,0.9993725687037269,0.1244375,4.525176,5.0,9.525176,1.0,0.0,0.0,0.0,0.0,0.0,0.0,10000.0
B1_esc_v2,torus3d_neighbor,0.3,2,10000,0,96000.0,95761.0,95711.0,0.9975104166666666,0.9994778667724856,0.1495484375,6.491971,5.0,11.491971,1.0,0.0,0.0,0.0,0.0,0.0,0.0,10000.0
B1_esc_v2,torus3d_neighbor,0.35,2,10000,0,112000.0,111592.0,111526.0,0.9963571428571428,0.9994085597533874,0.174259375,12.220549,5.0,17.220549,1.0,0.0,0.0,0.0,0.0,0.0,0.0,10000.0
B1_esc_v2,torus3d_neighbor,0.4,2,10000,0,128000.0,126058.0,125981.0,0.984828125,0.9993891700645734,0.1968453125,86.966114,5.0,91.966114,1.0,0.0,0.0,0.0,0.0,0.0,0.0,10000.0
B1_esc_v2,torus3d_neighbor,0.45,2,10000,0,144000.0,127867.0,127784.0,0.8879652777777778,0.9993508880320958,0.1996625,547.322607,5.0,552.322607,1.0,0.0,0.0,0.0,0.0,0.0,0.0,10000.0
B1_esc_v2,torus3d_neighbor,0.5,2,10000,0,160000.0,127932.0,127848.0,0.799575,0.9993434011818779,0.1997625,987.003082,5.0,992.003082,1.0,0.0,0.0,0.0,0.0,0.0,0.0,10000.0
B1_esc_v2,torus3d_neighbor,0.55,2,10000,0,176000.0,127961.0,127881.0,0.7270511363636364,0.9993748095122733,0.1998140625,1355.098764,5.0,1360.098764,1.0,0.0,0.0,0.0,0.0,0.0,0.0,10000.0
B1_esc_v2,torus3d_neighbor,0.6,2,10000,0,192000.0,127975.0,127898.0,0.6665364583333333,0.9993983199843719,0.199840625,1656.577749,5.0,1661.577749,1.0,0.0,0.0,0.0,0.0,0.0,0.0,10000.0
B1_esc_v2,torus3d_neighbor,0.65,2,10000,0,208000.0,127981.0,127907.0,0.6152932692307692,0.9994217891718302,0.1998546875,1916.992956,5.0,1921.992956,1.0,0.0,0.0,0.0,0.0,0.0,0.0,10000.0
B1_esc_v2,torus3d_neighbor,0.7,2,10000,0,224000.0,127987.0,127911.0,0.5713705357142858,0.9994061896911405,0.1998609375,2138.485775,5.0,2143.485775,1.0,0.0,0.0,0.0,0.0,0.0,0.0,10000.0
B1_esc_v2,torus3d_neighbor,0.75,2,10000,0,240000.0,127992.0,127919.0,0.5333,0.9994296518532408,0.1998734375,2331.302715,5.0,2336.302715,1.0,0.0,0.0,0.0,0.0,0.0,0.0,10000.0
B1_esc_v2,torus3d_neighbor,0.8,2,10000,0,256000.0,127996.0,127926.0,0.499984375,0.9994531079096222,0.199884375,2498.057752,5.0,2503.057752,1.0,0.0,0.0,0.0,0.0,0.0,0.0,10000.0
B1_esc_v2,torus3d_neighbor,0.85,2,10000,0,272000.0,128000.0,127928.0,0.47058823529411764,0.9994375,0.1998875,2644.317194,5.0,2649.317194,1.0,0.0,0.0,0.0,0.0,0.0,0.0,10000.0
B1_esc_v2,torus3d_neighbor,0.9,2,10000,0,288000.0,128000.0,127929.0,0.4444444444444444,0.9994453125,0.1998890625,2774.536485,5.0,2779.536485,1.0,0.0,0.0,0.0,0.0,0.0,0.0,10000.0
B1_esc_v2,torus3d_neighbor,0.95,2,10000,0,304000.0,128000.0,127933.0,0.42105263157894735,0.9994765625,0.1998953125,2892.335691,5.0,2897.335691,1.0,0.0,0.0,0.0,0.0,0.0,0.0,10000.0
B1_esc_v2,torus3d_neighbor,1.0,2,10000,0,320000.0,128000.0,127936.0,0.4,0.9995,0.1999,2996.811171,5.0,3001.811171,1.0,0.0,0.0,0.0,0.0,0.0,0.0,10000.0
B2_dpesc_v3_s2,torus3d_neighbor,0.05,3,10000,0,16000.0,15968.0,15957.0,0.998,0.9993111222444889,0.0249328125,2.002945,5.0,7.002945,1.0,0.0,0.0,0.0,15963.0,0.0,0.0,10000.0
B2_dpesc_v3_s2,torus3d_neighbor,0.1,3,10000,0,32000.0,31948.0,31924.0,0.998375,0.9992487792663077,0.04988125,2.010462,5.0,7.010462,1.0,0.0,0.0,0.0,31938.0,0.0,0.0,10000.0
B2_dpesc_v3_s2,torus3d_neighbor,0.15,3,10000,0,48000.0,47760.0,47729.0,0.995,0.9993509212730318,0.0745765625,2.023927,5.0,7.023927,1.0,0.0,0.0,0.0,47747.0,0.0,0.0,10000.0
B2_dpesc_v3_s2,torus3d_neighbor,0.2,3,10000,0,64000.0,63805.0,63763.0,0.996953125,0.9993417443773999,0.0996296875,2.044226,5.0,7.044226,1.0,0.0,0.0,0.0,63787.0,0.0,0.0,10000.0
B2_dpesc_v3_s2,torus3d_neighbor,0.25,3,10000,0,80000.0,79712.0,79662.0,0.9964,0.9993727418707347,0.124471875,2.06815,5.0,7.06815,1.0,0.0,0.0,0.0,79692.0,0.0,0.0,10000.0
B2_dpesc_v3_s2,torus3d_neighbor,0.3,3,10000,0,96000.0,95809.0,95751.0,0.9980104166666667,0.9993946288970764,0.1496109375,2.100563,5.0,7.100563,1.0,0.0,0.0,0.0,95784.0,0.0,0.0,10000.0
B2_dpesc_v3_s2,torus3d_neighbor,0.35,3,10000,0,112000.0,111701.0,111637.0,0.9973303571428571,0.9994270418348985,0.1744328125,2.140849,5.0,7.140849,1.0,0.0,0.0,0.0,111674.0,0.0,0.0,10000.0
B2_dpesc_v3_s2,torus3d_neighbor,0.4,3,10000,0,128000.0,127635.0,127560.0,0.9971484375,0.9994123868844753,0.1993125,2.194693,5.0,7.194693,1.0,0.0,0.0,0.0,127606.0,0.0,0.0,10000.0
B2_dpesc_v3_s2,torus3d_neighbor,0.45,3,10000,0,144000.0,143550.0,143468.0,0.996875,0.9994287704632532,0.22416875,2.266331,5.0,7.266331,1.0,0.0,0.0,0.0,143519.0,0.0,0.0,10000.0
B2_dpesc_v3_s2,torus3d_neighbor,0.5,3,10000,0,160000.0,159449.0,159357.0,0.99655625,0.9994230130010223,0.2489953125,2.361616,5.0,7.361616,1.0,0.0,0.0,0.0,159417.0,0.0,0.0,10000.0
B2_dpesc_v3_s2,torus3d_neighbor,0.55,3,10000,0,176000.0,175631.0,175529.0,0.9979034090909091,0.9994192369228667,0.2742640625,2.493947,5.0,7.493947,1.0,0.0,0.0,0.0,175594.0,0.0,0.0,10000.0
B2_dpesc_v3_s2,torus3d_neighbor,0.6,3,10000,0,192000.0,191498.0,191388.0,0.9973854166666667,0.9994255814682138,0.29904375,2.696742,5.0,7.696742,1.0,0.0,0.0,0.0,191457.0,0.0,0.0,10000.0
B2_dpesc_v3_s2,torus3d_neighbor,0.65,3,10000,0,208000.0,207634.0,207522.0,0.9982403846153847,0.999460589306183,0.324253125,3.043485,5.0,8.043485,1.0,0.0,0.0,0.0,207594.0,0.0,0.0,10000.0
B2_dpesc_v3_s2,torus3d_neighbor,0.7,3,10000,0,224000.0,223690.0,223560.0,0.9986160714285715,0.999418838571237,0.3493125,3.72093,5.0,8.72093,1.0,0.0,0.0,0.0,223648.0,0.0,0.0,10000.0
B2_dpesc_v3_s2,torus3d_neighbor,0.75,3,10000,0,240000.0,239580.0,239438.0,0.99825,0.999407296101511,0.374121875,5.608926,5.0,10.608926,1.0,0.0,0.0,0.0,239534.0,0.0,0.0,10000.0
B2_dpesc_v3_s2,torus3d_neighbor,0.8,3,10000,0,256000.0,254536.0,254383.0,0.99428125,0.9993989062450891,0.3974734375,35.95791,5.0,40.95791,1.0,0.0,0.0,0.0,254495.0,0.0,0.0,10000.0
B2_dpesc_v3_s2,torus3d_neighbor,0.85,3,10000,0,272000.0,255904.0,255745.0,0.9408235294117647,0.9993786732524697,0.3996015625,293.170052,5.0,298.170052,1.0,0.0,0.0,0.0,255849.0,0.0,0.0,10000.0
B2_dpesc_v3_s2,torus3d_neighbor,0.9,3,10000,0,288000.0,255956.0,255786.0,0.8887361111111111,0.9993358233446373,0.399665625,551.933612,5.0,556.933612,1.0,0.0,0.0,0.0,255899.0,0.0,0.0,10000.0
B2_dpesc_v3_s2,torus3d_neighbor,0.95,3,10000,0,304000.0,255980.0,255799.0,0.8420394736842105,0.9992929135088678,0.3996859375,788.432441,5.0,793.432441,1.0,0.0,0.0,0.0,255918.0,0.0,0.0,10000.0
B2_dpesc_v3_s2,torus3d_neighbor,1.0,3,10000,0,320000.0,256000.0,255808.0,0.8,0.99925,0.3997,996.415569,5.0,1001.415569,1.0,0.0,0.0,0.0,255936.0,0.0,0.0,10000.0
B3_esc_v3,torus3d_neighbor,0.05,3,10000,0,16000.0,15968.0,15957.0,0.998,0.9993111222444889,0.0249328125,2.002945,5.0,7.002945,1.0,0.0,0.0,0.0,0.0,0.0,0.0,10000.0
B3_esc_v3,torus3d_neighbor,0.1,3,10000,0,32000.0,31948.0,31924.0,0.998375,0.9992487792663077,0.04988125,2.010462,5.0,7.010462,1.0,0.0,0.0,0.0,0.0,0.0,0.0,10000.0
B3_esc_v3,torus3d_neighbor,0.15,3,10000,0,48000.0,47760.0,47729.0,0.995,0.9993509212730318,0.0745765625,2.023927,5.0,7.023927,1.0,0.0,0.0,0.0,0.0,0.0,0.0,10000.0
B3_esc_v3,torus3d_neighbor,0.2,3,10000,0,64000.0,63805.0,63763.0,0.996953125,0.9993417443773999,0.0996296875,2.044226,5.0,7.044226,1.0,0.0,0.0,0.0,0.0,0.0,0.0,10000.0
B3_esc_v3,torus3d_neighbor,0.25,3,10000,0,80000.0,79712.0,79662.0,0.9964,0.9993727418707347,0.124471875,2.06815,5.0,7.06815,1.0,0.0,0.0,0.0,0.0,0.0,0.0,10000.0
B3_esc_v3,torus3d_neighbor,0.3,3,10000,0,96000.0,95809.0,95751.0,0.9980104166666667,0.9993946288970764,0.1496109375,2.100563,5.0,7.100563,1.0,0.0,0.0,0.0,0.0,0.0,0.0,10000.0
B3_esc_v3,torus3d_neighbor,0.35,3,10000,0,112000.0,111701.0,111637.0,0.9973303571428571,0.9994270418348985,0.1744328125,2.140849,5.0,7.140849,1.0,0.0,0.0,0.0,0.0,0.0,0.0,10000.0
B3_esc_v3,torus3d_neighbor,0.4,3,10000,0,128000.0,127635.0,127560.0,0.9971484375,0.9994123868844753,0.1993125,2.194693,5.0,7.194693,1.0,0.0,0.0,0.0,0.0,0.0,0.0,10000.0
B3_esc_v3,torus3d_neighbor,0.45,3,10000,0,144000.0,143550.0,143468.0,0.996875,0.9994287704632532,0.22416875,2.266331,5.0,7.266331,1.0,0.0,0.0,0.0,0.0,0.0,0.0,10000.0
B3_esc_v3,torus3d_neighbor,0.5,3,10000,0,160000.0,159449.0,159357.0,0.99655625,0.9994230130010223,0.2489953125,2.361616,5.0,7.361616,1.0,0.0,0.0,0.0,0.0,0.0,0.0,10000.0
B3_esc_v3,torus3d_neighbor,0.55,3,10000,0,176000.0,175631.0,175529.0,0.9979034090909091,0.9994192369228667,0.2742640625,2.493947,5.0,7.493947,1.0,0.0,0.0,0.0,0.0,0.0,0.0,10000.0
B3_esc_v3,torus3d_neighbor,0.6,3,10000,0,192000.0,191498.0,191388.0,0.9973854166666667,0.9994255814682138,0.29904375,2.696742,5.0,7.696742,1.0,0.0,0.0,0.0,0.0,0.0,0.0,10000.0
B3_esc_v3,torus3d_neighbor,0.65,3,10000,0,208000.0,207634.0,207522.0,0.9982403846153847,0.999460589306183,0.324253125,3.043485,5.0,8.043485,1.0,0.0,0.0,0.0,0.0,0.0,0.0,10000.0
B3_esc_v3,torus3d_neighbor,0.7,3,10000,0,224000.0,223690.0,223560.0,0.9986160714285715,0.999418838571237,0.3493125,3.72093,5.0,8.72093,1.0,0.0,0.0,0.0,0.0,0.0,0.0,10000.0
B3_esc_v3,torus3d_neighbor,0.75,3,10000,0,240000.0,239580.0,239438.0,0.99825,0.999407296101511,0.374121875,5.608926,5.0,10.608926,1.0,0.0,0.0,0.0,0.0,0.0,0.0,10000.0
B3_esc_v3,torus3d_neighbor,0.8,3,10000,0,256000.0,254536.0,254383.0,0.99428125,0.9993989062450891,0.3974734375,35.95791,5.0,40.95791,1.0,0.0,0.0,0.0,0.0,0.0,0.0,10000.0
B3_esc_v3,torus3d_neighbor,0.85,3,10000,0,272000.0,255904.0,255745.0,0.9408235294117647,0.9993786732524697,0.3996015625,293.170052,5.0,298.170052,1.0,0.0,0.0,0.0,0.0,0.0,0.0,10000.0
B3_esc_v3,torus3d_neighbor,0.9,3,10000,0,288000.0,255956.0,255786.0,0.8887361111111111,0.9993358233446373,0.399665625,551.933612,5.0,556.933612,1.0,0.0,0.0,0.0,0.0,0.0,0.0,10000.0
B3_esc_v3,torus3d_neighbor,0.95,3,10000,0,304000.0,255980.0,255799.0,0.8420394736842105,0.9992929135088678,0.3996859375,788.432441,5.0,793.432441,1.0,0.0,0.0,0.0,0.0,0.0,0.0,10000.0
B3_esc_v3,torus3d_neighbor,1.0,3,10000,0,320000.0,256000.0,255808.0,0.8,0.99925,0.3997,996.415569,5.0,1001.415569,1.0,0.0,0.0,0.0,0.0,0.0,0.0,10000.0
B4_dpesc_v5_s4,torus3d_neighbor,0.05,5,10000,0,16000.0,15968.0,15957.0,0.998,0.9993111222444889,0.0249328125,2.0,5.0,7.0,1.0,0.0,0.0,0.0,15963.0,0.0,0.0,10000.0
B4_dpesc_v5_s4,torus3d_neighbor,0.1,5,10000,0,32000.0,31948.0,31924.0,0.998375,0.9992487792663077,0.04988125,2.0,5.0,7.0,1.0,0.0,0.0,0.0,31938.0,0.0,0.0,10000.0
B4_dpesc_v5_s4,torus3d_neighbor,0.15,5,10000,0,48000.0,47760.0,47729.0,0.995,0.9993509212730318,0.0745765625,2.0,5.0,7.0,1.0,0.0,0.0,0.0,47747.0,0.0,0.0,10000.0
B4_dpesc_v5_s4,torus3d_neighbor,0.2,5,10000,0,64000.0,63806.0,63763.0,0.99696875,0.9993260821866282,0.0996296875,2.0,5.0,7.0,1.0,0.0,0.0,0.0,63788.0,0.0,0.0,10000.0
B4_dpesc_v5_s4,torus3d_neighbor,0.25,5,10000,0,80000.0,79713.0,79662.0,0.9964125,0.999360204734485,0.124471875,2.0,5.0,7.0,1.0,0.0,0.0,0.0,79693.0,0.0,0.0,10000.0
B4_dpesc_v5_s4,torus3d_neighbor,0.3,5,10000,0,96000.0,95810.0,95751.0,0.9980208333333334,0.9993841978916606,0.1496109375,2.0,5.0,7.0,1.0,0.0,0.0,0.0,95785.0,0.0,0.0,10000.0
B4_dpesc_v5_s4,torus3d_neighbor,0.35,5,10000,0,112000.0,111703.0,111637.0,0.9973482142857143,0.9994091474714197,0.1744328125,2.0,5.0,7.0,1.0,0.0,0.0,0.0,111676.0,0.0,0.0,10000.0
B4_dpesc_v5_s4,torus3d_neighbor,0.4,5,10000,0,128000.0,127637.0,127562.0,0.9971640625,0.9994123960920422,0.199315625,2.0,5.0,7.0,1.0,0.0,0.0,0.0,127608.0,0.0,0.0,10000.0
B4_dpesc_v5_s4,torus3d_neighbor,0.45,5,10000,0,144000.0,143553.0,143470.0,0.9968958333333333,0.9994218163326437,0.224171875,2.0,5.0,7.0,1.0,0.0,0.0,0.0,143521.0,0.0,0.0,10000.0
B4_dpesc_v5_s4,torus3d_neighbor,0.5,5,10000,0,160000.0,159452.0,159359.0,0.996575,0.9994167523768909,0.2489984375,2.0,5.0,7.0,1.0,0.0,0.0,0.0,159419.0,0.0,0.0,10000.0
B4_dpesc_v5_s4,torus3d_neighbor,0.55,5,10000,0,176000.0,175634.0,175531.0,0.9979204545454545,0.9994135531844631,0.2742671875,2.0,5.0,7.0,1.0,0.0,0.0,0.0,175598.0,0.0,0.0,10000.0
B4_dpesc_v5_s4,torus3d_neighbor,0.6,5,10000,0,192000.0,191507.0,191396.0,0.9974322916666667,0.9994203867221564,0.29905625,2.0,5.0,7.0,1.0,0.0,0.0,0.0,191469.0,0.0,0.0,10000.0
B4_dpesc_v5_s4,torus3d_neighbor,0.65,5,10000,0,208000.0,207649.0,207533.0,0.9983125,0.999441364995738,0.3242703125,2.0,5.0,7.0,1.0,0.0,0.0,0.0,207609.0,0.0,0.0,10000.0
B4_dpesc_v5_s4,torus3d_neighbor,0.7,5,10000,0,224000.0,223725.0,223596.0,0.9987723214285714,0.9994233992624875,0.34936875,2.0,5.0,7.0,1.0,0.0,0.0,0.0,223682.0,0.0,0.0,10000.0
B4_dpesc_v5_s4,torus3d_neighbor,0.75,5,10000,0,240000.0,239664.0,239523.0,0.9986,0.9994116763468857,0.3742546875,2.0,5.0,7.0,1.0,0.0,0.0,0.0,239618.0,0.0,0.0,10000.0
B4_dpesc_v5_s4,torus3d_neighbor,0.8,5,10000,0,256000.0,255852.0,255701.0,0.999421875,0.9994098150493254,0.3995328125,2.0,5.0,7.0,1.0,0.0,0.0,0.0,255800.0,0.0,0.0,10000.0
B4_dpesc_v5_s4,torus3d_neighbor,0.85,5,10000,0,272000.0,271674.0,271515.0,0.9988014705882353,0.9994147397248172,0.4242421875,2.0,5.0,7.0,1.0,0.0,0.0,0.0,271619.0,0.0,0.0,10000.0
B4_dpesc_v5_s4,torus3d_neighbor,0.9,5,10000,0,288000.0,287669.0,287498.0,0.9988506944444444,0.9994055668146377,0.449215625,2.0,5.0,7.0,1.0,0.0,0.0,0.0,287610.0,0.0,0.0,10000.0
B4_dpesc_v5_s4,torus3d_neighbor,0.95,5,10000,0,304000.0,303819.0,303636.0,0.9994046052631579,0.9993976676903025,0.47443125,2.0,5.0,7.0,1.0,0.0,0.0,0.0,303756.0,0.0,0.0,10000.0
B4_dpesc_v5_s4,torus3d_neighbor,1.0,5,10000,0,320000.0,319602.0,319411.0,0.99875625,0.9994023817122546,0.4990796875,2.0,5.0,7.0,1.0,0.0,0.0,0.0,319539.0,0.0,0.0,10000.0
B5_esc_v4,torus3d_neighbor,0.05,4,10000,0,16000.0,15968.0,15957.0,0.998,0.9993111222444889,0.0249328125,2.0,5.0,7.0,1.0,0.0,0.0,0.0,0.0,0.0,0.0,10000.0
B5_esc_v4,torus3d_neighbor,0.1,4,10000,0,32000.0,31948.0,31924.0,0.998375,0.9992487792663077,0.04988125,2.0,5.0,7.0,1.0,0.0,0.0,0.0,0.0,0.0,0.0,10000.0
B5_esc_v4,torus3d_neighbor,0.15,4,10000,0,48000.0,47760.0,47729.0,0.995,0.9993509212730318,0.0745765625,2.0,5.0,7.0,1.0,0.0,0.0,0.0,0.0,0.0,0.0,10000.0
B5_esc_v4,torus3d_neighbor,0.2,4,10000,0,64000.0,63806.0,63763.0,0.99696875,0.9993260821866282,0.0996296875,2.0,5.0,7.0,1.0,0.0,0.0,0.0,0.0,0.0,0.0,10000.0
B5_esc_v4,torus3d_neighbor,0.25,4,10000,0,80000.0,79713.0,79662.0,0.9964125,0.999360204734485,0.124471875,2.0,5.0,7.0,1.0,0.0,0.0,0.0,0.0,0.0,0.0,10000.0
B5_esc_v4,torus3d_neighbor,0.3,4,10000,0,96000.0,95810.0,95751.0,0.9980208333333334,0.9993841978916606,0.1496109375,2.0,5.0,7.0,1.0,0.0,0.0,0.0,0.0,0.0,0.0,10000.0
B5_esc_v4,torus3d_neighbor,0.35,4,10000,0,112000.0,111703.0,111637.0,0.9973482142857143,0.9994091474714197,0.1744328125,2.0,5.0,7.0,1.0,0.0,0.0,0.0,0.0,0.0,0.0,10000.0
B5_esc_v4,torus3d_neighbor,0.4,4,10000,0,128000.0,127637.0,127562.0,0.9971640625,0.9994123960920422,0.199315625,2.0,5.0,7.0,1.0,0.0,0.0,0.0,0.0,0.0,0.0,10000.0
B5_esc_v4,torus3d_neighbor,0.45,4,10000,0,144000.0,143553.0,143470.0,0.9968958333333333,0.9994218163326437,0.224171875,2.0,5.0,7.0,1.0,0.0,0.0,0.0,0.0,0.0,0.0,10000.0
B5_esc_v4,torus3d_neighbor,0.5,4,10000,0,160000.0,159452.0,159359.0,0.996575,0.9994167523768909,0.2489984375,2.0,5.0,7.0,1.0,0.0,0.0,0.0,0.0,0.0,0.0,10000.0
B5_esc_v4,torus3d_neighbor,0.55,4,10000,0,176000.0,175634.0,175531.0,0.9979204545454545,0.9994135531844631,0.2742671875,2.0,5.0,7.0,1.0,0.0,0.0,0.0,0.0,0.0,0.0,10000.0
B5_esc_v4,torus3d_neighbor,0.6,4,10000,0,192000.0,191507.0,191396.0,0.9974322916666667,0.9994203867221564,0.29905625,2.0,5.0,7.0,1.0,0.0,0.0,0.0,0.0,0.0,0.0,10000.0
B5_esc_v4,torus3d_neighbor,0.65,4,10000,0,208000.0,207649.0,207533.0,0.9983125,0.999441364995738,0.3242703125,2.0,5.0,7.0,1.0,0.0,0.0,0.0,0.0,0.0,0.0,10000.0
B5_esc_v4,torus3d_neighbor,0.7,4,10000,0,224000.0,223725.0,223596.0,0.9987723214285714,0.9994233992624875,0.34936875,2.0,5.0,7.0,1.0,0.0,0.0,0.0,0.0,0.0,0.0,10000.0
B5_esc_v4,torus3d_neighbor,0.75,4,10000,0,240000.0,239664.0,239523.0,0.9986,0.9994116763468857,0.3742546875,2.0,5.0,7.0,1.0,0.0,0.0,0.0,0.0,0.0,0.0,10000.0
B5_esc_v4,torus3d_neighbor,0.8,4,10000,0,256000.0,255852.0,255701.0,0.999421875,0.9994098150493254,0.3995328125,2.0,5.0,7.0,1.0,0.0,0.0,0.0,0.0,0.0,0.0,10000.0
B5_esc_v4,torus3d_neighbor,0.85,4,10000,0,272000.0,271674.0,271515.0,0.9988014705882353,0.9994147397248172,0.4242421875,2.0,5.0,7.0,1.0,0.0,0.0,0.0,0.0,0.0,0.0,10000.0
B5_esc_v4,torus3d_neighbor,0.9,4,10000,0,288000.0,287669.0,287498.0,0.9988506944444444,0.9994055668146377,0.449215625,2.0,5.0,7.0,1.0,0.0,0.0,0.0,0.0,0.0,0.0,10000.0
B5_esc_v4,torus3d_neighbor,0.95,4,10000,0,304000.0,303819.0,303636.0,0.9994046052631579,0.9993976676903025,0.47443125,2.0,5.0,7.0,1.0,0.0,0.0,0.0,0.0,0.0,0.0,10000.0
B5_esc_v4,torus3d_neighbor,1.0,4,10000,0,320000.0,319602.0,319411.0,0.99875625,0.9994023817122546,0.4990796875,2.0,5.0,7.0,1.0,0.0,0.0,0.0,0.0,0.0,0.0,10000.0
B6_dpesc_v7_s6,torus3d_neighbor,0.05,7,10000,0,16000.0,15968.0,15957.0,0.998,0.9993111222444889,0.0249328125,2.0,5.0,7.0,1.0,0.0,0.0,0.0,15963.0,0.0,0.0,10000.0
B6_dpesc_v7_s6,torus3d_neighbor,0.1,7,10000,0,32000.0,31948.0,31924.0,0.998375,0.9992487792663077,0.04988125,2.0,5.0,7.0,1.0,0.0,0.0,0.0,31938.0,0.0,0.0,10000.0
B6_dpesc_v7_s6,torus3d_neighbor,0.15,7,10000,0,48000.0,47760.0,47729.0,0.995,0.9993509212730318,0.0745765625,2.0,5.0,7.0,1.0,0.0,0.0,0.0,47747.0,0.0,0.0,10000.0
B6_dpesc_v7_s6,torus3d_neighbor,0.2,7,10000,0,64000.0,63806.0,63763.0,0.99696875,0.9993260821866282,0.0996296875,2.0,5.0,7.0,1.0,0.0,0.0,0.0,63788.0,0.0,0.0,10000.0
B6_dpesc_v7_s6,torus3d_neighbor,0.25,7,10000,0,80000.0,79713.0,79662.0,0.9964125,0.999360204734485,0.124471875,2.0,5.0,7.0,1.0,0.0,0.0,0.0,79693.0,0.0,0.0,10000.0
B6_dpesc_v7_s6,torus3d_neighbor,0.3,7,10000,0,96000.0,95810.0,95751.0,0.9980208333333334,0.9993841978916606,0.1496109375,2.0,5.0,7.0,1.0,0.0,0.0,0.0,95785.0,0.0,0.0,10000.0
B6_dpesc_v7_s6,torus3d_neighbor,0.35,7,10000,0,112000.0,111703.0,111637.0,0.9973482142857143,0.9994091474714197,0.1744328125,2.0,5.0,7.0,1.0,0.0,0.0,0.0,111676.0,0.0,0.0,10000.0
B6_dpesc_v7_s6,torus3d_neighbor,0.4,7,10000,0,128000.0,127637.0,127562.0,0.9971640625,0.9994123960920422,0.199315625,2.0,5.0,7.0,1.0,0.0,0.0,0.0,127608.0,0.0,0.0,10000.0
B6_dpesc_v7_s6,torus3d_neighbor,0.45,7,10000,0,144000.0,143553.0,143470.0,0.9968958333333333,0.9994218163326437,0.224171875,2.0,5.0,7.0,1.0,0.0,0.0,0.0,143521.0,0.0,0.0,10000.0
B6_dpesc_v7_s6,torus3d_neighbor,0.5,7,10000,0,160000.0,159452.0,159359.0,0.996575,0.9994167523768909,0.2489984375,2.0,5.0,7.0,1.0,0.0,0.0,0.0,159419.0,0.0,0.0,10000.0
B6_dpesc_v7_s6,torus3d_neighbor,0.55,7,10000,0,176000.0,175634.0,175531.0,0.9979204545454545,0.9994135531844631,0.2742671875,2.0,5.0,7.0,1.0,0.0,0.0,0.0,175598.0,0.0,0.0,10000.0
B6_dpesc_v7_s6,torus3d_neighbor,0.6,7,10000,0,192000.0,191507.0,191396.0,0.9974322916666667,0.9994203867221564,0.29905625,2.0,5.0,7.0,1.0,0.0,0.0,0.0,191469.0,0.0,0.0,10000.0
B6_dpesc_v7_s6,torus3d_neighbor,0.65,7,10000,0,208000.0,207649.0,207533.0,0.9983125,0.999441364995738,0.3242703125,2.0,5.0,7.0,1.0,0.0,0.0,0.0,207609.0,0.0,0.0,10000.0
B6_dpesc_v7_s6,torus3d_neighbor,0.7,7,10000,0,224000.0,223725.0,223596.0,0.9987723214285714,0.9994233992624875,0.34936875,2.0,5.0,7.0,1.0,0.0,0.0,0.0,223682.0,0.0,0.0,10000.0
B6_dpesc_v7_s6,torus3d_neighbor,0.75,7,10000,0,240000.0,239664.0,239523.0,0.9986,0.9994116763468857,0.3742546875,2.0,5.0,7.0,1.0,0.0,0.0,0.0,239618.0,0.0,0.0,10000.0
B6_dpesc_v7_s6,torus3d_neighbor,0.8,7,10000,0,256000.0,255852.0,255701.0,0.999421875,0.9994098150493254,0.3995328125,2.0,5.0,7.0,1.0,0.0,0.0,0.0,255800.0,0.0,0.0,10000.0
B6_dpesc_v7_s6,torus3d_neighbor,0.85,7,10000,0,272000.0,271674.0,271515.0,0.9988014705882353,0.9994147397248172,0.4242421875,2.0,5.0,7.0,1.0,0.0,0.0,0.0,271619.0,0.0,0.0,10000.0
B6_dpesc_v7_s6,torus3d_neighbor,0.9,7,10000,0,288000.0,287669.0,287498.0,0.9988506944444444,0.9994055668146377,0.449215625,2.0,5.0,7.0,1.0,0.0,0.0,0.0,287610.0,0.0,0.0,10000.0
B6_dpesc_v7_s6,torus3d_neighbor,0.95,7,10000,0,304000.0,303819.0,303636.0,0.9994046052631579,0.9993976676903025,0.47443125,2.0,5.0,7.0,1.0,0.0,0.0,0.0,303756.0,0.0,0.0,10000.0
B6_dpesc_v7_s6,torus3d_neighbor,1.0,7,10000,0,320000.0,319602.0,319411.0,0.99875625,0.9994023817122546,0.4990796875,2.0,5.0,7.0,1.0,0.0,0.0,0.0,319539.0,0.0,0.0,10000.0
A1_cbs_v3,uniform_random,0.05,3,10000,0,16000.0,15980.0,15959.0,0.99875,0.998685857321652,0.0249359375,2.0,9.033649,11.033649,2.996804,10.0,4.0,0.0,0.0,0.0,0.0,10000.0
A1_cbs_v3,uniform_random,0.1,3,10000,0,32000.0,31970.0,31933.0,0.9990625,0.998842664998436,0.0498953125,2.0,9.107976,11.107976,3.008393,96.0,34.0,0.0,0.0,0.0,0.0,10000.0
A1_cbs_v3,uniform_random,0.15,3,10000,0,48000.0,47716.0,47665.0,0.9940833333333333,0.9989311761254087,0.0744765625,2.0,9.139683,11.139683,3.000399,269.0,94.0,0.0,0.0,0.0,0.0,10000.0
A1_cbs_v3,uniform_random,0.2,3,10000,0,64000.0,63801.0,63731.0,0.996890625,0.9989028385135029,0.0995796875,2.000031,9.185043,11.185075,2.997693,669.0,225.0,0.0,0.0,0.0,0.0,10000.0
A1_cbs_v3,uniform_random,0.25,3,10000,0,80000.0,79865.0,79779.0,0.9983125,0.9989231828710949,0.1246546875,2.0001,9.244688,11.244789,3.001604,1298.0,411.0,0.0,0.0,0.0,0.0,10000.0
A1_cbs_v3,uniform_random,0.3,3,10000,0,96000.0,96060.0,95966.0,1.000625,0.9990214449302519,0.149946875,2.000219,9.315508,11.315726,3.005929,2385.0,738.0,0.0,0.0,0.0,0.0,10000.0
A1_cbs_v3,uniform_random,0.35,3,10000,0,112000.0,111998.0,111891.0,0.9999821428571428,0.9990446257968892,0.1748296875,2.000447,9.359788,11.360235,2.997381,3569.0,1106.0,0.0,0.0,0.0,0.0,10000.0
A1_cbs_v3,uniform_random,0.4,3,10000,0,128000.0,127850.0,127719.0,0.998828125,0.9989753617520531,0.1995609375,2.00101,9.429615,11.430625,2.997166,5120.0,1644.0,0.0,0.0,0.0,0.0,10000.0
A1_cbs_v3,uniform_random,0.45,3,10000,0,144000.0,143788.0,143651.0,0.9985277777777778,0.99904720839013,0.2244546875,2.001594,9.526436,11.52803,3.004943,7483.0,2361.0,0.0,0.0,0.0,0.0,10000.0
A1_cbs_v3,uniform_random,0.5,3,10000,0,160000.0,159529.0,159390.0,0.99705625,0.999128685066665,0.249046875,2.002208,9.601744,11.603953,2.998852,10124.0,3144.0,0.0,0.0,0.0,0.0,10000.0
A1_cbs_v3,uniform_random,0.55,3,10000,0,176000.0,175585.0,175413.0,0.9976420454545455,0.9990204174616283,0.2740828125,2.004931,9.699977,11.704908,2.998102,13662.0,4053.0,0.0,0.0,0.0,0.0,10000.0
A1_cbs_v3,uniform_random,0.6,3,10000,0,192000.0,191612.0,191405.0,0.9979791666666666,0.9989196918773354,0.2990703125,2.006875,9.819728,11.826603,2.99837,17653.0,5300.0,0.0,0.0,0.0,0.0,10000.0
A1_cbs_v3,uniform_random,0.65,3,10000,0,208000.0,207488.0,207270.0,0.9975384615384615,0.9989493368291178,0.323859375,2.012785,9.966744,11.979529,3.002234,23172.0,6755.0,0.0,0.0,0.0,0.0,10000.0
A1_cbs_v3,uniform_random,0.7,3,10000,0,224000.0,223802.0,223544.0,0.9991160714285714,0.9988471952886927,0.3492875,2.024349,10.149331,12.173679,3.006442,30686.0,8529.0,0.0,0.0,0.0,0.0,10000.0
A1_cbs_v3,uniform_random,0.75,3,10000,0,240000.0,239782.0,239501.0,0.9990916666666667,0.9988281021928251,0.3742203125,2.046651,10.33923,12.385881,2.999315,38393.0,10333.0,0.0,0.0,0.0,0.0,10000.0
A1_cbs_v3,uniform_random,0.8,3,10000,0,256000.0,255569.0,255300.0,0.99831640625,0.9989474466778052,0.39890625,2.098653,10.608143,12.706796,3.000227,49005.0,12601.0,0.0,0.0,0.0,0.0,10000.0
A1_cbs_v3,uniform_random,0.85,3,10000,0,272000.0,271609.0,271294.0,0.9985625,0.9988402446163419,0.423896875,2.196772,10.963114,13.159886,3.003811,61821.0,15561.0,0.0,0.0,0.0,0.0,10000.0
A1_cbs_v3,uniform_random,0.9,3,10000,0,288000.0,287609.0,287269.0,0.9986423611111112,0.9988178394973731,0.4488578125,2.763862,11.471906,14.235769,2.997111,80764.0,19215.0,0.0,0.0,0.0,0.0,10000.0
A1_cbs_v3,uniform_random,0.95,3,10000,0,304000.0,303445.0,303009.0,0.9981743421052631,0.998563166306909,0.4734515625,7.093552,12.450736,19.544287,3.000627,115047.0,25448.0,0.0,0.0,0.0,0.0,10000.0
A1_cbs_v3,uniform_random,1.0,3,10000,0,320000.0,311626.0,311168.0,0.97383125,0.9985302895137119,0.4862,129.472022,13.524527,142.996548,2.998843,150782.0,30845.0,0.0,0.0,0.0,0.0,10000.0
A2_dpcbs_v4_s2,uniform_random,0.05,4,10000,0,16000.0,15980.0,15959.0,0.99875,0.998685857321652,0.0249359375,2.0,9.033022,11.033022,2.996804,0.0,0.0,0.0,47770.0,0.0,0.0,10000.0
A2_dpcbs_v4_s2,uniform_random,0.1,4,10000,0,32000.0,31970.0,31933.0,0.9990625,0.998842664998436,0.0498953125,2.0,9.104062,11.104062,3.008393,6.0,1.0,5.0,95225.0,0.0,0.0,10000.0
A2_dpcbs_v4_s2,uniform_random,0.15,4,10000,0,48000.0,47716.0,47665.0,0.9940833333333333,0.9989311761254087,0.0744765625,2.0,9.132949,11.132949,3.000399,34.0,1.0,35.0,140166.0,0.0,0.0,10000.0
A2_dpcbs_v4_s2,uniform_random,0.2,4,10000,0,64000.0,63801.0,63731.0,0.996890625,0.9989028385135029,0.0995796875,2.0,9.170718,11.170718,2.997693,109.0,13.0,131.0,184669.0,0.0,0.0,10000.0
A2_dpcbs_v4_s2,uniform_random,0.25,4,10000,0,80000.0,79865.0,79780.0,0.9983125,0.9989357040005008,0.12465625,2.0,9.222023,11.222023,3.001617,210.0,20.0,238.0,227689.0,0.0,0.0,10000.0
A2_dpcbs_v4_s2,uniform_random,0.3,4,10000,0,96000.0,96060.0,95966.0,1.000625,0.9990214449302519,0.149946875,2.0,9.278203,11.278203,3.005929,375.0,37.0,431.0,268829.0,0.0,0.0,10000.0
A2_dpcbs_v4_s2,uniform_random,0.35,4,10000,0,112000.0,111998.0,111892.0,0.9999821428571428,0.9990535545277595,0.17483125,2.0,9.307162,11.307162,2.997372,709.0,70.0,839.0,306148.0,0.0,0.0,10000.0
A2_dpcbs_v4_s2,uniform_random,0.4,4,10000,0,128000.0,127850.0,127721.0,0.998828125,0.9989910050840829,0.1995640625,2.0,9.357576,11.357576,2.997181,1237.0,118.0,1469.0,341608.0,0.0,0.0,10000.0
A2_dpcbs_v4_s2,uniform_random,0.45,4,10000,0,144000.0,143788.0,143651.0,0.9985277777777778,0.99904720839013,0.2244546875,2.000007,9.428476,11.428483,3.004943,1938.0,182.0,2185.0,376067.0,0.0,0.0,10000.0
A2_dpcbs_v4_s2,uniform_random,0.5,4,10000,0,160000.0,159529.0,159391.0,0.99705625,0.9991349535194228,0.2490484375,2.0,9.472636,11.472636,2.998864,2724.0,274.0,3189.0,406725.0,0.0,0.0,10000.0
A2_dpcbs_v4_s2,uniform_random,0.55,4,10000,0,176000.0,175585.0,175414.0,0.9976420454545455,0.9990261127089444,0.274084375,2.0,9.533258,11.533258,2.998096,3892.0,391.0,4513.0,436386.0,0.0,0.0,10000.0
A2_dpcbs_v4_s2,uniform_random,0.6,4,10000,0,192000.0,191612.0,191409.0,0.9979791666666666,0.998940567396614,0.2990765625,2.000005,9.605672,11.605677,2.998401,5661.0,597.0,6629.0,464060.0,0.0,0.0,10000.0
A2_dpcbs_v4_s2,uniform_random,0.65,4,10000,0,208000.0,207489.0,207275.0,0.9975432692307692,0.9989686200232302,0.3238671875,2.000029,9.689316,11.689345,3.002248,7519.0,769.0,8714.0,490122.0,0.0,0.0,10000.0
A2_dpcbs_v4_s2,uniform_random,0.7,4,10000,0,224000.0,223803.0,223553.0,0.9991205357142857,0.9988829461624732,0.3493015625,2.000107,9.785559,11.785666,3.006441,10251.0,1092.0,11649.0,514726.0,0.0,0.0,10000.0
A2_dpcbs_v4_s2,uniform_random,0.75,4,10000,0,240000.0,239782.0,239517.0,0.9990916666666667,0.998894829470102,0.3742453125,2.00018,9.859714,11.859893,2.999319,13180.0,1418.0,14962.0,536439.0,0.0,0.0,10000.0
A2_dpcbs_v4_s2,uniform_random,0.8,4,10000,0,256000.0,255570.0,255309.0,0.9983203125,0.9989787533748092,0.3989203125,2.000415,9.972296,11.972711,3.000215,17143.0,1744.0,19410.0,555908.0,0.0,0.0,10000.0
A2_dpcbs_v4_s2,uniform_random,0.85,4,10000,0,272000.0,271616.0,271335.0,0.9985882352941177,0.9989654512252591,0.4239609375,2.000719,10.102792,12.10351,3.003862,21834.0,2244.0,24201.0,575521.0,0.0,0.0,10000.0
A2_dpcbs_v4_s2,uniform_random,0.9,4,10000,0,288000.0,287618.0,287310.0,0.9986736111111111,0.9989291351723466,0.448921875,2.0015,10.227455,12.228955,2.997163,27229.0,2797.0,30423.0,591578.0,0.0,0.0,10000.0
A2_dpcbs_v4_s2,uniform_random,0.95,4,10000,0,304000.0,303677.0,303327.0,0.9989375,0.99884745963639,0.4739484375,2.0033,10.402345,12.405645,3.000785,34687.0,3462.0,39206.0,607103.0,0.0,0.0,10000.0
A2_dpcbs_v4_s2,uniform_random,1.0,4,10000,0,320000.0,319599.0,319242.0,0.998746875,0.998882975228333,0.498815625,2.015377,10.623452,12.638829,2.998822,44222.0,4404.0,48421.0,618990.0,0.0,0.0,10000.0
A3_cbs_v4,uniform_random,0.05,4,10000,0,16000.0,15980.0,15959.0,0.99875,0.998685857321652,0.0249359375,2.0,9.033022,11.033022,2.996804,0.0,0.0,0.0,0.0,0.0,0.0,10000.0
A3_cbs_v4,uniform_random,0.1,4,10000,0,32000.0,31970.0,31933.0,0.9990625,0.998842664998436,0.0498953125,2.0,9.103842,11.103842,3.008393,1.0,1.0,0.0,0.0,0.0,0.0,10000.0
A3_cbs_v4,uniform_random,0.15,4,10000,0,48000.0,47716.0,47665.0,0.9940833333333333,0.9989311761254087,0.0744765625,2.0,9.132047,11.132047,3.000399,6.0,3.0,0.0,0.0,0.0,0.0,10000.0
A3_cbs_v4,uniform_random,0.2,4,10000,0,64000.0,63801.0,63731.0,0.996890625,0.9989028385135029,0.0995796875,2.0,9.168442,11.168442,2.997693,30.0,22.0,0.0,0.0,0.0,0.0,10000.0
A3_cbs_v4,uniform_random,0.25,4,10000,0,80000.0,79865.0,79780.0,0.9983125,0.9989357040005008,0.12465625,2.0,9.218902,11.218902,3.001617,55.0,27.0,0.0,0.0,0.0,0.0,10000.0
A3_cbs_v4,uniform_random,0.3,4,10000,0,96000.0,96060.0,95966.0,1.000625,0.9990214449302519,0.149946875,2.0,9.273795,11.273795,3.005929,111.0,49.0,0.0,0.0,0.0,0.0,10000.0
A3_cbs_v4,uniform_random,0.35,4,10000,0,112000.0,111998.0,111892.0,0.9999821428571428,0.9990535545277595,0.17483125,2.0,9.299762,11.299762,2.997372,219.0,96.0,0.0,0.0,0.0,0.0,10000.0
A3_cbs_v4,uniform_random,0.4,4,10000,0,128000.0,127850.0,127721.0,0.998828125,0.9989910050840829,0.1995640625,2.0,9.345112,11.345112,2.997181,353.0,169.0,0.0,0.0,0.0,0.0,10000.0
A3_cbs_v4,uniform_random,0.45,4,10000,0,144000.0,143788.0,143651.0,0.9985277777777778,0.99904720839013,0.2244546875,2.0,9.412333,11.412333,3.004943,548.0,287.0,0.0,0.0,0.0,0.0,10000.0
A3_cbs_v4,uniform_random,0.5,4,10000,0,160000.0,159529.0,159392.0,0.99705625,0.9991412219721806,0.24905,2.0,9.452043,11.452043,2.998883,830.0,411.0,0.0,0.0,0.0,0.0,10000.0
A3_cbs_v4,uniform_random,0.55,4,10000,0,176000.0,175585.0,175414.0,0.9976420454545455,0.9990261127089444,0.274084375,2.0,9.505883,11.505883,2.998102,1234.0,632.0,0.0,0.0,0.0,0.0,10000.0
A3_cbs_v4,uniform_random,0.6,4,10000,0,192000.0,191612.0,191409.0,0.9979791666666666,0.998940567396614,0.2990765625,2.0,9.569179,11.569179,2.998401,1866.0,864.0,0.0,0.0,0.0,0.0,10000.0
A3_cbs_v4,uniform_random,0.65,4,10000,0,208000.0,207489.0,207277.0,0.9975432692307692,0.9989782590884336,0.3238703125,2.000005,9.640751,11.640756,3.002243,2525.0,1210.0,0.0,0.0,0.0,0.0,10000.0
A3_cbs_v4,uniform_random,0.7,4,10000,0,224000.0,223803.0,223553.0,0.9991205357142857,0.9988829461624732,0.3493015625,2.000004,9.722978,11.722983,3.006446,3485.0,1568.0,0.0,0.0,0.0,0.0,10000.0
A3_cbs_v4,uniform_random,0.75,4,10000,0,240000.0,239782.0,239514.0,0.9990916666666667,0.9988823181056126,0.374240625,2.000025,9.78496,11.784985,2.999324,4572.0,2008.0,0.0,0.0,0.0,0.0,10000.0
A3_cbs_v4,uniform_random,0.8,4,10000,0,256000.0,255570.0,255309.0,0.9983203125,0.9989787533748092,0.3989203125,2.000074,9.881473,11.881547,3.000223,5975.0,2507.0,0.0,0.0,0.0,0.0,10000.0
A3_cbs_v4,uniform_random,0.85,4,10000,0,272000.0,271616.0,271340.0,0.9985882352941177,0.9989838595664468,0.42396875,2.000092,9.986338,11.98643,3.00387,7817.0,3206.0,0.0,0.0,0.0,0.0,10000.0
A3_cbs_v4,uniform_random,0.9,4,10000,0,288000.0,287618.0,287311.0,0.9986736111111111,0.9989326120062026,0.4489234375,2.000313,10.083241,12.083554,2.99717,9856.0,3925.0,0.0,0.0,0.0,0.0,10000.0
A3_cbs_v4,uniform_random,0.95,4,10000,0,304000.0,303677.0,303331.0,0.9989375,0.9988606315262598,0.4739546875,2.000584,10.218243,12.218827,3.000785,12422.0,4902.0,0.0,0.0,0.0,0.0,10000.0
A3_cbs_v4,uniform_random,1.0,4,10000,0,320000.0,319599.0,319249.0,0.998746875,0.9989048776748363,0.4988265625,2.004918,10.386905,12.391823,2.998844,16176.0,6059.0,0.0,0.0,0.0,0.0,10000.0
A4_dpcbs_v6_s4,uniform_random,0.05,6,10000,0,16000.0,15980.0,15959.0,0.99875,0.998685857321652,0.0249359375,2.0,9.033022,11.033022,2.996804,0.0,0.0,0.0,47864.0,0.0,0.0,10000.0
A4_dpcbs_v6_s4,uniform_random,0.1,6,10000,0,32000.0,31970.0,31933.0,0.9990625,0.998842664998436,0.0498953125,2.0,9.103811,11.103811,3.008393,0.0,0.0,0.0,96111.0,0.0,0.0,10000.0
A4_dpcbs_v6_s4,uniform_random,0.15,6,10000,0,48000.0,47716.0,47665.0,0.9940833333333333,0.9989311761254087,0.0744765625,2.0,9.1319,11.1319,3.000399,0.0,0.0,0.0,143108.0,0.0,0.0,10000.0
A4_dpcbs_v6_s4,uniform_random,0.2,6,10000,0,64000.0,63801.0,63731.0,0.996890625,0.9989028385135029,0.0995796875,2.0,9.168003,11.168003,2.997693,0.0,0.0,0.0,191166.0,0.0,0.0,10000.0
A4_dpcbs_v6_s4,uniform_random,0.25,6,10000,0,80000.0,79865.0,79780.0,0.9983125,0.9989357040005008,0.12465625,2.0,9.218112,11.218112,3.001617,0.0,0.0,0.0,239518.0,0.0,0.0,10000.0
A4_dpcbs_v6_s4,uniform_random,0.3,6,10000,0,96000.0,96060.0,95966.0,1.000625,0.9990214449302519,0.149946875,2.0,9.272763,11.272763,3.005929,1.0,0.0,1.0,288434.0,0.0,0.0,10000.0
A4_dpcbs_v6_s4,uniform_random,0.35,6,10000,0,112000.0,111998.0,111892.0,0.9999821428571428,0.9990535545277595,0.17483125,2.0,9.297894,11.297894,2.997372,7.0,0.0,11.0,335053.0,0.0,0.0,10000.0
A4_dpcbs_v6_s4,uniform_random,0.4,6,10000,0,128000.0,127850.0,127721.0,0.998828125,0.9989910050840829,0.1995640625,2.0,9.342504,11.342504,2.997181,10.0,0.0,16.0,382050.0,0.0,0.0,10000.0
A4_dpcbs_v6_s4,uniform_random,0.45,6,10000,0,144000.0,143788.0,143651.0,0.9985277777777778,0.99904720839013,0.2244546875,2.0,9.409082,11.409082,3.004943,28.0,0.0,38.0,430216.0,0.0,0.0,10000.0
A4_dpcbs_v6_s4,uniform_random,0.5,6,10000,0,160000.0,159529.0,159392.0,0.99705625,0.9991412219721806,0.24905,2.0,9.447231,11.447231,2.998883,32.0,1.0,54.0,475534.0,0.0,0.0,10000.0
A4_dpcbs_v6_s4,uniform_random,0.55,6,10000,0,176000.0,175585.0,175414.0,0.9976420454545455,0.9990261127089444,0.274084375,2.0,9.499863,11.499863,2.998096,55.0,2.0,91.0,522163.0,0.0,0.0,10000.0
A4_dpcbs_v6_s4,uniform_random,0.6,6,10000,0,192000.0,191612.0,191409.0,0.9979791666666666,0.998940567396614,0.2990765625,2.0,9.560982,11.560982,2.998401,142.0,0.0,200.0,568197.0,0.0,0.0,10000.0
A4_dpcbs_v6_s4,uniform_random,0.65,6,10000,0,208000.0,207489.0,207277.0,0.9975432692307692,0.9989782590884336,0.3238703125,2.0,9.630263,11.630263,3.002243,184.0,1.0,239.0,614140.0,0.0,0.0,10000.0
A4_dpcbs_v6_s4,uniform_random,0.7,6,10000,0,224000.0,223803.0,223551.0,0.9991205357142857,0.998874009731773,0.3492984375,2.0,9.709024,11.709024,3.006441,319.0,3.0,479.0,660297.0,0.0,0.0,10000.0
A4_dpcbs_v6_s4,uniform_random,0.75,6,10000,0,240000.0,239782.0,239519.0,0.9990916666666667,0.9989031703797616,0.3742484375,2.0,9.765906,11.765906,2.99934,531.0,5.0,723.0,703036.0,0.0,0.0,10000.0
A4_dpcbs_v6_s4,uniform_random,0.8,6,10000,0,256000.0,255570.0,255310.0,0.9983203125,0.9989826661971279,0.398921875,2.0,9.857001,11.857001,3.000227,742.0,18.0,1162.0,745240.0,0.0,0.0,10000.0
A4_dpcbs_v6_s4,uniform_random,0.85,6,10000,0,272000.0,271616.0,271339.0,0.9985882352941177,0.9989801778982093,0.4239671875,2.0,9.957098,11.957098,3.00387,1068.0,23.0,1652.0,788452.0,0.0,0.0,10000.0
A4_dpcbs_v6_s4,uniform_random,0.9,6,10000,0,288000.0,287618.0,287309.0,0.9986736111111111,0.9989256583384907,0.4489203125,2.0,10.04681,12.04681,2.997153,1611.0,39.0,2346.0,827050.0,0.0,0.0,10000.0
A4_dpcbs_v6_s4,uniform_random,0.95,6,10000,0,304000.0,303677.0,303343.0,0.9989375,0.9989001471958693,0.4739734375,2.0,10.171977,12.171977,3.000818,2202.0,51.0,3375.0,867442.0,0.0,0.0,10000.0
A4_dpcbs_v6_s4,uniform_random,1.0,6,10000,0,320000.0,319599.0,319251.0,0.998746875,0.9989111355166943,0.4988296875,2.0,10.310154,12.310154,2.99886,3190.0,69.0,4763.0,904364.0,0.0,0.0,10000.0
B1_esc_v2,uniform_random,0.05,2,10000,0,16000.0,15979.0,15957.0,0.9986875,0.9986231929407348,0.0249328125,2.233064,9.067431,11.300495,3.012346,0.0,0.0,0.0,0.0,769.0,500.0,10000.0
B1_esc_v2,uniform_random,0.1,2,10000,0,32000.0,31969.0,31933.0,0.99903125,0.9988739090994401,0.0498953125,2.513826,9.186108,11.699934,3.044405,0.0,0.0,0.0,0.0,3522.0,2248.0,10000.0
B1_esc_v2,uniform_random,0.15,2,10000,0,48000.0,47712.0,47663.0,0.994,0.9989730046948356,0.0744734375,2.930302,9.276944,12.207247,3.058452,0.0,0.0,0.0,0.0,8313.0,5161.0,10000.0
B1_esc_v2,uniform_random,0.2,2,10000,0,64000.0,63792.0,63720.0,0.99675,0.9988713318284425,0.0995625,3.540804,9.396798,12.937602,3.076365,0.0,0.0,0.0,0.0,15395.0,9364.0,10000.0
B1_esc_v2,uniform_random,0.25,2,10000,0,80000.0,79844.0,79749.0,0.99805,0.9988101798507089,0.1246078125,4.608183,9.545662,14.153845,3.100152,0.0,0.0,0.0,0.0,24545.0,14718.0,10000.0
B1_esc_v2,uniform_random,0.3,2,10000,0,96000.0,96020.0,95923.0,1.0002083333333334,0.9989897937929598,0.1498796875,6.917288,9.732786,16.650073,3.124694,0.0,0.0,0.0,0.0,36030.0,21259.0,10000.0
B1_esc_v2,uniform_random,0.35,2,10000,0,112000.0,111896.0,111779.0,0.9990714285714286,0.9989543862157718,0.1746546875,13.437435,9.922043,23.359477,3.135124,0.0,0.0,0.0,0.0,49594.0,28823.0,10000.0
B1_esc_v2,uniform_random,0.4,2,10000,0,128000.0,125211.0,125075.0,0.9782109375,0.9989138334491379,0.1954296875,113.434955,10.134415,123.56937,3.153596,0.0,0.0,0.0,0.0,63164.0,35889.0,10000.0
B1_esc_v2,uniform_random,0.45,2,10000,0,144000.0,126382.0,126239.0,0.8776527777777777,0.9988685097561362,0.1972484375,595.628522,10.186321,605.814843,3.163587,0.0,0.0,0.0,0.0,64570.0,36670.0,10000.0
B1_esc_v2,uniform_random,0.5,2,10000,0,160000.0,126477.0,126337.0,0.79048125,0.9988930793741154,0.1974015625,1023.486793,10.157903,1033.644696,3.159122,0.0,0.0,0.0,0.0,64597.0,36447.0,10000.0
B1_esc_v2,uniform_random,0.55,2,10000,0,176000.0,126475.0,126333.0,0.7186079545454546,0.9988772484680767,0.1973953125,1392.423001,10.162974,1402.585975,3.154496,0.0,0.0,0.0,0.0,64610.0,36860.0,10000.0
B1_esc_v2,uniform_random,0.6,2,10000,0,192000.0,126463.0,126317.0,0.6586614583333333,0.9988455121260764,0.1973703125,1691.14842,10.165615,1701.314035,3.156503,0.0,0.0,0.0,0.0,64548.0,36489.0,10000.0
B1_esc_v2,uniform_random,0.65,2,10000,0,208000.0,126472.0,126323.0,0.6080384615384615,0.9988218736162945,0.1973796875,1951.129462,10.166066,1961.295528,3.159765,0.0,0.0,0.0,0.0,64672.0,36619.0,10000.0
B1_esc_v2,uniform_random,0.7,2,10000,0,224000.0,126536.0,126392.0,0.5648928571428572,0.998861983941329,0.1974875,2170.495103,10.169781,2180.664884,3.163246,0.0,0.0,0.0,0.0,64671.0,36683.0,10000.0
B1_esc_v2,uniform_random,0.75,2,10000,0,240000.0,126508.0,126368.0,0.5271166666666667,0.9988933506181428,0.19745,2359.443981,10.170771,2369.614752,3.15773,0.0,0.0,0.0,0.0,64485.0,36585.0,10000.0
B1_esc_v2,uniform_random,0.8,2,10000,0,256000.0,126513.0,126370.0,0.49419140625,0.9988696813766175,0.197453125,2524.259191,10.155725,2534.414917,3.157648,0.0,0.0,0.0,0.0,64304.0,36551.0,10000.0
B1_esc_v2,uniform_random,0.85,2,10000,0,272000.0,126498.0,126363.0,0.46506617647058823,0.9989327894512167,0.1974421875,2670.038326,10.162745,2680.201072,3.161329,0.0,0.0,0.0,0.0,64511.0,36611.0,10000.0
B1_esc_v2,uniform_random,0.9,2,10000,0,288000.0,126477.0,126336.0,0.43915625,0.9988851727982163,0.1974,2798.995955,10.164363,2809.160319,3.164609,0.0,0.0,0.0,0.0,64923.0,36728.0,10000.0
B1_esc_v2,uniform_random,0.95,2,10000,0,304000.0,126488.0,126346.0,0.41607894736842105,0.9988773638606033,0.197415625,2916.040587,10.158699,2926.199286,3.157488,0.0,0.0,0.0,0.0,64622.0,36391.0,10000.0
B1_esc_v2,uniform_random,1.0,2,10000,0,320000.0,126501.0,126359.0,0.395315625,0.9988774792294132,0.1974359375,3017.576682,10.168393,3027.745076,3.156554,0.0,0.0,0.0,0.0,64387.0,36625.0,10000.0
B2_dpesc_v3_s2,uniform_random,0.05,3,10000,0,16000.0,15980.0,15959.0,0.99875,0.998685857321652,0.0249359375,2.00213,9.040917,11.043048,2.997431,0.0,0.0,0.0,47842.0,32.0,22.0,10000.0
B2_dpesc_v3_s2,uniform_random,0.1,3,10000,0,32000.0,31970.0,31933.0,0.9990625,0.998842664998436,0.0498953125,2.009896,9.11997,11.129866,3.012213,0.0,0.0,0.0,95863.0,371.0,249.0,10000.0
B2_dpesc_v3_s2,uniform_random,0.15,3,10000,0,48000.0,47716.0,47665.0,0.9940833333333333,0.9989311761254087,0.0744765625,2.022322,9.159929,11.182251,3.009588,0.0,0.0,0.0,142238.0,1316.0,867.0,10000.0
B2_dpesc_v3_s2,uniform_random,0.2,3,10000,0,64000.0,63801.0,63729.0,0.996890625,0.9988714910424602,0.0995765625,2.04199,9.212337,11.254327,3.014264,0.0,0.0,0.0,189084.0,3185.0,2055.0,10000.0
B2_dpesc_v3_s2,uniform_random,0.25,3,10000,0,80000.0,79865.0,79781.0,0.9983125,0.9989482251299067,0.1246578125,2.070067,9.277372,11.347439,3.026422,0.0,0.0,0.0,235509.0,6090.0,3938.0,10000.0
B2_dpesc_v3_s2,uniform_random,0.3,3,10000,0,96000.0,96060.0,95963.0,1.000625,0.9989902144493025,0.1499421875,2.107302,9.364974,11.472276,3.042193,0.0,0.0,0.0,281120.0,11026.0,7046.0,10000.0
B2_dpesc_v3_s2,uniform_random,0.35,3,10000,0,112000.0,111998.0,111890.0,0.9999821428571428,0.999035697066019,0.174828125,2.152051,9.439101,11.591152,3.049647,0.0,0.0,0.0,323332.0,18091.0,11258.0,10000.0
B2_dpesc_v3_s2,uniform_random,0.4,3,10000,0,128000.0,127849.0,127716.0,0.9988203125,0.9989597102832247,0.19955625,2.214773,9.536573,11.751347,3.064667,0.0,0.0,0.0,364614.0,27088.0,16658.0,10000.0
B2_dpesc_v3_s2,uniform_random,0.45,3,10000,0,144000.0,143786.0,143646.0,0.9985138888888889,0.9990263307971569,0.224446875,2.30289,9.68052,11.983411,3.090939,0.0,0.0,0.0,405292.0,39002.0,23391.0,10000.0
B2_dpesc_v3_s2,uniform_random,0.5,3,10000,0,160000.0,159528.0,159376.0,0.99705,0.999047189208164,0.249025,2.419373,9.821454,12.240827,3.10265,0.0,0.0,0.0,441799.0,53010.0,31246.0,10000.0
B2_dpesc_v3_s2,uniform_random,0.55,3,10000,0,176000.0,175582.0,175393.0,0.997625,0.9989235798658177,0.2740515625,2.597823,10.022578,12.620401,3.123905,0.0,0.0,0.0,477640.0,70692.0,40420.0,10000.0
B2_dpesc_v3_s2,uniform_random,0.6,3,10000,0,192000.0,191607.0,191380.0,0.997953125,0.9988152833664741,0.29903125,2.884993,10.274971,13.159964,3.145067,0.0,0.0,0.0,511301.0,91111.0,50941.0,10000.0
B2_dpesc_v3_s2,uniform_random,0.65,3,10000,0,208000.0,207467.0,207232.0,0.9974375,0.998867289737645,0.3238,3.420215,10.592085,14.0123,3.167315,0.0,0.0,0.0,543659.0,113206.0,61763.0,10000.0
B2_dpesc_v3_s2,uniform_random,0.7,3,10000,0,224000.0,223749.0,223472.0,0.9988794642857143,0.9987620056402486,0.349175,4.835715,11.0835,15.919216,3.194208,0.0,0.0,0.0,574539.0,139874.0,74273.0,10000.0
B2_dpesc_v3_s2,uniform_random,0.75,3,10000,0,240000.0,239484.0,239184.0,0.99785,0.9987473067094252,0.373725,13.598192,11.665044,25.263237,3.20322,0.0,0.0,0.0,601432.0,165401.0,85305.0,10000.0
B2_dpesc_v3_s2,uniform_random,0.8,3,10000,0,256000.0,244840.0,244538.0,0.95640625,0.9987665414148015,0.382090625,216.692305,11.968516,228.660822,3.210552,0.0,0.0,0.0,610648.0,175122.0,88962.0,10000.0
B2_dpesc_v3_s2,uniform_random,0.85,3,10000,0,272000.0,245056.0,244731.0,0.9009411764705882,0.9986737725254635,0.3823921875,492.828457,11.985817,504.814274,3.216139,0.0,0.0,0.0,612158.0,175662.0,89242.0,10000.0
B2_dpesc_v3_s2,uniform_random,0.9,3,10000,0,288000.0,245222.0,244899.0,0.8514652777777778,0.9986828261738343,0.3826546875,739.256604,11.956211,751.212814,3.209335,0.0,0.0,0.0,610906.0,175783.0,89499.0,10000.0
B2_dpesc_v3_s2,uniform_random,0.95,3,10000,0,304000.0,245083.0,244779.0,0.8061940789473684,0.9987596038892946,0.3824671875,967.511813,11.959866,979.471679,3.208735,0.0,0.0,0.0,611117.0,174969.0,89250.0,10000.0
B2_dpesc_v3_s2,uniform_random,1.0,3,10000,0,320000.0,245009.0,244693.0,0.765653125,0.9987102514601505,0.3823328125,1166.104776,11.970261,1178.075037,3.208482,0.0,0.0,0.0,610611.0,175176.0,89457.0,10000.0
B3_esc_v3,uniform_random,0.05,3,10000,0,16000.0,15980.0,15959.0,0.99875,0.998685857321652,0.0249359375,2.00213,9.038975,11.041105,2.996804,0.0,0.0,0.0,0.0,1.0,1.0,10000.0
B3_esc_v3,uniform_random,0.1,3,10000,0,32000.0,31970.0,31933.0,0.9990625,0.998842664998436,0.0498953125,2.009864,9.111577,11.121442,3.008894,0.0,0.0,0.0,0.0,32.0,16.0,10000.0
B3_esc_v3,uniform_random,0.15,3,10000,0,48000.0,47716.0,47665.0,0.9940833333333333,0.9989311761254087,0.0744765625,2.022406,9.139012,11.161418,3.001154,0.0,0.0,0.0,0.0,109.0,72.0,10000.0
B3_esc_v3,uniform_random,0.2,3,10000,0,64000.0,63801.0,63731.0,0.996890625,0.9989028385135029,0.0995796875,2.041926,9.177559,11.219485,2.9992,0.0,0.0,0.0,0.0,297.0,201.0,10000.0
B3_esc_v3,uniform_random,0.25,3,10000,0,80000.0,79864.0,79781.0,0.9983,0.9989607332465191,0.1246578125,2.070455,9.225643,11.296098,3.004237,0.0,0.0,0.0,0.0,619.0,410.0,10000.0
B3_esc_v3,uniform_random,0.3,3,10000,0,96000.0,96060.0,95966.0,1.000625,0.9990214449302519,0.149946875,2.107184,9.276504,11.383688,3.009243,0.0,0.0,0.0,0.0,1035.0,713.0,10000.0
B3_esc_v3,uniform_random,0.35,3,10000,0,112000.0,111997.0,111890.0,0.9999732142857143,0.9990446172665339,0.174828125,2.151694,9.308625,11.460318,3.003146,0.0,0.0,0.0,0.0,1868.0,1214.0,10000.0
B3_esc_v3,uniform_random,0.4,3,10000,0,128000.0,127850.0,127716.0,0.998828125,0.9989518967540086,0.19955625,2.213975,9.351217,11.565192,3.00404,0.0,0.0,0.0,0.0,2677.0,1785.0,10000.0
B3_esc_v3,uniform_random,0.45,3,10000,0,144000.0,143786.0,143651.0,0.9985138888888889,0.9990611046972584,0.2244546875,2.299183,9.421918,11.721102,3.01457,0.0,0.0,0.0,0.0,4141.0,2728.0,10000.0
B3_esc_v3,uniform_random,0.5,3,10000,0,160000.0,159528.0,159384.0,0.99705,0.9990973371445765,0.2490375,2.414088,9.47437,11.888458,3.012009,0.0,0.0,0.0,0.0,6197.0,4045.0,10000.0
B3_esc_v3,uniform_random,0.55,3,10000,0,176000.0,175582.0,175408.0,0.997625,0.9990090100351973,0.274075,2.585253,9.536549,12.121802,3.013072,0.0,0.0,0.0,0.0,8266.0,5531.0,10000.0
B3_esc_v3,uniform_random,0.6,3,10000,0,192000.0,191607.0,191393.0,0.997953125,0.9988831305745615,0.2990515625,2.849989,9.622724,12.472713,3.017367,0.0,0.0,0.0,0.0,11210.0,7391.0,10000.0
B3_esc_v3,uniform_random,0.65,3,10000,0,208000.0,207469.0,207253.0,0.9974471153846154,0.9989588806038493,0.3238328125,3.319643,9.721674,13.041317,3.025795,0.0,0.0,0.0,0.0,15052.0,9898.0,10000.0
B3_esc_v3,uniform_random,0.7,3,10000,0,224000.0,223760.0,223510.0,0.9989285714285714,0.9988827314980336,0.349234375,4.484327,9.851676,14.336003,3.034916,0.0,0.0,0.0,0.0,19673.0,12905.0,10000.0
B3_esc_v3,uniform_random,0.75,3,10000,0,240000.0,239595.0,239321.0,0.9983125,0.9988564035142636,0.3739390625,9.667484,9.974202,19.641686,3.031602,0.0,0.0,0.0,0.0,24516.0,16079.0,10000.0
B3_esc_v3,uniform_random,0.8,3,10000,0,256000.0,248491.0,248223.0,0.97066796875,0.9989214901143301,0.3878484375,146.783505,10.062968,156.846473,3.036141,0.0,0.0,0.0,0.0,28467.0,18487.0,10000.0
B3_esc_v3,uniform_random,0.85,3,10000,0,272000.0,248715.0,248444.0,0.9143933823529412,0.9989103994531894,0.38819375,423.874523,10.071936,433.946459,3.040363,0.0,0.0,0.0,0.0,28341.0,18589.0,10000.0
B3_esc_v3,uniform_random,0.9,3,10000,0,288000.0,248697.0,248431.0,0.86353125,0.9989304253770652,0.3881734375,679.65902,10.069854,689.728874,3.035467,0.0,0.0,0.0,0.0,28233.0,18299.0,10000.0
B3_esc_v3,uniform_random,0.95,3,10000,0,304000.0,248780.0,248512.0,0.8183552631578948,0.9989227429857706,0.3883,907.516643,10.0551,917.571743,3.035519,0.0,0.0,0.0,0.0,28075.0,18281.0,10000.0
B3_esc_v3,uniform_random,1.0,3,10000,0,320000.0,248778.0,248497.0,0.77743125,0.9988704789008674,0.3882765625,1108.336266,10.061892,1118.398158,3.035489,0.0,0.0,0.0,0.0,28389.0,18501.0,10000.0
B4_dpesc_v5_s4,uniform_random,0.05,5,10000,0,16000.0,15980.0,15959.0,0.99875,0.998685857321652,0.0249359375,2.0,9.039852,11.039852,2.996804,0.0,0.0,0.0,47864.0,0.0,0.0,10000.0
B4_dpesc_v5_s4,uniform_random,0.1,5,10000,0,32000.0,31970.0,31933.0,0.9990625,0.998842664998436,0.0498953125,2.0,9.113832,11.113832,3.008393,0.0,0.0,0.0,96112.0,0.0,0.0,10000.0
B4_dpesc_v5_s4,uniform_random,0.15,5,10000,0,48000.0,47716.0,47665.0,0.9940833333333333,0.9989311761254087,0.0744765625,2.0,9.140753,11.140753,3.000399,0.0,0.0,0.0,143114.0,2.0,2.0,10000.0
B4_dpesc_v5_s4,uniform_random,0.2,5,10000,0,64000.0,63801.0,63731.0,0.996890625,0.9989028385135029,0.0995796875,2.0,9.178798,11.178798,2.997756,0.0,0.0,0.0,191203.0,8.0,4.0,10000.0
B4_dpesc_v5_s4,uniform_random,0.25,5,10000,0,80000.0,79865.0,79781.0,0.9983125,0.9989482251299067,0.1246578125,2.0,9.229754,11.229754,3.00173,0.0,0.0,0.0,239616.0,14.0,6.0,10000.0
B4_dpesc_v5_s4,uniform_random,0.3,5,10000,0,96000.0,96060.0,95965.0,1.000625,0.9990110347699355,0.1499453125,2.0,9.283041,11.283041,3.005971,0.0,0.0,0.0,288650.0,18.0,14.0,10000.0
B4_dpesc_v5_s4,uniform_random,0.35,5,10000,0,112000.0,111998.0,111892.0,0.9999821428571428,0.9990535545277595,0.17483125,2.0,9.307323,11.307323,2.997551,0.0,0.0,0.0,335539.0,54.0,34.0,10000.0
B4_dpesc_v5_s4,uniform_random,0.4,5,10000,0,128000.0,127850.0,127721.0,0.998828125,0.9989910050840829,0.1995640625,2.0,9.354421,11.354421,2.997651,0.0,0.0,0.0,382987.0,146.0,86.0,10000.0
B4_dpesc_v5_s4,uniform_random,0.45,5,10000,0,144000.0,143788.0,143653.0,0.9985277777777778,0.9990611177566974,0.2244578125,2.0,9.415989,11.415989,3.005548,0.0,0.0,0.0,431757.0,266.0,180.0,10000.0
B4_dpesc_v5_s4,uniform_random,0.5,5,10000,0,160000.0,159529.0,159392.0,0.99705625,0.9991412219721806,0.24905,2.0,9.448724,11.448724,2.999661,0.0,0.0,0.0,477973.0,414.0,289.0,10000.0
B4_dpesc_v5_s4,uniform_random,0.55,5,10000,0,176000.0,175585.0,175416.0,0.9976420454545455,0.9990375032035766,0.2740875,2.0,9.498683,11.498683,2.999635,0.0,0.0,0.0,525726.0,795.0,531.0,10000.0
B4_dpesc_v5_s4,uniform_random,0.6,5,10000,0,192000.0,191612.0,191406.0,0.9979791666666666,0.9989249107571551,0.299071875,2.0,9.551211,11.551211,3.000434,0.0,0.0,0.0,573490.0,1241.0,849.0,10000.0
B4_dpesc_v5_s4,uniform_random,0.65,5,10000,0,208000.0,207489.0,207274.0,0.9975432692307692,0.9989638004906284,0.323865625,2.0,9.614809,11.614809,3.005244,0.0,0.0,0.0,621346.0,1983.0,1358.0,10000.0
B4_dpesc_v5_s4,uniform_random,0.7,5,10000,0,224000.0,223803.0,223557.0,0.9991205357142857,0.9989008190238736,0.3493078125,2.0,9.688956,11.688956,3.010834,0.0,0.0,0.0,670513.0,3058.0,2071.0,10000.0
B4_dpesc_v5_s4,uniform_random,0.75,5,10000,0,240000.0,239782.0,239523.0,0.9990916666666667,0.9989198521990809,0.3742546875,2.000004,9.738401,11.738405,3.005736,0.0,0.0,0.0,715832.0,4602.0,3050.0,10000.0
B4_dpesc_v5_s4,uniform_random,0.8,5,10000,0,256000.0,255570.0,255314.0,0.9983203125,0.9989983174864029,0.398928125,2.000016,9.810461,11.810477,3.007826,0.0,0.0,0.0,762208.0,6238.0,4257.0,10000.0
B4_dpesc_v5_s4,uniform_random,0.85,5,10000,0,272000.0,271616.0,271342.0,0.9985882352941177,0.9989912229029217,0.423971875,2.000033,9.896153,11.896186,3.014369,0.0,0.0,0.0,809479.0,8982.0,6030.0,10000.0
B4_dpesc_v5_s4,uniform_random,0.9,5,10000,0,288000.0,287618.0,287316.0,0.9986736111111111,0.9989499961754827,0.44893125,2.000094,9.969535,11.969629,3.010709,0.0,0.0,0.0,853311.0,12298.0,8250.0,10000.0
B4_dpesc_v5_s4,uniform_random,0.95,5,10000,0,304000.0,303677.0,303353.0,0.9989375,0.9989330769205439,0.4739890625,2.000162,10.06978,12.069942,3.018065,0.0,0.0,0.0,899523.0,16671.0,11151.0,10000.0
B4_dpesc_v5_s4,uniform_random,1.0,5,10000,0,320000.0,319599.0,319254.0,0.998746875,0.9989205222794815,0.498834375,2.000266,10.176123,12.176389,3.020372,0.0,0.0,0.0,942944.0,22015.0,14690.0,10000.0
B5_esc_v4,uniform_random,0.05,4,10000,0,16000.0,15980.0,15959.0,0.99875,0.998685857321652,0.0249359375,2.0,9.039852,11.039852,2.996804,0.0,0.0,0.0,0.0,0.0,0.0,10000.0
B5_esc_v4,uniform_random,0.1,4,10000,0,32000.0,31970.0,31933.0,0.9990625,0.998842664998436,0.0498953125,2.0,9.113832,11.113832,3.008393,0.0,0.0,0.0,0.0,0.0,0.0,10000.0
B5_esc_v4,uniform_random,0.15,4,10000,0,48000.0,47716.0,47665.0,0.9940833333333333,0.9989311761254087,0.0744765625,2.0,9.140606,11.140606,3.000399,0.0,0.0,0.0,0.0,1.0,1.0,10000.0
B5_esc_v4,uniform_random,0.2,4,10000,0,64000.0,63801.0,63731.0,0.996890625,0.9989028385135029,0.0995796875,2.0,9.179599,11.179599,2.997725,0.0,0.0,0.0,0.0,4.0,2.0,10000.0
B5_esc_v4,uniform_random,0.25,4,10000,0,80000.0,79865.0,79781.0,0.9983125,0.9989482251299067,0.1246578125,2.000025,9.23112,11.231145,3.00168,0.0,0.0,0.0,0.0,8.0,4.0,10000.0
B5_esc_v4,uniform_random,0.3,4,10000,0,96000.0,96060.0,95966.0,1.000625,0.9990214449302519,0.149946875,2.000031,9.283142,11.283173,3.00595,0.0,0.0,0.0,0.0,6.0,4.0,10000.0
B5_esc_v4,uniform_random,0.35,4,10000,0,112000.0,111998.0,111892.0,0.9999821428571428,0.9990535545277595,0.17483125,2.000098,9.307806,11.307904,2.997515,0.0,0.0,0.0,0.0,42.0,26.0,10000.0
B5_esc_v4,uniform_random,0.4,4,10000,0,128000.0,127850.0,127720.0,0.998828125,0.998983183418068,0.1995625,2.000125,9.353719,11.353844,2.997314,0.0,0.0,0.0,0.0,55.0,37.0,10000.0
B5_esc_v4,uniform_random,0.45,4,10000,0,144000.0,143788.0,143652.0,0.9985277777777778,0.9990541630734137,0.22445625,2.000202,9.413235,11.413437,3.005158,0.0,0.0,0.0,0.0,102.0,70.0,10000.0
B5_esc_v4,uniform_random,0.5,4,10000,0,160000.0,159529.0,159391.0,0.99705625,0.9991349535194228,0.2490484375,2.000471,9.448915,11.449385,2.999247,0.0,0.0,0.0,0.0,164.0,106.0,10000.0
B5_esc_v4,uniform_random,0.55,4,10000,0,176000.0,175585.0,175417.0,0.9976420454545455,0.9990431984508927,0.2740890625,2.000621,9.498441,11.499062,2.998643,0.0,0.0,0.0,0.0,263.0,173.0,10000.0
B5_esc_v4,uniform_random,0.6,4,10000,0,192000.0,191612.0,191409.0,0.9979791666666666,0.998940567396614,0.2990765625,2.001217,9.553469,11.554687,2.998924,0.0,0.0,0.0,0.0,381.0,283.0,10000.0
B5_esc_v4,uniform_random,0.65,4,10000,0,208000.0,207489.0,207274.0,0.9975432692307692,0.9989638004906284,0.323865625,2.001693,9.61205,11.613743,3.002953,0.0,0.0,0.0,0.0,480.0,336.0,10000.0
B5_esc_v4,uniform_random,0.7,4,10000,0,224000.0,223803.0,223557.0,0.9991205357142857,0.9989008190238736,0.3493078125,2.002885,9.683705,11.68659,3.007743,0.0,0.0,0.0,0.0,878.0,592.0,10000.0
B5_esc_v4,uniform_random,0.75,4,10000,0,240000.0,239782.0,239522.0,0.9990916666666667,0.998915681744251,0.374253125,2.004492,9.731678,11.73617,3.000852,0.0,0.0,0.0,0.0,1083.0,720.0,10000.0
B5_esc_v4,uniform_random,0.8,4,10000,0,256000.0,255570.0,255313.0,0.9983203125,0.9989944046640842,0.3989265625,2.006639,9.797652,11.804291,3.002334,0.0,0.0,0.0,0.0,1620.0,1081.0,10000.0
B5_esc_v4,uniform_random,0.85,4,10000,0,272000.0,271616.0,271343.0,0.9985882352941177,0.9989949045711592,0.4239734375,2.010452,9.877517,11.887968,3.006372,0.0,0.0,0.0,0.0,2146.0,1462.0,10000.0
B5_esc_v4,uniform_random,0.9,4,10000,0,288000.0,287617.0,287315.0,0.9986701388888889,0.9989499925247812,0.4489296875,2.013939,9.946738,11.960677,3.000428,0.0,0.0,0.0,0.0,2933.0,1990.0,10000.0
B5_esc_v4,uniform_random,0.95,4,10000,0,304000.0,303677.0,303354.0,0.9989375,0.9989363698930114,0.473990625,2.021622,10.036189,12.05781,3.004836,0.0,0.0,0.0,0.0,3836.0,2613.0,10000.0
B5_esc_v4,uniform_random,1.0,4,10000,0,320000.0,319599.0,319254.0,0.998746875,0.9989205222794815,0.498834375,2.03256,10.128747,12.161307,3.003868,0.0,0.0,0.0,0.0,4954.0,3347.0,10000.0
B6_dpesc_v7_s6,uniform_random,0.05,7,10000,0,16000.0,15980.0,15959.0,0.99875,0.998685857321652,0.0249359375,2.0,9.039852,11.039852,2.996804,0.0,0.0,0.0,47864.0,0.0,0.0,10000.0
B6_dpesc_v7_s6,uniform_random,0.1,7,10000,0,32000.0,31970.0,31933.0,0.9990625,0.998842664998436,0.0498953125,2.0,9.113832,11.113832,3.008393,0.0,0.0,0.0,96112.0,0.0,0.0,10000.0
B6_dpesc_v7_s6,uniform_random,0.15,7,10000,0,48000.0,47716.0,47665.0,0.9940833333333333,0.9989311761254087,0.0744765625,2.0,9.140019,11.140019,3.000462,0.0,0.0,0.0,143116.0,0.0,0.0,10000.0
B6_dpesc_v7_s6,uniform_random,0.2,7,10000,0,64000.0,63801.0,63731.0,0.996890625,0.9989028385135029,0.0995796875,2.0,9.180728,11.180728,2.997693,0.0,0.0,0.0,191207.0,0.0,0.0,10000.0
B6_dpesc_v7_s6,uniform_random,0.25,7,10000,0,80000.0,79865.0,79781.0,0.9983125,0.9989482251299067,0.1246578125,2.0,9.230218,11.230218,3.001629,0.0,0.0,0.0,239622.0,0.0,0.0,10000.0
B6_dpesc_v7_s6,uniform_random,0.3,7,10000,0,96000.0,96060.0,95966.0,1.000625,0.9990214449302519,0.149946875,2.0,9.285559,11.285559,3.005929,0.0,0.0,0.0,288664.0,0.0,0.0,10000.0
B6_dpesc_v7_s6,uniform_random,0.35,7,10000,0,112000.0,111998.0,111891.0,0.9999821428571428,0.9990446257968892,0.1748296875,2.0,9.308407,11.308407,2.997372,0.0,0.0,0.0,335574.0,0.0,0.0,10000.0
B6_dpesc_v7_s6,uniform_random,0.4,7,10000,0,128000.0,127850.0,127721.0,0.998828125,0.9989910050840829,0.1995640625,2.0,9.353113,11.353113,2.997181,0.0,0.0,0.0,383073.0,0.0,0.0,10000.0
B6_dpesc_v7_s6,uniform_random,0.45,7,10000,0,144000.0,143788.0,143650.0,0.9985277777777778,0.9990402537068462,0.224453125,2.0,9.411779,11.411779,3.004929,0.0,0.0,0.0,431938.0,0.0,0.0,10000.0
B6_dpesc_v7_s6,uniform_random,0.5,7,10000,0,160000.0,159529.0,159391.0,0.99705625,0.9991349535194228,0.2490484375,2.0,9.448219,11.448219,2.998877,0.0,0.0,0.0,478261.0,1.0,1.0,10000.0
B6_dpesc_v7_s6,uniform_random,0.55,7,10000,0,176000.0,175585.0,175415.0,0.9976420454545455,0.9990318079562605,0.2740859375,2.0,9.49632,11.49632,2.998119,0.0,0.0,0.0,526255.0,1.0,1.0,10000.0
B6_dpesc_v7_s6,uniform_random,0.6,7,10000,0,192000.0,191612.0,191409.0,0.9979791666666666,0.998940567396614,0.2990765625,2.0,9.547827,11.547827,2.998422,0.0,0.0,0.0,574340.0,1.0,1.0,10000.0
B6_dpesc_v7_s6,uniform_random,0.65,7,10000,0,208000.0,207489.0,207274.0,0.9975432692307692,0.9989638004906284,0.323865625,2.0,9.60957,11.60957,3.002253,0.0,0.0,0.0,622701.0,7.0,5.0,10000.0
B6_dpesc_v7_s6,uniform_random,0.7,7,10000,0,224000.0,223803.0,223558.0,0.9991205357142857,0.9989052872392238,0.349309375,2.0,9.680056,11.680056,3.006499,0.0,0.0,0.0,672594.0,9.0,5.0,10000.0
B6_dpesc_v7_s6,uniform_random,0.75,7,10000,0,240000.0,239782.0,239523.0,0.9990916666666667,0.9989198521990809,0.3742546875,2.0,9.725934,11.725934,2.99939,0.0,0.0,0.0,718895.0,24.0,14.0,10000.0
B6_dpesc_v7_s6,uniform_random,0.8,7,10000,0,256000.0,255570.0,255313.0,0.9983203125,0.9989944046640842,0.3989265625,2.0,9.794303,11.794303,3.000266,0.0,0.0,0.0,766478.0,38.0,26.0,10000.0
B6_dpesc_v7_s6,uniform_random,0.85,7,10000,0,272000.0,271616.0,271339.0,0.9985882352941177,0.9989801778982093,0.4239671875,2.0,9.872053,11.872053,3.003907,0.0,0.0,0.0,815564.0,48.0,38.0,10000.0
B6_dpesc_v7_s6,uniform_random,0.9,7,10000,0,288000.0,287618.0,287314.0,0.9986736111111111,0.9989430425077708,0.448928125,2.0,9.934984,11.934984,2.997369,0.0,0.0,0.0,861648.0,130.0,72.0,10000.0
B6_dpesc_v7_s6,uniform_random,0.95,7,10000,0,304000.0,303677.0,303357.0,0.9989375,0.9989462488104137,0.4739953125,2.0,10.025234,12.025234,3.000976,0.0,0.0,0.0,910863.0,142.0,100.0,10000.0
B6_dpesc_v7_s6,uniform_random,1.0,7,10000,0,320000.0,319599.0,319254.0,0.998746875,0.9989205222794815,0.498834375,2.0,10.113762,12.113762,2.999192,0.0,0.0,0.0,957902.0,295.0,197.0,10000.0
