mode,policy,reserve,pool_slots,pair_slots,pattern,link_latency,injection_rate,vcs_per_vnet,sim_cycles,random_seed,deadlock,exit_code,wall_seconds,expected_generated,packets_injected,packets_received,injection_acceptance,delivery_ratio,throughput,queueing_latency,network_latency,packet_latency,average_hops,escape_hops,escape_transitions,grants_migrated,credits_returned,pool_full_blocks,borrowed_peak,grant_queue_mean,grant_queue_max,return_credit_conflicts,received_east,received_west,received_north,received_south,received_up,received_down,received_dir_total,sim_ticks
PRIV,private,,0,8,torus3d_xopposite,1,0.05,4,10000,1,0,0,10.590,16000.0,15937.0,15921.0,0.9960625,0.9989960469348058,0.0248765625,2.0,7.026757,9.026757,2.0,0.0,0.0,0.0,0.0,0.0,0.0,nan,nan,0.0,0.0,0.0,0.0,0.0,0.0,0.0,0.0,10000.0
PRIV,private,,0,8,torus3d_xopposite,1,0.1,4,10000,1,0,0,10.889,32000.0,31899.0,31867.0,0.99684375,0.9989968337565441,0.0497921875,2.0,7.050554,9.050554,2.0,0.0,0.0,0.0,0.0,0.0,0.0,nan,nan,0.0,0.0,0.0,0.0,0.0,0.0,0.0,0.0,10000.0
PRIV,private,,0,8,torus3d_xopposite,1,0.15,4,10000,1,0,0,11.258,48000.0,47896.0,47849.0,0.9978333333333333,0.999018707198931,0.0747640625,2.0,7.076637,9.076637,2.0,0.0,0.0,0.0,0.0,0.0,0.0,nan,nan,0.0,0.0,0.0,0.0,0.0,0.0,0.0,0.0,10000.0
PRIV,private,,0,8,torus3d_xopposite,1,0.2,4,10000,1,0,0,11.354,64000.0,64041.0,63979.0,1.000640625,0.9990318702081479,0.0999671875,2.000016,7.106207,9.106222,2.0,0.0,0.0,0.0,0.0,0.0,0.0,nan,nan,0.0,0.0,0.0,0.0,0.0,0.0,0.0,0.0,10000.0
PRIV,private,,0,8,torus3d_xopposite,1,0.25,4,10000,1,0,0,11.227,80000.0,79913.0,79827.0,0.9989125,0.9989238296647605,0.1247296875,2.000025,7.130645,9.13067,2.0,0.0,0.0,0.0,0.0,0.0,0.0,nan,nan,0.0,0.0,0.0,0.0,0.0,0.0,0.0,0.0,10000.0
PRIV,private,,0,8,torus3d_xopposite,1,0.3,4,10000,1,0,0,11.668,96000.0,95859.0,95763.0,0.99853125,0.9989985290896003,0.1496296875,2.0,7.160208,9.160208,2.0,5.0,5.0,0.0,0.0,0.0,0.0,nan,nan,0.0,0.0,0.0,0.0,0.0,0.0,0.0,0.0,10000.0
PRIV,private,,0,8,torus3d_xopposite,1,0.35,4,10000,1,0,0,12.067,112000.0,111637.0,111527.0,0.9967589285714286,0.9990146635971945,0.1742609375,2.000027,7.186448,9.186475,2.000036,7.0,3.0,0.0,0.0,0.0,0.0,nan,nan,0.0,0.0,0.0,0.0,0.0,0.0,0.0,0.0,10000.0
PRIV,private,,0,8,torus3d_xopposite,1,0.4,4,10000,1,0,0,12.114,128000.0,127612.0,127495.0,0.99696875,0.9990831583236687,0.1992109375,2.000102,7.213412,9.213514,2.000031,18.0,13.0,0.0,0.0,0.0,0.0,nan,nan,0.0,0.0,0.0,0.0,0.0,0.0,0.0,0.0,10000.0
PRIV,private,,0,8,torus3d_xopposite,1,0.45,4,10000,1,0,0,12.533,144000.0,143680.0,143556.0,0.9977777777777778,0.9991369710467706,0.22430625,2.000125,7.240101,9.240227,2.00007,40.0,29.0,0.0,0.0,0.0,0.0,nan,nan,0.0,0.0,0.0,0.0,0.0,0.0,0.0,0.0,10000.0
PRIV,private,,0,8,torus3d_xopposite,1,0.5,4,10000,1,0,0,12.685,160000.0,159657.0,159521.0,0.99785625,0.9991481738977934,0.2492515625,2.000244,7.264003,9.264247,2.000113,68.0,50.0,0.0,0.0,0.0,0.0,nan,nan,0.0,0.0,0.0,0.0,0.0,0.0,0.0,0.0,10000.0
PRIV,private,,0,8,torus3d_xopposite,1,0.55,4,10000,1,0,0,12.921,176000.0,175731.0,175584.0,0.9984715909090909,0.9991634942042098,0.27435,2.000353,7.295112,9.295465,2.000273,151.0,103.0,0.0,0.0,0.0,0.0,nan,nan,0.0,0.0,0.0,0.0,0.0,0.0,0.0,0.0,10000.0
PRIV,private,,0,8,torus3d_xopposite,1,0.6,4,10000,1,0,0,12.987,192000.0,191725.0,191563.0,0.9985677083333333,0.9991550397705047,0.2993171875,2.000517,7.320349,9.320866,2.000365,254.0,182.0,0.0,0.0,0.0,0.0,nan,nan,0.0,0.0,0.0,0.0,0.0,0.0,0.0,0.0,10000.0
PRIV,private,,0,8,torus3d_xopposite,1,0.65,4,10000,1,0,0,12.669,208000.0,207794.0,207618.0,0.9990096153846154,0.999153007305312,0.324403125,2.000819,7.348481,9.3493,2.000722,525.0,372.0,0.0,0.0,0.0,0.0,nan,nan,0.0,0.0,0.0,0.0,0.0,0.0,0.0,0.0,10000.0
PRIV,private,,0,8,torus3d_xopposite,1,0.7,4,10000,1,0,0,12.881,224000.0,223692.0,223512.0,0.998625,0.9991953221393702,0.3492375,2.001016,7.374924,9.37594,2.000975,842.0,622.0,0.0,0.0,0.0,0.0,nan,nan,0.0,0.0,0.0,0.0,0.0,0.0,0.0,0.0,10000.0
PRIV,private,,0,8,torus3d_xopposite,1,0.75,4,10000,1,0,0,12.768,240000.0,239728.0,239534.0,0.9988666666666667,0.9991907495161183,0.374271875,2.001524,7.401242,9.402765,2.001653,1468.0,1062.0,0.0,0.0,0.0,0.0,nan,nan,0.0,0.0,0.0,0.0,0.0,0.0,0.0,0.0,10000.0
PRIV,private,,0,8,torus3d_xopposite,1,0.8,4,10000,1,0,0,13.119,256000.0,255766.0,255552.0,0.9990859375,0.9991632977018056,0.3993,2.002031,7.428699,9.43073,2.00227,2282.0,1683.0,0.0,0.0,0.0,0.0,nan,nan,0.0,0.0,0.0,0.0,0.0,0.0,0.0,0.0,10000.0
PRIV,private,,0,8,torus3d_xopposite,1,0.85,4,10000,1,0,0,13.237,272000.0,271716.0,271487.0,0.9989558823529412,0.9991572082615672,0.4241984375,2.002368,7.461484,9.463853,2.003433,3436.0,2453.0,0.0,0.0,0.0,0.0,nan,nan,0.0,0.0,0.0,0.0,0.0,0.0,0.0,0.0,10000.0
PRIV,private,,0,8,torus3d_xopposite,1,0.9,4,10000,1,0,0,13.479,288000.0,287803.0,287560.0,0.9993159722222222,0.9991556724565067,0.4493125,2.003025,7.494791,9.497816,2.003971,4463.0,3225.0,0.0,0.0,0.0,0.0,nan,nan,0.0,0.0,0.0,0.0,0.0,0.0,0.0,0.0,10000.0
PRIV,private,,0,8,torus3d_xopposite,1,0.95,4,10000,1,0,0,13.374,304000.0,303700.0,303456.0,0.9990131578947369,0.9991965755679947,0.47415,2.003361,7.534664,9.538025,2.004113,5112.0,3733.0,0.0,0.0,0.0,0.0,nan,nan,0.0,0.0,0.0,0.0,0.0,0.0,0.0,0.0,10000.0
PRIV,private,,0,8,torus3d_xopposite,1,1.0,4,10000,1,0,0,13.490,320000.0,319641.0,319386.0,0.998878125,0.9992022300017832,0.499040625,2.000924,7.511779,9.512702,2.000457,594.0,433.0,0.0,0.0,0.0,0.0,nan,nan,0.0,0.0,0.0,0.0,0.0,0.0,0.0,0.0,10000.0
RR-a,rr,2,4,8,torus3d_xopposite,1,0.05,8,10000,1,0,0,10.538,16000.0,15937.0,15921.0,0.9960625,0.9989960469348058,0.0248765625,2.0,7.019471,9.019471,2.000754,56.0,43.0,523.0,0.0,0.0,2.0,0.00342,1.0,0.0,8022.0,7903.0,0.0,0.0,0.0,0.0,15925.0,10000.0
RR-a,rr,2,4,8,torus3d_xopposite,1,0.1,8,10000,1,0,0,10.664,32000.0,31899.0,31866.0,0.99684375,0.9989654848114361,0.049790625,2.0,7.047198,9.047198,2.00477,458.0,289.0,2386.0,0.0,0.0,2.0,0.00848,1.0,0.0,15973.0,15904.0,0.0,0.0,0.0,0.0,31877.0,10000.0
RR-a,rr,2,4,8,torus3d_xopposite,1,0.15,8,10000,1,0,0,11.281,48000.0,47896.0,47849.0,0.9978333333333333,0.999018707198931,0.0747640625,2.0,7.079834,9.079834,2.005935,971.0,630.0,5509.0,0.0,0.0,2.0,0.018568,2.0,0.0,24057.0,23808.0,0.0,0.0,0.0,0.0,47865.0,10000.0
RR-a,rr,2,4,8,torus3d_xopposite,1,0.2,8,10000,1,0,0,11.408,64000.0,64041.0,63979.0,1.000640625,0.9990318702081479,0.0999671875,2.0,7.119867,9.119867,2.010316,2081.0,1287.0,9990.0,0.0,0.0,2.0,0.029982,2.0,0.0,31974.0,32026.0,0.0,0.0,0.0,0.0,64000.0,10000.0
RR-a,rr,2,4,8,torus3d_xopposite,1,0.25,8,10000,1,0,0,11.607,80000.0,79913.0,79828.0,0.9989125,0.9989363432733097,0.12473125,2.0,7.158979,9.158979,2.011876,3203.0,1997.0,15697.0,0.0,0.0,2.0,0.045991,2.0,0.0,39920.0,39937.0,0.0,0.0,0.0,0.0,79857.0,10000.0
RR-a,rr,2,4,8,torus3d_xopposite,1,0.3,8,10000,1,0,0,11.887,96000.0,95859.0,95762.0,0.99853125,0.9989880971009504,0.149628125,2.000042,7.197803,9.197845,2.012573,4324.0,2695.0,22495.0,0.0,0.0,2.0,0.061784,2.0,0.0,47824.0,47967.0,0.0,0.0,0.0,0.0,95791.0,10000.0
RR-a,rr,2,4,8,torus3d_xopposite,1,0.35,8,10000,1,0,0,12.096,112000.0,111637.0,111527.0,0.9967589285714286,0.9990146635971945,0.1742609375,2.000036,7.239243,9.239278,2.013988,5969.0,3754.0,30209.0,0.0,0.0,2.0,0.080568,2.0,0.0,55544.0,56018.0,0.0,0.0,0.0,0.0,111562.0,10000.0
RR-a,rr,2,4,8,torus3d_xopposite,1,0.4,8,10000,1,0,0,12.469,128000.0,127612.0,127493.0,0.99696875,0.9990674858163809,0.1992078125,2.00018,7.290338,9.290518,2.015922,7909.0,4951.0,39000.0,0.0,0.0,2.0,0.10217,2.0,0.0,63516.0,64012.0,0.0,0.0,0.0,0.0,127528.0,10000.0
RR-a,rr,2,4,8,torus3d_xopposite,1,0.45,8,10000,1,0,0,12.371,144000.0,143680.0,143555.0,0.9977777777777778,0.9991300111358574,0.2243046875,2.000453,7.33622,9.336672,2.017471,9409.0,5864.0,47878.0,0.0,0.0,2.0,0.123271,2.0,0.0,71347.0,72246.0,0.0,0.0,0.0,0.0,143593.0,10000.0
RR-a,rr,2,4,8,torus3d_xopposite,1,0.5,8,10000,1,0,0,12.709,160000.0,159657.0,159521.0,0.99785625,0.9991481738977934,0.2492515625,2.000558,7.376101,9.376659,2.016336,10973.0,7023.0,57220.0,0.0,0.0,2.0,0.144922,2.0,0.0,79314.0,80245.0,0.0,0.0,0.0,0.0,159559.0,10000.0
RR-a,rr,2,4,8,torus3d_xopposite,1,0.55,8,10000,1,0,0,13.037,176000.0,175731.0,175581.0,0.9984715909090909,0.999146422657357,0.2743453125,2.001219,7.425211,9.42643,2.016414,12531.0,8151.0,66854.0,0.0,0.0,2.0,0.165998,2.0,0.0,87370.0,88251.0,0.0,0.0,0.0,0.0,175621.0,10000.0
RR-a,rr,2,4,8,torus3d_xopposite,1,0.6,8,10000,1,0,0,13.180,192000.0,191725.0,191559.0,0.9985677083333333,0.9991341765549615,0.2993109375,2.001618,7.477983,9.479602,2.017592,14547.0,9452.0,76810.0,0.0,0.0,2.0,0.186866,2.0,0.0,95254.0,96349.0,0.0,0.0,0.0,0.0,191603.0,10000.0
RR-a,rr,2,4,8,torus3d_xopposite,1,0.65,8,10000,1,0,0,13.597,208000.0,207794.0,207613.0,0.9990096153846154,0.9991289450128492,0.3243953125,2.002794,7.527014,9.529808,2.018708,16534.0,10719.0,85951.0,0.0,0.0,2.0,0.207569,2.0,0.0,103196.0,104469.0,0.0,0.0,0.0,0.0,207665.0,10000.0
RR-a,rr,2,4,8,torus3d_xopposite,1,0.7,8,10000,1,0,0,13.713,224000.0,223692.0,223507.0,0.998625,0.9991729699765749,0.3492296875,2.00387,7.580152,9.584022,2.01999,18360.0,11813.0,97189.0,0.0,0.0,2.0,0.226923,2.0,0.0,111074.0,112485.0,0.0,0.0,0.0,0.0,223559.0,10000.0
RR-a,rr,2,4,8,torus3d_xopposite,1,0.75,8,10000,1,0,0,13.867,240000.0,239728.0,239530.0,0.9988666666666667,0.999174063939131,0.374265625,2.005502,7.629312,9.634814,2.019421,19876.0,12941.0,108680.0,0.0,0.0,2.0,0.246225,2.0,0.0,119205.0,120377.0,0.0,0.0,0.0,0.0,239582.0,10000.0
RR-a,rr,2,4,8,torus3d_xopposite,1,0.8,8,10000,1,0,0,13.794,256000.0,255766.0,255550.0,0.9990859375,0.9991554780541588,0.399296875,2.007967,7.683138,9.691105,2.019581,21068.0,13806.0,122483.0,0.0,0.0,2.0,0.264128,2.0,0.0,127060.0,128551.0,0.0,0.0,0.0,0.0,255611.0,10000.0
RR-a,rr,2,4,8,torus3d_xopposite,1,0.85,8,10000,1,0,0,14.353,272000.0,271716.0,271485.0,0.9989558823529412,0.9991498476350307,0.4241953125,2.010877,7.731035,9.741912,2.019927,22541.0,14814.0,137989.0,0.0,0.0,2.0,0.281166,2.0,0.0,135173.0,136370.0,0.0,0.0,0.0,0.0,271543.0,10000.0
RR-a,rr,2,4,8,torus3d_xopposite,1,0.9,8,10000,1,0,0,14.516,288000.0,287803.0,287558.0,0.9993159722222222,0.9991487232586179,0.449309375,2.016435,7.780124,9.796559,2.018535,22952.0,15321.0,154397.0,0.0,0.0,2.0,0.295923,2.0,0.0,143148.0,144467.0,0.0,0.0,0.0,0.0,287615.0,10000.0
RR-a,rr,2,4,8,torus3d_xopposite,1,0.95,8,10000,1,0,0,14.576,304000.0,303700.0,303451.0,0.9990131578947369,0.9991801119525848,0.4741421875,2.023833,7.825062,9.848895,2.017696,22733.0,15359.0,170885.0,0.0,0.0,2.0,0.310739,2.0,0.0,151064.0,152445.0,0.0,0.0,0.0,0.0,303509.0,10000.0
RR-a,rr,2,4,8,torus3d_xopposite,1,1.0,8,10000,1,0,0,14.737,320000.0,319641.0,319373.0,0.998878125,0.9991615593744232,0.4990203125,2.030165,7.823767,9.853933,2.014516,18289.0,12400.0,171227.0,0.0,0.0,2.0,0.312483,2.0,0.0,159117.0,160319.0,0.0,0.0,0.0,0.0,319436.0,10000.0
STV-a,starve,2,4,8,torus3d_xopposite,1,0.05,8,10000,1,0,0,13.779,16000.0,15937.0,15921.0,0.9960625,0.9989960469348058,0.0248765625,2.0,7.028327,9.028327,2.0,4.0,4.0,180654.0,1884375.0,0.0,1.0,0.538188,4.0,964985.0,7945.0,7980.0,0.0,0.0,0.0,0.0,15925.0,10000.0
STV-a,starve,2,4,8,torus3d_xopposite,1,0.1,8,10000,1,0,0,13.972,32000.0,31899.0,31867.0,0.99684375,0.9989968337565441,0.0497921875,2.0,7.064079,9.064079,2.000941,78.0,47.0,156602.0,1856865.0,0.0,1.0,0.571923,4.0,972831.0,15934.0,15944.0,0.0,0.0,0.0,0.0,31878.0,10000.0
STV-a,starve,2,4,8,torus3d_xopposite,1,0.15,8,10000,1,0,0,14.407,48000.0,47896.0,47849.0,0.9978333333333333,0.999018707198931,0.0747640625,2.0,7.096366,9.096366,2.00209,307.0,204.0,243779.0,1834486.0,0.0,1.0,0.602645,4.0,977507.0,23985.0,23880.0,0.0,0.0,0.0,0.0,47865.0,10000.0
STV-a,starve,2,4,8,torus3d_xopposite,1,0.2,8,10000,1,0,0,14.565,64000.0,64041.0,63979.0,1.000640625,0.9990318702081479,0.0999671875,2.0,7.133513,9.133513,2.003626,845.0,590.0,223297.0,1813879.0,0.0,1.0,0.633263,5.0,981372.0,31998.0,32002.0,0.0,0.0,0.0,0.0,64000.0,10000.0
STV-a,starve,2,4,8,torus3d_xopposite,1,0.25,8,10000,1,0,0,14.718,80000.0,79913.0,79828.0,0.9989125,0.9989363432733097,0.12473125,2.0,7.175866,9.175866,2.006714,1811.0,1204.0,214940.0,1795622.0,0.0,1.0,0.660348,5.0,982999.0,39995.0,39862.0,0.0,0.0,0.0,0.0,79857.0,10000.0
STV-a,starve,2,4,8,torus3d_xopposite,1,0.3,8,10000,1,0,0,14.771,96000.0,95859.0,95763.0,0.99853125,0.9989985290896003,0.1496296875,2.00001,7.226862,9.226873,2.010797,3514.0,2328.0,247809.0,1778022.0,0.0,1.0,0.685899,5.0,982770.0,47899.0,47894.0,0.0,0.0,0.0,0.0,95793.0,10000.0
STV-a,starve,2,4,8,torus3d_xopposite,1,0.35,8,10000,1,0,0,14.743,112000.0,111637.0,111528.0,0.9967589285714286,0.9990236212008563,0.1742625,2.000117,7.272694,9.27281,2.014185,5622.0,3729.0,257100.0,1761237.0,0.0,1.0,0.711187,5.0,980020.0,55926.0,55635.0,0.0,0.0,0.0,0.0,111561.0,10000.0
STV-a,starve,2,4,8,torus3d_xopposite,1,0.4,8,10000,1,0,0,15.068,128000.0,127612.0,127493.0,0.99696875,0.9990674858163809,0.1992078125,2.000133,7.32292,9.323053,2.018511,8574.0,5719.0,269683.0,1744940.0,0.0,1.0,0.734207,6.0,975576.0,63971.0,63557.0,0.0,0.0,0.0,0.0,127528.0,10000.0
STV-a,starve,2,4,8,torus3d_xopposite,1,0.45,8,10000,1,0,0,15.575,144000.0,143680.0,143552.0,0.9977777777777778,0.9991091314031181,0.2243,2.000237,7.377947,9.378184,2.022654,12161.0,8128.0,282649.0,1728988.0,0.0,1.0,0.75552,6.0,969122.0,71858.0,71733.0,0.0,0.0,0.0,0.0,143591.0,10000.0
STV-a,starve,2,4,8,torus3d_xopposite,1,0.5,8,10000,1,0,0,15.885,160000.0,159657.0,159520.0,0.99785625,0.9991419104705713,0.24925,2.000514,7.440051,9.440565,2.027846,17007.0,11315.0,378754.0,1713015.0,0.0,1.0,0.777337,6.0,961378.0,79906.0,79652.0,0.0,0.0,0.0,0.0,159558.0,10000.0
STV-a,starve,2,4,8,torus3d_xopposite,1,0.55,8,10000,1,0,0,16.061,176000.0,175731.0,175583.0,0.9984715909090909,0.9991578036885922,0.2743484375,2.00098,7.502275,9.503255,2.031244,22330.0,14984.0,399002.0,1697928.0,0.0,1.0,0.797509,6.0,952712.0,88038.0,87583.0,0.0,0.0,0.0,0.0,175621.0,10000.0
STV-a,starve,2,4,8,torus3d_xopposite,1,0.6,8,10000,1,0,0,16.265,192000.0,191725.0,191559.0,0.9985677083333333,0.9991341765549615,0.2993109375,2.001697,7.567799,9.569496,2.034997,28251.0,18955.0,456112.0,1682756.0,0.0,1.0,0.81509,6.0,942743.0,95949.0,95655.0,0.0,0.0,0.0,0.0,191604.0,10000.0
STV-a,starve,2,4,8,torus3d_xopposite,1,0.65,8,10000,1,0,0,16.458,208000.0,207794.0,207615.0,0.9990096153846154,0.9991385699298344,0.3243984375,2.002765,7.647699,9.650464,2.037897,34804.0,23564.0,496465.0,1667811.0,0.0,1.0,0.83244,6.0,931979.0,104073.0,103589.0,0.0,0.0,0.0,0.0,207662.0,10000.0
STV-a,starve,2,4,8,torus3d_xopposite,1,0.7,8,10000,1,0,0,16.604,224000.0,223692.0,223500.0,0.998625,0.9991416769486615,0.34921875,2.005145,7.73204,9.737186,2.042336,42584.0,28705.0,524947.0,1653076.0,0.0,1.0,0.848774,6.0,921845.0,112002.0,111550.0,0.0,0.0,0.0,0.0,223552.0,10000.0
STV-a,starve,2,4,8,torus3d_xopposite,1,0.75,8,10000,1,0,0,16.864,240000.0,239728.0,239521.0,0.9988666666666667,0.9991365213909097,0.3742515625,2.008329,7.831915,9.840244,2.044723,50293.0,34011.0,560419.0,1638277.0,0.0,1.0,0.86406,6.0,909874.0,120087.0,119483.0,0.0,0.0,0.0,0.0,239570.0,10000.0
STV-a,starve,2,4,8,torus3d_xopposite,1,0.8,8,10000,1,0,0,16.918,256000.0,255766.0,255545.0,0.9990859375,0.9991359289350422,0.3992890625,2.01399,7.947708,9.961698,2.047287,58875.0,39874.0,662104.0,1623821.0,0.0,1.0,0.87723,6.0,898487.0,127860.0,127743.0,0.0,0.0,0.0,0.0,255603.0,10000.0
STV-a,starve,2,4,8,torus3d_xopposite,1,0.85,8,10000,1,0,0,17.192,272000.0,271716.0,271475.0,0.9989558823529412,0.9991130445023481,0.4241796875,2.021755,8.072456,10.094211,2.049345,67071.0,45424.0,703925.0,1609439.0,0.0,1.0,0.887306,7.0,886141.0,135895.0,135636.0,0.0,0.0,0.0,0.0,271531.0,10000.0
STV-a,starve,2,4,8,torus3d_xopposite,1,0.9,8,10000,1,0,0,17.225,288000.0,287803.0,287553.0,0.9993159722222222,0.9991313502638958,0.4493015625,2.039026,8.221764,10.26079,2.049723,75592.0,51743.0,798995.0,1595050.0,0.0,1.0,0.89445,6.0,873087.0,143812.0,143801.0,0.0,0.0,0.0,0.0,287613.0,10000.0
STV-a,starve,2,4,8,torus3d_xopposite,1,0.95,8,10000,1,0,0,17.013,304000.0,303700.0,303432.0,0.9990131578947369,0.999117550214027,0.4741125,2.067705,8.389415,10.457121,2.049705,83497.0,57341.0,874186.0,1581184.0,0.0,2.0,0.89822,6.0,859620.0,151718.0,151780.0,0.0,0.0,0.0,0.0,303498.0,10000.0
STV-a,starve,2,4,8,torus3d_xopposite,1,1.0,8,10000,1,0,0,17.197,320000.0,319638.0,319338.0,0.99886875,0.9990614382520226,0.498965625,2.135981,8.590512,10.726494,2.048626,91670.0,63231.0,914440.0,1567731.0,0.0,2.0,0.898248,6.0,845961.0,159662.0,159747.0,0.0,0.0,0.0,0.0,319409.0,10000.0
RR-b,rr,1,6,8,torus3d_xopposite,1,0.05,8,10000,1,0,0,10.406,16000.0,15937.0,15921.0,0.9960625,0.9989960469348058,0.0248765625,2.0,7.114189,9.114189,2.024496,2301.0,1355.0,16908.0,0.0,0.0,3.0,0.003473,1.0,0.0,7971.0,7954.0,0.0,0.0,0.0,0.0,15925.0,10000.0
RR-b,rr,1,6,8,torus3d_xopposite,1,0.1,8,10000,1,0,0,10.805,32000.0,31899.0,31867.0,0.99684375,0.9989968337565441,0.0497921875,2.000094,7.195186,9.19528,2.029184,4657.0,2757.0,32202.0,0.0,0.0,3.0,0.007806,1.0,0.0,15972.0,15906.0,0.0,0.0,0.0,0.0,31878.0,10000.0
RR-b,rr,1,6,8,torus3d_xopposite,1,0.15,8,10000,1,0,0,11.093,48000.0,47896.0,47849.0,0.9978333333333333,0.999018707198931,0.0747640625,2.000063,7.256996,9.257059,2.029384,6943.0,4119.0,46156.0,0.0,0.0,3.0,0.013814,1.0,0.0,23931.0,23933.0,0.0,0.0,0.0,0.0,47864.0,10000.0
RR-b,rr,1,6,8,torus3d_xopposite,1,0.2,8,10000,1,0,0,11.606,64000.0,64041.0,63979.0,1.000640625,0.9990318702081479,0.0999671875,2.000297,7.316369,9.316666,2.029322,8769.0,5231.0,60204.0,0.0,0.0,3.0,0.017553,1.0,0.0,31837.0,32161.0,0.0,0.0,0.0,0.0,63998.0,10000.0
RR-b,rr,1,6,8,torus3d_xopposite,1,0.25,8,10000,1,0,0,11.770,80000.0,79913.0,79828.0,0.9989125,0.9989363432733097,0.12473125,2.000626,7.362893,9.363519,2.027384,10254.0,6218.0,73475.0,0.0,0.0,3.0,0.02261,1.0,0.0,39985.0,39870.0,0.0,0.0,0.0,0.0,79855.0,10000.0
RR-b,rr,1,6,8,torus3d_xopposite,1,0.3,8,10000,1,0,0,11.887,96000.0,95859.0,95762.0,0.99853125,0.9989880971009504,0.149628125,2.000783,7.419164,9.419947,2.028571,12060.0,7274.0,86211.0,0.0,0.0,3.0,0.028835,2.0,0.0,47798.0,47994.0,0.0,0.0,0.0,0.0,95792.0,10000.0
RR-b,rr,1,6,8,torus3d_xopposite,1,0.35,8,10000,1,0,0,12.112,112000.0,111637.0,111526.0,0.9967589285714286,0.9990057059935326,0.174259375,2.002502,7.489805,9.492307,2.030145,14709.0,8927.0,100429.0,0.0,0.0,3.0,0.036571,2.0,0.0,55725.0,55836.0,0.0,0.0,0.0,0.0,111561.0,10000.0
RR-b,rr,1,6,8,torus3d_xopposite,1,0.4,8,10000,1,0,0,12.353,128000.0,127612.0,127493.0,0.99696875,0.9990674858163809,0.1992078125,2.002306,7.530037,9.532343,2.029178,15727.0,9601.0,115816.0,0.0,0.0,3.0,0.043754,2.0,0.0,63676.0,63852.0,0.0,0.0,0.0,0.0,127528.0,10000.0
RR-b,rr,1,6,8,torus3d_xopposite,1,0.45,8,10000,1,0,0,12.385,144000.0,143680.0,143552.0,0.9977777777777778,0.9991091314031181,0.2243,2.005294,7.582862,9.588156,2.029564,17666.0,10739.0,132229.0,0.0,0.0,3.0,0.053293,2.0,0.0,71746.0,71845.0,0.0,0.0,0.0,0.0,143591.0,10000.0
RR-b,rr,1,6,8,torus3d_xopposite,1,0.5,8,10000,1,0,0,13.197,160000.0,159657.0,159518.0,0.99785625,0.999129383616127,0.249246875,2.004426,7.616407,9.620833,2.027545,18806.0,11747.0,148866.0,0.0,0.0,3.0,0.063378,2.0,0.0,79598.0,79959.0,0.0,0.0,0.0,0.0,159557.0,10000.0
RR-b,rr,1,6,8,torus3d_xopposite,1,0.55,8,10000,1,0,0,12.869,176000.0,175731.0,175581.0,0.9984715909090909,0.999146422657357,0.2743453125,2.005302,7.659929,9.665231,2.027269,20263.0,12682.0,166138.0,0.0,0.0,3.0,0.076117,2.0,0.0,87710.0,87909.0,0.0,0.0,0.0,0.0,175619.0,10000.0
RR-b,rr,1,6,8,torus3d_xopposite,1,0.6,8,10000,1,0,0,13.012,192000.0,191725.0,191556.0,0.9985677083333333,0.9991185291433042,0.29930625,2.005429,7.699931,9.70536,2.026896,21273.0,13261.0,182137.0,0.0,0.0,3.0,0.089115,2.0,0.0,95803.0,95801.0,0.0,0.0,0.0,0.0,191604.0,10000.0
RR-b,rr,1,6,8,torus3d_xopposite,1,0.65,8,10000,1,0,0,13.737,208000.0,207794.0,207613.0,0.9990096153846154,0.9991289450128492,0.3243953125,2.008275,7.735426,9.743701,2.02601,22462.0,14194.0,198467.0,0.0,0.0,3.0,0.10442,2.0,0.0,103814.0,103841.0,0.0,0.0,0.0,0.0,207655.0,10000.0
RR-b,rr,1,6,8,torus3d_xopposite,1,0.7,8,10000,1,0,0,13.895,224000.0,223692.0,223506.0,0.998625,0.9991684995440159,0.349228125,2.008738,7.762369,9.771107,2.024814,22929.0,14523.0,213393.0,0.0,0.0,3.0,0.119914,2.0,0.0,111686.0,111869.0,0.0,0.0,0.0,0.0,223555.0,10000.0
RR-b,rr,1,6,8,torus3d_xopposite,1,0.75,8,10000,1,0,0,14.022,240000.0,239728.0,239529.0,0.9988666666666667,0.9991698925448842,0.3742640625,2.013284,7.798434,9.811718,2.025233,24189.0,15311.0,227344.0,0.0,0.0,3.0,0.138946,2.0,0.0,119701.0,119877.0,0.0,0.0,0.0,0.0,239578.0,10000.0
RR-b,rr,1,6,8,torus3d_xopposite,1,0.8,8,10000,1,0,0,14.420,256000.0,255766.0,255549.0,0.9990859375,0.9991515682303356,0.3992953125,2.016318,7.829739,9.846057,2.023792,24432.0,15653.0,243111.0,0.0,0.0,3.0,0.1568,2.0,0.0,127709.0,127893.0,0.0,0.0,0.0,0.0,255602.0,10000.0
RR-b,rr,1,6,8,torus3d_xopposite,1,0.85,8,10000,1,0,0,14.674,272000.0,271716.0,271477.0,0.9989558823529412,0.9991204051288846,0.4241828125,2.019663,7.860743,9.880406,2.022949,24562.0,15775.0,259747.0,0.0,0.0,3.0,0.179259,2.0,0.0,135805.0,135732.0,0.0,0.0,0.0,0.0,271537.0,10000.0
RR-b,rr,1,6,8,torus3d_xopposite,1,0.9,8,10000,1,0,0,14.583,288000.0,287803.0,287559.0,0.9993159722222222,0.9991521978575623,0.4493109375,2.026982,7.886538,9.91352,2.021665,23789.0,15380.0,278197.0,0.0,0.0,2.0,0.198423,2.0,0.0,143703.0,143913.0,0.0,0.0,0.0,0.0,287616.0,10000.0
RR-b,rr,1,6,8,torus3d_xopposite,1,0.95,8,10000,1,0,0,14.788,304000.0,303700.0,303446.0,0.9990131578947369,0.9991636483371749,0.474134375,2.036956,7.920015,9.956971,2.01947,22359.0,14727.0,297127.0,0.0,0.0,2.0,0.221856,2.0,0.0,151837.0,151670.0,0.0,0.0,0.0,0.0,303507.0,10000.0
RR-b,rr,1,6,8,torus3d_xopposite,1,1.0,8,10000,1,0,0,14.831,320000.0,319640.0,319374.0,0.998875,0.9991678137905143,0.499021875,2.051714,7.910234,9.961947,2.014992,17535.0,11739.0,298086.0,0.0,0.0,2.0,0.226372,2.0,0.0,159573.0,159858.0,0.0,0.0,0.0,0.0,319431.0,10000.0
STV-b,starve,1,6,8,torus3d_xopposite,1,0.05,8,10000,1,0,0,14.258,16000.0,15937.0,15921.0,0.9960625,0.9989960469348058,0.0248765625,2.0,7.085171,9.085171,2.014698,771.0,516.0,698898.0,1900156.0,0.0,2.0,2.488495,8.0,1644703.0,8007.0,7918.0,0.0,0.0,0.0,0.0,15925.0,10000.0
STV-b,starve,1,6,8,torus3d_xopposite,1,0.1,8,10000,1,0,0,14.226,32000.0,31899.0,31866.0,0.99684375,0.9989654848114361,0.049790625,2.0,7.170527,9.170527,2.030126,3287.0,2142.0,718750.0,1881328.0,0.0,2.0,2.498084,10.0,1648717.0,15781.0,16096.0,0.0,0.0,0.0,0.0,31877.0,10000.0
STV-b,starve,1,6,8,torus3d_xopposite,1,0.15,8,10000,1,0,0,14.599,48000.0,47896.0,47848.0,0.9978333333333333,0.9989978286286955,0.0747625,2.000021,7.245151,9.245172,2.039249,7226.0,4824.0,746687.0,1862616.0,0.0,2.0,2.514744,11.0,1620290.0,23901.0,23962.0,0.0,0.0,0.0,0.0,47863.0,10000.0
STV-b,starve,1,6,8,torus3d_xopposite,1,0.2,8,10000,1,0,0,14.677,64000.0,64041.0,63979.0,1.000640625,0.9990318702081479,0.0999671875,2.0,7.339064,9.339064,2.050985,12597.0,8271.0,765263.0,1843975.0,0.0,2.0,2.53049,11.0,1639696.0,31870.0,32129.0,0.0,0.0,0.0,0.0,63999.0,10000.0
STV-b,starve,1,6,8,torus3d_xopposite,1,0.25,8,10000,1,0,0,14.849,80000.0,79913.0,79824.0,0.9989125,0.9988862888391126,0.124725,2.000063,7.42729,9.427353,2.058629,18520.0,12111.0,782354.0,1825702.0,0.0,2.0,2.548189,11.0,1612429.0,39886.0,39966.0,0.0,0.0,0.0,0.0,79852.0,10000.0
STV-b,starve,1,6,8,torus3d_xopposite,1,0.3,8,10000,1,0,0,15.132,96000.0,95859.0,95758.0,0.99853125,0.9989463691463504,0.149621875,2.000178,7.534431,9.534608,2.064809,25305.0,16361.0,793102.0,1807887.0,0.0,2.0,2.564398,11.0,1579237.0,47824.0,47965.0,0.0,0.0,0.0,0.0,95789.0,10000.0
STV-b,starve,1,6,8,torus3d_xopposite,1,0.35,8,10000,1,0,0,15.325,112000.0,111637.0,111528.0,0.9967589285714286,0.9990236212008563,0.1742625,2.000502,7.647255,9.647757,2.069256,32677.0,21145.0,780106.0,1790193.0,0.0,2.0,2.57921,12.0,1581794.0,55779.0,55779.0,0.0,0.0,0.0,0.0,111558.0,10000.0
STV-b,starve,1,6,8,torus3d_xopposite,1,0.4,8,10000,1,0,0,15.275,128000.0,127612.0,127491.0,0.99696875,0.9990518133090932,0.1992046875,2.001129,7.757355,9.758485,2.068789,39472.0,25760.0,801275.0,1772721.0,0.0,2.0,2.593156,11.0,1563434.0,63750.0,63773.0,0.0,0.0,0.0,0.0,127523.0,10000.0
STV-b,starve,1,6,8,torus3d_xopposite,1,0.45,8,10000,1,0,0,15.516,144000.0,143680.0,143550.0,0.9977777777777778,0.9990952115812918,0.224296875,2.003539,7.92574,9.929279,2.073187,47339.0,30537.0,810227.0,1755272.0,0.0,2.0,2.607265,11.0,1542445.0,71839.0,71750.0,0.0,0.0,0.0,0.0,143589.0,10000.0
STV-b,starve,1,6,8,torus3d_xopposite,1,0.5,8,10000,1,0,0,15.705,160000.0,159657.0,159515.0,0.99785625,0.9991105933344607,0.2492421875,2.006093,8.056797,10.062891,2.071279,54136.0,35137.0,818043.0,1738526.0,0.0,2.0,2.61668,11.0,1553650.0,79975.0,79574.0,0.0,0.0,0.0,0.0,159549.0,10000.0
STV-b,starve,1,6,8,torus3d_xopposite,1,0.55,8,10000,1,0,0,15.603,176000.0,175731.0,175572.0,0.9984715909090909,0.9990952080167984,0.27433125,2.013932,8.248411,10.262343,2.069499,60679.0,39333.0,834350.0,1721673.0,0.0,2.0,2.622762,12.0,1539669.0,87920.0,87690.0,0.0,0.0,0.0,0.0,175610.0,10000.0
STV-b,starve,1,6,8,torus3d_xopposite,1,0.6,8,10000,1,0,0,16.480,192000.0,191725.0,191541.0,0.9985677083333333,0.9990402920850177,0.2992828125,2.029962,8.465587,10.495549,2.068403,66953.0,43663.0,853952.0,1705216.0,0.0,2.0,2.625741,12.0,1562825.0,96019.0,95565.0,0.0,0.0,0.0,0.0,191584.0,10000.0
STV-b,starve,1,6,8,torus3d_xopposite,1,0.65,8,10000,1,0,0,16.188,208000.0,207793.0,207600.0,0.9990048076923077,0.9990711910410841,0.324375,2.067197,8.725443,10.79264,2.064547,72813.0,47659.0,900300.0,1689118.0,0.0,2.0,2.625435,12.0,1559401.0,103777.0,103868.0,0.0,0.0,0.0,0.0,207645.0,10000.0
STV-b,starve,1,6,8,torus3d_xopposite,1,0.7,8,10000,1,0,0,16.288,224000.0,223690.0,223471.0,0.9986160714285715,0.9990209665161608,0.3491734375,2.157734,9.077375,11.235109,2.062344,78402.0,51447.0,923193.0,1673147.0,0.0,2.0,2.622657,12.0,1547844.0,111798.0,111719.0,0.0,0.0,0.0,0.0,223517.0,10000.0
STV-b,starve,1,6,8,torus3d_xopposite,1,0.75,8,10000,1,0,0,16.835,240000.0,239727.0,239485.0,0.9988625,0.9989905183813255,0.3741953125,2.428114,9.506867,11.934981,2.057774,83336.0,55154.0,934467.0,1657379.0,0.0,2.0,2.613951,11.0,1537559.0,119720.0,119820.0,0.0,0.0,0.0,0.0,239540.0,10000.0
STV-b,starve,1,6,8,torus3d_xopposite,1,0.8,8,10000,1,0,0,16.640,256000.0,255732.0,255464.0,0.998953125,0.9989520279042122,0.3991625,3.404934,10.057617,13.46255,2.052469,87558.0,58526.0,994981.0,1642668.0,0.0,2.0,2.602591,12.0,1544484.0,127657.0,127848.0,0.0,0.0,0.0,0.0,255505.0,10000.0
STV-b,starve,1,6,8,torus3d_xopposite,1,0.85,8,10000,1,0,0,17.259,272000.0,255843.0,255491.0,0.9405992647058824,0.9986241562208072,0.3992046875,82.667941,12.427812,95.095753,2.053693,90955.0,60687.0,994616.0,1642596.0,0.0,3.0,2.536537,11.0,1548179.0,127663.0,127869.0,0.0,0.0,0.0,0.0,255532.0,10000.0
STV-b,starve,1,6,8,torus3d_xopposite,1,0.9,8,10000,1,0,0,17.564,288000.0,222063.0,221593.0,0.7710520833333333,0.9978834835159391,0.3462390625,475.929632,18.18112,494.110753,2.056509,86519.0,58384.0,1011552.0,1672077.0,0.0,3.0,2.395149,10.0,1576555.0,110752.0,110881.0,0.0,0.0,0.0,0.0,221633.0,10000.0
STV-b,starve,1,6,8,torus3d_xopposite,1,0.95,8,10000,1,0,0,18.047,304000.0,265396.0,264997.0,0.8730131578947369,0.9984965862334022,0.4140578125,438.773322,13.546738,452.32006,2.050385,84238.0,56206.0,1086034.0,1633516.0,0.0,3.0,2.515814,9.0,1572795.0,132318.0,132724.0,0.0,0.0,0.0,0.0,265042.0,10000.0
STV-b,starve,1,6,8,torus3d_xopposite,1,1.0,8,10000,1,0,0,17.948,320000.0,249422.0,248993.0,0.77944375,0.9982800234141335,0.3890515625,721.997389,15.11332,737.11071,2.052564,85197.0,57155.0,1095884.0,1647792.0,0.0,3.0,2.474247,9.0,1586428.0,124337.0,124703.0,0.0,0.0,0.0,0.0,249040.0,10000.0
PRIV,private,,0,8,torus3d_tornado,1,0.05,4,10000,1,0,0,10.681,16000.0,15937.0,15919.0,0.9960625,0.9988705528016565,0.0248734375,2.0,9.044538,11.044538,3.0,0.0,0.0,0.0,0.0,0.0,0.0,nan,nan,0.0,0.0,0.0,0.0,0.0,0.0,0.0,0.0,10000.0
PRIV,private,,0,8,torus3d_tornado,1,0.1,4,10000,1,0,0,10.821,32000.0,31899.0,31861.0,0.99684375,0.9988087400858962,0.0497828125,2.0,9.090675,11.090675,3.0,0.0,0.0,0.0,0.0,0.0,0.0,nan,nan,0.0,0.0,0.0,0.0,0.0,0.0,0.0,0.0,10000.0
PRIV,private,,0,8,torus3d_tornado,1,0.15,4,10000,1,0,0,10.965,48000.0,47896.0,47840.0,0.9978333333333333,0.9988308000668115,0.07475,2.0,9.139507,11.139507,3.0,0.0,0.0,0.0,0.0,0.0,0.0,nan,nan,0.0,0.0,0.0,0.0,0.0,0.0,0.0,0.0,10000.0
PRIV,private,,0,8,torus3d_tornado,1,0.2,4,10000,1,0,0,11.526,64000.0,64041.0,63968.0,1.000640625,0.9988601052450774,0.09995,2.0,9.192487,11.192487,3.000031,4.0,2.0,0.0,0.0,0.0,0.0,nan,nan,0.0,0.0,0.0,0.0,0.0,0.0,0.0,0.0,10000.0
PRIV,private,,0,8,torus3d_tornado,1,0.25,4,10000,1,0,0,11.657,80000.0,79913.0,79813.0,0.9989125,0.9987486391450703,0.1247078125,2.000025,9.24367,11.243695,3.0,4.0,4.0,0.0,0.0,0.0,0.0,nan,nan,0.0,0.0,0.0,0.0,0.0,0.0,0.0,0.0,10000.0
PRIV,private,,0,8,torus3d_tornado,1,0.3,4,10000,1,0,0,11.971,96000.0,95859.0,95746.0,0.99853125,0.9988211852825504,0.149603125,2.000084,9.299605,11.299689,3.000021,8.0,6.0,0.0,0.0,0.0,0.0,nan,nan,0.0,0.0,0.0,0.0,0.0,0.0,0.0,0.0,10000.0
PRIV,private,,0,8,torus3d_tornado,1,0.35,4,10000,1,0,0,12.276,112000.0,111637.0,111506.0,0.9967589285714286,0.9988265539202953,0.174228125,2.000188,9.359918,11.360106,3.000143,48.0,32.0,0.0,0.0,0.0,0.0,nan,nan,0.0,0.0,0.0,0.0,0.0,0.0,0.0,0.0,10000.0
PRIV,private,,0,8,torus3d_tornado,1,0.4,4,10000,1,0,0,12.224,128000.0,127612.0,127471.0,0.99696875,0.998895088236216,0.1991734375,2.000439,9.425728,11.426168,3.000188,71.0,47.0,0.0,0.0,0.0,0.0,nan,nan,0.0,0.0,0.0,0.0,0.0,0.0,0.0,0.0,10000.0
PRIV,private,,0,8,torus3d_tornado,1,0.45,4,10000,1,0,0,12.418,144000.0,143680.0,143530.0,0.9977777777777778,0.998956013363029,0.224265625,2.000801,9.495778,11.496579,3.00046,172.0,106.0,0.0,0.0,0.0,0.0,nan,nan,0.0,0.0,0.0,0.0,0.0,0.0,0.0,0.0,10000.0
PRIV,private,,0,8,torus3d_tornado,1,0.5,4,10000,1,0,0,13.108,160000.0,159657.0,159491.0,0.99785625,0.9989602710811302,0.2492046875,2.001298,9.564,11.565298,3.000715,382.0,268.0,0.0,0.0,0.0,0.0,nan,nan,0.0,0.0,0.0,0.0,0.0,0.0,0.0,0.0,10000.0
PRIV,private,,0,8,torus3d_tornado,1,0.55,4,10000,1,0,0,13.060,176000.0,175731.0,175550.0,0.9984715909090909,0.9989700166732107,0.274296875,2.002438,9.650339,11.652777,3.001447,781.0,526.0,0.0,0.0,0.0,0.0,nan,nan,0.0,0.0,0.0,0.0,0.0,0.0,0.0,0.0,10000.0
PRIV,private,,0,8,torus3d_tornado,1,0.6,4,10000,1,0,0,13.281,192000.0,191725.0,191514.0,0.9985677083333333,0.9988994653801017,0.299240625,2.004276,9.728166,11.732443,3.002172,1306.0,887.0,0.0,0.0,0.0,0.0,nan,nan,0.0,0.0,0.0,0.0,0.0,0.0,0.0,0.0,10000.0
PRIV,private,,0,8,torus3d_tornado,1,0.65,4,10000,1,0,0,13.109,208000.0,207794.0,207574.0,0.9990096153846154,0.99894125913164,0.324334375,2.006716,9.822242,11.828957,3.003844,2322.0,1516.0,0.0,0.0,0.0,0.0,nan,nan,0.0,0.0,0.0,0.0,0.0,0.0,0.0,0.0,10000.0
PRIV,private,,0,8,torus3d_tornado,1,0.7,4,10000,1,0,0,13.359,224000.0,223692.0,223458.0,0.998625,0.9989539187811812,0.349153125,2.010933,9.91308,11.924013,3.005388,3674.0,2454.0,0.0,0.0,0.0,0.0,nan,nan,0.0,0.0,0.0,0.0,0.0,0.0,0.0,0.0,10000.0
PRIV,private,,0,8,torus3d_tornado,1,0.75,4,10000,1,0,0,13.489,240000.0,239728.0,239471.0,0.9988666666666667,0.9989279516785691,0.3741734375,2.017372,10.022671,12.040042,3.008009,5905.0,3943.0,0.0,0.0,0.0,0.0,nan,nan,0.0,0.0,0.0,0.0,0.0,0.0,0.0,0.0,10000.0
PRIV,private,,0,8,torus3d_tornado,1,0.8,4,10000,1,0,0,13.465,256000.0,255766.0,255491.0,0.9990859375,0.998924798448582,0.3992046875,2.028944,10.152882,12.181826,3.011429,9306.0,6286.0,0.0,0.0,0.0,0.0,nan,nan,0.0,0.0,0.0,0.0,0.0,0.0,0.0,0.0,10000.0
PRIV,private,,0,8,torus3d_tornado,1,0.85,4,10000,1,0,0,13.646,272000.0,271716.0,271410.0,0.9989558823529412,0.9988738241399108,0.424078125,2.04362,10.297089,12.34071,3.017457,14556.0,9619.0,0.0,0.0,0.0,0.0,nan,nan,0.0,0.0,0.0,0.0,0.0,0.0,0.0,0.0,10000.0
PRIV,private,,0,8,torus3d_tornado,1,0.9,4,10000,1,0,0,13.745,288000.0,287802.0,287480.0,0.9993125,0.9988811752524305,0.4491875,2.071341,10.463667,12.535008,3.024141,21538.0,14215.0,0.0,0.0,0.0,0.0,nan,nan,0.0,0.0,0.0,0.0,0.0,0.0,0.0,0.0,10000.0
PRIV,private,,0,8,torus3d_tornado,1,0.95,4,10000,1,0,0,13.836,304000.0,303699.0,303361.0,0.9990098684210527,0.9988870559336712,0.4740015625,2.120391,10.654748,12.775139,3.033623,31793.0,20646.0,0.0,0.0,0.0,0.0,nan,nan,0.0,0.0,0.0,0.0,0.0,0.0,0.0,0.0,10000.0
PRIV,private,,0,8,torus3d_tornado,1,1.0,4,10000,1,0,0,13.949,320000.0,319639.0,319267.0,0.998871875,0.9988361870735424,0.4988546875,2.246668,10.90762,13.154288,3.047665,46911.0,29894.0,0.0,0.0,0.0,0.0,nan,nan,0.0,0.0,0.0,0.0,0.0,0.0,0.0,0.0,10000.0
RR-a,rr,2,4,8,torus3d_tornado,1,0.05,8,10000,1,0,0,10.198,16000.0,15937.0,15919.0,0.9960625,0.9988705528016565,0.0248734375,2.0,9.078271,11.078271,3.014825,744.0,481.0,378.0,0.0,0.0,2.0,0.003437,1.0,0.0,45.0,5085.0,35.0,5131.0,29.0,5596.0,15921.0,10000.0
RR-a,rr,2,4,8,torus3d_tornado,1,0.1,8,10000,1,0,0,10.427,32000.0,31899.0,31861.0,0.99684375,0.9988087400858962,0.0497828125,2.0,9.218731,11.218731,3.059195,5551.0,3244.0,384.0,0.0,0.0,2.0,0.008983,1.0,0.0,240.0,10303.0,277.0,10008.0,331.0,10707.0,31866.0,10000.0
RR-a,rr,2,4,8,torus3d_tornado,1,0.15,8,10000,1,0,0,10.591,48000.0,47896.0,47839.0,0.9978333333333333,0.9988099214965759,0.0747484375,2.0,9.373001,11.373001,3.106399,15019.0,8289.0,384.0,0.0,0.0,2.0,0.016067,1.0,0.0,581.0,14910.0,678.0,15037.0,868.0,15773.0,47847.0,10000.0
RR-a,rr,2,4,8,torus3d_tornado,1,0.2,8,10000,1,0,0,11.029,64000.0,64041.0,63966.0,1.000640625,0.9988288752517919,0.099946875,2.000016,9.54962,11.549636,3.156489,30137.0,15785.0,384.0,0.0,0.0,2.0,0.025662,1.0,0.0,973.0,18948.0,1259.0,19849.0,1687.0,21259.0,63975.0,10000.0
RR-a,rr,2,4,8,torus3d_tornado,1,0.25,8,10000,1,0,0,10.872,80000.0,79913.0,79810.0,0.9989125,0.9987110983194224,0.124703125,2.000025,9.747738,11.747763,3.20406,49507.0,24715.0,384.0,0.0,0.0,2.0,0.036182,1.0,0.0,1462.0,23023.0,1824.0,24044.0,2761.0,26711.0,79825.0,10000.0
RR-a,rr,2,4,8,torus3d_tornado,1,0.3,8,10000,1,0,0,11.578,96000.0,95859.0,95741.0,0.99853125,0.9987690253393005,0.1495953125,2.000219,10.012367,12.012586,3.265592,76296.0,35909.0,384.0,0.0,0.0,2.0,0.047819,1.0,0.0,2018.0,25967.0,2725.0,27899.0,4218.0,32928.0,95755.0,10000.0
RR-a,rr,2,4,8,torus3d_tornado,1,0.35,8,10000,1,0,0,11.811,112000.0,111637.0,111498.0,0.9967589285714286,0.9987548930910003,0.174215625,2.000377,10.319835,12.320212,3.320974,107309.0,48723.0,384.0,0.0,0.0,2.0,0.059079,1.0,0.0,2611.0,28562.0,3592.0,31928.0,5952.0,38871.0,111516.0,10000.0
RR-a,rr,2,4,8,torus3d_tornado,1,0.4,8,10000,1,0,0,11.896,128000.0,127612.0,127457.0,0.99696875,0.9987853806852021,0.1991515625,2.000981,10.698361,12.699342,3.377696,144162.0,62959.0,384.0,0.0,0.0,2.0,0.072944,1.0,0.0,3114.0,30648.0,4581.0,35235.0,7983.0,45926.0,127487.0,10000.0
RR-a,rr,2,4,8,torus3d_tornado,1,0.45,8,10000,1,0,0,12.551,144000.0,143680.0,143506.0,0.9977777777777778,0.9987889755011136,0.224228125,2.002969,11.195037,13.198006,3.430296,185699.0,78343.0,384.0,0.0,0.0,2.0,0.085867,1.0,0.0,3623.0,32449.0,5552.0,38406.0,10145.0,53356.0,143531.0,10000.0
RR-a,rr,2,4,8,torus3d_tornado,1,0.5,8,10000,1,0,0,12.598,160000.0,159657.0,159449.0,0.99785625,0.9986972071378016,0.2491390625,2.007463,11.863662,13.871125,3.484857,232326.0,94473.0,384.0,0.0,0.0,2.0,0.098739,1.0,0.0,4074.0,33744.0,6545.0,41455.0,12756.0,60905.0,159479.0,10000.0
RR-a,rr,2,4,8,torus3d_tornado,1,0.55,8,10000,1,0,0,12.815,176000.0,175730.0,175484.0,0.998465909090909,0.998600125192056,0.27419375,2.028527,13.012223,15.04075,3.539776,284302.0,111425.0,384.0,0.0,0.0,2.0,0.112127,1.0,0.0,4414.0,34817.0,7510.0,44138.0,15654.0,68986.0,175519.0,10000.0
RR-a,rr,2,4,8,torus3d_tornado,1,0.6,8,10000,1,0,0,13.881,192000.0,178083.0,177609.0,0.927515625,0.9973383197722411,0.2775140625,289.581119,25.48082,315.061939,3.744185,389172.0,140495.0,384.0,0.0,0.0,2.0,0.11232,1.0,0.0,3634.0,24642.0,9138.0,39851.0,23415.0,76963.0,177643.0,10000.0
RR-a,rr,2,4,8,torus3d_tornado,1,0.65,8,10000,1,0,0,14.246,208000.0,176168.0,175663.0,0.8469615384615384,0.9971334181009037,0.2744734375,719.579502,26.703654,746.283156,3.762824,394088.0,141386.0,384.0,0.0,0.0,2.0,0.109871,1.0,0.0,3222.0,23464.0,8948.0,39091.0,23962.0,77010.0,175697.0,10000.0
RR-a,rr,2,4,8,torus3d_tornado,1,0.7,8,10000,1,0,0,14.509,224000.0,176002.0,175512.0,0.7857232142857142,0.9972159407279463,0.2742375,1021.11557,26.819893,1047.935463,3.764973,394391.0,141573.0,384.0,0.0,0.0,2.0,0.109583,1.0,0.0,3279.0,23219.0,9187.0,39057.0,23967.0,76842.0,175551.0,10000.0
RR-a,rr,2,4,8,torus3d_tornado,1,0.75,8,10000,1,0,0,14.567,240000.0,176110.0,175619.0,0.7337916666666666,0.9972119697916075,0.2744046875,1286.415302,26.829625,1313.244928,3.763186,394380.0,141637.0,384.0,0.0,0.0,2.0,0.110243,1.0,0.0,3191.0,23469.0,9073.0,38930.0,23936.0,77051.0,175650.0,10000.0
RR-a,rr,2,4,8,torus3d_tornado,1,0.8,8,10000,1,0,0,14.775,256000.0,175790.0,175307.0,0.6866796875,0.9972524034359178,0.2739171875,1526.450684,26.914299,1553.364983,3.765514,394477.0,141602.0,384.0,0.0,0.0,2.0,0.109594,1.0,0.0,3347.0,23101.0,9128.0,38966.0,23842.0,76960.0,175344.0,10000.0
RR-a,rr,2,4,8,torus3d_tornado,1,0.85,8,10000,1,0,0,14.462,272000.0,176158.0,175665.0,0.647639705882353,0.997201376037421,0.2744765625,1723.187436,26.862665,1750.050101,3.764501,394899.0,141715.0,384.0,0.0,0.0,2.0,0.109835,1.0,0.0,3352.0,23263.0,9043.0,38980.0,24009.0,77050.0,175697.0,10000.0
RR-a,rr,2,4,8,torus3d_tornado,1,0.9,8,10000,1,0,0,14.809,288000.0,175973.0,175485.0,0.6110173611111112,0.9972268473004381,0.2741953125,1908.781976,26.887027,1935.669003,3.763404,394543.0,141720.0,384.0,0.0,0.0,2.0,0.109957,1.0,0.0,3322.0,23095.0,9123.0,39112.0,23786.0,77083.0,175521.0,10000.0
RR-a,rr,2,4,8,torus3d_tornado,1,0.95,8,10000,1,0,0,14.849,304000.0,176064.0,175584.0,0.5791578947368421,0.9972737186477645,0.27435,2064.770207,26.870085,2091.640292,3.764546,394747.0,141784.0,384.0,0.0,0.0,2.0,0.10936,1.0,0.0,3319.0,23374.0,9111.0,38889.0,23839.0,77086.0,175618.0,10000.0
RR-a,rr,2,4,8,torus3d_tornado,1,1.0,8,10000,1,0,0,15.004,320000.0,176250.0,175756.0,0.55078125,0.9971971631205674,0.27461875,2211.726308,26.820723,2238.547031,3.765948,395142.0,141691.0,384.0,0.0,0.0,2.0,0.109852,1.0,0.0,3397.0,23334.0,9227.0,38889.0,23858.0,77088.0,175793.0,10000.0
STV-a,starve,2,4,8,torus3d_tornado,1,0.05,8,10000,1,0,0,13.022,16000.0,15937.0,15919.0,0.9960625,0.9988705528016565,0.0248734375,2.0,9.054526,11.054526,3.000251,10.0,6.0,280621.0,1855500.0,0.0,1.0,0.581546,4.0,963297.0,0.0,5310.0,1.0,5362.0,1.0,5247.0,15921.0,10000.0
STV-a,starve,2,4,8,torus3d_tornado,1,0.1,8,10000,1,0,0,13.350,32000.0,31899.0,31861.0,0.99684375,0.9988087400858962,0.0497828125,2.0,9.111045,11.111045,3.000377,44.0,32.0,311900.0,1800138.0,0.0,1.0,0.647629,4.0,991101.0,3.0,10624.0,1.0,10765.0,2.0,10472.0,31867.0,10000.0
STV-a,starve,2,4,8,torus3d_tornado,1,0.15,8,10000,1,0,0,13.218,48000.0,47896.0,47840.0,0.9978333333333333,0.9988308000668115,0.07475,2.0,9.164883,11.164883,3.002132,287.0,185.0,334434.0,1749975.0,0.0,1.0,0.712764,4.0,1010783.0,18.0,15878.0,14.0,15966.0,19.0,15954.0,47849.0,10000.0
STV-a,starve,2,4,8,torus3d_tornado,1,0.2,8,10000,1,0,0,13.513,64000.0,64041.0,63968.0,1.000640625,0.9988601052450774,0.09995,2.0,9.227082,11.227082,3.004877,878.0,560.0,357237.0,1702192.0,0.0,1.0,0.775021,5.0,1027238.0,59.0,20900.0,41.0,21498.0,56.0,21424.0,63978.0,10000.0
STV-a,starve,2,4,8,torus3d_tornado,1,0.25,8,10000,1,0,0,13.781,80000.0,79913.0,79812.0,0.9989125,0.9987361255365209,0.12470625,2.000013,9.291936,11.291949,3.008294,1924.0,1237.0,378590.0,1656889.0,0.0,1.0,0.835705,5.0,1037269.0,106.0,26426.0,103.0,26436.0,115.0,26641.0,79827.0,10000.0
STV-a,starve,2,4,8,torus3d_tornado,1,0.3,8,10000,1,0,0,14.060,96000.0,95859.0,95745.0,0.99853125,0.9988107532939005,0.1496015625,2.000125,9.355872,11.355998,3.01316,3772.0,2437.0,399690.0,1612197.0,0.0,1.0,0.895085,5.0,1045363.0,214.0,31562.0,190.0,31620.0,208.0,31966.0,95760.0,10000.0
STV-a,starve,2,4,8,torus3d_tornado,1,0.35,8,10000,1,0,0,14.140,112000.0,111637.0,111507.0,0.9967589285714286,0.9988355115239571,0.1742296875,2.000341,9.43043,11.430771,3.020447,6817.0,4356.0,425024.0,1568004.0,0.0,1.0,0.951639,5.0,1046289.0,365.0,36610.0,354.0,36691.0,370.0,37138.0,111528.0,10000.0
STV-a,starve,2,4,8,torus3d_tornado,1,0.4,8,10000,1,0,0,14.234,128000.0,127612.0,127469.0,0.99696875,0.9988794157289284,0.1991703125,2.000839,9.514298,11.515137,3.031302,11822.0,7369.0,450587.0,1523519.0,0.0,1.0,1.007777,6.0,1044783.0,598.0,41659.0,632.0,41773.0,645.0,42186.0,127493.0,10000.0
STV-a,starve,2,4,8,torus3d_tornado,1,0.45,8,10000,1,0,0,14.657,144000.0,143680.0,143529.0,0.9977777777777778,0.9989490534521158,0.2242640625,2.001616,9.60973,11.611347,3.041539,18283.0,11354.0,486104.0,1478430.0,0.0,1.0,1.065723,6.0,1038609.0,898.0,46275.0,909.0,46667.0,934.0,47869.0,143552.0,10000.0
STV-a,starve,2,4,8,torus3d_tornado,1,0.5,8,10000,1,0,0,14.657,160000.0,159657.0,159491.0,0.99785625,0.9989602710811302,0.2492046875,2.002778,9.713445,11.716222,3.056141,27942.0,17119.0,525293.0,1433758.0,0.0,1.0,1.123334,6.0,1028804.0,1204.0,50865.0,1344.0,51827.0,1484.0,52798.0,159522.0,10000.0
STV-a,starve,2,4,8,torus3d_tornado,1,0.55,8,10000,1,0,0,14.629,176000.0,175731.0,175545.0,0.9984715909090909,0.9989415640951227,0.2742890625,2.004147,9.833086,11.837233,3.072312,40371.0,24345.0,575439.0,1388245.0,0.0,1.0,1.184066,6.0,1013968.0,1637.0,55556.0,1791.0,56398.0,2154.0,58042.0,175578.0,10000.0
STV-a,starve,2,4,8,torus3d_tornado,1,0.6,8,10000,1,0,0,15.087,192000.0,191725.0,191516.0,0.9985677083333333,0.9989098969878732,0.29924375,2.007247,9.990523,11.99777,3.092535,56772.0,33293.0,627586.0,1343605.0,0.0,1.0,1.246022,6.0,997338.0,2231.0,59301.0,2461.0,61174.0,2919.0,63466.0,191552.0,10000.0
STV-a,starve,2,4,8,torus3d_tornado,1,0.65,8,10000,1,0,0,15.312,208000.0,207794.0,207570.0,0.9990096153846154,0.9989220092976698,0.324328125,2.011972,10.192793,12.204765,3.114593,78162.0,44814.0,690864.0,1297906.0,0.0,1.0,1.316248,6.0,977566.0,2697.0,63312.0,3139.0,65581.0,3957.0,68925.0,207611.0,10000.0
STV-a,starve,2,4,8,torus3d_tornado,1,0.7,8,10000,1,0,0,15.394,224000.0,223692.0,223443.0,0.998625,0.9988868622927954,0.3491296875,2.021751,10.474501,12.496252,3.13863,103686.0,57887.0,758742.0,1252854.0,0.0,1.0,1.390785,7.0,954076.0,3272.0,66844.0,4010.0,69595.0,5118.0,74652.0,223491.0,10000.0
STV-a,starve,2,4,8,torus3d_tornado,1,0.75,8,10000,1,0,0,15.859,240000.0,239727.0,239452.0,0.9988625,0.9988528617969608,0.37414375,2.040705,10.922623,12.963329,3.168167,135768.0,73003.0,832955.0,1207279.0,0.0,1.0,1.47621,7.0,929531.0,3949.0,69915.0,4914.0,73363.0,6651.0,80703.0,239495.0,10000.0
STV-a,starve,2,4,8,torus3d_tornado,1,0.8,8,10000,1,0,0,16.150,256000.0,255759.0,255445.0,0.99905859375,0.9987722817183364,0.3991328125,2.138214,11.766001,13.904214,3.2077,176135.0,89818.0,897771.0,1162438.0,0.0,1.0,1.568386,7.0,900561.0,4639.0,72638.0,6024.0,76645.0,8759.0,86789.0,255494.0,10000.0
STV-a,starve,2,4,8,torus3d_tornado,1,0.85,8,10000,1,0,0,16.363,272000.0,270923.0,270510.0,0.9960404411764706,0.9984755816228227,0.422671875,15.832365,13.967554,29.799919,3.267088,226772.0,106719.0,937210.0,1121321.0,0.0,1.0,1.638008,7.0,869728.0,5369.0,75446.0,7763.0,78560.0,12262.0,91165.0,270565.0,10000.0
STV-a,starve,2,4,8,torus3d_tornado,1,0.9,8,10000,1,0,0,16.945,288000.0,277956.0,277461.0,0.965125,0.9982191425981091,0.4335328125,160.974148,16.583974,177.558122,3.314826,257997.0,115737.0,930147.0,1106794.0,0.0,2.0,1.622109,7.0,855585.0,5736.0,78678.0,8838.0,78056.0,15233.0,90974.0,277515.0,10000.0
STV-a,starve,2,4,8,torus3d_tornado,1,0.95,8,10000,1,0,0,17.479,304000.0,279797.0,279301.0,0.9203848684210526,0.9982272862110745,0.4364078125,373.907795,17.463511,391.371306,3.33407,268062.0,117883.0,923021.0,1105130.0,0.0,2.0,1.606983,7.0,855479.0,5751.0,80046.0,9190.0,77597.0,16500.0,90276.0,279360.0,10000.0
STV-a,starve,2,4,8,torus3d_tornado,1,1.0,8,10000,1,0,0,17.206,320000.0,280428.0,279907.0,0.8763375,0.9981421256079992,0.4373546875,591.766265,17.689493,609.455759,3.340835,271443.0,118539.0,922628.0,1104382.0,0.0,1.0,1.604045,7.0,854769.0,5883.0,80208.0,9302.0,78024.0,16994.0,89549.0,279960.0,10000.0
RR-b,rr,1,6,8,torus3d_tornado,1,0.05,8,10000,1,0,0,10.259,16000.0,15937.0,15913.0,0.9960625,0.9984940704022087,0.0248640625,2.0,12.046,14.046,4.469742,70233.0,15669.0,576.0,0.0,0.0,3.0,9.8e-05,1.0,0.0,1.0,100.0,9.0,116.0,3917.0,11771.0,15914.0,10000.0
RR-b,rr,1,6,8,torus3d_tornado,1,0.1,8,10000,1,0,0,10.563,32000.0,31899.0,31852.0,0.99684375,0.9985265995799242,0.04976875,2.000157,12.230692,14.230849,4.489326,142157.0,31627.0,576.0,0.0,0.0,3.0,4.2e-05,1.0,0.0,5.0,97.0,8.0,107.0,7975.0,23663.0,31855.0,10000.0
RR-b,rr,1,6,8,torus3d_tornado,1,0.15,8,10000,1,0,0,10.653,48000.0,47896.0,47821.0,0.9978333333333333,0.9984341072323367,0.0747203125,2.00138,12.41785,14.41923,4.49357,214123.0,47612.0,576.0,0.0,0.0,3.0,3.7e-05,1.0,0.0,5.0,99.0,7.0,117.0,11960.0,35641.0,47829.0,10000.0
RR-b,rr,1,6,8,torus3d_tornado,1,0.2,8,10000,1,0,0,11.069,64000.0,64041.0,63945.0,1.000640625,0.9985009603222935,0.0999140625,2.005911,12.64618,14.652092,4.492157,286542.0,63762.0,576.0,0.0,0.0,3.0,9.4e-05,1.0,0.0,4.0,96.0,9.0,132.0,15887.0,47826.0,63954.0,10000.0
RR-b,rr,1,6,8,torus3d_tornado,1,0.25,8,10000,1,0,0,11.501,80000.0,79912.0,79779.0,0.9989,0.9983356692361598,0.1246546875,2.025007,12.958059,14.983066,4.494203,357905.0,79627.0,576.0,0.0,0.0,3.0,4.2e-05,1.0,0.0,3.0,100.0,10.0,120.0,19852.0,59711.0,79796.0,10000.0
RR-b,rr,1,6,8,torus3d_tornado,1,0.3,8,10000,1,0,0,11.735,96000.0,95855.0,95697.0,0.9984895833333334,0.9983516770121538,0.1495265625,2.082824,13.421811,15.504634,4.497748,429830.0,95557.0,576.0,0.0,0.0,3.0,6.3e-05,1.0,0.0,4.0,90.0,14.0,128.0,23869.0,71610.0,95715.0,10000.0
RR-b,rr,1,6,8,torus3d_tornado,1,0.35,8,10000,1,0,0,11.611,112000.0,111632.0,111445.0,0.9967142857142857,0.9983248530887201,0.1741328125,2.266912,14.052995,16.319907,4.50004,500968.0,111330.0,576.0,0.0,0.0,3.0,9e-05,1.0,0.0,2.0,93.0,14.0,131.0,27858.0,83372.0,111470.0,10000.0
RR-b,rr,1,6,8,torus3d_tornado,1,0.4,8,10000,1,0,0,11.884,128000.0,127599.0,127375.0,0.9968671875,0.9982445003487488,0.1990234375,2.963525,14.998689,17.962214,4.501817,572942.0,127270.0,576.0,0.0,0.0,3.0,8.4e-05,1.0,0.0,6.0,94.0,13.0,117.0,31835.0,95335.0,127400.0,10000.0
RR-b,rr,1,6,8,torus3d_tornado,1,0.45,8,10000,1,0,0,12.739,144000.0,143608.0,143339.0,0.9972777777777778,0.9981268453010974,0.2239671875,6.384152,16.471344,22.855496,4.500178,644624.0,143256.0,576.0,0.0,0.0,3.0,6.5e-05,1.0,0.0,4.0,90.0,14.0,119.0,35757.0,107383.0,143367.0,10000.0
RR-b,rr,1,6,8,torus3d_tornado,1,0.5,8,10000,1,0,0,13.328,160000.0,158029.0,157691.0,0.98768125,0.9978611520670256,0.2463921875,64.647786,18.595062,83.242848,4.498285,708967.0,157634.0,576.0,0.0,0.0,3.0,7.3e-05,1.0,0.0,8.0,90.0,18.0,119.0,39362.0,118133.0,157730.0,10000.0
RR-b,rr,1,6,8,torus3d_tornado,1,0.55,8,10000,1,0,0,13.394,176000.0,159964.0,159634.0,0.9088863636363637,0.9979370358330625,0.249428125,446.227614,18.960027,465.187642,4.496799,717461.0,159588.0,576.0,0.0,0.0,3.0,8.2e-05,1.0,0.0,8.0,107.0,17.0,112.0,39841.0,119581.0,159666.0,10000.0
RR-b,rr,1,6,8,torus3d_tornado,1,0.6,8,10000,1,0,0,13.753,192000.0,160034.0,159706.0,0.8335104166666667,0.9979504355324493,0.249540625,824.195415,18.974146,843.169562,4.496663,717770.0,159660.0,576.0,0.0,0.0,3.0,0.000103,1.0,0.0,7.0,106.0,20.0,117.0,39853.0,119641.0,159744.0,10000.0
RR-b,rr,1,6,8,torus3d_tornado,1,0.65,8,10000,1,0,0,13.430,208000.0,160073.0,159748.0,0.7695817307692308,0.9979696763351721,0.24960625,1143.406434,18.97943,1162.385864,4.496582,717939.0,159702.0,576.0,0.0,0.0,3.0,0.000103,1.0,0.0,11.0,96.0,24.0,111.0,39858.0,119681.0,159781.0,10000.0
RR-b,rr,1,6,8,torus3d_tornado,1,0.7,8,10000,1,0,0,13.808,224000.0,160098.0,159775.0,0.7147232142857143,0.9979824857274919,0.2496484375,1414.521414,18.984497,1433.505911,4.49673,718082.0,159749.0,576.0,0.0,0.0,3.0,0.000122,1.0,0.0,12.0,104.0,21.0,118.0,39865.0,119689.0,159809.0,10000.0
RR-b,rr,1,6,8,torus3d_tornado,1,0.75,8,10000,1,0,0,13.885,240000.0,160100.0,159778.0,0.6670833333333334,0.9979887570268582,0.249653125,1652.784451,18.989535,1671.773986,4.496802,718109.0,159766.0,576.0,0.0,0.0,3.0,0.000146,1.0,0.0,11.0,97.0,24.0,120.0,39870.0,119692.0,159814.0,10000.0
RR-b,rr,1,6,8,torus3d_tornado,1,0.8,8,10000,1,0,0,13.540,256000.0,160124.0,159807.0,0.625484375,0.9980202842796833,0.2496984375,1861.161307,18.990151,1880.151458,4.496818,718239.0,159794.0,576.0,0.0,0.0,3.0,0.000153,1.0,0.0,11.0,96.0,20.0,132.0,39875.0,119705.0,159839.0,10000.0
RR-b,rr,1,6,8,torus3d_tornado,1,0.85,8,10000,1,0,0,13.929,272000.0,160105.0,159786.0,0.5886213235294118,0.9980075575403642,0.249665625,2046.557446,18.996101,2065.553547,4.49684,718151.0,159789.0,576.0,0.0,0.0,3.0,0.000161,1.0,0.0,14.0,97.0,27.0,119.0,39869.0,119692.0,159818.0,10000.0
RR-b,rr,1,6,8,torus3d_tornado,1,0.9,8,10000,1,0,0,14.170,288000.0,160105.0,159782.0,0.5559201388888889,0.9979825739358545,0.249659375,2210.974565,19.000457,2229.975022,4.496977,718156.0,159790.0,576.0,0.0,0.0,3.0,0.000164,1.0,0.0,14.0,86.0,26.0,126.0,39874.0,119692.0,159818.0,10000.0
RR-b,rr,1,6,8,torus3d_tornado,1,0.95,8,10000,1,0,0,13.775,304000.0,160109.0,159791.0,0.5266743421052632,0.9980138530626012,0.2496734375,2356.256466,19.000582,2375.257048,4.496855,718180.0,159801.0,576.0,0.0,0.0,3.0,0.000161,1.0,0.0,11.0,84.0,25.0,133.0,39869.0,119704.0,159826.0,10000.0
RR-b,rr,1,6,8,torus3d_tornado,1,1.0,8,10000,1,0,0,14.176,320000.0,160120.0,159798.0,0.500375,0.9979890082438171,0.249684375,2487.701855,19.003504,2506.705359,4.496765,718193.0,159815.0,576.0,0.0,0.0,3.0,0.000163,1.0,0.0,14.0,83.0,26.0,141.0,39873.0,119696.0,159833.0,10000.0
STV-b,starve,1,6,8,torus3d_tornado,1,0.05,8,10000,1,0,0,13.175,16000.0,15937.0,15919.0,0.9960625,0.9988705528016565,0.0248734375,2.0,9.088196,11.088196,3.01872,932.0,611.0,753753.0,1872021.0,0.0,2.0,2.455435,9.0,1593083.0,48.0,5285.0,50.0,5260.0,47.0,5231.0,15921.0,10000.0
STV-b,starve,1,6,8,torus3d_tornado,1,0.1,8,10000,1,0,0,13.308,32000.0,31899.0,31861.0,0.99684375,0.9988087400858962,0.0497828125,2.0,9.19855,11.19855,3.044569,4206.0,2580.0,1078479.0,1824595.0,0.0,2.0,2.445834,11.0,1603751.0,214.0,10372.0,225.0,10322.0,220.0,10514.0,31867.0,10000.0
STV-b,starve,1,6,8,torus3d_tornado,1,0.15,8,10000,1,0,0,13.646,48000.0,47896.0,47839.0,0.9978333333333333,0.9988099214965759,0.0747484375,2.0,9.305671,11.305671,3.066598,9629.0,5719.0,1095954.0,1776810.0,0.0,2.0,2.49884,11.0,1527952.0,427.0,15361.0,466.0,15340.0,515.0,15739.0,47848.0,10000.0
STV-b,starve,1,6,8,torus3d_tornado,1,0.2,8,10000,1,0,0,14.351,64000.0,64041.0,63966.0,1.000640625,0.9988288752517919,0.099946875,2.000016,9.45002,11.450036,3.099428,19083.0,10801.0,1060587.0,1728706.0,0.0,2.0,2.568428,12.0,1453187.0,794.0,20100.0,866.0,20259.0,1046.0,20912.0,63977.0,10000.0
STV-b,starve,1,6,8,torus3d_tornado,1,0.25,8,10000,1,0,0,14.321,80000.0,79913.0,79807.0,0.9989125,0.9986735574937745,0.1246984375,2.000063,9.610097,11.61016,3.130089,31113.0,16892.0,1035378.0,1681453.0,0.0,2.0,2.636004,12.0,1386549.0,1138.0,24392.0,1396.0,25013.0,1739.0,26147.0,79825.0,10000.0
STV-b,starve,1,6,8,torus3d_tornado,1,0.3,8,10000,1,0,0,14.658,96000.0,95859.0,95740.0,0.99853125,0.9987585933506504,0.14959375,2.000209,9.81855,11.818759,3.161792,46465.0,24315.0,1019128.0,1634200.0,0.0,2.0,2.703445,12.0,1329832.0,1591.0,28553.0,1932.0,29557.0,2557.0,31568.0,95758.0,10000.0
STV-b,starve,1,6,8,torus3d_tornado,1,0.35,8,10000,1,0,0,14.746,112000.0,111637.0,111496.0,0.9967589285714286,0.9987369778836765,0.1742125,2.00052,10.084747,12.085268,3.196402,64978.0,32704.0,1002973.0,1587948.0,0.0,2.0,2.774518,12.0,1277721.0,2078.0,32426.0,2581.0,33920.0,3573.0,36942.0,111520.0,10000.0
STV-b,starve,1,6,8,torus3d_tornado,1,0.4,8,10000,1,0,0,14.828,128000.0,127612.0,127459.0,0.99696875,0.9988010531924897,0.1991546875,2.001608,10.439129,12.440738,3.231871,87090.0,41966.0,986252.0,1541666.0,0.0,2.0,2.846836,13.0,1226645.0,2497.0,36224.0,3307.0,38070.0,4833.0,42551.0,127482.0,10000.0
STV-b,starve,1,6,8,torus3d_tornado,1,0.45,8,10000,1,0,0,15.761,144000.0,143680.0,143510.0,0.9977777777777778,0.9988168151447662,0.224234375,2.00517,10.966755,12.971925,3.266602,111596.0,51694.0,973716.0,1495524.0,0.0,2.0,2.920187,13.0,1178412.0,3084.0,39531.0,4045.0,42041.0,6276.0,48554.0,143531.0,10000.0
STV-b,starve,1,6,8,torus3d_tornado,1,0.5,8,10000,1,0,0,16.130,160000.0,159657.0,159456.0,0.99785625,0.9987410511283564,0.24915,2.016048,11.726683,13.742732,3.302529,138945.0,62008.0,970663.0,1451379.0,0.0,2.0,2.988875,13.0,1137306.0,3455.0,43007.0,4926.0,46056.0,7772.0,54268.0,159484.0,10000.0
STV-b,starve,1,6,8,torus3d_tornado,1,0.55,8,10000,1,0,0,16.413,176000.0,175730.0,175476.0,0.998465909090909,0.9985546008080578,0.27418125,2.108169,13.108505,15.216674,3.337174,167431.0,71448.0,975313.0,1407865.0,0.0,3.0,3.048466,13.0,1100549.0,3760.0,47736.0,5602.0,49238.0,9674.0,59505.0,175515.0,10000.0
STV-b,starve,1,6,8,torus3d_tornado,1,0.6,8,10000,1,0,0,17.002,192000.0,191358.0,191023.0,0.99665625,0.9982493546128199,0.2984734375,10.623359,15.998498,26.621857,3.369568,196100.0,81697.0,997650.0,1367073.0,0.0,2.0,3.076897,13.0,1074783.0,4054.0,53398.0,6501.0,51980.0,11904.0,63221.0,191058.0,10000.0
STV-b,starve,1,6,8,torus3d_tornado,1,0.65,8,10000,1,0,0,18.259,208000.0,202436.0,201988.0,0.97325,0.9977869548894466,0.31560625,115.745277,20.626478,136.371755,3.398944,220476.0,91373.0,1051442.0,1341936.0,0.0,2.0,3.036569,13.0,1075644.0,4371.0,61724.0,7205.0,52265.0,14115.0,62340.0,202020.0,10000.0
STV-b,starve,1,6,8,torus3d_tornado,1,0.7,8,10000,1,0,0,18.433,224000.0,205105.0,204610.0,0.9156473214285714,0.9975866019843495,0.319703125,385.554758,22.949841,408.504599,3.419276,230498.0,94761.0,1068319.0,1337761.0,0.0,2.0,2.989992,12.0,1080377.0,4464.0,66491.0,7655.0,50547.0,15241.0,60249.0,204647.0,10000.0
STV-b,starve,1,6,8,torus3d_tornado,1,0.75,8,10000,1,0,0,19.310,240000.0,205639.0,205135.0,0.8568291666666666,0.997549103039793,0.3205234375,676.927467,23.349453,700.27692,3.428557,233965.0,95653.0,1070767.0,1337289.0,0.0,2.0,2.981641,12.0,1081131.0,4644.0,66678.0,7627.0,50458.0,15695.0,60075.0,205177.0,10000.0
STV-b,starve,1,6,8,torus3d_tornado,1,0.8,8,10000,1,0,0,19.550,256000.0,205807.0,205299.0,0.80393359375,0.9975316680190665,0.3207796875,940.768484,23.418365,964.186849,3.433037,235269.0,95452.0,1070343.0,1337146.0,0.0,2.0,2.977345,12.0,1081341.0,4706.0,66721.0,7723.0,50272.0,15845.0,60067.0,205334.0,10000.0
STV-b,starve,1,6,8,torus3d_tornado,1,0.85,8,10000,1,0,0,19.474,272000.0,205830.0,205334.0,0.7567279411764706,0.9975902443764272,0.320834375,1178.885275,23.456632,1202.341906,3.431814,235107.0,95829.0,1072305.0,1337094.0,0.0,2.0,2.977988,12.0,1081922.0,4681.0,66825.0,7708.0,50599.0,15795.0,59762.0,205370.0,10000.0
STV-b,starve,1,6,8,torus3d_tornado,1,0.9,8,10000,1,0,0,19.604,288000.0,205845.0,205353.0,0.7147395833333333,0.9976098520731619,0.3208640625,1390.907199,23.473453,1414.380652,3.432037,235195.0,95732.0,1071392.0,1337098.0,0.0,2.0,2.977814,13.0,1081365.0,4686.0,66762.0,7581.0,50522.0,15820.0,60019.0,205390.0,10000.0
STV-b,starve,1,6,8,torus3d_tornado,1,0.95,8,10000,1,0,0,19.304,304000.0,205670.0,205158.0,0.676546052631579,0.9975105751932708,0.320559375,1581.687095,23.521169,1605.208264,3.429786,234074.0,95491.0,1072376.0,1337234.0,0.0,2.0,2.977569,13.0,1081040.0,4541.0,66993.0,7673.0,50562.0,15767.0,59663.0,205199.0,10000.0
STV-b,starve,1,6,8,torus3d_tornado,1,1.0,8,10000,1,0,0,19.302,320000.0,205888.0,205384.0,0.6434,0.9975520671433012,0.3209125,1748.44761,23.468532,1771.916142,3.432731,235502.0,95630.0,1072403.0,1336989.0,0.0,2.0,2.977481,12.0,1081062.0,4605.0,66943.0,7741.0,50401.0,15885.0,59851.0,205426.0,10000.0
PRIV,private,,0,8,torus3d_transpose,1,0.05,4,10000,1,0,0,10.726,16000.0,15937.0,15916.0,0.9960625,0.9986823116019327,0.02486875,2.0,9.01954,11.01954,2.992209,0.0,0.0,0.0,0.0,0.0,0.0,nan,nan,0.0,0.0,0.0,0.0,0.0,0.0,0.0,0.0,10000.0
PRIV,private,,0,8,torus3d_transpose,1,0.1,4,10000,1,0,0,11.054,32000.0,31899.0,31861.0,0.99684375,0.9988087400858962,0.0497828125,2.0,9.058253,11.058253,2.99501,0.0,0.0,0.0,0.0,0.0,0.0,nan,nan,0.0,0.0,0.0,0.0,0.0,0.0,0.0,0.0,10000.0
PRIV,private,,0,8,torus3d_transpose,1,0.15,4,10000,1,0,0,11.241,48000.0,47896.0,47838.0,0.9978333333333333,0.9987890429263404,0.074746875,2.0,9.097663,11.097663,2.998244,0.0,0.0,0.0,0.0,0.0,0.0,nan,nan,0.0,0.0,0.0,0.0,0.0,0.0,0.0,0.0,10000.0
PRIV,private,,0,8,torus3d_transpose,1,0.2,4,10000,1,0,0,11.404,64000.0,64041.0,63971.0,1.000640625,0.9989069502350058,0.0999546875,2.0,9.134201,11.134201,3.000485,0.0,0.0,0.0,0.0,0.0,0.0,nan,nan,0.0,0.0,0.0,0.0,0.0,0.0,0.0,0.0,10000.0
PRIV,private,,0,8,torus3d_transpose,1,0.25,4,10000,1,0,0,11.381,80000.0,79913.0,79816.0,0.9989125,0.9987861799707182,0.1247125,2.00005,9.167748,11.167798,3.000626,0.0,0.0,0.0,0.0,0.0,0.0,nan,nan,0.0,0.0,0.0,0.0,0.0,0.0,0.0,0.0,10000.0
PRIV,private,,0,8,torus3d_transpose,1,0.3,4,10000,1,0,0,12.124,96000.0,95859.0,95748.0,0.99853125,0.9988420492598504,0.14960625,2.000021,9.204338,11.204359,3.001358,2.0,2.0,0.0,0.0,0.0,0.0,nan,nan,0.0,0.0,0.0,0.0,0.0,0.0,0.0,0.0,10000.0
PRIV,private,,0,8,torus3d_transpose,1,0.35,4,10000,1,0,0,12.232,112000.0,111637.0,111511.0,0.9967589285714286,0.9988713419386046,0.1742359375,2.00009,9.232121,11.23221,2.999058,4.0,4.0,0.0,0.0,0.0,0.0,nan,nan,0.0,0.0,0.0,0.0,0.0,0.0,0.0,0.0,10000.0
PRIV,private,,0,8,torus3d_transpose,1,0.4,4,10000,1,0,0,12.291,128000.0,127612.0,127474.0,0.99696875,0.9989185969971476,0.199178125,2.000188,9.264352,11.26454,2.999984,10.0,6.0,0.0,0.0,0.0,0.0,nan,nan,0.0,0.0,0.0,0.0,0.0,0.0,0.0,0.0,10000.0
PRIV,private,,0,8,torus3d_transpose,1,0.45,4,10000,1,0,0,12.452,144000.0,143680.0,143532.0,0.9977777777777778,0.9989699331848553,0.22426875,2.000279,9.298526,11.298804,2.999429,31.0,19.0,0.0,0.0,0.0,0.0,nan,nan,0.0,0.0,0.0,0.0,0.0,0.0,0.0,0.0,10000.0
PRIV,private,,0,8,torus3d_transpose,1,0.5,4,10000,1,0,0,12.696,160000.0,159657.0,159496.0,0.99785625,0.9989915882172407,0.2492125,2.000583,9.332453,11.333037,3.00064,53.0,39.0,0.0,0.0,0.0,0.0,nan,nan,0.0,0.0,0.0,0.0,0.0,0.0,0.0,0.0,10000.0
PRIV,private,,0,8,torus3d_transpose,1,0.55,4,10000,1,0,0,12.864,176000.0,175731.0,175556.0,0.9984715909090909,0.9990041597669165,0.27430625,2.001099,9.37109,11.372189,3.001823,79.0,59.0,0.0,0.0,0.0,0.0,nan,nan,0.0,0.0,0.0,0.0,0.0,0.0,0.0,0.0,10000.0
PRIV,private,,0,8,torus3d_transpose,1,0.6,4,10000,1,0,0,12.998,192000.0,191725.0,191527.0,0.9985677083333333,0.9989672708306168,0.2992609375,2.001671,9.402544,11.404215,2.999932,129.0,89.0,0.0,0.0,0.0,0.0,nan,nan,0.0,0.0,0.0,0.0,0.0,0.0,0.0,0.0,10000.0
PRIV,private,,0,8,torus3d_transpose,1,0.65,4,10000,1,0,0,13.145,208000.0,207794.0,207579.0,0.9990096153846154,0.9989653214241028,0.3243421875,2.002645,9.441167,11.443812,3.000352,218.0,144.0,0.0,0.0,0.0,0.0,nan,nan,0.0,0.0,0.0,0.0,0.0,0.0,0.0,0.0,10000.0
PRIV,private,,0,8,torus3d_transpose,1,0.7,4,10000,1,0,0,13.181,224000.0,223692.0,223467.0,0.998625,0.9989941526742128,0.3491671875,2.004462,9.477185,11.481646,2.999575,338.0,228.0,0.0,0.0,0.0,0.0,nan,nan,0.0,0.0,0.0,0.0,0.0,0.0,0.0,0.0,10000.0
PRIV,private,,0,8,torus3d_transpose,1,0.75,4,10000,1,0,0,13.256,240000.0,239728.0,239487.0,0.9988666666666667,0.9989946939865181,0.3741984375,2.006702,9.524225,11.530927,2.99982,515.0,360.0,0.0,0.0,0.0,0.0,nan,nan,0.0,0.0,0.0,0.0,0.0,0.0,0.0,0.0,10000.0
PRIV,private,,0,8,torus3d_transpose,1,0.8,4,10000,1,0,0,13.600,256000.0,255766.0,255502.0,0.9990859375,0.9989678065106387,0.399221875,2.010587,9.571561,11.582148,2.999554,756.0,514.0,0.0,0.0,0.0,0.0,nan,nan,0.0,0.0,0.0,0.0,0.0,0.0,0.0,0.0,10000.0
PRIV,private,,0,8,torus3d_transpose,1,0.85,4,10000,1,0,0,13.876,272000.0,271716.0,271432.0,0.9989558823529412,0.9989547910318126,0.4241125,2.015241,9.621058,11.636299,3.001407,1289.0,842.0,0.0,0.0,0.0,0.0,nan,nan,0.0,0.0,0.0,0.0,0.0,0.0,0.0,0.0,10000.0
PRIV,private,,0,8,torus3d_transpose,1,0.9,4,10000,1,0,0,13.925,288000.0,287803.0,287501.0,0.9993159722222222,0.9989506711187861,0.4492203125,2.022894,9.672318,11.695211,3.001485,1599.0,1083.0,0.0,0.0,0.0,0.0,nan,nan,0.0,0.0,0.0,0.0,0.0,0.0,0.0,0.0,10000.0
PRIV,private,,0,8,torus3d_transpose,1,0.95,4,10000,1,0,0,13.882,304000.0,303700.0,303387.0,0.9990131578947369,0.9989693776753376,0.4740421875,2.034978,9.72481,11.759789,3.001849,2327.0,1544.0,0.0,0.0,0.0,0.0,nan,nan,0.0,0.0,0.0,0.0,0.0,0.0,0.0,0.0,10000.0
PRIV,private,,0,8,torus3d_transpose,1,1.0,4,10000,1,0,0,14.264,320000.0,319641.0,319311.0,0.998878125,0.9989675917670137,0.4989234375,2.055588,9.785563,11.841152,3.003091,3274.0,2196.0,0.0,0.0,0.0,0.0,nan,nan,0.0,0.0,0.0,0.0,0.0,0.0,0.0,0.0,10000.0
RR-a,rr,2,4,8,torus3d_transpose,1,0.05,8,10000,1,0,0,10.506,16000.0,15937.0,15916.0,0.9960625,0.9986823116019327,0.02486875,2.0,9.028965,11.028965,2.996859,188.0,111.0,637.0,0.0,0.0,2.0,0.002724,1.0,0.0,2369.0,2466.0,2687.0,2373.0,2430.0,2594.0,14919.0,10000.0
RR-a,rr,2,4,8,torus3d_transpose,1,0.1,8,10000,1,0,0,10.854,32000.0,31899.0,31861.0,0.99684375,0.9988087400858962,0.0497828125,2.0,9.106368,11.106368,3.014846,1918.0,1186.0,3105.0,0.0,0.0,2.0,0.011175,2.0,0.0,4827.0,4737.0,5125.0,5197.0,5057.0,4944.0,29887.0,10000.0
RR-a,rr,2,4,8,torus3d_transpose,1,0.15,8,10000,1,0,0,11.275,48000.0,47896.0,47838.0,0.9978333333333333,0.9987890429263404,0.074746875,2.000021,9.173126,11.173147,3.025043,4577.0,2989.0,7110.0,0.0,0.0,2.0,0.021285,2.0,0.0,7306.0,7325.0,7578.0,7635.0,7197.0,7831.0,44872.0,10000.0
RR-a,rr,2,4,8,torus3d_transpose,1,0.2,8,10000,1,0,0,11.720,64000.0,64041.0,63968.0,1.000640625,0.9988601052450774,0.09995,2.0,9.260755,11.260755,3.04027,8472.0,5252.0,13066.0,0.0,0.0,2.0,0.03582,2.0,0.0,9969.0,9976.0,10225.0,10083.0,10042.0,9691.0,59986.0,10000.0
RR-a,rr,2,4,8,torus3d_transpose,1,0.25,8,10000,1,0,0,11.983,80000.0,79913.0,79814.0,0.9989125,0.9987611527536195,0.124709375,2.000038,9.330205,11.330243,3.04716,12602.0,7788.0,20245.0,0.0,0.0,2.0,0.051137,2.0,0.0,12300.0,12457.0,12517.0,12298.0,12624.0,12600.0,74796.0,10000.0
RR-a,rr,2,4,8,torus3d_transpose,1,0.3,8,10000,1,0,0,12.065,96000.0,95859.0,95747.0,0.99853125,0.9988316172712004,0.1496046875,2.000073,9.40442,11.404493,3.052587,17282.0,10712.0,28868.0,0.0,0.0,2.0,0.068304,2.0,0.0,14827.0,14510.0,14770.0,15168.0,15214.0,15248.0,89737.0,10000.0
RR-a,rr,2,4,8,torus3d_transpose,1,0.35,8,10000,1,0,0,12.316,112000.0,111637.0,111510.0,0.9967589285714286,0.9988623843349427,0.174234375,2.000161,9.476953,11.477114,3.057806,22173.0,13664.0,38638.0,0.0,0.0,2.0,0.084618,2.0,0.0,17570.0,17149.0,17668.0,17130.0,17616.0,17321.0,104454.0,10000.0
RR-a,rr,2,4,8,torus3d_transpose,1,0.4,8,10000,1,0,0,12.738,128000.0,127612.0,127471.0,0.99696875,0.998895088236216,0.1991734375,2.000267,9.558284,11.558551,3.063395,27070.0,16416.0,49175.0,0.0,0.0,2.0,0.102195,2.0,0.0,20000.0,19879.0,19695.0,19334.0,20596.0,19957.0,119461.0,10000.0
RR-a,rr,2,4,8,torus3d_transpose,1,0.45,8,10000,1,0,0,12.877,144000.0,143680.0,143527.0,0.9977777777777778,0.9989351336302895,0.2242609375,2.000655,9.647119,11.647774,3.067297,32576.0,19673.0,60293.0,0.0,0.0,2.0,0.121231,2.0,0.0,22450.0,22009.0,22405.0,22404.0,22929.0,22316.0,134513.0,10000.0
RR-a,rr,2,4,8,torus3d_transpose,1,0.5,8,10000,1,0,0,13.461,160000.0,159657.0,159493.0,0.99785625,0.9989727979355744,0.2492078125,2.001085,9.730132,11.731217,3.06974,37015.0,22533.0,71569.0,0.0,0.0,2.0,0.138353,2.0,0.0,24902.0,24497.0,25035.0,24525.0,25334.0,25206.0,149499.0,10000.0
RR-a,rr,2,4,8,torus3d_transpose,1,0.55,8,10000,1,0,0,13.615,176000.0,175731.0,175548.0,0.9984715909090909,0.9989586356419755,0.27429375,2.00221,9.830326,11.832536,3.074635,44054.0,26771.0,83108.0,0.0,0.0,2.0,0.155578,2.0,0.0,27319.0,26934.0,27574.0,26785.0,28162.0,27817.0,164591.0,10000.0
RR-a,rr,2,4,8,torus3d_transpose,1,0.6,8,10000,1,0,0,13.870,192000.0,191725.0,191521.0,0.9985677083333333,0.9989359760073021,0.2992515625,2.00354,9.933563,11.937104,3.075297,50184.0,30322.0,95624.0,0.0,0.0,2.0,0.171572,2.0,0.0,29266.0,29299.0,30098.0,29522.0,30394.0,30941.0,179520.0,10000.0
RR-a,rr,2,4,8,torus3d_transpose,1,0.65,8,10000,1,0,0,14.109,208000.0,207794.0,207568.0,0.9990096153846154,0.9989123843806847,0.324325,2.005319,10.004317,12.009635,3.073692,54285.0,33275.0,108326.0,0.0,0.0,2.0,0.18599,2.0,0.0,31864.0,31904.0,32231.0,32660.0,33111.0,32791.0,194561.0,10000.0
RR-a,rr,2,4,8,torus3d_transpose,1,0.7,8,10000,1,0,0,14.399,224000.0,223691.0,223454.0,0.9986205357142857,0.9989405027470931,0.349146875,2.010664,10.126988,12.137652,3.07845,61690.0,37208.0,121790.0,0.0,0.0,2.0,0.199956,2.0,0.0,34691.0,34299.0,34969.0,35030.0,35398.0,35050.0,209437.0,10000.0
RR-a,rr,2,4,8,torus3d_transpose,1,0.75,8,10000,1,0,0,14.656,240000.0,239728.0,239471.0,0.9988666666666667,0.9989279516785691,0.3741734375,2.016374,10.2629,12.279274,3.079855,69148.0,41726.0,136198.0,0.0,0.0,2.0,0.213796,2.0,0.0,36762.0,36750.0,37577.0,37347.0,38057.0,37943.0,224436.0,10000.0
RR-a,rr,2,4,8,torus3d_transpose,1,0.8,8,10000,1,0,0,15.022,256000.0,255766.0,255483.0,0.9990859375,0.9988935198579952,0.3991921875,2.026276,10.388601,12.414877,3.082342,76994.0,46324.0,151844.0,0.0,0.0,2.0,0.226855,2.0,0.0,38969.0,39564.0,40034.0,40037.0,40682.0,40172.0,239458.0,10000.0
RR-a,rr,2,4,8,torus3d_transpose,1,0.85,8,10000,1,0,0,15.248,272000.0,271716.0,271409.0,0.9989558823529412,0.9988701438266425,0.4240765625,2.045927,10.545925,12.591852,3.086891,84972.0,50693.0,166503.0,0.0,0.0,2.0,0.238103,2.0,0.0,41762.0,41523.0,42751.0,41985.0,43269.0,43141.0,254431.0,10000.0
RR-a,rr,2,4,8,torus3d_transpose,1,0.9,8,10000,1,0,0,15.346,288000.0,287802.0,287476.0,0.9993125,0.9988672768083613,0.44918125,2.081749,10.719264,12.801013,3.089267,93529.0,55629.0,180765.0,0.0,0.0,2.0,0.248262,2.0,0.0,44286.0,44039.0,45138.0,44980.0,45936.0,45161.0,269540.0,10000.0
RR-a,rr,2,4,8,torus3d_transpose,1,0.95,8,10000,1,0,0,15.393,304000.0,303699.0,303355.0,0.9990098684210527,0.9988672995301269,0.4739921875,2.178458,10.997768,13.176226,3.094698,106154.0,62175.0,192318.0,0.0,0.0,2.0,0.260126,2.0,0.0,46079.0,46141.0,47854.0,47406.0,48731.0,48194.0,284405.0,10000.0
RR-a,rr,2,4,8,torus3d_transpose,1,1.0,8,10000,1,0,0,16.249,320000.0,319616.0,319231.0,0.9988,0.9987954295154186,0.4987984375,2.965577,11.327703,14.29328,3.098816,118319.0,68417.0,202725.0,0.0,0.0,2.0,0.269205,2.0,0.0,48597.0,48631.0,49656.0,49866.0,51311.0,51268.0,299329.0,10000.0
STV-a,starve,2,4,8,torus3d_transpose,1,0.05,8,10000,1,0,0,13.907,16000.0,15937.0,15916.0,0.9960625,0.9986823116019327,0.02486875,2.0,9.023059,11.023059,2.992335,7.0,5.0,306967.0,1855228.0,0.0,1.0,0.575598,4.0,964735.0,2469.0,2500.0,2525.0,2425.0,2451.0,2549.0,14919.0,10000.0
STV-a,starve,2,4,8,torus3d_transpose,1,0.1,8,10000,1,0,0,14.131,32000.0,31899.0,31861.0,0.99684375,0.9988087400858962,0.0497828125,2.0,9.074417,11.074417,2.995198,26.0,20.0,337092.0,1801851.0,0.0,1.0,0.637874,4.0,990109.0,5008.0,5009.0,4971.0,4962.0,4938.0,4999.0,29887.0,10000.0
STV-a,starve,2,4,8,torus3d_transpose,1,0.15,8,10000,1,0,0,14.145,48000.0,47896.0,47838.0,0.9978333333333333,0.9987890429263404,0.074746875,2.0,9.119027,11.119027,2.999582,161.0,96.0,360930.0,1756259.0,0.0,1.0,0.698214,4.0,1006729.0,7552.0,7456.0,7456.0,7411.0,7457.0,7540.0,44872.0,10000.0
STV-a,starve,2,4,8,torus3d_transpose,1,0.2,8,10000,1,0,0,14.410,64000.0,64041.0,63971.0,1.000640625,0.9989069502350058,0.0999546875,2.000031,9.165512,11.165544,3.002392,412.0,285.0,367708.0,1716354.0,0.0,1.0,0.754036,5.0,1021142.0,10070.0,9945.0,10004.0,9898.0,9899.0,10170.0,59986.0,10000.0
STV-a,starve,2,4,8,torus3d_transpose,1,0.25,8,10000,1,0,0,14.580,80000.0,79913.0,79815.0,0.9989125,0.9987736663621689,0.1247109375,2.000013,9.212153,11.212166,3.004097,854.0,554.0,380395.0,1679987.0,0.0,1.0,0.805845,5.0,1032560.0,12584.0,12481.0,12487.0,12497.0,12455.0,12293.0,74797.0,10000.0
STV-a,starve,2,4,8,torus3d_transpose,1,0.3,8,10000,1,0,0,14.712,96000.0,95859.0,95748.0,0.99853125,0.9988420492598504,0.14960625,2.000063,9.259556,11.259619,3.006642,1561.0,1011.0,396760.0,1645218.0,0.0,1.0,0.855842,5.0,1040737.0,15041.0,14881.0,15056.0,14844.0,15034.0,14881.0,89737.0,10000.0
STV-a,starve,2,4,8,torus3d_transpose,1,0.35,8,10000,1,0,0,15.071,112000.0,111637.0,111511.0,0.9967589285714286,0.9988713419386046,0.1742359375,2.000143,9.298473,11.298616,3.006645,2670.0,1746.0,406828.0,1612403.0,0.0,1.0,0.902852,6.0,1046568.0,17601.0,17337.0,17591.0,17325.0,17253.0,17346.0,104453.0,10000.0
STV-a,starve,2,4,8,torus3d_transpose,1,0.4,8,10000,1,0,0,15.448,128000.0,127612.0,127475.0,0.99696875,0.9989264332507914,0.1991796875,2.000361,9.35454,11.354901,3.011791,4497.0,2826.0,425480.0,1579756.0,0.0,1.0,0.948074,5.0,1050194.0,19978.0,20005.0,19983.0,19799.0,19875.0,19825.0,119465.0,10000.0
STV-a,starve,2,4,8,torus3d_transpose,1,0.45,8,10000,1,0,0,15.698,144000.0,143680.0,143530.0,0.9977777777777778,0.998956013363029,0.224265625,2.000669,9.409245,11.409914,3.015063,6642.0,4092.0,446245.0,1546808.0,0.0,1.0,0.990058,6.0,1051418.0,22213.0,22416.0,22454.0,22383.0,22507.0,22547.0,134520.0,10000.0
STV-a,starve,2,4,8,torus3d_transpose,1,0.5,8,10000,1,0,0,15.699,160000.0,159657.0,159496.0,0.99785625,0.9989915882172407,0.2492125,2.001298,9.471347,11.472645,3.020665,9772.0,6105.0,468058.0,1513544.0,0.0,1.0,1.032656,6.0,1049205.0,24875.0,24793.0,25239.0,24822.0,25007.0,24765.0,149501.0,10000.0
STV-a,starve,2,4,8,torus3d_transpose,1,0.55,8,10000,1,0,0,15.868,176000.0,175731.0,175552.0,0.9984715909090909,0.998981397704446,0.2743,2.002204,9.538547,11.540751,3.026761,13731.0,8588.0,495021.0,1479995.0,0.0,1.0,1.075304,6.0,1043981.0,27331.0,27451.0,27369.0,27232.0,27584.0,27627.0,164594.0,10000.0
STV-a,starve,2,4,8,torus3d_transpose,1,0.6,8,10000,1,0,0,16.202,192000.0,191725.0,191524.0,0.9985677083333333,0.9989516234189595,0.29925625,2.00343,9.605705,11.609135,3.030231,18533.0,11522.0,524005.0,1446444.0,0.0,1.0,1.115404,6.0,1035267.0,29834.0,29664.0,29998.0,29855.0,29874.0,30298.0,179523.0,10000.0
STV-a,starve,2,4,8,torus3d_transpose,1,0.65,8,10000,1,0,0,16.486,208000.0,207794.0,207577.0,0.9990096153846154,0.9989556965071176,0.3243390625,2.005155,9.684599,11.689754,3.036541,24666.0,15251.0,554343.0,1412040.0,0.0,1.0,1.155581,6.0,1023382.0,32307.0,32104.0,32424.0,32353.0,32734.0,32642.0,194564.0,10000.0
STV-a,starve,2,4,8,torus3d_transpose,1,0.7,8,10000,1,0,0,16.689,224000.0,223692.0,223457.0,0.998625,0.9989494483486222,0.3491515625,2.008163,9.77201,11.780172,3.043055,32353.0,19911.0,588659.0,1377356.0,0.0,1.0,1.196741,6.0,1008635.0,34652.0,34584.0,34824.0,34806.0,35305.0,35273.0,209444.0,10000.0
STV-a,starve,2,4,8,torus3d_transpose,1,0.75,8,10000,1,0,0,16.910,240000.0,239728.0,239484.0,0.9988666666666667,0.9989821798037776,0.37419375,2.012427,9.875716,11.888143,3.050976,40912.0,24773.0,624998.0,1342254.0,0.0,1.0,1.238161,6.0,991511.0,36973.0,36815.0,37485.0,37355.0,37897.0,37924.0,224449.0,10000.0
STV-a,starve,2,4,8,torus3d_transpose,1,0.8,8,10000,1,0,0,17.234,256000.0,255766.0,255490.0,0.9990859375,0.9989208886247586,0.399203125,2.019997,9.997961,12.017958,3.059094,51258.0,30611.0,658882.0,1306963.0,0.0,1.0,1.280221,7.0,972642.0,39334.0,39403.0,39972.0,39773.0,40537.0,40458.0,239477.0,10000.0
STV-a,starve,2,4,8,torus3d_transpose,1,0.85,8,10000,1,0,0,17.272,272000.0,271714.0,271422.0,0.9989485294117647,0.9989253406155001,0.424096875,2.03128,10.143271,12.174551,3.068756,63000.0,37270.0,695404.0,1271364.0,0.0,2.0,1.321584,7.0,951105.0,41657.0,41860.0,42113.0,42226.0,43298.0,43289.0,254443.0,10000.0
STV-a,starve,2,4,8,torus3d_transpose,1,0.9,8,10000,1,0,0,17.091,288000.0,287802.0,287488.0,0.9993125,0.9989089721405688,0.4492,2.050924,10.316385,12.367309,3.074974,74542.0,43694.0,731095.0,1236431.0,0.0,1.0,1.362187,7.0,928059.0,44046.0,44330.0,44875.0,44615.0,45921.0,45757.0,269544.0,10000.0
STV-a,starve,2,4,8,torus3d_transpose,1,0.95,8,10000,1,0,0,17.517,304000.0,303699.0,303364.0,0.9990098684210527,0.9988969341354433,0.47400625,2.089945,10.5184,12.608345,3.083088,87253.0,50436.0,765852.0,1201769.0,0.0,2.0,1.398688,8.0,904874.0,46324.0,46660.0,47273.0,47033.0,48607.0,48531.0,284428.0,10000.0
STV-a,starve,2,4,8,torus3d_transpose,1,1.0,8,10000,1,0,0,17.916,320000.0,319637.0,319272.0,0.998865625,0.9988580796340849,0.4988625,2.179947,10.784052,12.963999,3.09028,100316.0,57262.0,803384.0,1166708.0,0.0,2.0,1.436047,7.0,878125.0,48922.0,48858.0,49649.0,49540.0,51315.0,51083.0,299367.0,10000.0
RR-b,rr,1,6,8,torus3d_transpose,1,0.05,8,10000,1,0,0,10.689,16000.0,15937.0,15916.0,0.9960625,0.9986823116019327,0.02486875,2.0,9.532923,11.532923,3.190374,11297.0,6829.0,23363.0,0.0,0.0,3.0,0.005944,1.0,0.0,2347.0,2406.0,2464.0,2646.0,2478.0,2578.0,14919.0,10000.0
RR-b,rr,1,6,8,torus3d_transpose,1,0.1,8,10000,1,0,0,11.089,32000.0,31899.0,31860.0,0.99684375,0.9987773911407881,0.04978125,2.0,9.755744,11.755744,3.209856,23684.0,14091.0,44325.0,0.0,0.0,3.0,0.014122,2.0,0.0,4763.0,4785.0,5073.0,5160.0,5102.0,5002.0,29885.0,10000.0
RR-b,rr,1,6,8,torus3d_transpose,1,0.15,8,10000,1,0,0,11.364,48000.0,47896.0,47833.0,0.9978333333333333,0.9986846500751628,0.0747390625,2.0,9.921038,11.921038,3.206238,34364.0,20696.0,63604.0,0.0,0.0,3.0,0.021973,1.0,0.0,7189.0,7327.0,7336.0,7586.0,7681.0,7746.0,44865.0,10000.0
RR-b,rr,1,6,8,torus3d_transpose,1,0.2,8,10000,1,0,0,11.977,64000.0,64041.0,63967.0,1.000640625,0.9988444902484346,0.0999484375,2.000109,10.09852,12.098629,3.208467,45761.0,27474.0,81727.0,0.0,0.0,3.0,0.030851,1.0,0.0,9890.0,9711.0,9957.0,10006.0,10061.0,10355.0,59980.0,10000.0
RR-b,rr,1,6,8,torus3d_transpose,1,0.25,8,10000,1,0,0,12.409,80000.0,79913.0,79804.0,0.9989125,0.9986360166681266,0.12469375,2.000576,10.258132,12.258709,3.205303,55697.0,33587.0,100534.0,0.0,0.0,3.0,0.038474,2.0,0.0,12279.0,12075.0,12408.0,12539.0,12741.0,12741.0,74783.0,10000.0
RR-b,rr,1,6,8,torus3d_transpose,1,0.3,8,10000,1,0,0,12.351,96000.0,95859.0,95737.0,0.99853125,0.9987272973847005,0.1495890625,2.001097,10.455289,12.456386,3.207266,66226.0,39924.0,118785.0,0.0,0.0,3.0,0.047132,2.0,0.0,14682.0,14504.0,14818.0,15077.0,15378.0,15262.0,89721.0,10000.0
RR-b,rr,1,6,8,torus3d_transpose,1,0.35,8,10000,1,0,0,12.612,112000.0,111637.0,111500.0,0.9967589285714286,0.998772808298324,0.17421875,2.000709,10.66409,12.664798,3.202386,75706.0,45767.0,138114.0,0.0,0.0,3.0,0.056609,2.0,0.0,17116.0,17069.0,17495.0,17349.0,17750.0,17664.0,104443.0,10000.0
RR-b,rr,1,6,8,torus3d_transpose,1,0.4,8,10000,1,0,0,13.153,128000.0,127612.0,127456.0,0.99696875,0.9987775444315582,0.19915,2.003185,10.897745,12.900931,3.202297,85729.0,51635.0,158900.0,0.0,0.0,3.0,0.06632,2.0,0.0,19140.0,19670.0,20113.0,20000.0,20177.0,20342.0,119442.0,10000.0
RR-b,rr,1,6,8,torus3d_transpose,1,0.45,8,10000,1,0,0,12.817,144000.0,143680.0,143509.0,0.9977777777777778,0.998809855233853,0.2242328125,2.008452,11.282951,13.291403,3.200886,95728.0,57594.0,179790.0,0.0,0.0,3.0,0.078407,2.0,0.0,22010.0,21986.0,22220.0,22282.0,22948.0,23053.0,134499.0,10000.0
RR-b,rr,1,6,8,torus3d_transpose,1,0.5,8,10000,1,0,0,13.343,160000.0,159657.0,159456.0,0.99785625,0.9987410511283564,0.24915,2.017045,11.802466,13.819511,3.202727,106530.0,63549.0,200569.0,0.0,0.0,3.0,0.090196,2.0,0.0,24013.0,24314.0,24947.0,25043.0,25416.0,25731.0,149464.0,10000.0
RR-b,rr,1,6,8,torus3d_transpose,1,0.55,8,10000,1,0,0,14.249,176000.0,163598.0,162892.0,0.9295340909090909,0.9956845438208292,0.25451875,39.562145,20.079421,59.641566,3.20551,124004.0,71453.0,200169.0,0.0,0.0,3.0,0.102701,2.0,0.0,22701.0,23695.0,24750.0,25016.0,27933.0,27824.0,151919.0,10000.0
RR-b,rr,1,6,8,torus3d_transpose,1,0.6,8,10000,1,0,0,15.539,192000.0,109979.0,109175.0,0.5728072916666667,0.9926895134525682,0.1705859375,1279.057559,62.857733,1341.915292,3.185473,122263.0,68662.0,122081.0,0.0,0.0,3.0,0.085546,2.0,0.0,9415.0,9242.0,14467.0,13739.0,24882.0,25409.0,97154.0,10000.0
RR-b,rr,1,6,8,torus3d_transpose,1,0.65,8,10000,1,0,0,15.850,208000.0,107302.0,106509.0,0.515875,0.9926096438090622,0.1664203125,1580.58657,65.107972,1645.694542,3.157461,121998.0,67944.0,116756.0,0.0,0.0,3.0,0.083767,2.0,0.0,8623.0,8140.0,13940.0,12842.0,24363.0,25572.0,93480.0,10000.0
RR-b,rr,1,6,8,torus3d_transpose,1,0.7,8,10000,1,0,0,16.090,224000.0,108431.0,107637.0,0.4840669642857143,0.9926773708625762,0.1681828125,1781.997111,65.251363,1847.248474,3.124186,120968.0,67833.0,117307.0,0.0,0.0,3.0,0.083613,2.0,0.0,9101.0,8346.0,13482.0,12695.0,24819.0,25150.0,93593.0,10000.0
RR-b,rr,1,6,8,torus3d_transpose,1,0.75,8,10000,1,0,0,16.217,240000.0,109316.0,108502.0,0.45548333333333335,0.9925536975374145,0.169534375,2017.014129,66.399642,2083.413771,3.096293,120940.0,68096.0,117420.0,0.0,0.0,3.0,0.082974,2.0,0.0,9013.0,8543.0,13614.0,12202.0,24788.0,25283.0,93443.0,10000.0
RR-b,rr,1,6,8,torus3d_transpose,1,0.8,8,10000,1,0,0,16.337,256000.0,108219.0,107422.0,0.42273046875,0.9926353043365768,0.167846875,2144.903521,64.890656,2209.794176,3.059057,121383.0,67484.0,113003.0,0.0,0.0,3.0,0.082543,2.0,0.0,8370.0,8097.0,13382.0,12036.0,24311.0,25174.0,91370.0,10000.0
RR-b,rr,1,6,8,torus3d_transpose,1,0.85,8,10000,1,0,0,16.687,272000.0,108800.0,108009.0,0.4,0.9927297794117647,0.1687640625,2201.758946,65.297327,2267.056273,3.031581,120261.0,67186.0,113332.0,0.0,0.0,3.0,0.081239,2.0,0.0,8264.0,8051.0,12972.0,12175.0,24610.0,24923.0,90995.0,10000.0
RR-b,rr,1,6,8,torus3d_transpose,1,0.9,8,10000,1,0,0,16.322,288000.0,110365.0,109574.0,0.38321180555555556,0.9928328727404522,0.171209375,2250.694727,63.189707,2313.884434,3.008652,120962.0,67716.0,114222.0,0.0,0.0,3.0,0.08302,2.0,0.0,8501.0,8066.0,13079.0,12242.0,24615.0,25098.0,91601.0,10000.0
RR-b,rr,1,6,8,torus3d_transpose,1,0.95,8,10000,1,0,0,16.533,304000.0,112086.0,111292.0,0.36870394736842105,0.9929161536677195,0.17389375,2366.843978,61.591822,2428.4358,2.973278,120589.0,67213.0,115329.0,0.0,0.0,3.0,0.080582,2.0,0.0,8735.0,9116.0,13237.0,11820.0,24155.0,25259.0,92322.0,10000.0
RR-b,rr,1,6,8,torus3d_transpose,1,1.0,8,10000,1,0,0,16.711,320000.0,113593.0,112788.0,0.354978125,0.9929132957136443,0.17623125,2447.64584,64.299908,2511.945748,2.9645,120427.0,67916.0,116278.0,0.0,0.0,3.0,0.082411,2.0,0.0,8456.0,8386.0,12858.0,12731.0,25245.0,25166.0,92842.0,10000.0
STV-b,starve,1,6,8,torus3d_transpose,1,0.05,8,10000,1,0,0,14.036,16000.0,15937.0,15916.0,0.9960625,0.9986823116019327,0.02486875,2.0,9.077658,11.077658,3.005906,688.0,447.0,877806.0,1877492.0,0.0,2.0,2.41721,11.0,1603903.0,2503.0,2539.0,2464.0,2464.0,2497.0,2452.0,14919.0,10000.0
STV-b,starve,1,6,8,torus3d_transpose,1,0.1,8,10000,1,0,0,14.395,32000.0,31899.0,31861.0,0.99684375,0.9988087400858962,0.0497828125,2.0,9.170993,11.170993,3.025329,2956.0,1847.0,901029.0,1835043.0,0.0,2.0,2.464349,12.0,1548648.0,4945.0,4972.0,4905.0,5038.0,5018.0,5009.0,29887.0,10000.0
STV-b,starve,1,6,8,torus3d_transpose,1,0.15,8,10000,1,0,0,14.646,48000.0,47896.0,47838.0,0.9978333333333333,0.9987890429263404,0.074746875,2.0,9.273987,11.273987,3.044693,6858.0,4137.0,930246.0,1792114.0,0.0,2.0,2.507745,12.0,1499298.0,7384.0,7476.0,7433.0,7496.0,7490.0,7592.0,44871.0,10000.0
STV-b,starve,1,6,8,torus3d_transpose,1,0.2,8,10000,1,0,0,14.715,64000.0,64041.0,63971.0,1.000640625,0.9989069502350058,0.0999546875,2.0,9.387879,11.387879,3.06245,12278.0,7182.0,920349.0,1748970.0,0.0,2.0,2.559404,12.0,1445791.0,9999.0,10002.0,9965.0,9895.0,10081.0,10043.0,59985.0,10000.0
STV-b,starve,1,6,8,torus3d_transpose,1,0.25,8,10000,1,0,0,15.119,80000.0,79913.0,79815.0,0.9989125,0.9987736663621689,0.1247109375,2.000025,9.509992,11.510017,3.078168,19332.0,11059.0,933977.0,1705938.0,0.0,2.0,2.614255,13.0,1401735.0,12193.0,12351.0,12590.0,12392.0,12734.0,12537.0,74797.0,10000.0
STV-b,starve,1,6,8,torus3d_transpose,1,0.3,8,10000,1,0,0,15.345,96000.0,95859.0,95746.0,0.99853125,0.9988211852825504,0.149603125,2.000167,9.660404,11.660571,3.095482,27937.0,15509.0,933795.0,1663617.0,0.0,2.0,2.669535,13.0,1358592.0,14566.0,14710.0,14996.0,14650.0,15507.0,15306.0,89735.0,10000.0
STV-b,starve,1,6,8,torus3d_transpose,1,0.35,8,10000,1,0,0,15.696,112000.0,111637.0,111501.0,0.9967589285714286,0.9987817659019859,0.1742203125,2.000296,9.79984,11.800136,3.102286,36519.0,20106.0,936653.0,1622391.0,0.0,2.0,2.722738,13.0,1317822.0,16912.0,16926.0,17627.0,17184.0,18049.0,17748.0,104446.0,10000.0
STV-b,starve,1,6,8,torus3d_transpose,1,0.4,8,10000,1,0,0,15.645,128000.0,127612.0,127470.0,0.99696875,0.9988872519825722,0.199171875,2.001263,10.004676,12.005939,3.115227,46711.0,25167.0,928545.0,1580785.0,0.0,2.0,2.77844,13.0,1276034.0,19092.0,19304.0,19676.0,19814.0,20878.0,20696.0,119460.0,10000.0
STV-b,starve,1,6,8,torus3d_transpose,1,0.45,8,10000,1,0,0,16.101,144000.0,143680.0,143521.0,0.9977777777777778,0.9988933741648107,0.2242515625,2.002515,10.243226,12.245741,3.124658,57351.0,30462.0,923424.0,1539406.0,0.0,2.0,2.8335,14.0,1233821.0,21549.0,21468.0,22383.0,22266.0,23434.0,23406.0,134506.0,10000.0
STV-b,starve,1,6,8,torus3d_transpose,1,0.5,8,10000,1,0,0,16.493,160000.0,159657.0,159481.0,0.99785625,0.9988976368089091,0.2491890625,2.005449,10.54461,12.550059,3.133389,68045.0,35588.0,928510.0,1499628.0,0.0,2.0,2.879773,13.0,1196832.0,23997.0,24040.0,24697.0,24803.0,25872.0,26075.0,149484.0,10000.0
STV-b,starve,1,6,8,torus3d_transpose,1,0.55,8,10000,1,0,0,16.645,176000.0,175731.0,175536.0,0.9984715909090909,0.9988903494545641,0.274275,2.012972,10.884519,12.897491,3.13931,78450.0,40517.0,933156.0,1460832.0,0.0,2.0,2.920215,13.0,1163512.0,26210.0,26293.0,27441.0,27238.0,28819.0,28568.0,164569.0,10000.0
STV-b,starve,1,6,8,torus3d_transpose,1,0.6,8,10000,1,0,0,16.639,192000.0,191724.0,191494.0,0.9985625,0.9988003588491791,0.299209375,2.027855,11.313258,13.341113,3.138751,87652.0,44859.0,937718.0,1423566.0,0.0,3.0,2.954478,14.0,1125997.0,28435.0,28718.0,29651.0,29732.0,31489.0,31465.0,179490.0,10000.0
STV-b,starve,1,6,8,torus3d_transpose,1,0.65,8,10000,1,0,0,16.860,208000.0,207794.0,207528.0,0.9990096153846154,0.9987198860409829,0.3242625,2.066844,11.796293,13.863137,3.138988,95836.0,48893.0,952388.0,1387366.0,0.0,3.0,2.974168,14.0,1095327.0,30975.0,30991.0,32185.0,32063.0,34218.0,34081.0,194513.0,10000.0
STV-b,starve,1,6,8,torus3d_transpose,1,0.7,8,10000,1,0,0,16.951,224000.0,223689.0,223388.0,0.9986116071428571,0.9986543817532377,0.34904375,2.1712,12.466234,14.637434,3.131887,101252.0,51872.0,963585.0,1352828.0,0.0,3.0,2.985553,14.0,1061702.0,33595.0,33677.0,34409.0,34573.0,36637.0,36477.0,209368.0,10000.0
STV-b,starve,1,6,8,torus3d_transpose,1,0.75,8,10000,1,0,0,17.619,240000.0,239723.0,239381.0,0.9988458333333333,0.9985733534120631,0.3740328125,2.638555,13.287333,15.925888,3.124408,104835.0,54093.0,978119.0,1318678.0,0.0,3.0,2.982634,14.0,1028814.0,35764.0,36236.0,36808.0,37284.0,39170.0,39089.0,224351.0,10000.0
STV-b,starve,1,6,8,torus3d_transpose,1,0.8,8,10000,1,0,0,17.744,256000.0,255133.0,254752.0,0.99661328125,0.9985066612315929,0.39805,17.246938,14.245761,31.492699,3.118704,106813.0,55638.0,996522.0,1285211.0,0.0,3.0,2.975622,14.0,994944.0,38506.0,38701.0,39233.0,39368.0,41349.0,41574.0,238731.0,10000.0
STV-b,starve,1,6,8,torus3d_transpose,1,0.85,8,10000,1,0,0,18.311,272000.0,265050.0,264638.0,0.9744485294117647,0.9984455763063573,0.413496875,116.910871,15.043252,131.954122,3.138317,107407.0,56021.0,1014440.0,1260162.0,0.0,3.0,2.958964,14.0,970350.0,39330.0,39942.0,40706.0,41199.0,43049.0,43424.0,247650.0,10000.0
STV-b,starve,1,6,8,torus3d_transpose,1,0.9,8,10000,1,0,0,18.550,288000.0,271204.0,270751.0,0.9416805555555555,0.9983296706538252,0.4230484375,254.060801,15.865378,269.926179,3.170721,107089.0,56026.0,1027080.0,1241066.0,0.0,3.0,2.940725,14.0,952710.0,40452.0,40619.0,41454.0,41925.0,44229.0,44132.0,252811.0,10000.0
STV-b,starve,1,6,8,torus3d_transpose,1,0.95,8,10000,1,0,0,18.434,304000.0,277078.0,276586.0,0.9114407894736842,0.9982243267238828,0.432165625,358.819065,16.724191,375.543256,3.198405,105633.0,55927.0,1042908.0,1223888.0,0.0,3.0,2.912477,14.0,937230.0,41095.0,41369.0,42294.0,43004.0,44830.0,45051.0,257643.0,10000.0
STV-b,starve,1,6,8,torus3d_transpose,1,1.0,8,10000,1,0,0,19.095,320000.0,280693.0,280179.0,0.877165625,0.998168817890008,0.4377796875,482.997163,17.608518,500.605681,3.224838,104546.0,55921.0,1053895.0,1212531.0,0.0,3.0,2.881794,14.0,925833.0,41245.0,41663.0,43121.0,43405.0,45332.0,45494.0,260260.0,10000.0
PRIV,private,,0,8,torus3d_neighbor,1,0.05,4,10000,1,0,0,10.659,16000.0,15937.0,15925.0,0.9960625,0.9992470352011044,0.0248828125,2.0,5.0,7.0,1.0,0.0,0.0,0.0,0.0,0.0,0.0,nan,nan,0.0,0.0,0.0,0.0,0.0,0.0,0.0,0.0,10000.0
PRIV,private,,0,8,torus3d_neighbor,1,0.1,4,10000,1,0,0,10.786,32000.0,31899.0,31878.0,0.99684375,0.9993416721527321,0.049809375,2.0,5.0,7.0,1.0,0.0,0.0,0.0,0.0,0.0,0.0,nan,nan,0.0,0.0,0.0,0.0,0.0,0.0,0.0,0.0,10000.0
PRIV,private,,0,8,torus3d_neighbor,1,0.15,4,10000,1,0,0,10.824,48000.0,47896.0,47865.0,0.9978333333333333,0.9993527643226991,0.0747890625,2.0,5.0,7.0,1.0,0.0,0.0,0.0,0.0,0.0,0.0,nan,nan,0.0,0.0,0.0,0.0,0.0,0.0,0.0,0.0,10000.0
PRIV,private,,0,8,torus3d_neighbor,1,0.2,4,10000,1,0,0,11.141,64000.0,64041.0,64000.0,1.000640625,0.9993597851376462,0.1,2.0,5.0,7.0,1.0,0.0,0.0,0.0,0.0,0.0,0.0,nan,nan,0.0,0.0,0.0,0.0,0.0,0.0,0.0,0.0,10000.0
PRIV,private,,0,8,torus3d_neighbor,1,0.25,4,10000,1,0,0,11.163,80000.0,79913.0,79857.0,0.9989125,0.9992992379212393,0.1247765625,2.0,5.0,7.0,1.0,0.0,0.0,0.0,0.0,0.0,0.0,nan,nan,0.0,0.0,0.0,0.0,0.0,0.0,0.0,0.0,10000.0
PRIV,private,,0,8,torus3d_neighbor,1,0.3,4,10000,1,0,0,11.124,96000.0,95859.0,95793.0,0.99853125,0.9993114887491003,0.1496765625,2.0,5.0,7.0,1.0,0.0,0.0,0.0,0.0,0.0,0.0,nan,nan,0.0,0.0,0.0,0.0,0.0,0.0,0.0,0.0,10000.0
PRIV,private,,0,8,torus3d_neighbor,1,0.35,4,10000,1,0,0,11.578,112000.0,111637.0,111562.0,0.9967589285714286,0.9993281797253599,0.174315625,2.0,5.0,7.0,1.0,0.0,0.0,0.0,0.0,0.0,0.0,nan,nan,0.0,0.0,0.0,0.0,0.0,0.0,0.0,0.0,10000.0
PRIV,private,,0,8,torus3d_neighbor,1,0.4,4,10000,1,0,0,11.719,128000.0,127612.0,127529.0,0.99696875,0.9993495909475598,0.1992640625,2.0,5.0,7.0,1.0,0.0,0.0,0.0,0.0,0.0,0.0,nan,nan,0.0,0.0,0.0,0.0,0.0,0.0,0.0,0.0,10000.0
PRIV,private,,0,8,torus3d_neighbor,1,0.45,4,10000,1,0,0,11.756,144000.0,143680.0,143593.0,0.9977777777777778,0.9993944877505568,0.2243640625,2.0,5.0,7.0,1.0,0.0,0.0,0.0,0.0,0.0,0.0,nan,nan,0.0,0.0,0.0,0.0,0.0,0.0,0.0,0.0,10000.0
PRIV,private,,0,8,torus3d_neighbor,1,0.5,4,10000,1,0,0,11.746,160000.0,159657.0,159561.0,0.99785625,0.9993987109866777,0.2493140625,2.0,5.0,7.0,1.0,0.0,0.0,0.0,0.0,0.0,0.0,nan,nan,0.0,0.0,0.0,0.0,0.0,0.0,0.0,0.0,10000.0
PRIV,private,,0,8,torus3d_neighbor,1,0.55,4,10000,1,0,0,11.884,176000.0,175731.0,175625.0,0.9984715909090909,0.9993968053445322,0.2744140625,2.0,5.0,7.0,1.0,0.0,0.0,0.0,0.0,0.0,0.0,nan,nan,0.0,0.0,0.0,0.0,0.0,0.0,0.0,0.0,10000.0
PRIV,private,,0,8,torus3d_neighbor,1,0.6,4,10000,1,0,0,12.164,192000.0,191725.0,191609.0,0.9985677083333333,0.9993949667492502,0.2993890625,2.0,5.0,7.0,1.0,0.0,0.0,0.0,0.0,0.0,0.0,nan,nan,0.0,0.0,0.0,0.0,0.0,0.0,0.0,0.0,10000.0
PRIV,private,,0,8,torus3d_neighbor,1,0.65,4,10000,1,0,0,12.403,208000.0,207794.0,207669.0,0.9990096153846154,0.9993984426884318,0.3244828125,2.0,5.0,7.0,1.0,0.0,0.0,0.0,0.0,0.0,0.0,nan,nan,0.0,0.0,0.0,0.0,0.0,0.0,0.0,0.0,10000.0
PRIV,private,,0,8,torus3d_neighbor,1,0.7,4,10000,1,0,0,12.344,224000.0,223692.0,223562.0,0.998625,0.9994188437673229,0.349315625,2.0,5.0,7.0,1.0,0.0,0.0,0.0,0.0,0.0,0.0,nan,nan,0.0,0.0,0.0,0.0,0.0,0.0,0.0,0.0,10000.0
PRIV,private,,0,8,torus3d_neighbor,1,0.75,4,10000,1,0,0,12.533,240000.0,239728.0,239587.0,0.9988666666666667,0.9994118334111993,0.3743546875,2.0,5.0,7.0,1.0,0.0,0.0,0.0,0.0,0.0,0.0,nan,nan,0.0,0.0,0.0,0.0,0.0,0.0,0.0,0.0,10000.0
PRIV,private,,0,8,torus3d_neighbor,1,0.8,4,10000,1,0,0,12.588,256000.0,255766.0,255615.0,0.9990859375,0.9994096166026759,0.3993984375,2.0,5.0,7.0,1.0,0.0,0.0,0.0,0.0,0.0,0.0,nan,nan,0.0,0.0,0.0,0.0,0.0,0.0,0.0,0.0,10000.0
PRIV,private,,0,8,torus3d_neighbor,1,0.85,4,10000,1,0,0,12.622,272000.0,271716.0,271552.0,0.9989558823529412,0.9993964286240045,0.4243,2.0,5.0,7.0,1.0,0.0,0.0,0.0,0.0,0.0,0.0,nan,nan,0.0,0.0,0.0,0.0,0.0,0.0,0.0,0.0,10000.0
PRIV,private,,0,8,torus3d_neighbor,1,0.9,4,10000,1,0,0,12.637,288000.0,287803.0,287628.0,0.9993159722222222,0.9993919451847271,0.44941875,2.0,5.0,7.0,1.0,0.0,0.0,0.0,0.0,0.0,0.0,nan,nan,0.0,0.0,0.0,0.0,0.0,0.0,0.0,0.0,10000.0
PRIV,private,,0,8,torus3d_neighbor,1,0.95,4,10000,1,0,0,12.946,304000.0,303700.0,303522.0,0.9990131578947369,0.999413895291406,0.474253125,2.0,5.0,7.0,1.0,0.0,0.0,0.0,0.0,0.0,0.0,nan,nan,0.0,0.0,0.0,0.0,0.0,0.0,0.0,0.0,10000.0
PRIV,private,,0,8,torus3d_neighbor,1,1.0,4,10000,1,0,0,12.900,320000.0,319641.0,319450.0,0.998878125,0.9994024546287866,0.499140625,2.0,5.0,7.0,1.0,0.0,0.0,0.0,0.0,0.0,0.0,nan,nan,0.0,0.0,0.0,0.0,0.0,0.0,0.0,0.0,10000.0
RR-a,rr,2,4,8,torus3d_neighbor,1,0.05,8,10000,1,0,0,10.421,16000.0,15937.0,15925.0,0.9960625,0.9992470352011044,0.0248828125,2.0,5.030141,7.030141,1.014819,746.0,510.0,128.0,0.0,0.0,2.0,nan,nan,0.0,118.0,15813.0,0.0,0.0,0.0,0.0,15931.0,10000.0
RR-a,rr,2,4,8,torus3d_neighbor,1,0.1,8,10000,1,0,0,10.704,32000.0,31899.0,31877.0,0.99684375,0.999310323207624,0.0498078125,2.0,5.088716,7.088716,1.043229,4129.0,2749.0,128.0,0.0,0.0,2.0,nan,nan,0.0,690.0,31197.0,0.0,0.0,0.0,0.0,31887.0,10000.0
RR-a,rr,2,4,8,torus3d_neighbor,1,0.15,8,10000,1,0,0,10.761,48000.0,47896.0,47863.0,0.9978333333333333,0.9993110071822282,0.0747859375,2.0,5.136932,7.136932,1.066105,9331.0,6162.0,128.0,0.0,0.0,2.0,2e-05,1.0,0.0,1583.0,46293.0,0.0,0.0,0.0,0.0,47876.0,10000.0
RR-a,rr,2,4,8,torus3d_neighbor,1,0.2,8,10000,1,0,0,11.033,64000.0,64041.0,63998.0,1.000640625,0.9993285551443607,0.099996875,2.0,5.176849,7.176849,1.084659,16002.0,10578.0,128.0,0.0,0.0,2.0,nan,nan,0.0,2710.0,61305.0,0.0,0.0,0.0,0.0,64015.0,10000.0
RR-a,rr,2,4,8,torus3d_neighbor,1,0.25,8,10000,1,0,0,11.265,80000.0,79913.0,79854.0,0.9989125,0.9992616970955914,0.124771875,2.0,5.214141,7.214141,1.101961,24051.0,15901.0,128.0,0.0,0.0,2.0,nan,nan,0.0,4072.0,75803.0,0.0,0.0,0.0,0.0,79875.0,10000.0
RR-a,rr,2,4,8,torus3d_neighbor,1,0.3,8,10000,1,0,0,11.781,96000.0,95859.0,95790.0,0.99853125,0.9992801927831503,0.149671875,2.0,5.252198,7.252198,1.11947,33616.0,22164.0,128.0,0.0,0.0,2.0,2.8e-05,1.0,0.0,5722.0,90093.0,0.0,0.0,0.0,0.0,95815.0,10000.0
RR-a,rr,2,4,8,torus3d_neighbor,1,0.35,8,10000,1,0,0,11.574,112000.0,111637.0,111559.0,0.9967589285714286,0.9993013069143742,0.1743109375,2.0,5.284603,7.284603,1.134046,43946.0,28983.0,128.0,0.0,0.0,2.0,1.6e-05,1.0,0.0,7477.0,104109.0,0.0,0.0,0.0,0.0,111586.0,10000.0
RR-a,rr,2,4,8,torus3d_neighbor,1,0.4,8,10000,1,0,0,11.882,128000.0,127612.0,127526.0,0.99696875,0.9993260821866282,0.199259375,2.0,5.316437,7.316437,1.148158,55424.0,36521.0,128.0,0.0,0.0,2.0,7e-06,1.0,0.0,9447.0,118108.0,0.0,0.0,0.0,0.0,127555.0,10000.0
RR-a,rr,2,4,8,torus3d_neighbor,1,0.45,8,10000,1,0,0,11.916,144000.0,143680.0,143588.0,0.9977777777777778,0.9993596881959911,0.22435625,2.0,5.347118,7.347118,1.161741,67933.0,44697.0,128.0,0.0,0.0,2.0,1.2e-05,1.0,0.0,11613.0,132007.0,0.0,0.0,0.0,0.0,143620.0,10000.0
RR-a,rr,2,4,8,torus3d_neighbor,1,0.5,8,10000,1,0,0,12.159,160000.0,159657.0,159556.0,0.99785625,0.9993673938505672,0.24930625,2.0,5.373768,7.373768,1.173657,81113.0,53391.0,128.0,0.0,0.0,2.0,1.6e-05,1.0,0.0,13856.0,145734.0,0.0,0.0,0.0,0.0,159590.0,10000.0
RR-a,rr,2,4,8,torus3d_neighbor,1,0.55,8,10000,1,0,0,12.268,176000.0,175731.0,175618.0,0.9984715909090909,0.9993569717352089,0.274403125,2.0,5.396343,7.396343,1.183854,94891.0,62584.0,128.0,0.0,0.0,2.0,1.4e-05,1.0,0.0,16147.0,159508.0,0.0,0.0,0.0,0.0,175655.0,10000.0
RR-a,rr,2,4,8,torus3d_neighbor,1,0.6,8,10000,1,0,0,12.543,192000.0,191725.0,191600.0,0.9985677083333333,0.9993480245142783,0.299375,2.0,5.416446,7.416446,1.193392,109229.0,72152.0,128.0,0.0,0.0,2.0,1.7e-05,1.0,0.0,18530.0,173110.0,0.0,0.0,0.0,0.0,191640.0,10000.0
RR-a,rr,2,4,8,torus3d_neighbor,1,0.65,8,10000,1,0,0,12.537,208000.0,207794.0,207660.0,0.9990096153846154,0.9993551305619989,0.32446875,2.0,5.434792,7.434792,1.202186,124041.0,82030.0,128.0,0.0,0.0,2.0,8e-06,1.0,0.0,20996.0,186704.0,0.0,0.0,0.0,0.0,207700.0,10000.0
RR-a,rr,2,4,8,torus3d_neighbor,1,0.7,8,10000,1,0,0,12.870,224000.0,223692.0,223554.0,0.998625,0.9993830803068505,0.349303125,2.0,5.449524,7.449524,1.209533,139118.0,92251.0,128.0,0.0,0.0,2.0,7e-06,1.0,0.0,23425.0,200169.0,0.0,0.0,0.0,0.0,223594.0,10000.0
RR-a,rr,2,4,8,torus3d_neighbor,1,0.75,8,10000,1,0,0,13.238,240000.0,239728.0,239577.0,0.9988666666666667,0.9993701194687312,0.3743390625,2.0,5.463267,7.463267,1.217333,154926.0,102829.0,128.0,0.0,0.0,2.0,3e-06,1.0,0.0,26038.0,213584.0,0.0,0.0,0.0,0.0,239622.0,10000.0
RR-a,rr,2,4,8,torus3d_neighbor,1,0.8,8,10000,1,0,0,13.217,256000.0,255766.0,255602.0,0.9990859375,0.9993587888929725,0.399378125,2.0,5.474006,7.474006,1.224067,170993.0,113688.0,128.0,0.0,0.0,2.0,3e-06,1.0,0.0,28641.0,227010.0,0.0,0.0,0.0,0.0,255651.0,10000.0
RR-a,rr,2,4,8,torus3d_neighbor,1,0.85,8,10000,1,0,0,13.203,272000.0,271716.0,271539.0,0.9989558823529412,0.999348584551517,0.4242796875,2.0,5.483978,7.483978,1.23137,187632.0,124772.0,128.0,0.0,0.0,2.0,nan,nan,0.0,31419.0,240175.0,0.0,0.0,0.0,0.0,271594.0,10000.0
RR-a,rr,2,4,8,torus3d_neighbor,1,0.9,8,10000,1,0,0,13.384,288000.0,287803.0,287615.0,0.9993159722222222,0.9993467753984496,0.4493984375,2.0,5.489908,7.489908,1.237359,204489.0,136186.0,128.0,0.0,0.0,2.0,6e-06,1.0,0.0,34141.0,253531.0,0.0,0.0,0.0,0.0,287672.0,10000.0
RR-a,rr,2,4,8,torus3d_neighbor,1,0.95,8,10000,1,0,0,13.503,304000.0,303700.0,303508.0,0.9990131578947369,0.9993677971682582,0.47423125,2.0,5.495456,7.495456,1.24344,221612.0,147693.0,128.0,0.0,0.0,2.0,8e-06,1.0,0.0,36946.0,266619.0,0.0,0.0,0.0,0.0,303565.0,10000.0
RR-a,rr,2,4,8,torus3d_neighbor,1,1.0,8,10000,1,0,0,13.910,320000.0,319641.0,319434.0,0.998878125,0.9993523984720358,0.499115625,2.0,5.498954,7.498954,1.249404,239220.0,159511.0,128.0,0.0,0.0,2.0,nan,nan,0.0,39843.0,279655.0,0.0,0.0,0.0,0.0,319498.0,10000.0
STV-a,starve,2,4,8,torus3d_neighbor,1,0.05,8,10000,1,0,0,14.064,16000.0,15937.0,15925.0,0.9960625,0.9992470352011044,0.0248828125,2.0,5.001507,7.001507,1.000754,31.0,19.0,182427.0,1897078.0,0.0,1.0,0.526221,4.0,962549.0,6.0,15925.0,0.0,0.0,0.0,0.0,15931.0,10000.0
STV-a,starve,2,4,8,torus3d_neighbor,1,0.1,8,10000,1,0,0,13.978,32000.0,31899.0,31878.0,0.99684375,0.9993416721527321,0.049809375,2.0,5.003137,7.003137,1.001506,180.0,132.0,160663.0,1878048.0,0.0,1.0,0.547594,5.0,970387.0,24.0,31863.0,0.0,0.0,0.0,0.0,31887.0,10000.0
STV-a,starve,2,4,8,torus3d_neighbor,1,0.15,8,10000,1,0,0,14.134,48000.0,47896.0,47864.0,0.9978333333333333,0.9993318857524637,0.0747875,2.0,5.009861,7.009861,1.004722,664.0,435.0,245593.0,1860868.0,0.0,1.0,0.568245,5.0,974392.0,113.0,47763.0,0.0,0.0,0.0,0.0,47876.0,10000.0
STV-a,starve,2,4,8,torus3d_neighbor,1,0.2,8,10000,1,0,0,14.045,64000.0,64041.0,63999.0,1.000640625,0.9993441701410034,0.0999984375,2.0,5.015297,7.015297,1.007188,1401.0,939.0,225713.0,1844740.0,0.0,1.0,0.588786,5.0,977872.0,230.0,63787.0,0.0,0.0,0.0,0.0,64017.0,10000.0
STV-a,starve,2,4,8,torus3d_neighbor,1,0.25,8,10000,1,0,0,14.243,80000.0,79913.0,79857.0,0.9989125,0.9992992379212393,0.1247765625,2.0,5.024131,7.024131,1.011045,2690.0,1807.0,214953.0,1829374.0,0.0,1.0,0.608908,5.0,980873.0,441.0,79437.0,0.0,0.0,0.0,0.0,79878.0,10000.0
STV-a,starve,2,4,8,torus3d_neighbor,1,0.3,8,10000,1,0,0,14.325,96000.0,95859.0,95793.0,0.99853125,0.9993114887491003,0.1496765625,2.0,5.034721,7.034721,1.015575,4606.0,3113.0,243746.0,1814195.0,0.0,1.0,0.630805,6.0,982574.0,746.0,95073.0,0.0,0.0,0.0,0.0,95819.0,10000.0
STV-a,starve,2,4,8,torus3d_neighbor,1,0.35,8,10000,1,0,0,14.486,112000.0,111637.0,111562.0,0.9967589285714286,0.9993281797253599,0.174315625,2.0,5.048171,7.048171,1.021244,7086.0,4714.0,250578.0,1799578.0,0.0,1.0,0.650834,6.0,983930.0,1185.0,110405.0,0.0,0.0,0.0,0.0,111590.0,10000.0
STV-a,starve,2,4,8,torus3d_neighbor,1,0.4,8,10000,1,0,0,14.573,128000.0,127612.0,127528.0,0.99696875,0.999341754693916,0.1992625,2.0,5.059054,7.059054,1.02561,10138.0,6870.0,261732.0,1784756.0,0.0,1.0,0.673359,6.0,983789.0,1634.0,125927.0,0.0,0.0,0.0,0.0,127561.0,10000.0
STV-a,starve,2,4,8,torus3d_neighbor,1,0.45,8,10000,1,0,0,14.461,144000.0,143680.0,143592.0,0.9977777777777778,0.9993875278396437,0.2243625,2.000014,5.07389,7.073904,1.03106,13907.0,9445.0,274283.0,1770158.0,0.0,1.0,0.697091,6.0,982822.0,2231.0,141395.0,0.0,0.0,0.0,0.0,143626.0,10000.0
STV-a,starve,2,4,8,torus3d_neighbor,1,0.5,8,10000,1,0,0,14.804,160000.0,159657.0,159560.0,0.99785625,0.9993924475594556,0.2493125,2.000013,5.092028,7.092041,1.038067,18789.0,12711.0,371385.0,1755665.0,0.0,1.0,0.719998,6.0,980656.0,3038.0,156557.0,0.0,0.0,0.0,0.0,159595.0,10000.0
STV-a,starve,2,4,8,torus3d_neighbor,1,0.55,8,10000,1,0,0,14.946,176000.0,175731.0,175625.0,0.9984715909090909,0.9993968053445322,0.2744140625,2.00008,5.105349,7.105429,1.042465,24041.0,16580.0,396734.0,1740789.0,0.0,1.0,0.747875,7.0,976927.0,3729.0,171932.0,0.0,0.0,0.0,0.0,175661.0,10000.0
STV-a,starve,2,4,8,torus3d_neighbor,1,0.6,8,10000,1,0,0,15.209,192000.0,191725.0,191609.0,0.9985677083333333,0.9993949667492502,0.2993890625,2.000172,5.126059,7.126231,1.048996,30460.0,21069.0,465388.0,1726244.0,0.0,1.0,0.774453,7.0,973154.0,4694.0,186954.0,0.0,0.0,0.0,0.0,191648.0,10000.0
STV-a,starve,2,4,8,torus3d_neighbor,1,0.65,8,10000,1,0,0,15.297,208000.0,207794.0,207669.0,0.9990096153846154,0.9993984426884318,0.3244828125,2.000607,5.15127,7.151876,1.055983,38436.0,26808.0,513839.0,1711411.0,0.0,1.0,0.804164,7.0,967288.0,5813.0,201898.0,0.0,0.0,0.0,0.0,207711.0,10000.0
STV-a,starve,2,4,8,torus3d_neighbor,1,0.7,8,10000,1,0,0,15.652,224000.0,223692.0,223559.0,0.998625,0.9994054324696457,0.3493109375,2.001597,5.182346,7.183942,1.062766,47233.0,33195.0,553781.0,1696556.0,0.0,1.0,0.833917,7.0,960339.0,7018.0,216586.0,0.0,0.0,0.0,0.0,223604.0,10000.0
STV-a,starve,2,4,8,torus3d_neighbor,1,0.75,8,10000,1,0,0,15.588,240000.0,239728.0,239587.0,0.9988666666666667,0.9994118334111993,0.3743546875,2.004395,5.223844,7.228239,1.070254,57236.0,40402.0,603197.0,1681924.0,0.0,1.0,0.874068,7.0,951756.0,8416.0,231219.0,0.0,0.0,0.0,0.0,239635.0,10000.0
STV-a,starve,2,4,8,torus3d_neighbor,1,0.8,8,10000,1,0,0,15.819,256000.0,255766.0,255611.0,0.9990859375,0.9993939773073826,0.3993921875,2.015434,5.288286,7.303719,1.078111,68626.0,48654.0,717643.0,1667124.0,0.0,1.0,0.91015,7.0,942738.0,9984.0,245678.0,0.0,0.0,0.0,0.0,255662.0,10000.0
STV-a,starve,2,4,8,torus3d_neighbor,1,0.85,8,10000,1,0,0,15.897,272000.0,271713.0,271542.0,0.9989448529411765,0.9993706594826158,0.424284375,2.070858,5.410478,7.481336,1.087515,81634.0,57860.0,769875.0,1652627.0,0.0,1.0,0.947682,7.0,932544.0,11883.0,259712.0,0.0,0.0,0.0,0.0,271595.0,10000.0
STV-a,starve,2,4,8,torus3d_neighbor,1,0.9,8,10000,1,0,0,16.068,288000.0,287780.0,287593.0,0.9992361111111111,0.9993501980679685,0.4493640625,2.703866,5.679745,8.383612,1.097568,95737.0,67668.0,877085.0,1638385.0,0.0,1.0,1.003453,7.0,921891.0,14031.0,273619.0,0.0,0.0,0.0,0.0,287650.0,10000.0
STV-a,starve,2,4,8,torus3d_neighbor,1,0.95,8,10000,1,0,0,16.287,304000.0,300440.0,300233.0,0.9882894736842105,0.999311010517907,0.4691140625,54.479697,6.157115,60.636812,1.105085,107352.0,75794.0,960113.0,1628193.0,0.0,1.0,1.056764,7.0,913238.0,15778.0,284508.0,0.0,0.0,0.0,0.0,300286.0,10000.0
STV-a,starve,2,4,8,torus3d_neighbor,1,1.0,8,10000,1,0,0,16.729,320000.0,305538.0,305322.0,0.95480625,0.9992930502916167,0.477065625,215.566271,6.311769,221.87804,1.117044,114720.0,78964.0,994787.0,1625991.0,0.0,2.0,1.068717,7.0,912002.0,17871.0,287511.0,0.0,0.0,0.0,0.0,305382.0,10000.0
RR-b,rr,1,6,8,torus3d_neighbor,1,0.05,8,10000,1,0,0,10.686,16000.0,15937.0,15924.0,0.9960625,0.9991842881345298,0.02488125,2.0,6.078247,8.078247,1.48744,23380.0,15613.0,192.0,0.0,0.0,3.0,4.2e-05,1.0,0.0,3881.0,12046.0,0.0,0.0,0.0,0.0,15927.0,10000.0
RR-b,rr,1,6,8,torus3d_neighbor,1,0.1,8,10000,1,0,0,10.857,32000.0,31899.0,31874.0,0.99684375,0.9992162763723,0.049803125,2.000157,6.233764,8.233921,1.492564,47282.0,31571.0,192.0,0.0,0.0,3.0,0.000105,1.0,0.0,7851.0,24028.0,0.0,0.0,0.0,0.0,31879.0,10000.0
RR-b,rr,1,6,8,torus3d_neighbor,1,0.15,8,10000,1,0,0,11.151,48000.0,47896.0,47857.0,0.9978333333333333,0.9991857357608152,0.0747765625,2.001379,6.421798,8.423177,1.497357,71376.0,47560.0,192.0,0.0,0.0,3.0,8.4e-05,1.0,0.0,11903.0,35963.0,0.0,0.0,0.0,0.0,47866.0,10000.0
RR-b,rr,1,6,8,torus3d_neighbor,1,0.2,8,10000,1,0,0,11.413,64000.0,64041.0,63991.0,1.000640625,0.9992192501678612,0.0999859375,2.005782,6.654233,8.660015,1.497664,95564.0,63702.0,192.0,0.0,0.0,3.0,4.2e-05,1.0,0.0,15925.0,48076.0,0.0,0.0,0.0,0.0,64001.0,10000.0
RR-b,rr,1,6,8,torus3d_neighbor,1,0.25,8,10000,1,0,0,11.616,80000.0,79912.0,79837.0,0.9989,0.9990614676143759,0.1247453125,2.0247,6.959743,8.984443,1.497889,119332.0,79561.0,192.0,0.0,0.0,3.0,1.7e-05,1.0,0.0,19879.0,59973.0,0.0,0.0,0.0,0.0,79852.0,10000.0
RR-b,rr,1,6,8,torus3d_neighbor,1,0.3,8,10000,1,0,0,11.916,96000.0,95855.0,95764.0,0.9984895833333334,0.9990506494183924,0.14963125,2.082651,7.417652,9.500303,1.498747,143276.0,95492.0,192.0,0.0,0.0,3.0,5.6e-05,1.0,0.0,23885.0,71897.0,0.0,0.0,0.0,0.0,95782.0,10000.0
RR-b,rr,1,6,8,torus3d_neighbor,1,0.35,8,10000,1,0,0,12.166,112000.0,111632.0,111518.0,0.9967142857142857,0.9989787874444603,0.174246875,2.266648,8.045867,10.312515,1.500314,167078.0,111258.0,192.0,0.0,0.0,3.0,3e-05,1.0,0.0,27901.0,83641.0,0.0,0.0,0.0,0.0,111542.0,10000.0
RR-b,rr,1,6,8,torus3d_neighbor,1,0.4,8,10000,1,0,0,12.725,128000.0,127599.0,127456.0,0.9968671875,0.9988793015619245,0.19915,2.96161,8.988474,11.950085,1.500455,191017.0,127202.0,192.0,0.0,0.0,3.0,4.2e-05,1.0,0.0,31898.0,95588.0,0.0,0.0,0.0,0.0,127486.0,10000.0
RR-b,rr,1,6,8,torus3d_neighbor,1,0.45,8,10000,1,0,0,13.574,144000.0,143608.0,143427.0,0.9972777777777778,0.9987396245334522,0.2241046875,6.373235,10.460143,16.833379,1.501161,215101.0,143181.0,192.0,0.0,0.0,3.0,3.7e-05,1.0,0.0,35949.0,107509.0,0.0,0.0,0.0,0.0,143458.0,10000.0
RR-b,rr,1,6,8,torus3d_neighbor,1,0.5,8,10000,1,0,0,14.267,160000.0,158031.0,157788.0,0.98769375,0.9984623270117888,0.24654375,64.498168,12.581343,77.079512,1.499252,236365.0,157547.0,192.0,0.0,0.0,3.0,2.1e-05,1.0,0.0,39398.0,118430.0,0.0,0.0,0.0,0.0,157828.0,10000.0
RR-b,rr,1,6,8,torus3d_neighbor,1,0.55,8,10000,1,0,0,14.877,176000.0,159994.0,159757.0,0.9090568181818182,0.9985186944510419,0.2496203125,444.80583,12.948897,457.754727,1.498682,239225.0,159517.0,192.0,0.0,0.0,3.0,3.8e-05,1.0,0.0,39842.0,119945.0,0.0,0.0,0.0,0.0,159787.0,10000.0
RR-b,rr,1,6,8,torus3d_neighbor,1,0.6,8,10000,1,0,0,15.029,192000.0,160099.0,159861.0,0.8338489583333333,0.9985134198214854,0.2497828125,821.199211,12.961435,834.160646,1.498733,239390.0,159621.0,192.0,0.0,0.0,3.0,3.8e-05,1.0,0.0,39873.0,120019.0,0.0,0.0,0.0,0.0,159892.0,10000.0
RR-b,rr,1,6,8,torus3d_neighbor,1,0.65,8,10000,1,0,0,15.043,208000.0,160155.0,159917.0,0.7699759615384615,0.9985139396209922,0.2498703125,1139.779267,12.966958,1152.746225,1.498784,239480.0,159677.0,192.0,0.0,0.0,3.0,2.5e-05,1.0,0.0,39889.0,120060.0,0.0,0.0,0.0,0.0,159949.0,10000.0
RR-b,rr,1,6,8,torus3d_neighbor,1,0.7,8,10000,1,0,0,15.054,224000.0,160194.0,159958.0,0.7151517857142857,0.9985267862716456,0.249934375,1410.447517,12.970674,1423.418191,1.498781,239542.0,159718.0,192.0,0.0,0.0,3.0,3.3e-05,1.0,0.0,39900.0,120088.0,0.0,0.0,0.0,0.0,159988.0,10000.0
RR-b,rr,1,6,8,torus3d_neighbor,1,0.75,8,10000,1,0,0,15.190,240000.0,160220.0,159983.0,0.6675833333333333,0.9985207839221071,0.2499734375,1647.79776,12.972272,1660.770032,1.498803,239584.0,159743.0,192.0,0.0,0.0,3.0,5e-05,1.0,0.0,39909.0,120106.0,0.0,0.0,0.0,0.0,160015.0,10000.0
RR-b,rr,1,6,8,torus3d_neighbor,1,0.8,8,10000,1,0,0,14.981,256000.0,160247.0,160005.0,0.62596484375,0.9984898313228953,0.2500078125,1856.362239,12.973413,1869.335652,1.498822,239621.0,159765.0,192.0,0.0,0.0,3.0,4.6e-05,1.0,0.0,39917.0,120127.0,0.0,0.0,0.0,0.0,160044.0,10000.0
RR-b,rr,1,6,8,torus3d_neighbor,1,0.85,8,10000,1,0,0,15.451,272000.0,160260.0,160017.0,0.5891911764705883,0.9984837139648072,0.2500265625,2040.54353,12.973928,2053.517458,1.498822,239640.0,159777.0,192.0,0.0,0.0,3.0,6.3e-05,1.0,0.0,39921.0,120137.0,0.0,0.0,0.0,0.0,160058.0,10000.0
RR-b,rr,1,6,8,torus3d_neighbor,1,0.9,8,10000,1,0,0,15.685,288000.0,160274.0,160030.0,0.5565069444444445,0.9984776070978449,0.250046875,2204.333288,12.974317,2217.307605,1.498844,239665.0,159790.0,192.0,0.0,0.0,3.0,6.7e-05,1.0,0.0,39928.0,120149.0,0.0,0.0,0.0,0.0,160077.0,10000.0
RR-b,rr,1,6,8,torus3d_neighbor,1,0.95,8,10000,1,0,0,15.389,304000.0,160287.0,160041.0,0.5272598684210527,0.9984652529525164,0.2500640625,2349.510925,12.974632,2362.485557,1.498835,239681.0,159801.0,192.0,0.0,0.0,3.0,7.9e-05,1.0,0.0,39931.0,120160.0,0.0,0.0,0.0,0.0,160091.0,10000.0
RR-b,rr,1,6,8,torus3d_neighbor,1,1.0,8,10000,1,0,0,15.359,320000.0,160304.0,160048.0,0.50095,0.9984030342349536,0.250075,2480.878586,12.974908,2493.853494,1.49885,239696.0,159808.0,192.0,0.0,0.0,3.0,6.7e-05,1.0,0.0,39936.0,120176.0,0.0,0.0,0.0,0.0,160112.0,10000.0
STV-b,starve,1,6,8,torus3d_neighbor,1,0.05,8,10000,1,0,0,13.757,16000.0,15937.0,15925.0,0.9960625,0.9992470352011044,0.0248828125,2.0,5.027064,7.027064,1.012684,640.0,438.0,769636.0,1903675.0,0.0,2.0,2.467425,10.0,1606804.0,101.0,15830.0,0.0,0.0,0.0,0.0,15931.0,10000.0
STV-b,starve,1,6,8,torus3d_neighbor,1,0.1,8,10000,1,0,0,13.833,32000.0,31899.0,31877.0,0.99684375,0.999310323207624,0.0498078125,2.0,5.063337,7.063337,1.028359,2755.0,1849.0,794608.0,1887891.0,0.0,2.0,2.47618,11.0,1610600.0,453.0,31434.0,0.0,0.0,0.0,0.0,31887.0,10000.0
STV-b,starve,1,6,8,torus3d_neighbor,1,0.15,8,10000,1,0,0,13.943,48000.0,47896.0,47863.0,0.9978333333333333,0.9993110071822282,0.0747859375,2.0,5.101498,7.101498,1.043081,6170.0,4104.0,775088.0,1872077.0,0.0,2.0,2.500568,11.0,1574658.0,1032.0,46845.0,0.0,0.0,0.0,0.0,47877.0,10000.0
STV-b,starve,1,6,8,torus3d_neighbor,1,0.2,8,10000,1,0,0,13.984,64000.0,64041.0,63999.0,1.000640625,0.9993441701410034,0.0999984375,2.000016,5.140752,7.140768,1.055688,10719.0,7152.0,756343.0,1856098.0,0.0,2.0,2.524342,12.0,1589176.0,1782.0,62234.0,0.0,0.0,0.0,0.0,64016.0,10000.0
STV-b,starve,1,6,8,torus3d_neighbor,1,0.25,8,10000,1,0,0,14.142,80000.0,79913.0,79855.0,0.9989125,0.9992742107041408,0.1247734375,2.000163,5.189293,7.189456,1.068224,16112.0,10660.0,747311.0,1840503.0,0.0,2.0,2.548445,12.0,1560156.0,2725.0,77151.0,0.0,0.0,0.0,0.0,79876.0,10000.0
STV-b,starve,1,6,8,torus3d_neighbor,1,0.3,8,10000,1,0,0,14.299,96000.0,95859.0,95790.0,0.99853125,0.9992801927831503,0.149671875,2.000992,5.250068,7.25106,1.079486,22584.0,14965.0,743103.0,1825023.0,0.0,2.0,2.574538,12.0,1527321.0,3808.0,92009.0,0.0,0.0,0.0,0.0,95817.0,10000.0
STV-b,starve,1,6,8,torus3d_neighbor,1,0.35,8,10000,1,0,0,14.827,112000.0,111637.0,111557.0,0.9967589285714286,0.9992833917070505,0.1743078125,2.002815,5.323781,7.326595,1.090734,29681.0,19551.0,713624.0,1809756.0,0.0,2.0,2.598263,13.0,1531782.0,5062.0,106523.0,0.0,0.0,0.0,0.0,111585.0,10000.0
STV-b,starve,1,6,8,torus3d_neighbor,1,0.4,8,10000,1,0,0,14.623,128000.0,127612.0,127527.0,0.99696875,0.9993339184402721,0.1992609375,2.009841,5.426129,7.43597,1.102692,37808.0,24706.0,726132.0,1794750.0,0.0,2.0,2.62201,12.0,1516728.0,6549.0,121007.0,0.0,0.0,0.0,0.0,127556.0,10000.0
STV-b,starve,1,6,8,torus3d_neighbor,1,0.45,8,10000,1,0,0,14.926,144000.0,143679.0,143586.0,0.9977708333333334,0.9993527237800931,0.224353125,2.025991,5.562053,7.588045,1.113145,46629.0,30371.0,724476.0,1779807.0,0.0,2.0,2.649745,13.0,1500660.0,8126.0,135489.0,0.0,0.0,0.0,0.0,143615.0,10000.0
STV-b,starve,1,6,8,torus3d_neighbor,1,0.5,8,10000,1,0,0,14.980,160000.0,159655.0,159551.0,0.99784375,0.9993485954088503,0.2492984375,2.085835,5.769535,7.855369,1.123647,56080.0,36341.0,732171.0,1765322.0,0.0,2.0,2.676736,13.0,1516095.0,9867.0,149717.0,0.0,0.0,0.0,0.0,159584.0,10000.0
STV-b,starve,1,6,8,torus3d_neighbor,1,0.55,8,10000,1,0,0,15.537,176000.0,175727.0,175609.0,0.9984488636363636,0.9993285038724841,0.2743890625,2.279826,6.082997,8.362823,1.134059,66105.0,42552.0,744434.0,1751087.0,0.0,3.0,2.703919,13.0,1507508.0,11771.0,163872.0,0.0,0.0,0.0,0.0,175643.0,10000.0
STV-b,starve,1,6,8,torus3d_neighbor,1,0.6,8,10000,1,0,0,15.363,192000.0,191707.0,191560.0,0.9984739583333333,0.999233204838634,0.2993125,3.142739,6.574118,9.716856,1.145636,76855.0,48943.0,769026.0,1737189.0,0.0,2.0,2.732588,13.0,1535963.0,13952.0,177653.0,0.0,0.0,0.0,0.0,191605.0,10000.0
STV-b,starve,1,6,8,torus3d_neighbor,1,0.65,8,10000,1,0,0,15.766,208000.0,207112.0,206945.0,0.9957307692307692,0.9991936729885279,0.3233515625,20.123419,7.339776,27.463196,1.156592,87861.0,55441.0,821406.0,1724181.0,0.0,2.0,2.761635,13.0,1537776.0,16206.0,190786.0,0.0,0.0,0.0,0.0,206992.0,10000.0
STV-b,starve,1,6,8,torus3d_neighbor,1,0.7,8,10000,1,0,0,15.896,224000.0,217915.0,217730.0,0.9728348214285715,0.9991510451322764,0.340203125,125.151821,7.908024,133.059845,1.167933,97331.0,60747.0,854271.0,1716746.0,0.0,2.0,2.776837,13.0,1539496.0,18287.0,199482.0,0.0,0.0,0.0,0.0,217769.0,10000.0
STV-b,starve,1,6,8,torus3d_neighbor,1,0.75,8,10000,1,0,0,16.429,240000.0,224764.0,224560.0,0.9365166666666667,0.9990923813422078,0.350875,293.391339,8.244923,301.636262,1.182677,105730.0,64685.0,864510.0,1713399.0,0.0,2.0,2.779193,13.0,1544808.0,20516.0,204086.0,0.0,0.0,0.0,0.0,224602.0,10000.0
STV-b,starve,1,6,8,torus3d_neighbor,1,0.8,8,10000,1,0,0,16.231,256000.0,228844.0,228635.0,0.893921875,0.9990867140934435,0.3572421875,493.148013,8.307499,501.455512,1.200835,113196.0,67251.0,915855.0,1712000.0,0.0,2.0,2.777214,12.0,1566249.0,22963.0,205719.0,0.0,0.0,0.0,0.0,228682.0,10000.0
STV-b,starve,1,6,8,torus3d_neighbor,1,0.85,8,10000,1,0,0,16.233,272000.0,233015.0,232799.0,0.8566727941176471,0.999073021050147,0.3637484375,658.556085,8.413034,666.969119,1.220662,121431.0,70033.0,919692.0,1710815.0,0.0,2.0,2.770324,12.0,1573874.0,25690.0,207155.0,0.0,0.0,0.0,0.0,232845.0,10000.0
STV-b,starve,1,6,8,torus3d_neighbor,1,0.9,8,10000,1,0,0,16.523,288000.0,236995.0,236764.0,0.8228993055555556,0.9990252958923184,0.36994375,805.913403,8.614895,814.528298,1.239944,129648.0,72814.0,973057.0,1709850.0,0.0,2.0,2.763849,12.0,1595738.0,28409.0,208410.0,0.0,0.0,0.0,0.0,236819.0,10000.0
STV-b,starve,1,6,8,torus3d_neighbor,1,0.95,8,10000,1,0,0,16.689,304000.0,238117.0,237885.0,0.7832796052631579,0.9990256890520206,0.3716953125,998.921605,8.707287,1007.628892,1.24543,132089.0,73667.0,1004041.0,1709633.0,0.0,2.0,2.762672,12.0,1611600.0,29202.0,208737.0,0.0,0.0,0.0,0.0,237939.0,10000.0
STV-b,starve,1,6,8,torus3d_neighbor,1,1.0,8,10000,1,0,0,16.399,320000.0,238224.0,238000.0,0.74445,0.999059708509638,0.371875,1196.387109,8.706218,1205.093328,1.245916,132368.0,73792.0,1031648.0,1709648.0,0.0,2.0,2.763824,12.0,1619488.0,29280.0,208784.0,0.0,0.0,0.0,0.0,238064.0,10000.0
PRIV,private,,0,8,uniform_random,1,0.05,4,10000,1,0,0,10.426,16000.0,15899.0,15888.0,0.9936875,0.9993081325869552,0.024825,2.0,9.024799,11.024799,2.987664,0.0,0.0,0.0,0.0,0.0,0.0,nan,nan,0.0,0.0,0.0,0.0,0.0,0.0,0.0,0.0,10000.0
PRIV,private,,0,8,uniform_random,1,0.1,4,10000,1,0,0,10.525,32000.0,31938.0,31917.0,0.9980625,0.9993424760473417,0.0498703125,2.0,9.102234,11.102234,3.002319,0.0,0.0,0.0,0.0,0.0,0.0,nan,nan,0.0,0.0,0.0,0.0,0.0,0.0,0.0,0.0,10000.0
PRIV,private,,0,8,uniform_random,1,0.15,4,10000,1,0,0,11.072,48000.0,48081.0,48040.0,1.0016875,0.999147272311308,0.0750625,2.0,9.141424,11.141424,3.000125,1.0,1.0,0.0,0.0,0.0,0.0,nan,nan,0.0,0.0,0.0,0.0,0.0,0.0,0.0,0.0,10000.0
PRIV,private,,0,8,uniform_random,1,0.2,4,10000,1,0,0,11.205,64000.0,64172.0,64121.0,1.0026875,0.9992052608614349,0.1001890625,2.0,9.189064,11.189064,3.001341,3.0,1.0,0.0,0.0,0.0,0.0,nan,nan,0.0,0.0,0.0,0.0,0.0,0.0,0.0,0.0,10000.0
PRIV,private,,0,8,uniform_random,1,0.25,4,10000,1,0,0,11.254,80000.0,79998.0,79935.0,0.999975,0.9992124803120078,0.1248984375,2.0,9.220729,11.220729,2.99686,7.0,3.0,0.0,0.0,0.0,0.0,nan,nan,0.0,0.0,0.0,0.0,0.0,0.0,0.0,0.0,10000.0
PRIV,private,,0,8,uniform_random,1,0.3,4,10000,1,0,0,11.488,96000.0,95992.0,95914.0,0.9999166666666667,0.9991874322860238,0.149865625,2.000031,9.269345,11.269377,2.999729,6.0,6.0,0.0,0.0,0.0,0.0,nan,nan,0.0,0.0,0.0,0.0,0.0,0.0,0.0,0.0,10000.0
PRIV,private,,0,8,uniform_random,1,0.35,4,10000,1,0,0,11.857,112000.0,111643.0,111540.0,0.9968125,0.9990774164076566,0.17428125,2.000018,9.321293,11.321311,3.00373,33.0,23.0,0.0,0.0,0.0,0.0,nan,nan,0.0,0.0,0.0,0.0,0.0,0.0,0.0,0.0,10000.0
PRIV,private,,0,8,uniform_random,1,0.4,4,10000,1,0,0,11.879,128000.0,127601.0,127489.0,0.9968828125,0.9991222639321008,0.1992015625,2.000118,9.361019,11.361137,3.000031,51.0,33.0,0.0,0.0,0.0,0.0,nan,nan,0.0,0.0,0.0,0.0,0.0,0.0,0.0,0.0,10000.0
PRIV,private,,0,8,uniform_random,1,0.45,4,10000,1,0,0,12.152,144000.0,143664.0,143515.0,0.9976666666666667,0.9989628577792627,0.2242421875,2.000223,9.410786,11.411009,3.003156,114.0,74.0,0.0,0.0,0.0,0.0,nan,nan,0.0,0.0,0.0,0.0,0.0,0.0,0.0,0.0,10000.0
PRIV,private,,0,8,uniform_random,1,0.5,4,10000,1,0,0,12.341,160000.0,159641.0,159476.0,0.99775625,0.9989664309293979,0.24918125,2.000408,9.452363,11.45277,3.000257,172.0,116.0,0.0,0.0,0.0,0.0,nan,nan,0.0,0.0,0.0,0.0,0.0,0.0,0.0,0.0,10000.0
PRIV,private,,0,8,uniform_random,1,0.55,4,10000,1,0,0,12.239,176000.0,175572.0,175387.0,0.9975681818181819,0.9989463012325428,0.2740421875,2.000627,9.496502,11.497129,2.998575,234.0,170.0,0.0,0.0,0.0,0.0,nan,nan,0.0,0.0,0.0,0.0,0.0,0.0,0.0,0.0,10000.0
PRIV,private,,0,8,uniform_random,1,0.6,4,10000,1,0,0,12.548,192000.0,191374.0,191170.0,0.9967395833333333,0.9989340244756341,0.298703125,2.001057,9.558362,11.559418,3.003541,341.0,231.0,0.0,0.0,0.0,0.0,nan,nan,0.0,0.0,0.0,0.0,0.0,0.0,0.0,0.0,10000.0
PRIV,private,,0,8,uniform_random,1,0.65,4,10000,1,0,0,12.648,208000.0,207750.0,207527.0,0.9987980769230769,0.9989265944645006,0.3242609375,2.001711,9.613053,11.614763,3.002308,596.0,418.0,0.0,0.0,0.0,0.0,nan,nan,0.0,0.0,0.0,0.0,0.0,0.0,0.0,0.0,10000.0
PRIV,private,,0,8,uniform_random,1,0.7,4,10000,1,0,0,13.052,224000.0,223531.0,223287.0,0.99790625,0.9989084288085321,0.3488859375,2.003117,9.672659,11.675776,3.002311,836.0,562.0,0.0,0.0,0.0,0.0,nan,nan,0.0,0.0,0.0,0.0,0.0,0.0,0.0,0.0,10000.0
PRIV,private,,0,8,uniform_random,1,0.75,4,10000,1,0,0,13.216,240000.0,239674.0,239446.0,0.9986416666666666,0.9990487078281333,0.374134375,2.004581,9.728473,11.733055,3.000163,1173.0,799.0,0.0,0.0,0.0,0.0,nan,nan,0.0,0.0,0.0,0.0,0.0,0.0,0.0,0.0,10000.0
PRIV,private,,0,8,uniform_random,1,0.8,4,10000,1,0,0,13.601,256000.0,255649.0,255387.0,0.99862890625,0.9989751573446405,0.3990421875,2.006758,9.803009,11.809767,3.002878,1640.0,1078.0,0.0,0.0,0.0,0.0,nan,nan,0.0,0.0,0.0,0.0,0.0,0.0,0.0,0.0,10000.0
PRIV,private,,0,8,uniform_random,1,0.85,4,10000,1,0,0,13.390,272000.0,271363.0,271081.0,0.9976580882352941,0.9989608015831193,0.4235640625,2.010104,9.865431,11.875535,3.000612,2046.0,1444.0,0.0,0.0,0.0,0.0,nan,nan,0.0,0.0,0.0,0.0,0.0,0.0,0.0,0.0,10000.0
PRIV,private,,0,8,uniform_random,1,0.9,4,10000,1,0,0,13.535,288000.0,287435.0,287132.0,0.9980381944444444,0.998945848626646,0.44864375,2.014781,9.938871,11.953652,2.99976,2911.0,1988.0,0.0,0.0,0.0,0.0,nan,nan,0.0,0.0,0.0,0.0,0.0,0.0,0.0,0.0,10000.0
PRIV,private,,0,8,uniform_random,1,0.95,4,10000,1,0,0,13.679,304000.0,303616.0,303298.0,0.9987368421052631,0.9989526243676222,0.473903125,2.022176,10.043238,12.065414,3.007646,3770.0,2577.0,0.0,0.0,0.0,0.0,nan,nan,0.0,0.0,0.0,0.0,0.0,0.0,0.0,0.0,10000.0
PRIV,private,,0,8,uniform_random,1,1.0,4,10000,1,0,0,13.882,320000.0,319620.0,319282.0,0.9988125,0.9989424942118766,0.498878125,2.031784,10.130399,12.162183,3.006104,4872.0,3295.0,0.0,0.0,0.0,0.0,nan,nan,0.0,0.0,0.0,0.0,0.0,0.0,0.0,0.0,10000.0
RR-a,rr,2,4,8,uniform_random,1,0.05,8,10000,1,0,0,10.213,16000.0,15899.0,15888.0,0.9936875,0.9993081325869552,0.024825,2.0,9.026435,11.026435,2.987664,2.0,2.0,410.0,0.0,0.0,2.0,0.002064,1.0,0.0,2552.0,2637.0,2584.0,2646.0,2535.0,2658.0,15612.0,10000.0
RR-a,rr,2,4,8,uniform_random,1,0.1,8,10000,1,0,0,10.600,32000.0,31938.0,31917.0,0.9980625,0.9993424760473417,0.0498703125,2.0,9.101137,11.101137,3.002444,227.0,220.0,2339.0,0.0,0.0,2.0,0.00674,1.0,0.0,5487.0,5040.0,5036.0,5044.0,5451.0,5369.0,31427.0,10000.0
RR-a,rr,2,4,8,uniform_random,1,0.15,8,10000,1,0,0,10.848,48000.0,48081.0,48040.0,1.0016875,0.999147272311308,0.0750625,2.0,9.148626,11.148626,3.004954,884.0,643.0,5537.0,0.0,0.0,2.0,0.011356,2.0,0.0,8191.0,8473.0,7023.0,7163.0,8537.0,7919.0,47306.0,10000.0
RR-a,rr,2,4,8,uniform_random,1,0.2,8,10000,1,0,0,11.103,64000.0,64172.0,64121.0,1.0026875,0.9992052608614349,0.1001890625,2.000016,9.232872,11.232888,3.020867,2750.0,1450.0,10066.0,0.0,0.0,2.0,0.018176,2.0,0.0,11982.0,11976.0,9591.0,9302.0,10187.0,10080.0,63118.0,10000.0
RR-a,rr,2,4,8,uniform_random,1,0.25,8,10000,1,0,0,11.352,80000.0,79998.0,79932.0,0.999975,0.9991749793744844,0.12489375,2.000038,9.220275,11.220312,2.997035,2466.0,2350.0,15283.0,0.0,0.0,2.0,0.024226,2.0,0.0,13466.0,13647.0,12336.0,12914.0,13266.0,13118.0,78747.0,10000.0
RR-a,rr,2,4,8,uniform_random,1,0.3,8,10000,1,0,0,11.884,96000.0,95992.0,95912.0,0.9999166666666667,0.9991665972164347,0.1498625,2.00001,9.341073,11.341083,3.03229,6738.0,3457.0,22274.0,0.0,0.0,2.0,0.03283,2.0,0.0,13765.0,13551.0,16768.0,16817.0,17000.0,16489.0,94390.0,10000.0
RR-a,rr,2,4,8,uniform_random,1,0.35,8,10000,1,0,0,12.301,112000.0,111643.0,111540.0,0.9968125,0.9990774164076566,0.17428125,2.000099,9.358185,11.358284,3.018756,6922.0,5014.0,29604.0,0.0,0.0,2.0,0.040229,2.0,0.0,18546.0,18937.0,18606.0,18669.0,17452.0,17640.0,109850.0,10000.0
RR-a,rr,2,4,8,uniform_random,1,0.4,8,10000,1,0,0,12.354,128000.0,127601.0,127488.0,0.9968828125,0.9991144270029232,0.1992,2.000118,9.432943,11.43306,3.031305,10103.0,5797.0,37830.0,0.0,0.0,2.0,0.049183,2.0,0.0,21096.0,21033.0,20454.0,20480.0,21307.0,21231.0,125601.0,10000.0
RR-a,rr,2,4,8,uniform_random,1,0.45,8,10000,1,0,0,12.731,144000.0,143664.0,143515.0,0.9976666666666667,0.9989628577792627,0.2242421875,2.000146,9.476452,11.476598,3.024855,10687.0,7202.0,47086.0,0.0,0.0,2.0,0.057508,2.0,0.0,23699.0,22758.0,23688.0,24063.0,23581.0,23465.0,141254.0,10000.0
RR-a,rr,2,4,8,uniform_random,1,0.5,8,10000,1,0,0,13.099,160000.0,159641.0,159472.0,0.99775625,0.9989413747095045,0.249175,2.000458,9.547457,11.547914,3.032325,13493.0,7916.0,57198.0,0.0,0.0,2.0,0.067309,2.0,0.0,26805.0,26499.0,25851.0,25855.0,26000.0,26015.0,157025.0,10000.0
RR-a,rr,2,4,8,uniform_random,1,0.55,8,10000,1,0,0,13.331,176000.0,175572.0,175385.0,0.9975681818181819,0.9989349098945162,0.2740390625,2.000587,9.586977,11.587565,3.021513,13179.0,8708.0,68235.0,0.0,0.0,2.0,0.074872,2.0,0.0,30750.0,29809.0,26486.0,26478.0,29294.0,29812.0,172629.0,10000.0
RR-a,rr,2,4,8,uniform_random,1,0.6,8,10000,1,0,0,13.767,192000.0,191374.0,191171.0,0.9967395833333333,0.9989392498458516,0.2987046875,2.000931,9.614026,11.614957,3.007857,11579.0,10132.0,79593.0,0.0,0.0,2.0,0.083215,2.0,0.0,30585.0,30975.0,32526.0,32796.0,30797.0,30516.0,188195.0,10000.0
RR-a,rr,2,4,8,uniform_random,1,0.65,8,10000,1,0,0,13.770,208000.0,207750.0,207527.0,0.9987980769230769,0.9989265944645006,0.3242609375,2.001966,9.778376,11.780342,3.046828,19874.0,10022.0,92133.0,0.0,0.0,2.0,0.096101,2.0,0.0,33787.0,33732.0,34134.0,34983.0,34361.0,33392.0,204389.0,10000.0
RR-a,rr,2,4,8,uniform_random,1,0.7,8,10000,1,0,0,14.418,224000.0,223531.0,223282.0,0.99790625,0.9988860605464119,0.348878125,2.003059,9.790247,11.793306,3.019639,15382.0,10717.0,103772.0,0.0,0.0,2.0,0.1032,2.0,0.0,37215.0,36985.0,36491.0,36246.0,36653.0,36157.0,219747.0,10000.0
RR-a,rr,2,4,8,uniform_random,1,0.75,8,10000,1,0,0,14.288,240000.0,239674.0,239432.0,0.9986416666666666,0.9989902951509133,0.3741125,2.004678,9.845129,11.849807,3.011983,14850.0,11123.0,117134.0,0.0,0.0,2.0,0.111867,2.0,0.0,40275.0,39839.0,39043.0,39571.0,38456.0,38408.0,235592.0,10000.0
RR-a,rr,2,4,8,uniform_random,1,0.8,8,10000,1,0,0,14.306,256000.0,255649.0,255382.0,0.99862890625,0.9989555992786985,0.399034375,2.007663,9.956183,11.963846,3.021912,17276.0,11351.0,131124.0,0.0,0.0,2.0,0.122831,2.0,0.0,42444.0,42212.0,41508.0,42458.0,41707.0,41048.0,251377.0,10000.0
RR-a,rr,2,4,8,uniform_random,1,0.85,8,10000,1,0,0,14.558,272000.0,271363.0,271075.0,0.9976580882352941,0.9989386909785049,0.4235546875,2.010617,10.034629,12.045246,3.019674,17936.0,11593.0,144634.0,0.0,0.0,2.0,0.131406,2.0,0.0,43905.0,44118.0,44305.0,44511.0,45218.0,44810.0,266867.0,10000.0
RR-a,rr,2,4,8,uniform_random,1,0.9,8,10000,1,0,0,14.720,288000.0,287435.0,287121.0,0.9980381944444444,0.9989075791048411,0.4486265625,2.016234,10.141076,12.15731,3.024282,20675.0,12078.0,159232.0,0.0,0.0,2.0,0.141712,2.0,0.0,46988.0,47427.0,47135.0,46770.0,47048.0,47261.0,282629.0,10000.0
RR-a,rr,2,4,8,uniform_random,1,0.95,8,10000,1,0,0,14.996,304000.0,303616.0,303286.0,0.9987368421052631,0.9989131007588533,0.473884375,2.024548,10.235022,12.25957,3.021241,19548.0,13548.0,174890.0,0.0,0.0,2.0,0.151346,2.0,0.0,49661.0,49894.0,48957.0,49762.0,50225.0,50121.0,298620.0,10000.0
RR-a,rr,2,4,8,uniform_random,1,1.0,8,10000,1,0,0,15.511,320000.0,319620.0,319271.0,0.9988125,0.9989080783430323,0.4988609375,2.038795,10.344529,12.383323,3.020779,20389.0,13432.0,189577.0,0.0,0.0,2.0,0.161435,2.0,0.0,52591.0,52263.0,52495.0,52671.0,51958.0,52247.0,314225.0,10000.0
STV-a,starve,2,4,8,uniform_random,1,0.05,8,10000,1,0,0,13.559,16000.0,15899.0,15888.0,0.9936875,0.9993081325869552,0.024825,2.0,9.028323,11.028323,2.987664,6.0,6.0,273759.0,1859452.0,0.0,1.0,0.56745,4.0,964028.0,2625.0,2551.0,2602.0,2536.0,2615.0,2683.0,15612.0,10000.0
STV-a,starve,2,4,8,uniform_random,1,0.1,8,10000,1,0,0,13.857,32000.0,31938.0,31917.0,0.9980625,0.9993424760473417,0.0498703125,2.0,9.10991,11.10991,3.002632,31.0,21.0,301975.0,1809412.0,0.0,1.0,0.626391,4.0,981535.0,5136.0,5253.0,5326.0,5243.0,5213.0,5256.0,31427.0,10000.0
STV-a,starve,2,4,8,uniform_random,1,0.15,8,10000,1,0,0,13.841,48000.0,48081.0,48040.0,1.0016875,0.999147272311308,0.0750625,2.0,9.158868,11.158868,3.000916,114.0,76.0,315887.0,1767168.0,0.0,1.0,0.680959,4.0,997544.0,7831.0,8034.0,7890.0,7759.0,7961.0,7831.0,47306.0,10000.0
STV-a,starve,2,4,8,uniform_random,1,0.2,8,10000,1,0,0,14.116,64000.0,64172.0,64121.0,1.0026875,0.9992052608614349,0.1001890625,2.000031,9.214345,11.214376,3.003119,342.0,225.0,330301.0,1729236.0,0.0,1.0,0.732431,4.0,1012899.0,10504.0,10557.0,10490.0,10575.0,10455.0,10537.0,63118.0,10000.0
STV-a,starve,2,4,8,uniform_random,1,0.25,8,10000,1,0,0,14.236,80000.0,79998.0,79934.0,0.999975,0.9991999799994999,0.124896875,2.000013,9.252583,11.252596,2.99955,689.0,468.0,341935.0,1696413.0,0.0,1.0,0.779823,5.0,1022485.0,13094.0,13099.0,13189.0,13252.0,12928.0,13185.0,78747.0,10000.0
STV-a,starve,2,4,8,uniform_random,1,0.3,8,10000,1,0,0,14.481,96000.0,95992.0,95914.0,0.9999166666666667,0.9991874322860238,0.149865625,2.000042,9.31131,11.311352,3.00415,1272.0,841.0,351905.0,1665337.0,0.0,1.0,0.82511,5.0,1031773.0,15589.0,15700.0,15843.0,15941.0,15781.0,15537.0,94391.0,10000.0
STV-a,starve,2,4,8,uniform_random,1,0.35,8,10000,1,0,0,14.427,112000.0,111643.0,111540.0,0.9968125,0.9990774164076566,0.17428125,2.00009,9.373991,11.374081,3.009575,2034.0,1361.0,365352.0,1636817.0,0.0,1.0,0.867475,5.0,1036725.0,18076.0,18298.0,18218.0,18387.0,18439.0,18431.0,109849.0,10000.0
STV-a,starve,2,4,8,uniform_random,1,0.4,8,10000,1,0,0,14.602,128000.0,127601.0,127488.0,0.9968828125,0.9991144270029232,0.1992,2.000157,9.424746,11.424903,3.007765,3090.0,2062.0,372488.0,1609376.0,0.0,1.0,0.905243,5.0,1042892.0,21270.0,21154.0,20981.0,20910.0,20654.0,20635.0,125604.0,10000.0
STV-a,starve,2,4,8,uniform_random,1,0.45,8,10000,1,0,0,14.807,144000.0,143664.0,143514.0,0.9976666666666667,0.9989558970932175,0.224240625,2.000341,9.493917,11.494258,3.012765,4378.0,2921.0,388095.0,1581754.0,0.0,1.0,0.943316,5.0,1045152.0,23355.0,23235.0,23663.0,23674.0,23894.0,23434.0,141255.0,10000.0
STV-a,starve,2,4,8,uniform_random,1,0.5,8,10000,1,0,0,15.141,160000.0,159641.0,159475.0,0.99775625,0.9989601668744245,0.2491796875,2.000564,9.547979,11.548544,3.013074,6375.0,4197.0,400200.0,1555187.0,0.0,1.0,0.976507,5.0,1046335.0,26058.0,26183.0,26272.0,26130.0,26311.0,26070.0,157024.0,10000.0
STV-a,starve,2,4,8,uniform_random,1,0.55,8,10000,1,0,0,15.288,176000.0,175572.0,175388.0,0.9975681818181819,0.998951996901556,0.27404375,2.001169,9.613064,11.614232,3.013787,8569.0,5713.0,416887.0,1529335.0,0.0,1.0,1.00947,5.0,1044740.0,28941.0,28845.0,28836.0,28822.0,28634.0,28550.0,172628.0,10000.0
STV-a,starve,2,4,8,uniform_random,1,0.6,8,10000,1,0,0,15.836,192000.0,191374.0,191170.0,0.9967395833333333,0.9989340244756341,0.298703125,2.002092,9.698054,11.700146,3.021871,11265.0,7443.0,432996.0,1502796.0,0.0,1.0,1.040548,5.0,1040993.0,31289.0,31364.0,31111.0,31471.0,31410.0,31550.0,188195.0,10000.0
STV-a,starve,2,4,8,uniform_random,1,0.65,8,10000,1,0,0,16.094,208000.0,207750.0,207525.0,0.9987980769230769,0.9989169675090253,0.3242578125,2.003142,9.776215,11.779357,3.023881,14616.0,9646.0,451539.0,1476487.0,0.0,1.0,1.068826,5.0,1034842.0,33946.0,33751.0,33736.0,34465.0,34393.0,34098.0,204389.0,10000.0
STV-a,starve,2,4,8,uniform_random,1,0.7,8,10000,1,0,0,16.597,224000.0,223531.0,223283.0,0.99790625,0.998890534198836,0.3488796875,2.005106,9.869739,11.874845,3.027423,18597.0,12281.0,470047.0,1450241.0,0.0,1.0,1.096313,5.0,1027944.0,36511.0,36398.0,36817.0,36738.0,36492.0,36796.0,219752.0,10000.0
STV-a,starve,2,4,8,uniform_random,1,0.75,8,10000,1,0,0,16.836,240000.0,239674.0,239441.0,0.9986416666666666,0.9990278461576976,0.3741265625,2.007634,9.963741,11.971375,3.029515,23260.0,15203.0,492222.0,1423453.0,0.0,1.0,1.121707,6.0,1017796.0,39349.0,39069.0,39382.0,39270.0,39393.0,39129.0,235592.0,10000.0
STV-a,starve,2,4,8,uniform_random,1,0.8,8,10000,1,0,0,17.198,256000.0,255649.0,255375.0,0.99862890625,0.9989282179863798,0.3990234375,2.011646,10.076856,12.088501,3.036366,28853.0,18819.0,512135.0,1397098.0,0.0,1.0,1.145703,6.0,1006466.0,41845.0,41893.0,42192.0,41797.0,41908.0,41742.0,251377.0,10000.0
STV-a,starve,2,4,8,uniform_random,1,0.85,8,10000,1,0,0,17.367,272000.0,271363.0,271078.0,0.9976580882352941,0.998949746280812,0.423559375,2.01705,10.17817,12.195221,3.037923,34341.0,22309.0,530114.0,1371777.0,0.0,1.0,1.166758,6.0,994348.0,44156.0,44835.0,44259.0,44631.0,44465.0,44523.0,266869.0,10000.0
STV-a,starve,2,4,8,uniform_random,1,0.9,8,10000,1,0,0,17.569,288000.0,287435.0,287120.0,0.9980381944444444,0.9989041000574043,0.448625,2.024227,10.312594,12.336821,3.040864,41164.0,26657.0,545045.0,1345615.0,0.0,2.0,1.187405,6.0,980190.0,47168.0,46790.0,47019.0,46978.0,47533.0,47131.0,282619.0,10000.0
STV-a,starve,2,4,8,uniform_random,1,0.95,8,10000,1,0,0,17.690,304000.0,303616.0,303284.0,0.9987368421052631,0.9989065134907251,0.47388125,2.039376,10.47165,12.511026,3.052208,48303.0,31246.0,566884.0,1318324.0,0.0,1.0,1.206836,6.0,963784.0,49456.0,49228.0,49638.0,49895.0,50149.0,50254.0,298620.0,10000.0
STV-a,starve,2,4,8,uniform_random,1,1.0,8,10000,1,0,0,17.854,320000.0,319620.0,319270.0,0.9988125,0.9989049496276828,0.498859375,2.059066,10.6368,12.695866,3.055091,56472.0,36194.0,583306.0,1292063.0,0.0,2.0,1.223298,6.0,945366.0,52255.0,52094.0,52225.0,52281.0,52579.0,52785.0,314219.0,10000.0
RR-b,rr,1,6,8,uniform_random,1,0.05,8,10000,1,0,0,10.846,16000.0,15899.0,15888.0,0.9936875,0.9993081325869552,0.024825,2.0,9.075592,11.075592,3.000629,913.0,610.0,26620.0,0.0,0.0,3.0,0.000776,1.0,0.0,2594.0,2691.0,2642.0,2567.0,2601.0,2517.0,15612.0,10000.0
RR-b,rr,1,6,8,uniform_random,1,0.1,8,10000,1,0,0,11.533,32000.0,31938.0,31917.0,0.9980625,0.9993424760473417,0.0498703125,2.0,9.176708,11.176708,3.016982,1847.0,1221.0,52440.0,0.0,0.0,3.0,0.002014,1.0,0.0,5298.0,5185.0,5291.0,5338.0,5153.0,5162.0,31427.0,10000.0
RR-b,rr,1,6,8,uniform_random,1,0.15,8,10000,1,0,0,11.691,48000.0,48081.0,48040.0,1.0016875,0.999147272311308,0.0750625,2.0,9.246919,11.246919,3.016694,3001.0,1911.0,75742.0,0.0,0.0,3.0,0.003435,1.0,0.0,7915.0,7962.0,8048.0,7895.0,7828.0,7658.0,47306.0,10000.0
RR-b,rr,1,6,8,uniform_random,1,0.2,8,10000,1,0,0,11.887,64000.0,64172.0,64121.0,1.0026875,0.9992052608614349,0.1001890625,2.000016,9.334446,11.334461,3.02489,4822.0,2876.0,99504.0,0.0,0.0,3.0,0.005643,1.0,0.0,10519.0,10420.0,10563.0,10621.0,10649.0,10346.0,63118.0,10000.0
RR-b,rr,1,6,8,uniform_random,1,0.25,8,10000,1,0,0,12.133,80000.0,79998.0,79935.0,0.999975,0.9992124803120078,0.1248984375,2.000025,9.372878,11.372903,3.017652,5202.0,3086.0,121375.0,0.0,0.0,3.0,0.006933,1.0,0.0,13167.0,12946.0,13083.0,13067.0,13331.0,13152.0,78746.0,10000.0
RR-b,rr,1,6,8,uniform_random,1,0.3,8,10000,1,0,0,12.263,96000.0,95992.0,95911.0,0.9999166666666667,0.9991561796816402,0.1498609375,2.000031,9.436957,11.436988,3.019935,6058.0,3657.0,143378.0,0.0,0.0,3.0,0.008676,2.0,0.0,15653.0,15793.0,15701.0,15850.0,15813.0,15578.0,94388.0,10000.0
RR-b,rr,1,6,8,uniform_random,1,0.35,8,10000,1,0,0,12.199,112000.0,111643.0,111536.0,0.9968125,0.9990415879186335,0.174275,2.000134,9.509288,11.509423,3.023849,7358.0,4569.0,165187.0,0.0,0.0,3.0,0.011484,2.0,0.0,18177.0,18263.0,18260.0,18203.0,18580.0,18368.0,109851.0,10000.0
RR-b,rr,1,6,8,uniform_random,1,0.4,8,10000,1,0,0,12.601,128000.0,127601.0,127487.0,0.9968828125,0.9991065900737455,0.1991984375,2.000165,9.561281,11.561445,3.019343,8289.0,5176.0,186378.0,0.0,0.0,3.0,0.013488,2.0,0.0,20911.0,20744.0,21083.0,21087.0,20644.0,21134.0,125603.0,10000.0
RR-b,rr,1,6,8,uniform_random,1,0.45,8,10000,1,0,0,12.743,144000.0,143664.0,143514.0,0.9976666666666667,0.9989558970932175,0.224240625,2.000355,9.634203,11.634558,3.023886,9324.0,5693.0,208062.0,0.0,0.0,3.0,0.016283,2.0,0.0,23465.0,23266.0,23172.0,23782.0,23714.0,23853.0,141252.0,10000.0
RR-b,rr,1,6,8,uniform_random,1,0.5,8,10000,1,0,0,13.078,160000.0,159641.0,159471.0,0.99775625,0.9989351106545311,0.2491734375,2.000665,9.686727,11.687391,3.01843,9692.0,6109.0,229282.0,0.0,0.0,3.0,0.01888,2.0,0.0,26341.0,26189.0,26246.0,26348.0,26004.0,25898.0,157026.0,10000.0
RR-b,rr,1,6,8,uniform_random,1,0.55,8,10000,1,0,0,13.449,176000.0,175572.0,175387.0,0.9975681818181819,0.9989463012325428,0.2740421875,2.000998,9.756801,11.757798,3.018833,11473.0,7125.0,251449.0,0.0,0.0,3.0,0.022303,2.0,0.0,29037.0,28571.0,28596.0,28824.0,28767.0,28832.0,172627.0,10000.0
RR-b,rr,1,6,8,uniform_random,1,0.6,8,10000,1,0,0,13.357,192000.0,191374.0,191169.0,0.9967395833333333,0.9989287991054167,0.2987015625,2.001622,9.833529,11.835151,3.021076,11589.0,7404.0,274938.0,0.0,0.0,3.0,0.026287,2.0,0.0,31503.0,31489.0,31278.0,31127.0,31511.0,31286.0,188194.0,10000.0
RR-b,rr,1,6,8,uniform_random,1,0.65,8,10000,1,0,0,13.556,208000.0,207750.0,207521.0,0.9987980769230769,0.9988977135980746,0.3242515625,2.002221,9.9165,11.918721,3.022374,12971.0,7931.0,297415.0,0.0,0.0,3.0,0.030049,2.0,0.0,33901.0,33737.0,33812.0,34145.0,34724.0,34065.0,204384.0,10000.0
RR-b,rr,1,6,8,uniform_random,1,0.7,8,10000,1,0,0,13.955,224000.0,223531.0,223281.0,0.99790625,0.9988815868939879,0.3488765625,2.003905,9.992109,11.996014,3.021654,13987.0,8620.0,320731.0,0.0,0.0,3.0,0.034326,2.0,0.0,36555.0,36751.0,36417.0,36573.0,36808.0,36647.0,219751.0,10000.0
RR-b,rr,1,6,8,uniform_random,1,0.75,8,10000,1,0,0,13.993,240000.0,239674.0,239435.0,0.9986416666666666,0.9990028121531748,0.3741171875,2.00563,10.06882,12.07445,3.021029,15549.0,9401.0,343617.0,0.0,0.0,3.0,0.03979,2.0,0.0,39382.0,38985.0,39010.0,39388.0,39364.0,39462.0,235591.0,10000.0
RR-b,rr,1,6,8,uniform_random,1,0.8,8,10000,1,0,0,14.422,256000.0,255649.0,255374.0,0.99862890625,0.9989243063731914,0.399021875,2.008145,10.15847,12.166614,3.021733,16693.0,10405.0,366622.0,0.0,0.0,3.0,0.044448,2.0,0.0,42080.0,41755.0,42049.0,42161.0,41743.0,41586.0,251374.0,10000.0
RR-b,rr,1,6,8,uniform_random,1,0.85,8,10000,1,0,0,15.296,272000.0,271363.0,271069.0,0.9976580882352941,0.9989165803738903,0.4235453125,2.011613,10.243587,12.255201,3.021847,18507.0,11246.0,389963.0,0.0,0.0,3.0,0.050504,2.0,0.0,43964.0,44652.0,44656.0,44572.0,44428.0,44595.0,266867.0,10000.0
RR-b,rr,1,6,8,uniform_random,1,0.9,8,10000,1,0,0,15.481,288000.0,287434.0,287106.0,0.9980347222222222,0.998858868470675,0.448603125,2.01637,10.340066,12.356436,3.019644,18914.0,11494.0,413671.0,0.0,0.0,3.0,0.056037,2.0,0.0,47459.0,46996.0,47039.0,46876.0,47181.0,47065.0,282616.0,10000.0
RR-b,rr,1,6,8,uniform_random,1,0.95,8,10000,1,0,0,15.221,304000.0,303616.0,303278.0,0.9987368421052631,0.9988867516863407,0.473871875,2.025531,10.460548,12.486079,3.025805,21093.0,13504.0,438988.0,0.0,0.0,3.0,0.0633,2.0,0.0,50070.0,49781.0,49539.0,49944.0,49843.0,49441.0,298618.0,10000.0
RR-b,rr,1,6,8,uniform_random,1,1.0,8,10000,1,0,0,15.878,320000.0,319620.0,319259.0,0.9988125,0.9988705337588386,0.4988421875,2.03665,10.571799,12.60845,3.023858,22411.0,14230.0,463624.0,0.0,0.0,3.0,0.070513,2.0,0.0,52596.0,52194.0,52669.0,52463.0,52215.0,52078.0,314215.0,10000.0
STV-b,starve,1,6,8,uniform_random,1,0.05,8,10000,1,0,0,14.180,16000.0,15899.0,15888.0,0.9936875,0.9993081325869552,0.024825,2.0,9.076662,11.076662,2.999245,568.0,377.0,809321.0,1890040.0,0.0,2.0,2.438507,8.0,1778911.0,2614.0,2607.0,2620.0,2551.0,2598.0,2622.0,15612.0,10000.0
STV-b,starve,1,6,8,uniform_random,1,0.1,8,10000,1,0,0,14.637,32000.0,31938.0,31917.0,0.9980625,0.9993424760473417,0.0498703125,2.0,9.191653,11.191653,3.024,2134.0,1404.0,860587.0,1860672.0,0.0,2.0,2.456924,9.0,1754023.0,5255.0,5265.0,5189.0,5207.0,5237.0,5274.0,31427.0,10000.0
STV-b,starve,1,6,8,uniform_random,1,0.15,8,10000,1,0,0,14.747,48000.0,48081.0,48040.0,1.0016875,0.999147272311308,0.0750625,2.0,9.281432,11.281432,3.03547,5189.0,3314.0,926420.0,1831138.0,0.0,2.0,2.474958,10.0,1729067.0,7826.0,7923.0,7984.0,7700.0,8028.0,7845.0,47306.0,10000.0
STV-b,starve,1,6,8,uniform_random,1,0.2,8,10000,1,0,0,15.018,64000.0,64172.0,64121.0,1.0026875,0.9992052608614349,0.1001890625,2.000031,9.373949,11.37398,3.048564,9335.0,5908.0,971104.0,1802136.0,0.0,2.0,2.494712,10.0,1701300.0,10386.0,10473.0,10560.0,10596.0,10572.0,10531.0,63118.0,10000.0
STV-b,starve,1,6,8,uniform_random,1,0.25,8,10000,1,0,0,15.216,80000.0,79998.0,79934.0,0.999975,0.9991999799994999,0.124896875,2.000013,9.448195,11.448207,3.051743,14051.0,8839.0,999134.0,1774046.0,0.0,2.0,2.518134,10.0,1674064.0,13006.0,13103.0,13034.0,13310.0,13042.0,13252.0,78747.0,10000.0
STV-b,starve,1,6,8,uniform_random,1,0.3,8,10000,1,0,0,15.361,96000.0,95992.0,95911.0,0.9999166666666667,0.9991561796816402,0.1498609375,2.000136,9.553482,11.553617,3.067886,20628.0,12647.0,1029010.0,1745132.0,0.0,2.0,2.542848,11.0,1643699.0,15668.0,15479.0,15784.0,15677.0,16011.0,15767.0,94386.0,10000.0
STV-b,starve,1,6,8,uniform_random,1,0.35,8,10000,1,0,0,15.303,112000.0,111643.0,111534.0,0.9968125,0.9990236736741219,0.174271875,2.000126,9.668281,11.668406,3.08202,27719.0,16923.0,1056390.0,1717209.0,0.0,2.0,2.566681,10.0,1615323.0,18010.0,18059.0,18294.0,18377.0,18616.0,18491.0,109847.0,10000.0
STV-b,starve,1,6,8,uniform_random,1,0.4,8,10000,1,0,0,15.986,128000.0,127601.0,127487.0,0.9968828125,0.9991065900737455,0.1991984375,2.000353,9.764941,11.765294,3.085067,35168.0,21345.0,1067211.0,1689210.0,0.0,2.0,2.591379,11.0,1585445.0,20648.0,20720.0,20854.0,20979.0,21124.0,21274.0,125599.0,10000.0
STV-b,starve,1,6,8,uniform_random,1,0.45,8,10000,1,0,0,16.181,144000.0,143664.0,143508.0,0.9976666666666667,0.9989141329769462,0.22423125,2.000578,9.899274,11.899852,3.098468,44249.0,26471.0,1086091.0,1660997.0,0.0,2.0,2.615314,11.0,1557096.0,22886.0,22796.0,23485.0,23797.0,24161.0,24123.0,141248.0,10000.0
STV-b,starve,1,6,8,uniform_random,1,0.5,8,10000,1,0,0,17.575,160000.0,159641.0,159471.0,0.99775625,0.9989351106545311,0.2491734375,2.001154,10.011714,12.012868,3.10232,53159.0,31517.0,1099512.0,1633395.0,0.0,2.0,2.638111,11.0,1527728.0,25655.0,25452.0,26318.0,26366.0,26583.0,26648.0,157022.0,10000.0
STV-b,starve,1,6,8,uniform_random,1,0.55,8,10000,1,0,0,17.201,176000.0,175572.0,175382.0,0.9975681818181819,0.9989178228874763,0.274034375,2.002355,10.161128,12.163483,3.10724,63038.0,37072.0,1113229.0,1606291.0,0.0,2.0,2.659539,11.0,1500555.0,28096.0,27967.0,28622.0,28740.0,29404.0,29783.0,172612.0,10000.0
STV-b,starve,1,6,8,uniform_random,1,0.6,8,10000,1,0,0,18.126,192000.0,191374.0,191154.0,0.9967395833333333,0.9988504185521544,0.298678125,2.0034,10.331413,12.334814,3.118857,73145.0,42584.0,1125118.0,1578115.0,0.0,2.0,2.681774,12.0,1469306.0,30414.0,30365.0,31187.0,31166.0,32430.0,32614.0,188176.0,10000.0
STV-b,starve,1,6,8,uniform_random,1,0.65,8,10000,1,0,0,18.440,208000.0,207750.0,207509.0,0.9987980769230769,0.9988399518652227,0.3242328125,2.006327,10.529963,12.53629,3.123469,84214.0,48522.0,1147114.0,1550029.0,0.0,2.0,2.701246,12.0,1439716.0,32944.0,32699.0,34122.0,33973.0,35551.0,35088.0,204377.0,10000.0
STV-b,starve,1,6,8,uniform_random,1,0.7,8,10000,1,0,0,18.664,224000.0,223531.0,223257.0,0.99790625,0.9987742192358107,0.3488390625,2.008878,10.724233,12.73311,3.127723,94519.0,53923.0,1162701.0,1522835.0,0.0,2.0,2.718509,12.0,1411978.0,35254.0,35023.0,36685.0,36823.0,38056.0,37890.0,219731.0,10000.0
STV-b,starve,1,6,8,uniform_random,1,0.75,8,10000,1,0,0,19.085,240000.0,239674.0,239423.0,0.9986416666666666,0.9989527441441292,0.3740984375,2.015232,10.944492,12.959724,3.128618,104590.0,59287.0,1172602.0,1496841.0,0.0,2.0,2.730356,12.0,1385584.0,38052.0,37511.0,39050.0,39153.0,41076.0,40733.0,235575.0,10000.0
STV-b,starve,1,6,8,uniform_random,1,0.8,8,10000,1,0,0,19.216,256000.0,255649.0,255362.0,0.99862890625,0.9988773670149306,0.399003125,2.022842,11.186629,13.209471,3.132032,114510.0,64553.0,1186561.0,1470082.0,0.0,3.0,2.742573,11.0,1357368.0,40097.0,40072.0,41922.0,41684.0,43847.0,43728.0,251350.0,10000.0
STV-b,starve,1,6,8,uniform_random,1,0.85,8,10000,1,0,0,19.604,272000.0,271363.0,271049.0,0.9976580882352941,0.9988428783585087,0.4235140625,2.037347,11.442558,13.479906,3.132138,123860.0,69406.0,1195957.0,1444670.0,0.0,2.0,2.748347,12.0,1330976.0,42200.0,42553.0,44302.0,44262.0,46431.0,47098.0,266846.0,10000.0
STV-b,starve,1,6,8,uniform_random,1,0.9,8,10000,1,0,0,19.836,288000.0,287435.0,287079.0,0.9980381944444444,0.998761459112495,0.4485609375,2.060071,11.73399,13.79406,3.130588,132601.0,73871.0,1209238.0,1419357.0,0.0,2.0,2.75066,12.0,1305250.0,45352.0,45287.0,46915.0,46508.0,49337.0,49184.0,282583.0,10000.0
STV-b,starve,1,6,8,uniform_random,1,0.95,8,10000,1,0,0,20.535,304000.0,303616.0,303227.0,0.9987368421052631,0.9987187763490725,0.4737921875,2.104146,12.108816,14.212963,3.136007,140727.0,77922.0,1219587.0,1392700.0,0.0,2.0,2.749599,12.0,1277355.0,47772.0,47480.0,49174.0,49604.0,52149.0,52379.0,298558.0,10000.0
STV-b,starve,1,6,8,uniform_random,1,1.0,8,10000,1,0,0,20.720,320000.0,319619.0,319216.0,0.998809375,0.9987391237692378,0.498775,2.183835,12.45936,14.643195,3.133715,147887.0,81299.0,1234089.0,1367580.0,0.0,2.0,2.745738,12.0,1251882.0,50382.0,50147.0,51693.0,51994.0,54696.0,55252.0,314164.0,10000.0
PRIV,private,,0,8,torus3d_xopposite,8,0.05,4,10000,1,0,0,8.822,16000.0,15937.0,15867.0,0.9960625,0.9956077053397754,0.0247921875,2.033844,35.006239,37.040083,2.00063,21.0,11.0,0.0,0.0,0.0,0.0,nan,nan,0.0,0.0,0.0,0.0,0.0,0.0,0.0,0.0,10000.0
PRIV,private,,0,8,torus3d_xopposite,8,0.1,4,10000,1,0,0,8.879,32000.0,31898.0,31765.0,0.9968125,0.995830459589943,0.0496328125,2.251251,35.041429,37.292681,2.003904,388.0,257.0,0.0,0.0,0.0,0.0,nan,nan,0.0,0.0,0.0,0.0,0.0,0.0,0.0,0.0,10000.0
PRIV,private,,0,8,torus3d_xopposite,8,0.15,4,10000,1,0,0,9.131,48000.0,47888.0,47698.0,0.9976666666666667,0.9960324089542265,0.074528125,2.872217,35.163634,38.035851,2.014676,2337.0,1543.0,0.0,0.0,0.0,0.0,nan,nan,0.0,0.0,0.0,0.0,0.0,0.0,0.0,0.0,10000.0
PRIV,private,,0,8,torus3d_xopposite,8,0.2,4,10000,1,0,0,9.318,64000.0,64021.0,63771.0,1.000328125,0.9960950313178488,0.0996421875,4.366389,35.397751,39.76414,2.032052,6773.0,4415.0,0.0,0.0,0.0,0.0,nan,nan,0.0,0.0,0.0,0.0,0.0,0.0,0.0,0.0,10000.0
PRIV,private,,0,8,torus3d_xopposite,8,0.25,4,10000,1,0,0,9.493,80000.0,79844.0,79524.0,0.99805,0.9959921847602825,0.12425625,8.609087,35.763669,44.372755,2.052009,13940.0,8966.0,0.0,0.0,0.0,0.0,nan,nan,0.0,0.0,0.0,0.0,0.0,0.0,0.0,0.0,10000.0
PRIV,private,,0,8,torus3d_xopposite,8,0.3,4,10000,1,0,0,9.854,96000.0,95318.0,94959.0,0.9928958333333333,0.9962336599592941,0.1483734375,39.860424,36.106046,75.96647,2.0615,19435.0,12228.0,0.0,0.0,0.0,0.0,nan,nan,0.0,0.0,0.0,0.0,0.0,0.0,0.0,0.0,10000.0
PRIV,private,,0,8,torus3d_xopposite,8,0.35,4,10000,1,0,0,9.994,112000.0,100750.0,100382.0,0.8995535714285714,0.9963473945409429,0.156846875,480.455121,35.238808,515.693929,2.011496,3435.0,2069.0,0.0,0.0,0.0,0.0,nan,nan,0.0,0.0,0.0,0.0,0.0,0.0,0.0,0.0,10000.0
PRIV,private,,0,8,torus3d_xopposite,8,0.4,4,10000,1,0,0,10.182,128000.0,100966.0,100603.0,0.788796875,0.9964047303052512,0.1571921875,1027.635468,35.115623,1062.751091,2.003936,1231.0,749.0,0.0,0.0,0.0,0.0,nan,nan,0.0,0.0,0.0,0.0,0.0,0.0,0.0,0.0,10000.0
PRIV,private,,0,8,torus3d_xopposite,8,0.45,4,10000,1,0,0,10.749,144000.0,101002.0,100647.0,0.7014027777777778,0.9964852181144928,0.1572609375,1471.487128,35.265204,1506.752332,2.014069,2932.0,1424.0,0.0,0.0,0.0,0.0,nan,nan,0.0,0.0,0.0,0.0,0.0,0.0,0.0,0.0,10000.0
PRIV,private,,0,8,torus3d_xopposite,8,0.5,4,10000,1,0,0,10.637,160000.0,101024.0,100676.0,0.6314,0.9965552739942983,0.15730625,1828.583039,35.136547,1863.719586,2.005225,1615.0,977.0,0.0,0.0,0.0,0.0,nan,nan,0.0,0.0,0.0,0.0,0.0,0.0,0.0,0.0,10000.0
PRIV,private,,0,8,torus3d_xopposite,8,0.55,4,10000,1,0,0,10.732,176000.0,101054.0,100703.0,0.5741704545454546,0.9965266095354959,0.1573484375,2114.371121,35.096492,2149.467613,2.003317,1040.0,635.0,0.0,0.0,0.0,0.0,nan,nan,0.0,0.0,0.0,0.0,0.0,0.0,0.0,0.0,10000.0
PRIV,private,,0,8,torus3d_xopposite,8,0.6,4,10000,1,0,0,10.729,192000.0,101064.0,100716.0,0.526375,0.9965566373782949,0.15736875,2355.339857,35.101563,2390.441419,2.003237,1086.0,692.0,0.0,0.0,0.0,0.0,nan,nan,0.0,0.0,0.0,0.0,0.0,0.0,0.0,0.0,10000.0
PRIV,private,,0,8,torus3d_xopposite,8,0.65,4,10000,1,0,0,10.909,208000.0,101070.0,100731.0,0.48591346153846154,0.9966458889878302,0.1573921875,2556.009014,35.057073,2591.066087,2.002899,761.0,422.0,0.0,0.0,0.0,0.0,nan,nan,0.0,0.0,0.0,0.0,0.0,0.0,0.0,0.0,10000.0
PRIV,private,,0,8,torus3d_xopposite,8,0.7,4,10000,1,0,0,10.954,224000.0,101067.0,100723.0,0.4511919642857143,0.9965963172944681,0.1573796875,2728.243996,35.082474,2763.32647,2.003673,1159.0,711.0,0.0,0.0,0.0,0.0,nan,nan,0.0,0.0,0.0,0.0,0.0,0.0,0.0,0.0,10000.0
PRIV,private,,0,8,torus3d_xopposite,8,0.75,4,10000,1,0,0,11.150,240000.0,101086.0,100745.0,0.4211916666666667,0.9966266347466514,0.1574140625,2878.086555,35.070177,2913.156732,2.002283,721.0,452.0,0.0,0.0,0.0,0.0,nan,nan,0.0,0.0,0.0,0.0,0.0,0.0,0.0,0.0,10000.0
PRIV,private,,0,8,torus3d_xopposite,8,0.8,4,10000,1,0,0,10.980,256000.0,101095.0,100758.0,0.39490234375,0.9966665018052328,0.157434375,3010.054705,35.062824,3045.117529,2.002124,624.0,372.0,0.0,0.0,0.0,0.0,nan,nan,0.0,0.0,0.0,0.0,0.0,0.0,0.0,0.0,10000.0
PRIV,private,,0,8,torus3d_xopposite,8,0.85,4,10000,1,0,0,10.592,272000.0,101099.0,100764.0,0.3716875,0.9966864162850275,0.15744375,3126.544589,35.054772,3161.599361,2.001985,549.0,324.0,0.0,0.0,0.0,0.0,nan,nan,0.0,0.0,0.0,0.0,0.0,0.0,0.0,0.0,10000.0
PRIV,private,,0,8,torus3d_xopposite,8,0.9,4,10000,1,0,0,10.899,288000.0,101093.0,100760.0,0.3510173611111111,0.9967060033830235,0.1574375,3230.838597,35.115145,3265.953742,2.005518,1432.0,800.0,0.0,0.0,0.0,0.0,nan,nan,0.0,0.0,0.0,0.0,0.0,0.0,0.0,0.0,10000.0
PRIV,private,,0,8,torus3d_xopposite,8,0.95,4,10000,1,0,0,10.772,304000.0,101097.0,100768.0,0.3325559210526316,0.9967456996745699,0.15745,3323.188909,35.109946,3358.298855,2.005518,1426.0,796.0,0.0,0.0,0.0,0.0,nan,nan,0.0,0.0,0.0,0.0,0.0,0.0,0.0,0.0,10000.0
PRIV,private,,0,8,torus3d_xopposite,8,1.0,4,10000,1,0,0,10.572,320000.0,101102.0,100772.0,0.31594375,0.9967359696148445,0.15745625,3406.969902,35.106468,3442.07637,2.00522,1365.0,767.0,0.0,0.0,0.0,0.0,nan,nan,0.0,0.0,0.0,0.0,0.0,0.0,0.0,0.0,10000.0
RR-a,rr,2,4,8,torus3d_xopposite,8,0.05,8,10000,1,0,0,11.814,16000.0,15937.0,15867.0,0.9960625,0.9956077053397754,0.0247921875,2.0346,35.125922,37.160522,2.011092,741.0,483.0,3642.0,0.0,0.0,2.0,0.013016,1.0,0.0,7974.0,7909.0,0.0,0.0,0.0,0.0,15883.0,10000.0
RR-a,rr,2,4,8,torus3d_xopposite,8,0.1,8,10000,1,0,0,11.517,32000.0,31898.0,31764.0,0.9968125,0.9957991096620478,0.04963125,2.261743,35.474657,37.7364,2.028901,3910.0,2411.0,11683.0,0.0,0.0,2.0,0.032147,2.0,0.0,15898.0,15899.0,0.0,0.0,0.0,0.0,31797.0,10000.0
RR-a,rr,2,4,8,torus3d_xopposite,8,0.15,8,10000,1,0,0,12.166,48000.0,47887.0,47695.0,0.9976458333333333,0.9959905611126193,0.0745234375,2.935297,35.836167,38.771465,2.040507,8084.0,5021.0,21067.0,0.0,0.0,2.0,0.051406,2.0,0.0,23890.0,23854.0,0.0,0.0,0.0,0.0,47744.0,10000.0
RR-a,rr,2,4,8,torus3d_xopposite,8,0.2,8,10000,1,0,0,11.986,64000.0,64015.0,63752.0,1.000234375,0.9958915879090838,0.0996125,4.714425,36.294485,41.00891,2.051543,13561.0,8490.0,31221.0,0.0,0.0,2.0,0.070824,2.0,0.0,31860.0,31953.0,0.0,0.0,0.0,0.0,63813.0,10000.0
RR-a,rr,2,4,8,torus3d_xopposite,8,0.25,8,10000,1,0,0,12.210,80000.0,79828.0,79492.0,0.99785,0.9957909505436688,0.12420625,9.803012,36.710939,46.513951,2.061239,20187.0,12681.0,41914.0,0.0,0.0,2.0,0.092942,2.0,0.0,39749.0,39828.0,0.0,0.0,0.0,0.0,79577.0,10000.0
RR-a,rr,2,4,8,torus3d_xopposite,8,0.3,8,10000,1,0,0,12.578,96000.0,95208.0,94846.0,0.99175,0.9961977985043273,0.148196875,47.114754,36.916412,84.031166,2.072539,27303.0,16978.0,48296.0,0.0,0.0,2.0,0.117796,2.0,0.0,47447.0,47477.0,0.0,0.0,0.0,0.0,94924.0,10000.0
RR-a,rr,2,4,8,torus3d_xopposite,8,0.35,8,10000,1,0,0,12.759,112000.0,100142.0,99772.0,0.894125,0.9963052465498992,0.15589375,507.064156,36.609069,543.673225,2.063385,25019.0,15606.0,44198.0,0.0,0.0,1.0,0.121896,2.0,0.0,49947.0,49920.0,0.0,0.0,0.0,0.0,99867.0,10000.0
RR-a,rr,2,4,8,torus3d_xopposite,8,0.4,8,10000,1,0,0,12.876,128000.0,100290.0,99913.0,0.783515625,0.9962409013859806,0.1561140625,1054.999359,36.717925,1091.717284,2.067979,26326.0,16381.0,46336.0,0.0,0.0,1.0,0.128272,2.0,0.0,50014.0,49990.0,0.0,0.0,0.0,0.0,100004.0,10000.0
RR-a,rr,2,4,8,torus3d_xopposite,8,0.45,8,10000,1,0,0,13.017,144000.0,100272.0,99894.0,0.6963333333333334,0.996230253709909,0.156084375,1496.388312,36.737952,1533.126264,2.06619,26644.0,16840.0,46814.0,0.0,0.0,1.0,0.1262,2.0,0.0,50018.0,49980.0,0.0,0.0,0.0,0.0,99998.0,10000.0
RR-a,rr,2,4,8,torus3d_xopposite,8,0.5,8,10000,1,0,0,12.946,160000.0,100272.0,99892.0,0.6267,0.9962103079623424,0.15608125,1850.712039,36.896648,1887.608687,2.075762,29413.0,18335.0,48957.0,0.0,0.0,1.0,0.127186,2.0,0.0,49932.0,50050.0,0.0,0.0,0.0,0.0,99982.0,10000.0
RR-a,rr,2,4,8,torus3d_xopposite,8,0.55,8,10000,1,0,0,12.906,176000.0,100403.0,100035.0,0.5704715909090909,0.9963347708733803,0.1563046875,2135.503904,36.555626,2172.059529,2.062018,24037.0,14971.0,44379.0,0.0,0.0,1.0,0.121867,2.0,0.0,50062.0,50067.0,0.0,0.0,0.0,0.0,100129.0,10000.0
RR-a,rr,2,4,8,torus3d_xopposite,8,0.6,8,10000,1,0,0,13.654,192000.0,100490.0,100122.0,0.5233854166666667,0.9963379440740372,0.156440625,2371.36863,36.399183,2407.767813,2.054713,21900.0,13815.0,44463.0,0.0,0.0,1.0,0.122948,2.0,0.0,50080.0,50132.0,0.0,0.0,0.0,0.0,100212.0,10000.0
RR-a,rr,2,4,8,torus3d_xopposite,8,0.65,8,10000,1,0,0,13.729,208000.0,100462.0,100088.0,0.4829903846153846,0.9962771993390536,0.1563875,2569.89787,36.54526,2606.44313,2.061226,23998.0,14986.0,44993.0,0.0,0.0,1.0,0.132983,2.0,0.0,50050.0,50133.0,0.0,0.0,0.0,0.0,100183.0,10000.0
RR-a,rr,2,4,8,torus3d_xopposite,8,0.7,8,10000,1,0,0,13.866,224000.0,100384.0,100014.0,0.4481428571428571,0.9963141536499841,0.156271875,2742.165397,36.657608,2778.823005,2.067571,26391.0,16421.0,44467.0,0.0,0.0,1.0,0.12006,2.0,0.0,50046.0,50059.0,0.0,0.0,0.0,0.0,100105.0,10000.0
RR-a,rr,2,4,8,torus3d_xopposite,8,0.75,8,10000,1,0,0,14.600,240000.0,100377.0,100009.0,0.4182375,0.9963338214929714,0.1562640625,2891.693128,36.707176,2928.400304,2.068234,26597.0,16562.0,45397.0,0.0,0.0,1.0,0.120036,2.0,0.0,50081.0,50021.0,0.0,0.0,0.0,0.0,100102.0,10000.0
RR-a,rr,2,4,8,torus3d_xopposite,8,0.8,8,10000,1,0,0,13.892,256000.0,100363.0,99991.0,0.39204296875,0.996293454759224,0.1562359375,3023.534428,36.78145,3060.315878,2.071306,27362.0,16972.0,46777.0,0.0,0.0,1.0,0.118548,2.0,0.0,50036.0,50045.0,0.0,0.0,0.0,0.0,100081.0,10000.0
RR-a,rr,2,4,8,torus3d_xopposite,8,0.85,8,10000,1,0,0,14.173,272000.0,100382.0,100008.0,0.3690514705882353,0.9962742324321093,0.1562625,3139.205944,36.75084,3175.956783,2.070014,26638.0,16456.0,46151.0,0.0,0.0,1.0,0.118508,2.0,0.0,50037.0,50066.0,0.0,0.0,0.0,0.0,100103.0,10000.0
RR-a,rr,2,4,8,torus3d_xopposite,8,0.9,8,10000,1,0,0,14.147,288000.0,100323.0,99942.0,0.34834375,0.996202266678628,0.156159375,3243.115307,36.795491,3279.910798,2.06974,27482.0,17120.0,47345.0,0.0,0.0,2.0,0.128907,2.0,0.0,50016.0,50024.0,0.0,0.0,0.0,0.0,100040.0,10000.0
RR-a,rr,2,4,8,torus3d_xopposite,8,0.95,8,10000,1,0,0,14.296,304000.0,100372.0,99992.0,0.3301710526315789,0.9962140836089746,0.1562375,3334.074826,36.678214,3370.75304,2.065505,25947.0,16261.0,46204.0,0.0,0.0,2.0,0.128612,2.0,0.0,50067.0,50029.0,0.0,0.0,0.0,0.0,100096.0,10000.0
RR-a,rr,2,4,8,torus3d_xopposite,8,1.0,8,10000,1,0,0,14.198,320000.0,100426.0,100045.0,0.31383125,0.996206161750941,0.1563203125,3417.624739,36.587256,3454.211995,2.061752,24721.0,15592.0,45588.0,0.0,0.0,2.0,0.132751,2.0,0.0,50044.0,50100.0,0.0,0.0,0.0,0.0,100144.0,10000.0
STV-a,starve,2,4,8,torus3d_xopposite,8,0.05,8,10000,1,0,0,12.323,16000.0,15937.0,15866.0,0.9960625,0.9955449582732008,0.024790625,2.033846,35.054645,37.088491,2.005799,314.0,208.0,31426.0,422234.0,0.0,1.0,0.377551,3.0,159312.0,7971.0,7911.0,0.0,0.0,0.0,0.0,15882.0,10000.0
STV-a,starve,2,4,8,torus3d_xopposite,8,0.1,8,10000,1,0,0,13.402,32000.0,31898.0,31764.0,0.9968125,0.9957991096620478,0.04963125,2.251165,35.322787,37.573952,2.029593,3238.0,2056.0,36758.0,413982.0,0.0,1.0,0.383968,4.0,160288.0,15914.0,15883.0,0.0,0.0,0.0,0.0,31797.0,10000.0
STV-a,starve,2,4,8,torus3d_xopposite,8,0.15,8,10000,1,0,0,13.732,48000.0,47888.0,47697.0,0.9976666666666667,0.9960115268960908,0.0745265625,2.87798,35.704111,38.582091,2.049856,9010.0,5725.0,51248.0,403960.0,0.0,1.0,0.379611,3.0,156625.0,23849.0,23901.0,0.0,0.0,0.0,0.0,47750.0,10000.0
STV-a,starve,2,4,8,torus3d_xopposite,8,0.2,8,10000,1,0,0,12.876,64000.0,64020.0,63762.0,1.0003125,0.9959700093720713,0.099628125,4.43253,36.26635,40.69888,2.064584,16829.0,10650.0,62191.0,393163.0,0.0,1.0,0.371766,4.0,152209.0,31839.0,31985.0,0.0,0.0,0.0,0.0,63824.0,10000.0
STV-a,starve,2,4,8,torus3d_xopposite,8,0.25,8,10000,1,0,0,13.300,80000.0,79838.0,79506.0,0.997975,0.9958415791978757,0.124228125,9.183093,37.019986,46.203079,2.076372,25197.0,15664.0,68868.0,381291.0,0.0,1.0,0.361058,3.0,148438.0,39717.0,39866.0,0.0,0.0,0.0,0.0,79583.0,10000.0
STV-a,starve,2,4,8,torus3d_xopposite,8,0.3,8,10000,1,0,0,13.469,96000.0,95156.0,94778.0,0.9912083333333334,0.996027575770314,0.148090625,50.526314,37.674903,88.201218,2.07928,31964.0,19973.0,73234.0,368737.0,0.0,1.0,0.350547,3.0,145222.0,47406.0,47456.0,0.0,0.0,0.0,0.0,94862.0,10000.0
STV-a,starve,2,4,8,torus3d_xopposite,8,0.35,8,10000,1,0,0,13.972,112000.0,99119.0,98731.0,0.8849910714285715,0.9960855133728145,0.1542671875,551.106066,37.866617,588.972683,2.079347,33554.0,21025.0,80418.0,365112.0,0.0,1.0,0.345952,3.0,142611.0,49377.0,49437.0,0.0,0.0,0.0,0.0,98814.0,10000.0
STV-a,starve,2,4,8,torus3d_xopposite,8,0.4,8,10000,1,0,0,13.808,128000.0,99291.0,98902.0,0.7757109375,0.996082222960792,0.154534375,1090.898657,37.817223,1128.71588,2.07919,33472.0,20863.0,87006.0,365054.0,0.0,1.0,0.346153,4.0,143555.0,49541.0,49453.0,0.0,0.0,0.0,0.0,98994.0,10000.0
STV-a,starve,2,4,8,torus3d_xopposite,8,0.45,8,10000,1,0,0,14.041,144000.0,99349.0,98959.0,0.6899236111111111,0.9960744446345711,0.1546234375,1526.05858,37.783456,1563.842036,2.07781,33277.0,20838.0,87728.0,365008.0,0.0,1.0,0.348309,3.0,144778.0,49568.0,49480.0,0.0,0.0,0.0,0.0,99048.0,10000.0
STV-a,starve,2,4,8,torus3d_xopposite,8,0.5,8,10000,1,0,0,14.309,160000.0,99351.0,98964.0,0.62094375,0.9961047196304013,0.15463125,1878.066418,37.857807,1915.924225,2.081949,33657.0,20789.0,109875.0,364998.0,0.0,1.0,0.349338,4.0,145291.0,49536.0,49527.0,0.0,0.0,0.0,0.0,99063.0,10000.0
STV-a,starve,2,4,8,torus3d_xopposite,8,0.55,8,10000,1,0,0,14.161,176000.0,99361.0,98970.0,0.5645511363636364,0.9960648544197421,0.154640625,2160.73204,37.848904,2198.580944,2.081459,33812.0,21019.0,118374.0,365160.0,0.0,1.0,0.349383,4.0,145454.0,49499.0,49570.0,0.0,0.0,0.0,0.0,99069.0,10000.0
STV-a,starve,2,4,8,torus3d_xopposite,8,0.6,8,10000,1,0,0,14.339,192000.0,99319.0,98928.0,0.5172864583333333,0.9960631903261209,0.154575,2398.124869,37.876173,2436.001041,2.081413,33766.0,20881.0,135566.0,365133.0,0.0,1.0,0.351819,4.0,146430.0,49491.0,49537.0,0.0,0.0,0.0,0.0,99028.0,10000.0
STV-a,starve,2,4,8,torus3d_xopposite,8,0.65,8,10000,1,0,0,14.466,208000.0,99362.0,98980.0,0.47770192307692305,0.9961554719107908,0.15465625,2594.080602,37.831198,2631.9118,2.079349,33588.0,20845.0,144177.0,365164.0,0.0,1.0,0.350884,4.0,146309.0,49518.0,49552.0,0.0,0.0,0.0,0.0,99070.0,10000.0
STV-a,starve,2,4,8,torus3d_xopposite,8,0.7,8,10000,1,0,0,14.826,224000.0,99363.0,98979.0,0.4435848214285714,0.9961353823857976,0.1546546875,2764.59937,37.832429,2802.431799,2.080744,33384.0,20686.0,148024.0,364982.0,0.0,1.0,0.349823,4.0,146102.0,49483.0,49578.0,0.0,0.0,0.0,0.0,99061.0,10000.0
STV-a,starve,2,4,8,torus3d_xopposite,8,0.75,8,10000,1,0,0,14.669,240000.0,99463.0,99079.0,0.4144291666666667,0.9961392678684536,0.1548109375,2909.995519,37.740409,2947.735928,2.079088,33290.0,20762.0,155238.0,365035.0,0.0,1.0,0.350949,3.0,146120.0,49550.0,49621.0,0.0,0.0,0.0,0.0,99171.0,10000.0
STV-a,starve,2,4,8,torus3d_xopposite,8,0.8,8,10000,1,0,0,14.163,256000.0,99384.0,98996.0,0.38821875,0.9960959510585204,0.15468125,3040.528496,37.834882,3078.363378,2.080023,33629.0,20881.0,168511.0,365104.0,0.0,1.0,0.351322,3.0,146279.0,49472.0,49626.0,0.0,0.0,0.0,0.0,99098.0,10000.0
STV-a,starve,2,4,8,torus3d_xopposite,8,0.85,8,10000,1,0,0,14.061,272000.0,99379.0,98987.0,0.3653639705882353,0.9960555046840882,0.1546671875,3155.877398,37.844899,3193.722297,2.080697,33728.0,20940.0,174108.0,365123.0,0.0,1.0,0.351203,4.0,146276.0,49468.0,49610.0,0.0,0.0,0.0,0.0,99078.0,10000.0
STV-a,starve,2,4,8,torus3d_xopposite,8,0.9,8,10000,1,0,0,14.285,288000.0,99367.0,98981.0,0.3450243055555556,0.9961154105487737,0.1546578125,3258.169527,37.846971,3296.016498,2.079631,33562.0,20843.0,185361.0,365112.0,0.0,1.0,0.351196,4.0,146350.0,49484.0,49590.0,0.0,0.0,0.0,0.0,99074.0,10000.0
STV-a,starve,2,4,8,torus3d_xopposite,8,0.95,8,10000,1,0,0,14.090,304000.0,99371.0,98982.0,0.3268782894736842,0.996085377021465,0.154659375,3348.151098,37.857661,3386.008759,2.080257,33542.0,20748.0,194972.0,365027.0,0.0,1.0,0.350613,4.0,146305.0,49443.0,49632.0,0.0,0.0,0.0,0.0,99075.0,10000.0
STV-a,starve,2,4,8,torus3d_xopposite,8,1.0,8,10000,1,0,0,14.282,320000.0,99411.0,99017.0,0.310659375,0.9960366559032703,0.1547140625,3429.868467,37.800186,3467.668653,2.080612,33508.0,20710.0,199386.0,365069.0,0.0,1.0,0.3507,4.0,146320.0,49550.0,49557.0,0.0,0.0,0.0,0.0,99107.0,10000.0
RR-b,rr,1,6,8,torus3d_xopposite,8,0.05,8,10000,1,0,0,10.374,16000.0,15937.0,15867.0,0.9960625,0.9956077053397754,0.0247921875,2.042226,35.551396,37.593622,2.029873,2301.0,1368.0,14875.0,0.0,0.0,3.0,0.004557,1.0,0.0,7968.0,7915.0,0.0,0.0,0.0,0.0,15883.0,10000.0
RR-b,rr,1,6,8,torus3d_xopposite,8,0.1,8,10000,1,0,0,10.618,32000.0,31898.0,31761.0,0.9968125,0.9957050598783623,0.0496265625,2.351185,36.145178,38.496363,2.043827,6269.0,3762.0,29197.0,0.0,0.0,3.0,0.012072,1.0,0.0,15834.0,15964.0,0.0,0.0,0.0,0.0,31798.0,10000.0
RR-b,rr,1,6,8,torus3d_xopposite,8,0.15,8,10000,1,0,0,10.604,48000.0,47885.0,47682.0,0.9976041666666666,0.9957606766210713,0.074503125,3.169078,36.548152,39.717231,2.049495,10303.0,6284.0,43572.0,0.0,0.0,3.0,0.021033,1.0,0.0,23797.0,23938.0,0.0,0.0,0.0,0.0,47735.0,10000.0
RR-b,rr,1,6,8,torus3d_xopposite,8,0.2,8,10000,1,0,0,11.199,64000.0,64008.0,63735.0,1.000125,0.9957349081364829,0.0995859375,5.198039,36.950231,42.14827,2.056076,15455.0,9437.0,58150.0,0.0,0.0,3.0,0.033789,2.0,0.0,31826.0,31967.0,0.0,0.0,0.0,0.0,63793.0,10000.0
RR-b,rr,1,6,8,torus3d_xopposite,8,0.25,8,10000,1,0,0,11.394,80000.0,79817.0,79485.0,0.9977125,0.9958404851096884,0.1241953125,10.748581,37.123055,47.871636,2.064717,21387.0,13089.0,71898.0,0.0,0.0,3.0,0.048097,2.0,0.0,39698.0,39860.0,0.0,0.0,0.0,0.0,79558.0,10000.0
RR-b,rr,1,6,8,torus3d_xopposite,8,0.3,8,10000,1,0,0,12.082,96000.0,95180.0,94816.0,0.9914583333333333,0.9961756671569657,0.14815,49.357208,37.004767,86.361975,2.073764,27813.0,17083.0,81768.0,0.0,0.0,2.0,0.065833,2.0,0.0,47385.0,47505.0,0.0,0.0,0.0,0.0,94890.0,10000.0
RR-b,rr,1,6,8,torus3d_xopposite,8,0.35,8,10000,1,0,0,12.349,112000.0,99963.0,99577.0,0.8925267857142857,0.9961385712713704,0.1555890625,513.300782,36.875453,550.176235,2.072165,29309.0,18424.0,83042.0,0.0,0.0,2.0,0.074925,2.0,0.0,49858.0,49825.0,0.0,0.0,0.0,0.0,99683.0,10000.0
RR-b,rr,1,6,8,torus3d_xopposite,8,0.4,8,10000,1,0,0,12.905,128000.0,100183.0,99801.0,0.7826796875,0.9961869778305701,0.1559390625,1057.263595,36.822096,1094.085691,2.07042,28256.0,17606.0,83906.0,0.0,0.0,2.0,0.080792,2.0,0.0,49932.0,49962.0,0.0,0.0,0.0,0.0,99894.0,10000.0
RR-b,rr,1,6,8,torus3d_xopposite,8,0.45,8,10000,1,0,0,13.093,144000.0,100181.0,99802.0,0.6957013888888889,0.9962168475060141,0.155940625,1498.750616,36.87898,1535.629597,2.075089,29361.0,18151.0,82095.0,0.0,0.0,2.0,0.074126,2.0,0.0,49996.0,49894.0,0.0,0.0,0.0,0.0,99890.0,10000.0
RR-b,rr,1,6,8,torus3d_xopposite,8,0.5,8,10000,1,0,0,12.854,160000.0,100345.0,99969.0,0.62715625,0.9962529274004683,0.1562015625,1849.57932,36.67737,1886.25669,2.06522,25795.0,16076.0,79175.0,0.0,0.0,2.0,0.068766,2.0,0.0,50010.0,50048.0,0.0,0.0,0.0,0.0,100058.0,10000.0
RR-b,rr,1,6,8,torus3d_xopposite,8,0.55,8,10000,1,0,0,13.312,176000.0,100204.0,99828.0,0.5693409090909091,0.9962476547842402,0.15598125,2136.583904,36.94194,2173.525844,2.076371,29989.0,18597.0,83401.0,0.0,0.0,2.0,0.077443,2.0,0.0,50001.0,49924.0,0.0,0.0,0.0,0.0,99925.0,10000.0
RR-b,rr,1,6,8,torus3d_xopposite,8,0.6,8,10000,1,0,0,13.230,192000.0,100249.0,99862.0,0.5221302083333333,0.9961396123652106,0.156034375,2375.958122,36.897238,2412.85536,2.073421,29200.0,18185.0,82067.0,0.0,0.0,2.0,0.074072,2.0,0.0,49944.0,50020.0,0.0,0.0,0.0,0.0,99964.0,10000.0
RR-b,rr,1,6,8,torus3d_xopposite,8,0.65,8,10000,1,0,0,13.342,208000.0,100256.0,99880.0,0.482,0.9962496010213853,0.1560625,2574.71636,36.882699,2611.599059,2.07523,29251.0,18109.0,82389.0,0.0,0.0,2.0,0.074599,2.0,0.0,49992.0,49983.0,0.0,0.0,0.0,0.0,99975.0,10000.0
RR-b,rr,1,6,8,torus3d_xopposite,8,0.7,8,10000,1,0,0,13.574,224000.0,100303.0,99930.0,0.44778125,0.9962812677586912,0.156140625,2744.416251,36.765826,2781.182077,2.069248,27409.0,16971.0,80974.0,0.0,0.0,2.0,0.072759,2.0,0.0,49998.0,50018.0,0.0,0.0,0.0,0.0,100016.0,10000.0
RR-b,rr,1,6,8,torus3d_xopposite,8,0.75,8,10000,1,0,0,13.671,240000.0,100310.0,99929.0,0.4179583333333333,0.9962017744990529,0.1561390625,2892.701708,36.824686,2929.526394,2.07005,27944.0,17479.0,81126.0,0.0,0.0,2.0,0.071354,2.0,0.0,50006.0,50018.0,0.0,0.0,0.0,0.0,100024.0,10000.0
RR-b,rr,1,6,8,torus3d_xopposite,8,0.8,8,10000,1,0,0,13.703,256000.0,100232.0,99855.0,0.39153125,0.9962387261553196,0.1560234375,3025.391398,36.907856,3062.299254,2.073166,29447.0,18430.0,82571.0,0.0,0.0,2.0,0.074447,2.0,0.0,49964.0,49980.0,0.0,0.0,0.0,0.0,99944.0,10000.0
RR-b,rr,1,6,8,torus3d_xopposite,8,0.85,8,10000,1,0,0,13.828,272000.0,100216.0,99839.0,0.3684411764705882,0.996238125648599,0.1559984375,3140.577179,36.921924,3177.499104,2.07434,29888.0,18692.0,83685.0,0.0,0.0,2.0,0.075331,2.0,0.0,49989.0,49940.0,0.0,0.0,0.0,0.0,99929.0,10000.0
RR-b,rr,1,6,8,torus3d_xopposite,8,0.9,8,10000,1,0,0,13.994,288000.0,100246.0,99863.0,0.34807638888888887,0.9961793986792491,0.1560359375,3242.122708,36.919139,3279.041847,2.075724,29956.0,18588.0,83282.0,0.0,0.0,2.0,0.073958,2.0,0.0,49960.0,49990.0,0.0,0.0,0.0,0.0,99950.0,10000.0
RR-b,rr,1,6,8,torus3d_xopposite,8,0.95,8,10000,1,0,0,13.753,304000.0,100255.0,99872.0,0.3297861842105263,0.9961797416587701,0.15605,3333.463103,36.899061,3370.362164,2.075677,29752.0,18402.0,83284.0,0.0,0.0,2.0,0.074597,2.0,0.0,49976.0,49987.0,0.0,0.0,0.0,0.0,99963.0,10000.0
RR-b,rr,1,6,8,torus3d_xopposite,8,1.0,8,10000,1,0,0,12.783,320000.0,100270.0,99891.0,0.31334375,0.9962202054452977,0.1560796875,3416.709503,36.895716,3453.60522,2.075743,29720.0,18405.0,83184.0,0.0,0.0,2.0,0.073958,2.0,0.0,49989.0,49989.0,0.0,0.0,0.0,0.0,99978.0,10000.0
STV-b,starve,1,6,8,torus3d_xopposite,8,0.05,8,10000,1,0,0,10.491,16000.0,15937.0,15867.0,0.9960625,0.9956077053397754,0.0247921875,2.033844,35.434802,37.468646,2.043108,2305.0,1462.0,95589.0,828387.0,0.0,2.0,0.394599,3.0,320980.0,7995.0,7888.0,0.0,0.0,0.0,0.0,15883.0,10000.0
STV-b,starve,1,6,8,torus3d_xopposite,8,0.1,8,10000,1,0,0,11.144,32000.0,31898.0,31763.0,0.9968125,0.9957677597341527,0.0496296875,2.252715,35.917797,38.170513,2.070522,8408.0,5233.0,104671.0,808083.0,0.0,2.0,0.416967,4.0,326507.0,15871.0,15927.0,0.0,0.0,0.0,0.0,31798.0,10000.0
STV-b,starve,1,6,8,torus3d_xopposite,8,0.15,8,10000,1,0,0,10.982,48000.0,47888.0,47692.0,0.9976666666666667,0.9959071166054126,0.07451875,2.896503,36.45775,39.354252,2.079384,15860.0,9946.0,122846.0,788837.0,0.0,2.0,0.420475,4.0,317738.0,23899.0,23840.0,0.0,0.0,0.0,0.0,47739.0,10000.0
STV-b,starve,1,6,8,torus3d_xopposite,8,0.2,8,10000,1,0,0,11.387,64000.0,64020.0,63751.0,1.0003125,0.9957981880662293,0.0996109375,4.538454,37.182334,41.720789,2.084924,23543.0,14661.0,130499.0,769444.0,0.0,2.0,0.415355,4.0,303355.0,31797.0,32019.0,0.0,0.0,0.0,0.0,63816.0,10000.0
STV-b,starve,1,6,8,torus3d_xopposite,8,0.25,8,10000,1,0,0,11.705,80000.0,79831.0,79496.0,0.9978875,0.9958036351793164,0.1242125,9.696865,37.950526,47.647391,2.083099,29990.0,18607.0,140866.0,749856.0,0.0,2.0,0.399117,4.0,280875.0,39736.0,39841.0,0.0,0.0,0.0,0.0,79577.0,10000.0
STV-b,starve,1,6,8,torus3d_xopposite,8,0.3,8,10000,1,0,0,12.011,96000.0,94924.0,94544.0,0.9887916666666666,0.9959967974379503,0.147725,63.352101,38.499662,101.851762,2.078334,34704.0,21501.0,144808.0,730840.0,0.0,2.0,0.394818,3.0,270502.0,47310.0,47310.0,0.0,0.0,0.0,0.0,94620.0,10000.0
STV-b,starve,1,6,8,torus3d_xopposite,8,0.35,8,10000,1,0,0,12.203,112000.0,98011.0,97619.0,0.8750982142857143,0.9960004489292018,0.1525296875,597.652312,38.577172,636.229484,2.077936,35541.0,21918.0,161813.0,726996.0,0.0,2.0,0.394566,4.0,268241.0,48852.0,48845.0,0.0,0.0,0.0,0.0,97697.0,10000.0
STV-b,starve,1,6,8,torus3d_xopposite,8,0.4,8,10000,1,0,0,12.316,128000.0,98136.0,97749.0,0.7666875,0.9960564930300807,0.1527328125,1137.090528,38.5784,1175.668928,2.07818,35679.0,22034.0,182195.0,726924.0,0.0,2.0,0.391433,4.0,266374.0,48911.0,48933.0,0.0,0.0,0.0,0.0,97844.0,10000.0
STV-b,starve,1,6,8,torus3d_xopposite,8,0.45,8,10000,1,0,0,12.463,144000.0,98246.0,97854.0,0.6822638888888889,0.9960100156749384,0.152896875,1564.846445,38.543289,1603.389734,2.07781,35566.0,21992.0,175821.0,726857.0,0.0,2.0,0.394452,4.0,268819.0,48993.0,48942.0,0.0,0.0,0.0,0.0,97935.0,10000.0
STV-b,starve,1,6,8,torus3d_xopposite,8,0.5,8,10000,1,0,0,12.664,160000.0,98239.0,97851.0,0.61399375,0.9960504483962581,0.1528921875,1912.384258,38.550061,1950.934319,2.076525,35584.0,22178.0,220566.0,726929.0,0.0,2.0,0.393016,4.0,267461.0,49012.0,48932.0,0.0,0.0,0.0,0.0,97944.0,10000.0
STV-b,starve,1,6,8,torus3d_xopposite,8,0.55,8,10000,1,0,0,12.633,176000.0,98247.0,97862.0,0.558221590909091,0.9960813052815862,0.152909375,2192.080705,38.600672,2230.681378,2.077211,35656.0,22183.0,233422.0,726825.0,0.0,2.0,0.400824,4.0,274650.0,48971.0,48978.0,0.0,0.0,0.0,0.0,97949.0,10000.0
STV-b,starve,1,6,8,torus3d_xopposite,8,0.6,8,10000,1,0,0,12.609,192000.0,98265.0,97878.0,0.511796875,0.9960616699740498,0.152934375,2425.376612,38.609463,2463.986075,2.0773,35593.0,22163.0,265692.0,726741.0,0.0,2.0,0.406176,4.0,279495.0,48989.0,48982.0,0.0,0.0,0.0,0.0,97971.0,10000.0
STV-b,starve,1,6,8,torus3d_xopposite,8,0.65,8,10000,1,0,0,12.514,208000.0,98287.0,97901.0,0.47253365384615387,0.9960727257928312,0.1529703125,2619.813689,38.597655,2658.411344,2.079141,35771.0,22157.0,287349.0,726663.0,0.0,2.0,0.407617,4.0,280695.0,49033.0,48955.0,0.0,0.0,0.0,0.0,97988.0,10000.0
STV-b,starve,1,6,8,torus3d_xopposite,8,0.7,8,10000,1,0,0,12.791,224000.0,98257.0,97868.0,0.43864732142857144,0.9960409945347405,0.15291875,2787.448747,38.608697,2826.057445,2.079188,35797.0,22172.0,291774.0,726744.0,0.0,2.0,0.413204,4.0,286342.0,49001.0,48959.0,0.0,0.0,0.0,0.0,97960.0,10000.0
STV-b,starve,1,6,8,torus3d_xopposite,8,0.75,8,10000,1,0,0,12.862,240000.0,98286.0,97900.0,0.409525,0.9960726858352156,0.15296875,2934.089632,38.551828,2972.641461,2.0781,35646.0,22031.0,298076.0,726820.0,0.0,2.0,0.422062,4.0,293996.0,48969.0,49017.0,0.0,0.0,0.0,0.0,97986.0,10000.0
STV-b,starve,1,6,8,torus3d_xopposite,8,0.8,8,10000,1,0,0,12.795,256000.0,98267.0,97874.0,0.38385546875,0.9960006919922253,0.152928125,3063.155353,38.552803,3101.708155,2.0762,35518.0,22102.0,323717.0,726902.0,0.0,2.0,0.42766,4.0,299264.0,48938.0,49021.0,0.0,0.0,0.0,0.0,97959.0,10000.0
STV-b,starve,1,6,8,torus3d_xopposite,8,0.85,8,10000,1,0,0,12.860,272000.0,98257.0,97868.0,0.3612389705882353,0.9960409945347405,0.15291875,3176.453243,38.556586,3215.00983,2.076021,35504.0,22112.0,331768.0,726973.0,0.0,2.0,0.427575,4.0,299172.0,48954.0,48997.0,0.0,0.0,0.0,0.0,97951.0,10000.0
STV-b,starve,1,6,8,torus3d_xopposite,8,0.9,8,10000,1,0,0,13.067,288000.0,98291.0,97909.0,0.34128819444444447,0.9961135811010163,0.1529828125,3274.942263,38.509647,3313.451909,2.074028,35351.0,22104.0,357464.0,726982.0,0.0,2.0,0.427535,4.0,299206.0,48991.0,49004.0,0.0,0.0,0.0,0.0,97995.0,10000.0
STV-b,starve,1,6,8,torus3d_xopposite,8,0.95,8,10000,1,0,0,12.874,304000.0,98279.0,97894.0,0.3232861842105263,0.9960825812228452,0.152959375,3365.354537,38.563804,3403.91834,2.075531,35498.0,22106.0,376198.0,726990.0,0.0,2.0,0.426967,4.0,299229.0,48987.0,48995.0,0.0,0.0,0.0,0.0,97982.0,10000.0
STV-b,starve,1,6,8,torus3d_xopposite,8,1.0,8,10000,1,0,0,12.761,320000.0,98281.0,97892.0,0.307128125,0.9960419613150049,0.15295625,3446.22581,38.551444,3484.777255,2.075021,35436.0,22107.0,383753.0,727015.0,0.0,2.0,0.427494,4.0,299126.0,48983.0,48996.0,0.0,0.0,0.0,0.0,97979.0,10000.0
PRIV,private,,0,8,torus3d_tornado,8,0.05,4,10000,1,0,0,8.743,16000.0,15937.0,15856.0,0.9960625,0.9949174876074544,0.024775,2.033867,44.023461,46.057328,3.0,2.0,2.0,0.0,0.0,0.0,0.0,nan,nan,0.0,0.0,0.0,0.0,0.0,0.0,0.0,0.0,10000.0
PRIV,private,,0,8,torus3d_tornado,8,0.1,4,10000,1,0,0,9.084,32000.0,31898.0,31747.0,0.9968125,0.9952661608878299,0.0496046875,2.251898,44.067817,46.319715,3.001512,164.0,114.0,0.0,0.0,0.0,0.0,nan,nan,0.0,0.0,0.0,0.0,0.0,0.0,0.0,0.0,10000.0
PRIV,private,,0,8,torus3d_tornado,8,0.15,4,10000,1,0,0,9.308,48000.0,47888.0,47662.0,0.9976666666666667,0.9952806548613431,0.074471875,2.875897,44.235156,47.111053,3.014435,2021.0,1261.0,0.0,0.0,0.0,0.0,nan,nan,0.0,0.0,0.0,0.0,0.0,0.0,0.0,0.0,10000.0
PRIV,private,,0,8,torus3d_tornado,8,0.2,4,10000,1,0,0,9.491,64000.0,64021.0,63705.0,1.000328125,0.9950641195857609,0.0995390625,4.382388,44.646323,49.02871,3.044863,8615.0,5086.0,0.0,0.0,0.0,0.0,nan,nan,0.0,0.0,0.0,0.0,0.0,0.0,0.0,0.0,10000.0
PRIV,private,,0,8,torus3d_tornado,8,0.25,4,10000,1,0,0,9.832,80000.0,79847.0,79430.0,0.9980875,0.9947775119916841,0.124109375,8.642301,45.585471,54.227773,3.09543,22741.0,12574.0,0.0,0.0,0.0,0.0,nan,nan,0.0,0.0,0.0,0.0,0.0,0.0,0.0,0.0,10000.0
PRIV,private,,0,8,torus3d_tornado,8,0.3,4,10000,1,0,0,10.364,96000.0,95301.0,94821.0,0.99271875,0.9949633267226996,0.1481578125,40.486401,48.000633,88.487033,3.159311,44563.0,22936.0,0.0,0.0,0.0,0.0,nan,nan,0.0,0.0,0.0,0.0,0.0,0.0,0.0,0.0,10000.0
PRIV,private,,0,8,torus3d_tornado,8,0.35,4,10000,1,0,0,10.468,112000.0,100274.0,99773.0,0.8953035714285714,0.9950036898897022,0.1558953125,498.575246,49.203482,547.778728,3.176461,51740.0,25585.0,0.0,0.0,0.0,0.0,nan,nan,0.0,0.0,0.0,0.0,0.0,0.0,0.0,0.0,10000.0
PRIV,private,,0,8,torus3d_tornado,8,0.4,4,10000,1,0,0,10.467,128000.0,100479.0,99977.0,0.7849921875,0.9950039311696971,0.1562140625,1043.822999,49.269482,1093.092481,3.178921,52390.0,25745.0,0.0,0.0,0.0,0.0,nan,nan,0.0,0.0,0.0,0.0,0.0,0.0,0.0,0.0,10000.0
PRIV,private,,0,8,torus3d_tornado,8,0.45,4,10000,1,0,0,10.515,144000.0,100529.0,100000.0,0.6981180555555555,0.9947378368431,0.15625,1484.69052,49.40268,1534.0932,3.18014,52685.0,25931.0,0.0,0.0,0.0,0.0,nan,nan,0.0,0.0,0.0,0.0,0.0,0.0,0.0,0.0,10000.0
PRIV,private,,0,8,torus3d_tornado,8,0.5,4,10000,1,0,0,10.715,160000.0,100548.0,100039.0,0.628425,0.9949377411783427,0.1563109375,1839.593858,49.391117,1888.984976,3.177911,52500.0,25872.0,0.0,0.0,0.0,0.0,nan,nan,0.0,0.0,0.0,0.0,0.0,0.0,0.0,0.0,10000.0
PRIV,private,,0,8,torus3d_tornado,8,0.55,4,10000,1,0,0,10.706,176000.0,100531.0,100030.0,0.5711988636363636,0.9950164625836807,0.156296875,2124.907258,49.418694,2174.325952,3.178746,52350.0,25754.0,0.0,0.0,0.0,0.0,nan,nan,0.0,0.0,0.0,0.0,0.0,0.0,0.0,0.0,10000.0
PRIV,private,,0,8,torus3d_tornado,8,0.6,4,10000,1,0,0,10.922,192000.0,100577.0,100083.0,0.5238385416666667,0.995088340276604,0.1563796875,2363.658683,49.405753,2413.064437,3.18013,52762.0,25804.0,0.0,0.0,0.0,0.0,nan,nan,0.0,0.0,0.0,0.0,0.0,0.0,0.0,0.0,10000.0
PRIV,private,,0,8,torus3d_tornado,8,0.65,4,10000,1,0,0,10.869,208000.0,100585.0,100071.0,0.4835817307692308,0.9948898941194015,0.1563609375,2562.455886,49.358276,2611.814162,3.179872,52795.0,25802.0,0.0,0.0,0.0,0.0,nan,nan,0.0,0.0,0.0,0.0,0.0,0.0,0.0,0.0,10000.0
PRIV,private,,0,8,torus3d_tornado,8,0.7,4,10000,1,0,0,11.361,224000.0,100569.0,100064.0,0.44896875,0.9949785719257426,0.15635,2733.916833,49.378148,2783.294981,3.179185,52550.0,25788.0,0.0,0.0,0.0,0.0,nan,nan,0.0,0.0,0.0,0.0,0.0,0.0,0.0,0.0,10000.0
PRIV,private,,0,8,torus3d_tornado,8,0.75,4,10000,1,0,0,11.146,240000.0,100566.0,100071.0,0.419025,0.9950778593162699,0.1563609375,2883.284558,49.297419,2932.581977,3.179393,52429.0,25600.0,0.0,0.0,0.0,0.0,nan,nan,0.0,0.0,0.0,0.0,0.0,0.0,0.0,0.0,10000.0
PRIV,private,,0,8,torus3d_tornado,8,0.8,4,10000,1,0,0,11.006,256000.0,100598.0,100107.0,0.3929609375,0.9951191872601841,0.1564171875,3013.185521,49.275555,3062.461077,3.17787,52354.0,25632.0,0.0,0.0,0.0,0.0,nan,nan,0.0,0.0,0.0,0.0,0.0,0.0,0.0,0.0,10000.0
PRIV,private,,0,8,torus3d_tornado,8,0.85,4,10000,1,0,0,11.223,272000.0,100604.0,100091.0,0.3698676470588235,0.9949007991729951,0.1563921875,3128.509207,49.333237,3177.842443,3.180136,52762.0,25741.0,0.0,0.0,0.0,0.0,nan,nan,0.0,0.0,0.0,0.0,0.0,0.0,0.0,0.0,10000.0
PRIV,private,,0,8,torus3d_tornado,8,0.9,4,10000,1,0,0,11.250,288000.0,100582.0,100084.0,0.34924305555555557,0.9950488158915114,0.15638125,3232.386166,49.40465,3281.790816,3.179849,52587.0,25756.0,0.0,0.0,0.0,0.0,nan,nan,0.0,0.0,0.0,0.0,0.0,0.0,0.0,0.0,10000.0
PRIV,private,,0,8,torus3d_tornado,8,0.95,4,10000,1,0,0,11.281,304000.0,100591.0,100090.0,0.3308914473684211,0.9950194351383325,0.156390625,3323.779668,49.290319,3373.069987,3.17788,52095.0,25450.0,0.0,0.0,0.0,0.0,nan,nan,0.0,0.0,0.0,0.0,0.0,0.0,0.0,0.0,10000.0
PRIV,private,,0,8,torus3d_tornado,8,1.0,4,10000,1,0,0,11.420,320000.0,100573.0,100066.0,0.314290625,0.9949588855855945,0.156353125,3406.446865,49.249226,3455.696091,3.176603,52157.0,25659.0,0.0,0.0,0.0,0.0,nan,nan,0.0,0.0,0.0,0.0,0.0,0.0,0.0,0.0,10000.0
RR-a,rr,2,4,8,torus3d_tornado,8,0.05,8,10000,1,0,0,9.906,16000.0,15937.0,15855.0,0.9960625,0.9948547405408797,0.0247734375,2.033996,46.652728,48.686723,3.226932,10857.0,4959.0,384.0,0.0,0.0,2.0,0.007239,1.0,0.0,286.0,4449.0,338.0,4816.0,602.0,5374.0,15865.0,10000.0
RR-a,rr,2,4,8,torus3d_tornado,8,0.1,8,10000,1,0,0,10.685,32000.0,31898.0,31704.0,0.9968125,0.9939181139883378,0.0495375,2.291951,53.810402,56.102353,3.4865,45950.0,17560.0,384.0,0.0,0.0,2.0,0.021529,1.0,0.0,739.0,6886.0,1130.0,7958.0,2611.0,12409.0,31733.0,10000.0
RR-a,rr,2,4,8,torus3d_tornado,8,0.15,8,10000,1,0,0,12.734,48000.0,40284.0,39769.0,0.83925,0.9872157680468673,0.0621390625,679.626619,121.973874,801.600493,3.757324,89924.0,32326.0,384.0,0.0,0.0,2.0,0.035988,1.0,0.0,689.0,5149.0,2032.0,8793.0,5402.0,17740.0,39805.0,10000.0
RR-a,rr,2,4,8,torus3d_tornado,8,0.2,8,10000,1,0,0,12.794,64000.0,40064.0,39550.0,0.626,0.9871705271565495,0.061796875,1756.119039,125.929558,1882.048597,3.763439,90639.0,32664.0,384.0,0.0,0.0,2.0,0.032691,1.0,0.0,663.0,5019.0,2023.0,8745.0,5460.0,17672.0,39582.0,10000.0
RR-a,rr,2,4,8,torus3d_tornado,8,0.25,8,10000,1,0,0,12.842,80000.0,40058.0,39538.0,0.500725,0.9870188227070747,0.061778125,2384.510648,126.435632,2510.94628,3.767717,90950.0,32699.0,384.0,0.0,0.0,2.0,0.034,1.0,0.0,700.0,4850.0,2033.0,8785.0,5450.0,17755.0,39573.0,10000.0
RR-a,rr,2,4,8,torus3d_tornado,8,0.3,8,10000,1,0,0,12.940,96000.0,40053.0,39549.0,0.41721875,0.9874166729083964,0.0617953125,2807.42441,126.679056,2934.103467,3.771802,91155.0,32832.0,384.0,0.0,0.0,2.0,0.036435,1.0,0.0,655.0,4927.0,2047.0,8795.0,5506.0,17655.0,39585.0,10000.0
RR-a,rr,2,4,8,torus3d_tornado,8,0.35,8,10000,1,0,0,13.043,112000.0,39971.0,39474.0,0.3568839285714286,0.987565985339371,0.061678125,3088.933931,126.99202,3215.925951,3.777068,91355.0,32799.0,384.0,0.0,0.0,2.0,0.035141,1.0,0.0,609.0,4799.0,2083.0,8780.0,5503.0,17742.0,39516.0,10000.0
RR-a,rr,2,4,8,torus3d_tornado,8,0.4,8,10000,1,0,0,13.094,128000.0,39923.0,39427.0,0.3118984375,0.9875760839616261,0.0616046875,3318.038121,127.394907,3445.433028,3.771857,91023.0,32833.0,384.0,0.0,0.0,2.0,0.03444,1.0,0.0,655.0,4825.0,2045.0,8667.0,5505.0,17769.0,39466.0,10000.0
RR-a,rr,2,4,8,torus3d_tornado,8,0.45,8,10000,1,0,0,13.324,144000.0,40036.0,39522.0,0.27802777777777776,0.9871615546008592,0.061753125,3492.606321,126.994105,3619.600425,3.775973,91269.0,32831.0,384.0,0.0,0.0,2.0,0.035705,1.0,0.0,649.0,4922.0,2126.0,8708.0,5499.0,17657.0,39561.0,10000.0
RR-a,rr,2,4,8,torus3d_tornado,8,0.5,8,10000,1,0,0,13.234,160000.0,40072.0,39553.0,0.25045,0.9870483130365343,0.0618015625,3639.333755,126.873183,3766.206938,3.770763,91210.0,32824.0,384.0,0.0,0.0,2.0,0.035493,1.0,0.0,668.0,4901.0,2052.0,8685.0,5508.0,17774.0,39588.0,10000.0
RR-a,rr,2,4,8,torus3d_tornado,8,0.55,8,10000,1,0,0,13.275,176000.0,40114.0,39599.0,0.22792045454545454,0.9871615894700104,0.0618734375,3747.587565,126.844466,3874.432031,3.773807,91441.0,32904.0,384.0,0.0,0.0,2.0,0.0386,1.0,0.0,636.0,4955.0,2084.0,8685.0,5499.0,17778.0,39637.0,10000.0
RR-a,rr,2,4,8,torus3d_tornado,8,0.6,8,10000,1,0,0,13.275,192000.0,40054.0,39555.0,0.20861458333333333,0.9875418185449643,0.0618046875,3850.169359,126.971559,3977.140918,3.772747,91390.0,32833.0,384.0,0.0,0.0,2.0,0.03591,1.0,0.0,647.0,4859.0,2059.0,8731.0,5504.0,17795.0,39595.0,10000.0
RR-a,rr,2,4,8,torus3d_tornado,8,0.65,8,10000,1,0,0,13.659,208000.0,40135.0,39619.0,0.19295673076923076,0.9871433910551888,0.0619046875,3915.641611,126.554507,4042.196118,3.771044,91162.0,32826.0,384.0,0.0,0.0,2.0,0.045156,1.0,0.0,669.0,4990.0,2052.0,8718.0,5481.0,17757.0,39667.0,10000.0
RR-a,rr,2,4,8,torus3d_tornado,8,0.7,8,10000,1,0,0,13.584,224000.0,40115.0,39605.0,0.17908482142857143,0.9872865511653994,0.0618828125,3992.30529,126.783588,4119.088878,3.771216,91272.0,32891.0,384.0,0.0,0.0,2.0,0.037953,1.0,0.0,672.0,4927.0,2082.0,8691.0,5511.0,17755.0,39638.0,10000.0
RR-a,rr,2,4,8,torus3d_tornado,8,0.75,8,10000,1,0,0,13.929,240000.0,40039.0,39527.0,0.16682916666666667,0.9872124678438522,0.0617609375,4045.597136,127.112607,4172.709743,3.773345,91348.0,32900.0,384.0,0.0,0.0,2.0,0.034808,1.0,0.0,651.0,4895.0,2044.0,8725.0,5507.0,17742.0,39564.0,10000.0
RR-a,rr,2,4,8,torus3d_tornado,8,0.8,8,10000,1,0,0,14.091,256000.0,40219.0,39711.0,0.15710546875,0.9873691538824934,0.0620484375,4101.099116,126.285865,4227.384981,3.769258,91445.0,32925.0,384.0,0.0,0.0,2.0,0.036568,1.0,0.0,645.0,4965.0,2043.0,8731.0,5490.0,17871.0,39745.0,10000.0
RR-a,rr,2,4,8,torus3d_tornado,8,0.85,8,10000,1,0,0,13.783,272000.0,39920.0,39410.0,0.14676470588235294,0.9872244488977956,0.061578125,4152.739102,127.518422,4280.257523,3.775336,91185.0,32810.0,384.0,0.0,0.0,2.0,0.037046,1.0,0.0,664.0,4876.0,2072.0,8727.0,5495.0,17617.0,39451.0,10000.0
RR-a,rr,2,4,8,torus3d_tornado,8,0.9,8,10000,1,0,0,14.007,288000.0,39936.0,39421.0,0.13866666666666666,0.9871043669871795,0.0615953125,4182.583319,127.526648,4310.109967,3.774105,91207.0,32848.0,384.0,0.0,0.0,2.0,0.035913,1.0,0.0,653.0,4784.0,2070.0,8708.0,5538.0,17704.0,39457.0,10000.0
RR-a,rr,2,4,8,torus3d_tornado,8,0.95,8,10000,1,0,0,13.994,304000.0,40062.0,39550.0,0.1317828947368421,0.9872198092955918,0.061796875,4218.417016,126.94885,4345.365866,3.769001,91095.0,32792.0,384.0,0.0,0.0,2.0,0.036038,1.0,0.0,649.0,4951.0,2034.0,8678.0,5497.0,17777.0,39586.0,10000.0
RR-a,rr,2,4,8,torus3d_tornado,8,1.0,8,10000,1,0,0,13.862,320000.0,40053.0,39552.0,0.125165625,0.987491573664894,0.0618,4253.085255,127.042703,4380.127958,3.770176,91114.0,32863.0,384.0,0.0,0.0,2.0,0.037633,1.0,0.0,680.0,4902.0,2071.0,8777.0,5433.0,17717.0,39580.0,10000.0
STV-a,starve,2,4,8,torus3d_tornado,8,0.05,8,10000,1,0,0,11.956,16000.0,15937.0,15856.0,0.9960625,0.9949174876074544,0.024775,2.034057,44.070636,46.104692,3.004667,255.0,175.0,20964.0,421376.0,0.0,1.0,0.189478,3.0,70911.0,16.0,5232.0,13.0,5304.0,7.0,5295.0,15867.0,10000.0
STV-a,starve,2,4,8,torus3d_tornado,8,0.1,8,10000,1,0,0,12.405,32000.0,31898.0,31744.0,0.9968125,0.9951721111041445,0.0496,2.251922,44.392484,46.644405,3.034463,3274.0,1949.0,52254.0,409543.0,0.0,1.0,0.205204,3.0,69808.0,149.0,10377.0,158.0,10440.0,188.0,10454.0,31766.0,10000.0
STV-a,starve,2,4,8,torus3d_tornado,8,0.15,8,10000,1,0,0,12.531,48000.0,47888.0,47653.0,0.9976666666666667,0.9950927163381222,0.0744578125,2.876188,45.164397,48.040585,3.089732,12952.0,7020.0,92581.0,394896.0,0.0,1.0,0.217765,4.0,68260.0,452.0,14855.0,533.0,15295.0,753.0,15803.0,47691.0,10000.0
STV-a,starve,2,4,8,torus3d_tornado,8,0.2,8,10000,1,0,0,12.923,64000.0,64021.0,63689.0,1.000328125,0.9948142015901033,0.0995140625,4.39079,46.924006,51.314795,3.162571,31007.0,15418.0,138772.0,381104.0,0.0,1.0,0.227403,4.0,65543.0,952.0,18961.0,1171.0,19570.0,1748.0,21349.0,63751.0,10000.0
STV-a,starve,2,4,8,torus3d_tornado,8,0.25,8,10000,1,0,0,13.184,80000.0,79840.0,79377.0,0.998,0.9942009018036072,0.1240265625,8.949028,51.149565,60.098593,3.239263,55514.0,25228.0,188711.0,368981.0,0.0,1.0,0.236148,4.0,65066.0,1440.0,22405.0,2019.0,23603.0,3164.0,26820.0,79451.0,10000.0
STV-a,starve,2,4,8,torus3d_tornado,8,0.3,8,10000,1,0,0,14.539,96000.0,92284.0,91640.0,0.9612916666666667,0.9930215421958303,0.1431875,176.709843,65.760214,242.470057,3.284788,75797.0,32187.0,239629.0,354552.0,0.0,1.0,0.230453,4.0,64064.0,1424.0,28461.0,2437.0,26180.0,4665.0,28545.0,91712.0,10000.0
STV-a,starve,2,4,8,torus3d_tornado,8,0.35,8,10000,1,0,0,14.643,112000.0,92465.0,91827.0,0.8255803571428572,0.9931000919266749,0.1434796875,826.393904,66.964444,893.358348,3.289174,76791.0,32387.0,239625.0,353873.0,0.0,2.0,0.229052,4.0,64235.0,1393.0,28379.0,2453.0,26227.0,4873.0,28583.0,91908.0,10000.0
STV-a,starve,2,4,8,torus3d_tornado,8,0.4,8,10000,1,0,0,14.860,128000.0,92607.0,91969.0,0.7234921875,0.99311067197944,0.1437015625,1339.583055,66.876502,1406.459557,3.288597,76914.0,32495.0,243381.0,354011.0,0.0,1.0,0.229486,4.0,63768.0,1428.0,28387.0,2460.0,26460.0,4769.0,28548.0,92052.0,10000.0
STV-a,starve,2,4,8,torus3d_tornado,8,0.45,8,10000,1,0,0,14.600,144000.0,92422.0,91791.0,0.6418194444444445,0.9931726212373677,0.1434234375,1757.5511,67.332996,1824.884095,3.290007,76863.0,32490.0,243957.0,353663.0,0.0,2.0,0.229157,4.0,63779.0,1372.0,28723.0,2418.0,26032.0,4870.0,28457.0,91872.0,10000.0
STV-a,starve,2,4,8,torus3d_tornado,8,0.5,8,10000,1,0,0,15.111,160000.0,92544.0,91921.0,0.5784,0.9932680670816044,0.1436265625,2078.725917,67.158734,2145.884651,3.289901,77111.0,32485.0,245929.0,353899.0,0.0,2.0,0.228985,4.0,63327.0,1369.0,28543.0,2369.0,26446.0,4861.0,28416.0,92004.0,10000.0
STV-a,starve,2,4,8,torus3d_tornado,8,0.55,8,10000,1,0,0,15.351,176000.0,92533.0,91914.0,0.5257556818181818,0.9933104946343466,0.143615625,2343.95387,67.146604,2411.100474,3.286659,76794.0,32550.0,244842.0,353875.0,0.0,2.0,0.228792,4.0,63054.0,1356.0,29013.0,2435.0,26270.0,4784.0,28138.0,91996.0,10000.0
STV-a,starve,2,4,8,torus3d_tornado,8,0.6,8,10000,1,0,0,15.401,192000.0,92548.0,91919.0,0.48202083333333334,0.9932035268185158,0.1436234375,2562.247457,67.245151,2629.492608,3.288101,76867.0,32480.0,248109.0,353775.0,0.0,2.0,0.229837,4.0,63185.0,1359.0,28546.0,2447.0,26296.0,4825.0,28536.0,92009.0,10000.0
STV-a,starve,2,4,8,torus3d_tornado,8,0.65,8,10000,1,0,0,15.063,208000.0,92542.0,91911.0,0.44491346153846156,0.993181474357589,0.1436109375,2741.587623,67.302042,2808.889665,3.29089,77060.0,32521.0,248342.0,353788.0,0.0,1.0,0.228687,4.0,63237.0,1380.0,28419.0,2457.0,26201.0,4866.0,28669.0,91992.0,10000.0
STV-a,starve,2,4,8,torus3d_tornado,8,0.7,8,10000,1,0,0,15.350,224000.0,92539.0,91893.0,0.4131205357142857,0.9930191594895126,0.1435828125,2898.226372,67.191614,2965.417986,3.288553,76828.0,32445.0,249490.0,353885.0,0.0,2.0,0.227852,4.0,62700.0,1387.0,28833.0,2447.0,26123.0,4820.0,28377.0,91987.0,10000.0
STV-a,starve,2,4,8,torus3d_tornado,8,0.75,8,10000,1,0,0,15.185,240000.0,92627.0,91996.0,0.3859458333333333,0.9931877314389973,0.14374375,3036.295839,67.098439,3103.394278,3.290317,77184.0,32519.0,249318.0,353865.0,0.0,1.0,0.227476,4.0,63067.0,1369.0,28730.0,2427.0,26240.0,4857.0,28456.0,92079.0,10000.0
STV-a,starve,2,4,8,torus3d_tornado,8,0.8,8,10000,1,0,0,15.142,256000.0,92635.0,92000.0,0.36185546875,0.9931451395260971,0.14375,3156.422543,67.037065,3223.459609,3.288457,76943.0,32473.0,249730.0,353986.0,0.0,1.0,0.228139,4.0,63022.0,1368.0,28794.0,2460.0,26100.0,4825.0,28536.0,92083.0,10000.0
STV-a,starve,2,4,8,torus3d_tornado,8,0.85,8,10000,1,0,0,15.142,272000.0,92610.0,91973.0,0.34047794117647057,0.9931216931216931,0.1437078125,3264.525578,67.005012,3331.53059,3.291847,77320.0,32493.0,249211.0,354047.0,0.0,2.0,0.228863,4.0,63003.0,1379.0,28632.0,2480.0,26275.0,4897.0,28390.0,92053.0,10000.0
STV-a,starve,2,4,8,torus3d_tornado,8,0.9,8,10000,1,0,0,15.325,288000.0,92596.0,91980.0,0.3215138888888889,0.9933474448140308,0.14371875,3355.569461,67.080365,3422.649826,3.289172,77000.0,32553.0,247679.0,353982.0,0.0,1.0,0.22766,4.0,63256.0,1366.0,28709.0,2447.0,26100.0,4829.0,28600.0,92051.0,10000.0
STV-a,starve,2,4,8,torus3d_tornado,8,0.95,8,10000,1,0,0,15.683,304000.0,92511.0,91864.0,0.3043125,0.9930062370961291,0.1435375,3439.97234,67.273665,3507.246005,3.289929,77033.0,32565.0,248769.0,353871.0,0.0,2.0,0.22883,4.0,63653.0,1404.0,28474.0,2475.0,26330.0,4864.0,28403.0,91950.0,10000.0
STV-a,starve,2,4,8,torus3d_tornado,8,1.0,8,10000,1,0,0,15.375,320000.0,92585.0,91961.0,0.289328125,0.993260247340282,0.1436890625,3518.193832,67.011026,3585.204859,3.288492,76833.0,32341.0,250420.0,354008.0,0.0,1.0,0.227564,4.0,62363.0,1383.0,28717.0,2445.0,26231.0,4760.0,28504.0,92040.0,10000.0
RR-b,rr,1,6,8,torus3d_tornado,8,0.05,8,10000,1,0,0,10.345,16000.0,15937.0,15823.0,0.9960625,0.9928468344104913,0.0247234375,2.290969,63.264488,65.555457,4.466978,69992.0,15654.0,576.0,0.0,0.0,3.0,8.5e-05,1.0,0.0,3.0,87.0,8.0,121.0,3894.0,11721.0,15834.0,10000.0
RR-b,rr,1,6,8,torus3d_tornado,8,0.1,8,10000,1,0,0,11.895,32000.0,31722.0,31438.0,0.9913125,0.9910472227476199,0.049121875,43.547681,82.608722,126.156403,4.487054,140634.0,31367.0,576.0,0.0,0.0,3.0,9.2e-05,1.0,0.0,6.0,91.0,14.0,131.0,7858.0,23368.0,31468.0,10000.0
RR-b,rr,1,6,8,torus3d_tornado,8,0.15,8,10000,1,0,0,12.447,48000.0,35605.0,35269.0,0.7417708333333334,0.99056312315686,0.0551078125,1237.447674,92.026652,1329.474326,4.484363,157777.0,35233.0,576.0,0.0,0.0,3.0,0.000145,1.0,0.0,10.0,96.0,16.0,120.0,8740.0,26321.0,35303.0,10000.0
RR-b,rr,1,6,8,torus3d_tornado,8,0.2,8,10000,1,0,0,13.043,64000.0,35667.0,35338.0,0.557296875,0.9907757871421763,0.055215625,2156.269568,92.281765,2248.551333,4.484804,158100.0,35326.0,576.0,0.0,0.0,3.0,0.000164,1.0,0.0,13.0,91.0,17.0,126.0,8753.0,26368.0,35368.0,10000.0
RR-b,rr,1,6,8,torus3d_tornado,8,0.25,8,10000,1,0,0,12.885,80000.0,35724.0,35391.0,0.44655,0.9906785354383608,0.0552984375,2701.103727,92.341951,2793.445678,4.484615,158327.0,35395.0,576.0,0.0,0.0,3.0,0.000176,1.0,0.0,9.0,98.0,24.0,131.0,8761.0,26397.0,35420.0,10000.0
RR-b,rr,1,6,8,torus3d_tornado,8,0.3,8,10000,1,0,0,12.560,96000.0,35710.0,35380.0,0.3719791666666667,0.990758891066928,0.05528125,3074.780554,92.570492,3167.351046,4.485302,158303.0,35399.0,576.0,0.0,0.0,3.0,0.000201,1.0,0.0,14.0,88.0,29.0,139.0,8763.0,26378.0,35411.0,10000.0
RR-b,rr,1,6,8,torus3d_tornado,8,0.35,8,10000,1,0,0,12.933,112000.0,35716.0,35386.0,0.31889285714285714,0.9907604434987121,0.055290625,3332.330018,92.61855,3424.948567,4.484768,158305.0,35413.0,576.0,0.0,0.0,3.0,0.000214,1.0,0.0,14.0,89.0,30.0,142.0,8753.0,26386.0,35414.0,10000.0
RR-b,rr,1,6,8,torus3d_tornado,8,0.4,8,10000,1,0,0,12.842,128000.0,35735.0,35404.0,0.2791796875,0.990737372324052,0.05531875,3531.158174,92.621568,3623.779742,4.484973,158405.0,35439.0,576.0,0.0,0.0,3.0,0.000214,1.0,0.0,13.0,92.0,34.0,141.0,8774.0,26384.0,35438.0,10000.0
RR-b,rr,1,6,8,torus3d_tornado,8,0.45,8,10000,1,0,0,12.938,144000.0,35736.0,35400.0,0.24816666666666667,0.9905977165883143,0.0553125,3688.023559,92.679209,3780.702768,4.484802,158388.0,35435.0,576.0,0.0,0.0,3.0,0.00022,1.0,0.0,12.0,100.0,34.0,132.0,8769.0,26389.0,35436.0,10000.0
RR-b,rr,1,6,8,torus3d_tornado,8,0.5,8,10000,1,0,0,13.213,160000.0,35731.0,35394.0,0.22331875,0.9905684139822563,0.055303125,3820.939962,92.728513,3913.668475,4.485223,158365.0,35439.0,576.0,0.0,0.0,3.0,0.000182,1.0,0.0,13.0,104.0,30.0,140.0,8769.0,26371.0,35427.0,10000.0
RR-b,rr,1,6,8,torus3d_tornado,8,0.55,8,10000,1,0,0,12.997,176000.0,35736.0,35401.0,0.20304545454545456,0.9906256995746586,0.0553140625,3921.693144,92.720206,4014.41335,4.485099,158396.0,35445.0,576.0,0.0,0.0,3.0,0.000232,1.0,0.0,16.0,100.0,31.0,135.0,8770.0,26381.0,35433.0,10000.0
RR-b,rr,1,6,8,torus3d_tornado,8,0.6,8,10000,1,0,0,13.138,192000.0,35737.0,35404.0,0.18613020833333332,0.9906819262948765,0.05531875,4006.858773,92.730737,4099.58951,4.485256,158408.0,35447.0,576.0,0.0,0.0,3.0,0.000264,1.0,0.0,13.0,95.0,34.0,134.0,8770.0,26388.0,35434.0,10000.0
RR-b,rr,1,6,8,torus3d_tornado,8,0.65,8,10000,1,0,0,13.073,208000.0,35748.0,35412.0,0.17186538461538461,0.9906008727760993,0.05533125,4075.877979,92.706512,4168.584491,4.485598,158461.0,35462.0,576.0,0.0,0.0,3.0,0.000176,1.0,0.0,14.0,94.0,33.0,139.0,8775.0,26389.0,35444.0,10000.0
RR-b,rr,1,6,8,torus3d_tornado,8,0.7,8,10000,1,0,0,13.032,224000.0,35736.0,35405.0,0.15953571428571428,0.9907376315200358,0.0553203125,4138.6531,92.743709,4231.396808,4.486231,158441.0,35454.0,576.0,0.0,0.0,3.0,0.000276,1.0,0.0,14.0,98.0,31.0,132.0,8769.0,26389.0,35433.0,10000.0
RR-b,rr,1,6,8,torus3d_tornado,8,0.75,8,10000,1,0,0,13.333,240000.0,35768.0,35431.0,0.14903333333333332,0.9905781704316707,0.0553609375,4185.625215,92.637069,4278.262284,4.485366,158542.0,35467.0,576.0,0.0,0.0,3.0,0.000245,1.0,0.0,16.0,99.0,32.0,133.0,8777.0,26409.0,35466.0,10000.0
RR-b,rr,1,6,8,torus3d_tornado,8,0.8,8,10000,1,0,0,13.395,256000.0,35758.0,35425.0,0.1396796875,0.9906873986240842,0.0553515625,4232.295554,92.687452,4324.983006,4.485222,158500.0,35468.0,576.0,0.0,0.0,3.0,0.000276,1.0,0.0,17.0,102.0,32.0,130.0,8776.0,26399.0,35456.0,10000.0
RR-b,rr,1,6,8,torus3d_tornado,8,0.85,8,10000,1,0,0,13.380,272000.0,35752.0,35417.0,0.13144117647058823,0.9906298948310585,0.0553390625,4273.601067,92.691645,4366.292713,4.484541,158450.0,35455.0,576.0,0.0,0.0,3.0,0.000283,1.0,0.0,16.0,107.0,33.0,132.0,8771.0,26390.0,35449.0,10000.0
RR-b,rr,1,6,8,torus3d_tornado,8,0.9,8,10000,1,0,0,13.549,288000.0,35760.0,35428.0,0.12416666666666666,0.9907158836689038,0.05535625,4309.457378,92.651801,4402.109179,4.485548,158525.0,35462.0,576.0,0.0,0.0,3.0,0.000364,1.0,0.0,13.0,98.0,35.0,136.0,8773.0,26401.0,35456.0,10000.0
RR-b,rr,1,6,8,torus3d_tornado,8,0.95,8,10000,1,0,0,13.306,304000.0,35764.0,35430.0,0.11764473684210526,0.9906609998881557,0.055359375,4340.448264,92.658199,4433.106463,4.484674,158503.0,35466.0,576.0,0.0,0.0,3.0,0.000289,1.0,0.0,10.0,102.0,38.0,132.0,8770.0,26408.0,35460.0,10000.0
RR-b,rr,1,6,8,torus3d_tornado,8,1.0,8,10000,1,0,0,13.222,320000.0,35772.0,35432.0,0.1117875,0.9904953594990495,0.0553625,4369.364501,92.64978,4462.014281,4.48476,158527.0,35475.0,576.0,0.0,0.0,3.0,0.000289,1.0,0.0,14.0,101.0,37.0,131.0,8777.0,26408.0,35468.0,10000.0
STV-b,starve,1,6,8,torus3d_tornado,8,0.05,8,10000,1,0,0,10.853,16000.0,15937.0,15856.0,0.9960625,0.9949174876074544,0.024775,2.03393,44.509712,46.543643,3.050076,2451.0,1472.0,139047.0,815774.0,0.0,2.0,0.314925,3.0,249209.0,132.0,5069.0,94.0,5301.0,129.0,5141.0,15866.0,10000.0
STV-b,starve,1,6,8,torus3d_tornado,8,0.1,8,10000,1,0,0,11.157,32000.0,31898.0,31741.0,0.9968125,0.995078061320459,0.0495953125,2.252229,45.497527,47.749756,3.124697,11805.0,6201.0,200211.0,784191.0,0.0,2.0,0.325046,4.0,239284.0,435.0,9669.0,483.0,10046.0,668.0,10460.0,31761.0,10000.0
STV-b,starve,1,6,8,torus3d_tornado,8,0.15,8,10000,1,0,0,11.348,48000.0,47887.0,47643.0,0.9976458333333333,0.9949046714139537,0.0744421875,2.879919,47.11009,49.990009,3.19558,27873.0,13588.0,257047.0,756044.0,0.0,2.0,0.334544,4.0,230222.0,811.0,13909.0,1022.0,14509.0,1578.0,15855.0,47684.0,10000.0
STV-b,starve,1,6,8,torus3d_tornado,8,0.2,8,10000,1,0,0,11.500,64000.0,64019.0,63661.0,1.000296875,0.9944079101516737,0.0994703125,4.429824,49.881607,54.311431,3.256515,47986.0,21708.0,302639.0,729119.0,0.0,2.0,0.342573,4.0,221574.0,1245.0,17815.0,1667.0,18580.0,2721.0,21687.0,63715.0,10000.0
STV-b,starve,1,6,8,torus3d_tornado,8,0.25,8,10000,1,0,0,11.763,80000.0,79839.0,79352.0,0.9979875,0.9939002242012049,0.1239875,9.432201,55.248135,64.680336,3.29441,67066.0,28602.0,354486.0,700062.0,0.0,2.0,0.345783,4.0,212747.0,1536.0,22518.0,2192.0,22457.0,3882.0,26841.0,79426.0,10000.0
STV-b,starve,1,6,8,torus3d_tornado,8,0.3,8,10000,1,0,0,12.526,96000.0,92667.0,92041.0,0.96528125,0.9932446286164438,0.1438140625,166.235569,64.976358,231.211927,3.282092,75965.0,32221.0,378080.0,666144.0,0.0,2.0,0.335817,4.0,199720.0,1364.0,30055.0,2387.0,25741.0,4632.0,27945.0,92124.0,10000.0
STV-b,starve,1,6,8,torus3d_tornado,8,0.35,8,10000,1,0,0,12.820,112000.0,93101.0,92470.0,0.8312589285714286,0.9932224143671926,0.144484375,805.935644,65.931102,871.866746,3.279896,75821.0,32288.0,379192.0,664077.0,0.0,2.0,0.334931,4.0,197240.0,1340.0,30922.0,2368.0,25766.0,4702.0,27458.0,92556.0,10000.0
STV-b,starve,1,6,8,torus3d_tornado,8,0.4,8,10000,1,0,0,13.013,128000.0,93163.0,92548.0,0.7278359375,0.9933986668527205,0.14460625,1318.965099,65.889819,1384.854919,3.28154,76155.0,32387.0,381815.0,664143.0,0.0,2.0,0.33552,4.0,197657.0,1401.0,30718.0,2398.0,25671.0,4721.0,27708.0,92617.0,10000.0
STV-b,starve,1,6,8,torus3d_tornado,8,0.45,8,10000,1,0,0,13.106,144000.0,93309.0,92682.0,0.6479791666666667,0.9932803909590715,0.144815625,1730.2375,65.741277,1795.978777,3.282471,76496.0,32446.0,382277.0,664169.0,0.0,2.0,0.334221,4.0,196190.0,1384.0,30619.0,2358.0,26081.0,4695.0,27620.0,92757.0,10000.0
STV-b,starve,1,6,8,torus3d_tornado,8,0.5,8,10000,1,0,0,13.178,160000.0,93183.0,92552.0,0.58239375,0.9932283785669059,0.1446125,2058.136734,66.022636,2124.15937,3.280059,75985.0,32396.0,381624.0,663928.0,0.0,2.0,0.333837,4.0,195935.0,1435.0,30445.0,2402.0,25855.0,4639.0,27858.0,92634.0,10000.0
STV-b,starve,1,6,8,torus3d_tornado,8,0.55,8,10000,1,0,0,13.150,176000.0,93389.0,92763.0,0.5306193181818182,0.9932968550899999,0.1449421875,2319.704796,65.750256,2385.455052,3.28244,76731.0,32326.0,383064.0,664123.0,0.0,2.0,0.333708,4.0,196646.0,1389.0,30414.0,2339.0,25849.0,4699.0,28164.0,92854.0,10000.0
STV-b,starve,1,6,8,torus3d_tornado,8,0.6,8,10000,1,0,0,13.138,192000.0,93252.0,92636.0,0.4856875,0.993394243555098,0.14474375,2543.17382,65.914418,2609.088238,3.281079,76401.0,32368.0,384300.0,664090.0,0.0,2.0,0.333189,4.0,195909.0,1362.0,30589.0,2334.0,25743.0,4694.0,27989.0,92711.0,10000.0
STV-b,starve,1,6,8,torus3d_tornado,8,0.65,8,10000,1,0,0,13.070,208000.0,93298.0,92681.0,0.4485480769230769,0.9933867821389526,0.1448140625,2727.503685,65.904943,2793.408627,3.28241,76611.0,32364.0,382053.0,664146.0,0.0,2.0,0.334129,4.0,196646.0,1372.0,30708.0,2464.0,25752.0,4718.0,27752.0,92766.0,10000.0
STV-b,starve,1,6,8,torus3d_tornado,8,0.7,8,10000,1,0,0,13.570,224000.0,93298.0,92681.0,0.41650892857142857,0.9933867821389526,0.1448140625,2887.41672,65.82853,2953.24525,3.280921,76223.0,32387.0,384061.0,664141.0,0.0,2.0,0.333686,4.0,196831.0,1432.0,30601.0,2401.0,26019.0,4700.0,27601.0,92754.0,10000.0
STV-b,starve,1,6,8,torus3d_tornado,8,0.75,8,10000,1,0,0,13.460,240000.0,93437.0,92805.0,0.38932083333333334,0.9932360842064707,0.1450078125,3017.705178,65.624158,3083.329336,3.282894,76933.0,32433.0,385863.0,664382.0,0.0,2.0,0.332854,4.0,195157.0,1447.0,30596.0,2291.0,25956.0,4710.0,27899.0,92899.0,10000.0
STV-b,starve,1,6,8,torus3d_tornado,8,0.8,8,10000,1,0,0,13.564,256000.0,93338.0,92721.0,0.3646015625,0.993389616233474,0.1448765625,3143.857292,65.823416,3209.680709,3.280584,76450.0,32413.0,384350.0,664108.0,0.0,2.0,0.334237,4.0,195592.0,1357.0,30500.0,2376.0,25935.0,4659.0,27976.0,92803.0,10000.0
STV-b,starve,1,6,8,torus3d_tornado,8,0.85,8,10000,1,0,0,13.624,272000.0,93261.0,92626.0,0.34287132352941174,0.993191151714007,0.144728125,3254.297735,65.963034,3320.260769,3.2818,76248.0,32310.0,387024.0,663840.0,0.0,2.0,0.333484,4.0,195811.0,1396.0,30319.0,2465.0,26185.0,4666.0,27685.0,92716.0,10000.0
STV-b,starve,1,6,8,torus3d_tornado,8,0.9,8,10000,1,0,0,13.798,288000.0,93228.0,92610.0,0.3237083333333333,0.9933710902304029,0.144703125,3346.325915,65.925408,3412.251323,3.28079,76110.0,32358.0,382746.0,663974.0,0.0,2.0,0.333658,4.0,195049.0,1405.0,30867.0,2404.0,25707.0,4656.0,27644.0,92683.0,10000.0
STV-b,starve,1,6,8,torus3d_tornado,8,0.95,8,10000,1,0,0,13.819,304000.0,93241.0,92629.0,0.3067138157894737,0.9934363638313617,0.1447328125,3432.989323,66.027033,3499.016356,3.27961,75956.0,32405.0,385788.0,663985.0,0.0,2.0,0.33256,4.0,195542.0,1388.0,30586.0,2460.0,25891.0,4621.0,27757.0,92703.0,10000.0
STV-b,starve,1,6,8,torus3d_tornado,8,1.0,8,10000,1,0,0,13.565,320000.0,93284.0,92659.0,0.2915125,0.9933000300158655,0.1447796875,3507.45553,65.840987,3573.296517,3.280275,76220.0,32312.0,388455.0,664180.0,0.0,2.0,0.333042,4.0,195299.0,1393.0,30353.0,2389.0,26231.0,4677.0,27701.0,92744.0,10000.0
PRIV,private,,0,8,torus3d_transpose,8,0.05,4,10000,1,0,0,8.761,16000.0,15937.0,15849.0,0.9960625,0.9944782581414319,0.0247640625,2.033945,43.924349,45.958294,2.990094,0.0,0.0,0.0,0.0,0.0,0.0,nan,nan,0.0,0.0,0.0,0.0,0.0,0.0,0.0,0.0,10000.0
PRIV,private,,0,8,torus3d_transpose,8,0.1,4,10000,1,0,0,9.003,32000.0,31898.0,31732.0,0.9968125,0.9947959119694024,0.04958125,2.251828,43.977089,46.228917,2.993949,35.0,28.0,0.0,0.0,0.0,0.0,nan,nan,0.0,0.0,0.0,0.0,0.0,0.0,0.0,0.0,10000.0
PRIV,private,,0,8,torus3d_transpose,8,0.15,4,10000,1,0,0,9.005,48000.0,47888.0,47646.0,0.9976666666666667,0.9949465419311727,0.074446875,2.872644,44.04525,46.917894,2.999077,293.0,197.0,0.0,0.0,0.0,0.0,nan,nan,0.0,0.0,0.0,0.0,0.0,0.0,0.0,0.0,10000.0
PRIV,private,,0,8,torus3d_transpose,8,0.2,4,10000,1,0,0,9.428,64000.0,64021.0,63707.0,1.000328125,0.9950953593352181,0.0995421875,4.36445,44.125261,48.489711,3.004599,992.0,648.0,0.0,0.0,0.0,0.0,nan,nan,0.0,0.0,0.0,0.0,0.0,0.0,0.0,0.0,10000.0
PRIV,private,,0,8,torus3d_transpose,8,0.25,4,10000,1,0,0,9.538,80000.0,79846.0,79460.0,0.998075,0.9951656939608747,0.12415625,8.589794,44.212283,52.802077,3.010546,2610.0,1642.0,0.0,0.0,0.0,0.0,nan,nan,0.0,0.0,0.0,0.0,0.0,0.0,0.0,0.0,10000.0
PRIV,private,,0,8,torus3d_transpose,8,0.3,4,10000,1,0,0,9.956,96000.0,95327.0,94892.0,0.9929895833333333,0.995436759784741,0.14826875,39.234203,44.288992,83.523195,3.014922,4501.0,2857.0,0.0,0.0,0.0,0.0,nan,nan,0.0,0.0,0.0,0.0,0.0,0.0,0.0,0.0,10000.0
PRIV,private,,0,8,torus3d_transpose,8,0.35,4,10000,1,0,0,9.997,112000.0,100515.0,100056.0,0.8974553571428572,0.9954335173854648,0.1563375,488.041497,44.306638,532.348135,3.013612,4554.0,2923.0,0.0,0.0,0.0,0.0,nan,nan,0.0,0.0,0.0,0.0,0.0,0.0,0.0,0.0,10000.0
PRIV,private,,0,8,torus3d_transpose,8,0.4,4,10000,1,0,0,10.164,128000.0,100722.0,100270.0,0.786890625,0.9955124004686166,0.156671875,1034.674668,44.294754,1078.969423,3.013504,4809.0,3081.0,0.0,0.0,0.0,0.0,nan,nan,0.0,0.0,0.0,0.0,0.0,0.0,0.0,0.0,10000.0
PRIV,private,,0,8,torus3d_transpose,8,0.45,4,10000,1,0,0,10.128,144000.0,100753.0,100298.0,0.6996736111111111,0.995484005439044,0.156715625,1476.45302,44.310006,1520.763026,3.01346,4818.0,3070.0,0.0,0.0,0.0,0.0,nan,nan,0.0,0.0,0.0,0.0,0.0,0.0,0.0,0.0,10000.0
PRIV,private,,0,8,torus3d_transpose,8,0.5,4,10000,1,0,0,10.398,160000.0,100759.0,100305.0,0.62974375,0.9954941990293671,0.1567265625,1832.804407,44.326504,1877.130911,3.014286,4763.0,2944.0,0.0,0.0,0.0,0.0,nan,nan,0.0,0.0,0.0,0.0,0.0,0.0,0.0,0.0,10000.0
PRIV,private,,0,8,torus3d_transpose,8,0.55,4,10000,1,0,0,10.287,176000.0,100788.0,100337.0,0.572659090909091,0.9955252609437631,0.1567765625,2118.623638,44.300487,2162.924126,3.013166,4695.0,3021.0,0.0,0.0,0.0,0.0,nan,nan,0.0,0.0,0.0,0.0,0.0,0.0,0.0,0.0,10000.0
PRIV,private,,0,8,torus3d_transpose,8,0.6,4,10000,1,0,0,10.343,192000.0,100786.0,100327.0,0.5249270833333334,0.9954457960431012,0.1567609375,2358.664059,44.302491,2402.966549,3.012051,4564.0,2955.0,0.0,0.0,0.0,0.0,nan,nan,0.0,0.0,0.0,0.0,0.0,0.0,0.0,0.0,10000.0
PRIV,private,,0,8,torus3d_transpose,8,0.65,4,10000,1,0,0,10.557,208000.0,100775.0,100316.0,0.48449519230769234,0.9954452989332672,0.15674375,2559.242663,44.31316,2603.555824,3.012062,4407.0,2829.0,0.0,0.0,0.0,0.0,nan,nan,0.0,0.0,0.0,0.0,0.0,0.0,0.0,0.0,10000.0
PRIV,private,,0,8,torus3d_transpose,8,0.7,4,10000,1,0,0,10.552,224000.0,100805.0,100359.0,0.4500223214285714,0.9955756162888746,0.1568109375,2730.174673,44.293855,2774.468528,3.013203,4580.0,2892.0,0.0,0.0,0.0,0.0,nan,nan,0.0,0.0,0.0,0.0,0.0,0.0,0.0,0.0,10000.0
PRIV,private,,0,8,torus3d_transpose,8,0.75,4,10000,1,0,0,10.502,240000.0,100813.0,100368.0,0.4200541666666667,0.9955858867407973,0.156825,2878.664983,44.30984,2922.974823,3.013809,4644.0,2872.0,0.0,0.0,0.0,0.0,nan,nan,0.0,0.0,0.0,0.0,0.0,0.0,0.0,0.0,10000.0
PRIV,private,,0,8,torus3d_transpose,8,0.8,4,10000,1,0,0,10.675,256000.0,100809.0,100348.0,0.39378515625,0.9954269956055511,0.15679375,3009.922161,44.305985,3054.228146,3.013015,4507.0,2842.0,0.0,0.0,0.0,0.0,nan,nan,0.0,0.0,0.0,0.0,0.0,0.0,0.0,0.0,10000.0
PRIV,private,,0,8,torus3d_transpose,8,0.85,4,10000,1,0,0,10.814,272000.0,100883.0,100429.0,0.37089338235294117,0.9954997373194691,0.1569203125,3125.509614,44.273696,3169.78331,3.01393,4777.0,3046.0,0.0,0.0,0.0,0.0,nan,nan,0.0,0.0,0.0,0.0,0.0,0.0,0.0,0.0,10000.0
PRIV,private,,0,8,torus3d_transpose,8,0.9,4,10000,1,0,0,11.178,288000.0,100829.0,100378.0,0.35010069444444447,0.9955270805026332,0.156840625,3229.385592,44.298312,3273.683905,3.013808,4611.0,2883.0,0.0,0.0,0.0,0.0,nan,nan,0.0,0.0,0.0,0.0,0.0,0.0,0.0,0.0,10000.0
PRIV,private,,0,8,torus3d_transpose,8,0.95,4,10000,1,0,0,11.211,304000.0,100813.0,100361.0,0.3316217105263158,0.9955164512513267,0.1568140625,3321.394884,44.30463,3365.699515,3.013222,4538.0,2822.0,0.0,0.0,0.0,0.0,nan,nan,0.0,0.0,0.0,0.0,0.0,0.0,0.0,0.0,10000.0
PRIV,private,,0,8,torus3d_transpose,8,1.0,4,10000,1,0,0,11.556,320000.0,100821.0,100366.0,0.315065625,0.9954870513087551,0.156821875,3404.770889,44.308282,3449.07917,3.012614,4557.0,2904.0,0.0,0.0,0.0,0.0,nan,nan,0.0,0.0,0.0,0.0,0.0,0.0,0.0,0.0,10000.0
RR-a,rr,2,4,8,torus3d_transpose,8,0.05,8,10000,1,0,0,10.295,16000.0,15937.0,15849.0,0.9960625,0.9944782581414319,0.0247640625,2.033945,44.42703,46.460975,3.03363,2369.0,1465.0,4456.0,0.0,0.0,2.0,0.011452,2.0,0.0,2580.0,2553.0,2565.0,2475.0,2300.0,2391.0,14864.0,10000.0
RR-a,rr,2,4,8,torus3d_transpose,8,0.1,8,10000,1,0,0,10.682,32000.0,31898.0,31730.0,0.9968125,0.9947332121136121,0.049578125,2.252159,45.002616,47.254775,3.06196,7442.0,4487.0,14234.0,0.0,0.0,2.0,0.027938,2.0,0.0,4976.0,4844.0,4865.0,4931.0,5102.0,5064.0,29782.0,10000.0
RR-a,rr,2,4,8,torus3d_transpose,8,0.15,8,10000,1,0,0,11.138,48000.0,47888.0,47641.0,0.9976666666666667,0.9948421316404945,0.0744390625,2.889129,45.615289,48.504418,3.084486,14434.0,8198.0,25849.0,0.0,0.0,2.0,0.042706,2.0,0.0,7278.0,7333.0,7434.0,7354.0,7711.0,7612.0,44722.0,10000.0
RR-a,rr,2,4,8,torus3d_transpose,8,0.2,8,10000,1,0,0,11.867,64000.0,64021.0,63687.0,1.000328125,0.9947829618406461,0.0995109375,4.486379,46.752744,51.239123,3.100539,23366.0,12704.0,38689.0,0.0,0.0,2.0,0.05741,2.0,0.0,9634.0,9779.0,9932.0,9936.0,10217.0,10257.0,59755.0,10000.0
RR-a,rr,2,4,8,torus3d_transpose,8,0.25,8,10000,1,0,0,12.418,80000.0,79822.0,79377.0,0.997775,0.9944250958382401,0.1240265625,9.947592,49.956763,59.904355,3.120325,35379.0,17995.0,50644.0,0.0,0.0,2.0,0.073819,2.0,0.0,11752.0,11774.0,12403.0,12567.0,13081.0,12851.0,74428.0,10000.0
RR-a,rr,2,4,8,torus3d_transpose,8,0.3,8,10000,1,0,0,13.153,96000.0,91690.0,91139.0,0.9551041666666666,0.9939906205693096,0.1424046875,188.887282,58.925674,247.812956,3.119038,39934.0,20956.0,61096.0,0.0,0.0,2.0,0.086844,2.0,0.0,13275.0,13398.0,14267.0,14355.0,14810.0,15118.0,85223.0,10000.0
RR-a,rr,2,4,8,torus3d_transpose,8,0.35,8,10000,1,0,0,13.450,112000.0,90769.0,90172.0,0.8104375,0.9934228646344017,0.14089375,838.589562,64.634665,903.224227,3.119904,37838.0,20709.0,63123.0,0.0,0.0,2.0,0.086523,2.0,0.0,13051.0,13094.0,14069.0,14159.0,14665.0,14932.0,83970.0,10000.0
RR-a,rr,2,4,8,torus3d_transpose,8,0.4,8,10000,1,0,0,13.866,128000.0,90148.0,89534.0,0.70428125,0.9931889781248613,0.139896875,1357.441866,66.114828,1423.556694,3.126812,37715.0,20477.0,62850.0,0.0,0.0,2.0,0.086835,2.0,0.0,12939.0,12964.0,14012.0,14075.0,14542.0,14777.0,83309.0,10000.0
RR-a,rr,2,4,8,torus3d_transpose,8,0.45,8,10000,1,0,0,13.940,144000.0,90886.0,90289.0,0.6311527777777778,0.9934313315582158,0.1410765625,1732.101264,64.898493,1796.999756,3.125209,37976.0,20647.0,63683.0,0.0,0.0,2.0,0.087411,2.0,0.0,13255.0,13043.0,14116.0,14029.0,14719.0,14909.0,84071.0,10000.0
RR-a,rr,2,4,8,torus3d_transpose,8,0.5,8,10000,1,0,0,13.450,160000.0,91027.0,90421.0,0.56891875,0.99334263460292,0.1412828125,2036.21359,64.414063,2100.627653,3.124562,38199.0,20664.0,63400.0,0.0,0.0,2.0,0.087104,2.0,0.0,13192.0,13079.0,14031.0,14207.0,14674.0,15008.0,84191.0,10000.0
RR-a,rr,2,4,8,torus3d_transpose,8,0.55,8,10000,1,0,0,13.895,176000.0,89903.0,89303.0,0.5108125,0.9933261403957598,0.1395359375,2332.781575,66.12667,2398.908245,3.128652,37873.0,20721.0,62810.0,0.0,0.0,2.0,0.084427,2.0,0.0,12921.0,13106.0,13972.0,13959.0,14370.0,14739.0,83067.0,10000.0
RR-a,rr,2,4,8,torus3d_transpose,8,0.6,8,10000,1,0,0,14.341,192000.0,90697.0,90104.0,0.47238020833333333,0.9934617462540106,0.1407875,2554.43422,65.29285,2619.727071,3.12419,38070.0,20724.0,63036.0,0.0,0.0,2.0,0.088171,2.0,0.0,13051.0,13196.0,14094.0,14047.0,14614.0,14860.0,83862.0,10000.0
RR-a,rr,2,4,8,torus3d_transpose,8,0.65,8,10000,1,0,0,14.131,208000.0,90738.0,90128.0,0.4362403846153846,0.9932773479688775,0.140825,2717.098715,65.13797,2782.236686,3.122049,37507.0,20667.0,63396.0,0.0,0.0,2.0,0.087582,2.0,0.0,13156.0,13175.0,14077.0,14130.0,14552.0,14806.0,83896.0,10000.0
RR-a,rr,2,4,8,torus3d_transpose,8,0.7,8,10000,1,0,0,14.099,224000.0,90832.0,90256.0,0.4055,0.9936586225118901,0.141025,2875.527488,65.085579,2940.613067,3.121565,37682.0,20654.0,63485.0,0.0,0.0,2.0,0.087581,2.0,0.0,13096.0,13106.0,14043.0,14115.0,14631.0,15033.0,84024.0,10000.0
RR-a,rr,2,4,8,torus3d_transpose,8,0.75,8,10000,1,0,0,14.364,240000.0,90646.0,90033.0,0.37769166666666665,0.9932374291198729,0.1406765625,3035.360979,65.187309,3100.548288,3.124588,38302.0,20701.0,63455.0,0.0,0.0,2.0,0.0874,2.0,0.0,12976.0,13193.0,13935.0,14179.0,14596.0,14921.0,83800.0,10000.0
RR-a,rr,2,4,8,torus3d_transpose,8,0.8,8,10000,1,0,0,14.628,256000.0,91036.0,90434.0,0.355609375,0.9933872314249308,0.141303125,3141.530088,64.688756,3206.218845,3.120331,37774.0,20689.0,63283.0,0.0,0.0,2.0,0.087328,2.0,0.0,13085.0,13218.0,14200.0,14135.0,14699.0,14863.0,84200.0,10000.0
RR-a,rr,2,4,8,torus3d_transpose,8,0.85,8,10000,1,0,0,14.269,272000.0,90941.0,90339.0,0.3343419117647059,0.9933803235064492,0.1411546875,3250.674393,64.779331,3315.453724,3.120114,37971.0,20634.0,63062.0,0.0,0.0,2.0,0.086902,2.0,0.0,13231.0,13096.0,14083.0,14158.0,14572.0,14968.0,84108.0,10000.0
RR-a,rr,2,4,8,torus3d_transpose,8,0.9,8,10000,1,0,0,14.692,288000.0,90575.0,90005.0,0.31449652777777776,0.9937068727573833,0.1406328125,3355.45933,65.395811,3420.855141,3.119582,37643.0,20525.0,63171.0,0.0,0.0,2.0,0.086939,2.0,0.0,13067.0,13228.0,13998.0,14057.0,14474.0,14942.0,83766.0,10000.0
RR-a,rr,2,4,8,torus3d_transpose,8,0.95,8,10000,1,0,0,14.601,304000.0,90637.0,90001.0,0.29814802631578946,0.9929829981133532,0.1406265625,3411.66747,65.10721,3476.77468,3.120988,37440.0,20537.0,62949.0,0.0,0.0,2.0,0.085611,2.0,0.0,13143.0,13218.0,14009.0,14046.0,14369.0,14975.0,83760.0,10000.0
RR-a,rr,2,4,8,torus3d_transpose,8,1.0,8,10000,1,0,0,14.305,320000.0,90761.0,90159.0,0.283628125,0.9933671951609171,0.1408734375,3495.590224,64.929048,3560.519272,3.124547,37946.0,20650.0,63224.0,0.0,0.0,2.0,0.087713,2.0,0.0,13303.0,13045.0,14175.0,14189.0,14501.0,14701.0,83914.0,10000.0
STV-a,starve,2,4,8,torus3d_transpose,8,0.05,8,10000,1,0,0,12.243,16000.0,15937.0,15849.0,0.9960625,0.9944782581414319,0.0247640625,2.033882,43.949776,45.983658,2.992492,126.0,82.0,24927.0,422560.0,0.0,1.0,0.182939,3.0,67777.0,2503.0,2534.0,2444.0,2419.0,2466.0,2499.0,14865.0,10000.0
STV-a,starve,2,4,8,torus3d_transpose,8,0.1,8,10000,1,0,0,12.793,32000.0,31898.0,31731.0,0.9968125,0.9947645620415073,0.0495796875,2.251993,44.113076,46.365069,3.007658,1341.0,829.0,38245.0,414432.0,0.0,1.0,0.196193,4.0,64765.0,4968.0,4971.0,4950.0,4943.0,4931.0,5026.0,29789.0,10000.0
STV-a,starve,2,4,8,torus3d_transpose,8,0.15,8,10000,1,0,0,12.486,48000.0,47888.0,47644.0,0.9976666666666667,0.9949047778149014,0.07444375,2.873856,44.391298,47.265154,3.030728,4707.0,2761.0,60078.0,402090.0,0.0,1.0,0.210877,3.0,63668.0,7377.0,7343.0,7421.0,7483.0,7633.0,7467.0,44724.0,10000.0
STV-a,starve,2,4,8,torus3d_transpose,8,0.2,8,10000,1,0,0,13.771,64000.0,64021.0,63702.0,1.000328125,0.9950172599615751,0.099534375,4.373646,44.790933,49.164579,3.053719,10877.0,6235.0,86243.0,386920.0,0.0,1.0,0.223044,3.0,61340.0,9891.0,9852.0,9804.0,9881.0,10269.0,10071.0,59768.0,10000.0
STV-a,starve,2,4,8,torus3d_transpose,8,0.25,8,10000,1,0,0,14.046,80000.0,79843.0,79443.0,0.9980375,0.9949901682051026,0.1241296875,8.63341,45.375187,54.008597,3.078534,19483.0,10743.0,107913.0,370510.0,0.0,1.0,0.229612,4.0,56982.0,12185.0,12243.0,12477.0,12243.0,12751.0,12585.0,74484.0,10000.0
STV-a,starve,2,4,8,torus3d_transpose,8,0.3,8,10000,1,0,0,14.418,96000.0,95304.0,94849.0,0.99275,0.9952258037438093,0.1482015625,40.448956,46.2747,86.723655,3.098905,29234.0,15478.0,126348.0,353509.0,0.0,1.0,0.233096,4.0,51413.0,14375.0,14462.0,14695.0,14800.0,15358.0,15246.0,88936.0,10000.0
STV-a,starve,2,4,8,torus3d_transpose,8,0.35,8,10000,1,0,0,14.713,112000.0,100259.0,99788.0,0.8951696428571428,0.995302167386469,0.15591875,498.634475,46.502235,545.13671,3.099711,31392.0,16510.0,133880.0,347577.0,0.0,1.0,0.234013,4.0,49004.0,15122.0,14994.0,15603.0,15621.0,16128.0,16139.0,93607.0,10000.0
STV-a,starve,2,4,8,torus3d_transpose,8,0.4,8,10000,1,0,0,15.232,128000.0,100400.0,99914.0,0.784375,0.9951593625498008,0.156115625,1046.986398,46.61667,1093.603069,3.10471,32243.0,16601.0,133093.0,347417.0,0.0,1.0,0.236295,4.0,49386.0,15018.0,14859.0,15713.0,15596.0,16359.0,16156.0,93701.0,10000.0
STV-a,starve,2,4,8,torus3d_transpose,8,0.45,8,10000,1,0,0,15.128,144000.0,100448.0,99971.0,0.6975555555555556,0.9952512742911755,0.1562046875,1486.232998,46.677416,1532.910414,3.10368,32409.0,16829.0,134364.0,347572.0,0.0,1.0,0.236376,4.0,49386.0,14917.0,15131.0,15746.0,15594.0,16155.0,16209.0,93752.0,10000.0
STV-a,starve,2,4,8,torus3d_transpose,8,0.5,8,10000,1,0,0,15.319,160000.0,100478.0,100006.0,0.6279875,0.9953024542685961,0.156259375,1841.074906,46.558966,1887.633872,3.102194,31863.0,16607.0,136718.0,347456.0,0.0,1.0,0.236297,4.0,49839.0,15119.0,15148.0,15701.0,15553.0,16114.0,16162.0,93797.0,10000.0
STV-a,starve,2,4,8,torus3d_transpose,8,0.55,8,10000,1,0,0,14.880,176000.0,100522.0,100038.0,0.5711477272727272,0.9951851336025944,0.156309375,2125.602011,46.535526,2172.137538,3.102761,32100.0,16565.0,137626.0,347482.0,0.0,1.0,0.236576,4.0,49622.0,15007.0,15153.0,15638.0,15631.0,16261.0,16125.0,93815.0,10000.0
STV-a,starve,2,4,8,torus3d_transpose,8,0.6,8,10000,1,0,0,15.172,192000.0,100502.0,100022.0,0.5234479166666667,0.9952239756422758,0.156284375,2364.842415,46.59301,2411.435424,3.101158,31709.0,16484.0,139246.0,347329.0,0.0,1.0,0.23727,4.0,48927.0,14765.0,15078.0,15694.0,15701.0,16075.0,16482.0,93795.0,10000.0
STV-a,starve,2,4,8,torus3d_transpose,8,0.65,8,10000,1,0,0,15.225,208000.0,100509.0,100030.0,0.4832163461538462,0.99523425762867,0.156296875,2563.651155,46.53309,2610.184245,3.10027,31540.0,16509.0,136596.0,347179.0,0.0,1.0,0.235523,4.0,48862.0,14902.0,15130.0,15625.0,15640.0,16321.0,16194.0,93812.0,10000.0
STV-a,starve,2,4,8,torus3d_transpose,8,0.7,8,10000,1,0,0,15.429,224000.0,100486.0,100013.0,0.4485982142857143,0.9952928766196286,0.1562703125,2735.008729,46.495506,2781.504234,3.099097,31542.0,16562.0,142739.0,347266.0,0.0,1.0,0.235418,4.0,48353.0,14855.0,15173.0,15513.0,15726.0,16268.0,16257.0,93792.0,10000.0
STV-a,starve,2,4,8,torus3d_transpose,8,0.75,8,10000,1,0,0,15.247,240000.0,100542.0,100062.0,0.418925,0.9952258757534165,0.156346875,2883.420799,46.556575,2929.977374,3.102676,32065.0,16611.0,142480.0,347230.0,0.0,1.0,0.235969,4.0,49236.0,15104.0,15209.0,15602.0,15574.0,16390.0,15963.0,93842.0,10000.0
STV-a,starve,2,4,8,torus3d_transpose,8,0.8,8,10000,1,0,0,14.516,256000.0,100562.0,100077.0,0.3928203125,0.9951771046717448,0.1563703125,3012.933381,46.516223,3059.449604,3.101512,32010.0,16662.0,144384.0,347425.0,0.0,1.0,0.234421,4.0,49033.0,15031.0,15176.0,15585.0,15443.0,16385.0,16235.0,93855.0,10000.0
STV-a,starve,2,4,8,torus3d_transpose,8,0.85,8,10000,1,0,0,14.534,272000.0,100558.0,100076.0,0.36969852941176473,0.9952067463553372,0.15636875,3129.224969,46.492895,3175.717864,3.100963,31549.0,16425.0,140425.0,346953.0,0.0,1.0,0.234846,4.0,48705.0,14955.0,15076.0,15655.0,15911.0,16225.0,16041.0,93863.0,10000.0
STV-a,starve,2,4,8,torus3d_transpose,8,0.9,8,10000,1,0,0,14.893,288000.0,100568.0,100100.0,0.3491944444444444,0.9953464322647363,0.15640625,3232.344356,46.452547,3278.796903,3.098262,31388.0,16477.0,139696.0,347202.0,0.0,1.0,0.23467,4.0,48148.0,15236.0,14935.0,15608.0,15642.0,16263.0,16199.0,93883.0,10000.0
STV-a,starve,2,4,8,torus3d_transpose,8,0.95,8,10000,1,0,0,14.819,304000.0,100538.0,100066.0,0.3307171052631579,0.9953052577135013,0.156353125,3323.895699,46.553035,3370.448734,3.099454,31548.0,16504.0,140975.0,347098.0,0.0,1.0,0.236063,4.0,48784.0,15095.0,14929.0,15933.0,15513.0,16251.0,16120.0,93841.0,10000.0
STV-a,starve,2,4,8,torus3d_transpose,8,1.0,8,10000,1,0,0,15.092,320000.0,100536.0,100060.0,0.314175,0.9952653775761916,0.15634375,3408.407795,46.586668,3454.994463,3.104058,32214.0,16675.0,141703.0,347175.0,0.0,1.0,0.235274,4.0,48739.0,14959.0,15235.0,15529.0,15696.0,16233.0,16187.0,93839.0,10000.0
RR-b,rr,1,6,8,torus3d_transpose,8,0.05,8,10000,1,0,0,10.654,16000.0,15937.0,15847.0,0.9960625,0.9943527640082827,0.0247609375,2.034013,47.666751,49.700764,3.183694,10765.0,6464.0,20990.0,0.0,0.0,3.0,0.008146,1.0,0.0,2298.0,2437.0,2463.0,2518.0,2527.0,2615.0,14858.0,10000.0
RR-b,rr,1,6,8,torus3d_transpose,8,0.1,8,10000,1,0,0,11.328,32000.0,31898.0,31706.0,0.9968125,0.9939808138441282,0.049540625,2.402227,52.771526,55.173753,3.191573,21675.0,12710.0,40232.0,0.0,0.0,3.0,0.015096,2.0,0.0,4765.0,4853.0,4866.0,5053.0,5135.0,5082.0,29754.0,10000.0
RR-b,rr,1,6,8,torus3d_transpose,8,0.15,8,10000,1,0,0,14.164,48000.0,28362.0,27559.0,0.590875,0.9716874691488612,0.0430609375,931.374506,219.321238,1150.695744,3.164846,28433.0,16149.0,31420.0,0.0,0.0,3.0,0.027831,2.0,0.0,2502.0,2631.0,3749.0,3806.0,5974.0,5934.0,24596.0,10000.0
RR-b,rr,1,6,8,torus3d_transpose,8,0.2,8,10000,1,0,0,14.565,64000.0,27314.0,26514.0,0.42678125,0.9707109907007395,0.041428125,1730.284076,242.977446,1973.261522,3.022479,27105.0,15483.0,28886.0,0.0,0.0,3.0,0.028166,2.0,0.0,2329.0,2162.0,3147.0,3046.0,5884.0,5972.0,22540.0,10000.0
RR-b,rr,1,6,8,torus3d_transpose,8,0.25,8,10000,1,0,0,14.730,80000.0,27946.0,27147.0,0.349325,0.971409146210549,0.0424171875,2057.836372,242.757911,2300.594283,2.90522,27597.0,15740.0,28062.0,0.0,0.0,3.0,0.02758,2.0,0.0,1927.0,1974.0,3264.0,3092.0,5959.0,5917.0,22133.0,10000.0
RR-b,rr,1,6,8,torus3d_transpose,8,0.3,8,10000,1,0,0,15.090,96000.0,28497.0,27708.0,0.29684375,0.9723128750394778,0.04329375,2220.059261,234.603869,2454.66313,2.799625,27380.0,15437.0,27591.0,0.0,0.0,3.0,0.028871,1.0,0.0,2106.0,1849.0,3149.0,2788.0,5826.0,6018.0,21736.0,10000.0
RR-b,rr,1,6,8,torus3d_transpose,8,0.35,8,10000,1,0,0,15.139,112000.0,29047.0,28246.0,0.2593482142857143,0.9724240024787414,0.044134375,2513.966544,233.341393,2747.307937,2.769808,28060.0,15832.0,27303.0,0.0,0.0,3.0,0.027548,2.0,0.0,1994.0,1941.0,3174.0,3006.0,5935.0,5936.0,21986.0,10000.0
RR-b,rr,1,6,8,torus3d_transpose,8,0.4,8,10000,1,0,0,14.931,128000.0,28324.0,27530.0,0.22128125,0.9719672362660641,0.043015625,2695.758881,236.691464,2932.450345,2.750091,27747.0,15620.0,26296.0,0.0,0.0,3.0,0.029062,2.0,0.0,1831.0,1773.0,3229.0,3049.0,5592.0,5778.0,21252.0,10000.0
RR-b,rr,1,6,8,torus3d_transpose,8,0.45,8,10000,1,0,0,15.432,144000.0,29661.0,28868.0,0.20597916666666666,0.9732645561511749,0.04510625,2968.021546,233.279652,3201.301199,2.793266,27726.0,15943.0,28785.0,0.0,0.0,3.0,0.029437,2.0,0.0,2315.0,2115.0,3234.0,3123.0,5831.0,5961.0,22579.0,10000.0
RR-b,rr,1,6,8,torus3d_transpose,8,0.5,8,10000,1,0,0,15.208,160000.0,28569.0,27769.0,0.17855625,0.9719976197976828,0.0433890625,3064.46786,235.140336,3299.608196,2.75199,27493.0,15563.0,26656.0,0.0,0.0,3.0,0.026957,2.0,0.0,1876.0,1855.0,3239.0,3012.0,5718.0,5780.0,21480.0,10000.0
RR-b,rr,1,6,8,torus3d_transpose,8,0.55,8,10000,1,0,0,15.664,176000.0,29182.0,28390.0,0.1658068181818182,0.9728599821807964,0.044359375,3224.721803,232.361994,3457.083797,2.780416,27104.0,15597.0,28394.0,0.0,0.0,3.0,0.032602,2.0,0.0,2168.0,1975.0,3317.0,3020.0,5741.0,5876.0,22097.0,10000.0
RR-b,rr,1,6,8,torus3d_transpose,8,0.6,8,10000,1,0,0,15.696,192000.0,28391.0,27594.0,0.14786979166666667,0.9719277235743722,0.043115625,3342.008335,237.392549,3579.400884,2.739219,27687.0,15637.0,26594.0,0.0,0.0,3.0,0.029192,2.0,0.0,1848.0,1829.0,3268.0,2904.0,5626.0,5832.0,21307.0,10000.0
RR-b,rr,1,6,8,torus3d_transpose,8,0.65,8,10000,1,0,0,15.764,208000.0,28695.0,27910.0,0.13795673076923076,0.9726433176511587,0.043609375,3422.829918,232.776747,3655.606664,2.766034,27498.0,15508.0,27252.0,0.0,0.0,3.0,0.028058,2.0,0.0,2041.0,1875.0,3086.0,2907.0,5937.0,5778.0,21624.0,10000.0
RR-b,rr,1,6,8,torus3d_transpose,8,0.7,8,10000,1,0,0,16.165,224000.0,29128.0,28334.0,0.13003571428571428,0.9727410052183466,0.044271875,3499.565116,235.243383,3734.808499,2.780405,27505.0,15770.0,27948.0,0.0,0.0,3.0,0.028551,2.0,0.0,2093.0,1953.0,3264.0,3130.0,5780.0,5821.0,22041.0,10000.0
RR-b,rr,1,6,8,torus3d_transpose,8,0.75,8,10000,1,0,0,15.931,240000.0,28674.0,27891.0,0.119475,0.972693032015066,0.0435796875,3558.081209,233.324621,3791.40583,2.754795,27535.0,15577.0,27187.0,0.0,0.0,3.0,0.026931,2.0,0.0,2138.0,1898.0,3164.0,2853.0,5703.0,5851.0,21607.0,10000.0
RR-b,rr,1,6,8,torus3d_transpose,8,0.8,8,10000,1,0,0,16.034,256000.0,29057.0,28278.0,0.11350390625,0.9731906253226417,0.044184375,3619.072707,232.1324,3851.205106,2.769078,27562.0,15676.0,27746.0,0.0,0.0,3.0,0.027678,2.0,0.0,2127.0,2004.0,3177.0,2857.0,5922.0,5903.0,21990.0,10000.0
RR-b,rr,1,6,8,torus3d_transpose,8,0.85,8,10000,1,0,0,16.021,272000.0,29258.0,28471.0,0.10756617647058823,0.9731013739831841,0.0444859375,3648.367743,229.62727,3877.995012,2.772997,27876.0,15844.0,27941.0,0.0,0.0,3.0,0.026527,2.0,0.0,2093.0,1989.0,3050.0,2981.0,6078.0,5993.0,22184.0,10000.0
RR-b,rr,1,6,8,torus3d_transpose,8,0.9,8,10000,1,0,0,16.224,288000.0,29981.0,29202.0,0.10410069444444445,0.9740168773556586,0.045628125,3740.274296,226.632936,3966.907232,2.806794,28077.0,16099.0,28965.0,0.0,0.0,3.0,0.027898,2.0,0.0,2304.0,2119.0,3208.0,3112.0,6054.0,6112.0,22909.0,10000.0
RR-b,rr,1,6,8,torus3d_transpose,8,0.95,8,10000,1,0,0,16.197,304000.0,29216.0,28409.0,0.09610526315789474,0.9723781489594743,0.0443890625,3812.591115,237.188989,4049.780105,2.788271,27711.0,15661.0,28147.0,0.0,0.0,3.0,0.028652,2.0,0.0,2078.0,2149.0,3261.0,2952.0,5753.0,5927.0,22120.0,10000.0
RR-b,rr,1,6,8,torus3d_transpose,8,1.0,8,10000,1,0,0,16.492,320000.0,28651.0,27853.0,0.089534375,0.9721475690202785,0.0435203125,3784.433275,233.871253,4018.304527,2.753671,27270.0,15405.0,26949.0,0.0,0.0,3.0,0.027981,2.0,0.0,2114.0,1942.0,3109.0,2817.0,5859.0,5720.0,21561.0,10000.0
STV-b,starve,1,6,8,torus3d_transpose,8,0.05,8,10000,1,0,0,11.296,16000.0,15937.0,15849.0,0.9960625,0.9944782581414319,0.0247640625,2.033882,44.325131,46.359013,3.029844,1890.0,1121.0,117683.0,815482.0,0.0,2.0,0.309672,3.0,242049.0,2437.0,2448.0,2514.0,2455.0,2474.0,2537.0,14865.0,10000.0
STV-b,starve,1,6,8,torus3d_transpose,8,0.1,8,10000,1,0,0,11.682,32000.0,31898.0,31728.0,0.9968125,0.9946705122578218,0.049575,2.251481,44.872479,47.12396,3.069592,7520.0,4262.0,159397.0,781856.0,0.0,2.0,0.3227,4.0,230959.0,4856.0,4964.0,4998.0,4883.0,4952.0,5132.0,29785.0,10000.0
STV-b,starve,1,6,8,torus3d_transpose,8,0.15,8,10000,1,0,0,11.741,48000.0,47888.0,47641.0,0.9976666666666667,0.9948421316404945,0.0744390625,2.880544,45.583783,48.464327,3.103755,15998.0,8619.0,192930.0,749808.0,0.0,2.0,0.330869,4.0,215308.0,7254.0,7206.0,7370.0,7336.0,7761.0,7789.0,44716.0,10000.0
STV-b,starve,1,6,8,torus3d_transpose,8,0.2,8,10000,1,0,0,12.402,64000.0,64020.0,63687.0,1.0003125,0.9947985004686035,0.0995109375,4.412659,46.646694,51.059353,3.127954,26199.0,13508.0,223996.0,718587.0,0.0,2.0,0.336706,4.0,198928.0,9384.0,9576.0,9955.0,9960.0,10464.0,10411.0,59750.0,10000.0
STV-b,starve,1,6,8,torus3d_transpose,8,0.25,8,10000,1,0,0,12.233,80000.0,79842.0,79422.0,0.998025,0.9947396107311941,0.124096875,8.882778,47.965904,56.848682,3.143109,36172.0,17809.0,247360.0,687646.0,0.0,2.0,0.342689,4.0,184380.0,11676.0,11672.0,12362.0,12241.0,13344.0,13158.0,74453.0,10000.0
STV-b,starve,1,6,8,torus3d_transpose,8,0.3,8,10000,1,0,0,12.688,96000.0,95179.0,94687.0,0.9914479166666667,0.9948307925067504,0.1479484375,48.375659,49.618057,97.993716,3.143663,43214.0,20988.0,264610.0,655853.0,0.0,2.0,0.343041,4.0,166280.0,13782.0,13931.0,14764.0,14870.0,15661.0,15774.0,88782.0,10000.0
STV-b,starve,1,6,8,torus3d_transpose,8,0.35,8,10000,1,0,0,12.821,112000.0,99452.0,98951.0,0.8879642857142858,0.9949623939186744,0.1546109375,532.624915,49.971248,582.596164,3.150549,44968.0,21657.0,277692.0,646606.0,0.0,2.0,0.342785,4.0,161029.0,14503.0,14552.0,15342.0,15517.0,16406.0,16440.0,92760.0,10000.0
STV-b,starve,1,6,8,torus3d_transpose,8,0.4,8,10000,1,0,0,12.977,128000.0,99605.0,99106.0,0.7781640625,0.9949902113347724,0.154853125,1077.420792,50.011019,1127.43181,3.147277,44733.0,21657.0,275087.0,646327.0,0.0,2.0,0.341866,4.0,160949.0,14482.0,14618.0,15367.0,15441.0,16421.0,16553.0,92882.0,10000.0
STV-b,starve,1,6,8,torus3d_transpose,8,0.45,8,10000,1,0,0,13.207,144000.0,99640.0,99133.0,0.6919444444444445,0.9949116820553995,0.1548953125,1515.152815,50.133326,1565.286141,3.148659,44801.0,21549.0,277404.0,646108.0,0.0,2.0,0.341673,4.0,160367.0,14531.0,14532.0,15442.0,15395.0,16417.0,16605.0,92922.0,10000.0
STV-b,starve,1,6,8,torus3d_transpose,8,0.5,8,10000,1,0,0,13.729,160000.0,99700.0,99188.0,0.623125,0.9948645937813441,0.15498125,1864.441374,50.013217,1914.454591,3.146369,44475.0,21496.0,273671.0,646124.0,0.0,2.0,0.34167,4.0,160530.0,14468.0,14434.0,15317.0,15401.0,16674.0,16664.0,92958.0,10000.0
STV-b,starve,1,6,8,torus3d_transpose,8,0.55,8,10000,1,0,0,13.519,176000.0,99696.0,99181.0,0.5664545454545454,0.9948342962606324,0.1549703125,2148.616731,50.137274,2198.754005,3.147054,44535.0,21551.0,274843.0,645940.0,0.0,2.0,0.341624,4.0,159297.0,14362.0,14687.0,15471.0,15506.0,16387.0,16548.0,92961.0,10000.0
STV-b,starve,1,6,8,torus3d_transpose,8,0.6,8,10000,1,0,0,13.913,192000.0,99706.0,99208.0,0.5193020833333334,0.9950053156279461,0.1550125,2384.029131,50.015785,2434.044916,3.147105,44664.0,21553.0,278366.0,646185.0,0.0,2.0,0.342704,4.0,159891.0,14322.0,14626.0,15612.0,15501.0,16441.0,16479.0,92981.0,10000.0
STV-b,starve,1,6,8,torus3d_transpose,8,0.65,8,10000,1,0,0,13.714,208000.0,99705.0,99202.0,0.4793509615384615,0.9949551175969109,0.155003125,2582.970797,50.062952,2633.033749,3.147396,44714.0,21567.0,278999.0,646086.0,0.0,2.0,0.343429,4.0,159717.0,14456.0,14662.0,15495.0,15498.0,16461.0,16407.0,92979.0,10000.0
STV-b,starve,1,6,8,torus3d_transpose,8,0.7,8,10000,1,0,0,14.249,224000.0,99662.0,99155.0,0.44491964285714286,0.9949128052818527,0.1549296875,2753.06033,49.977449,2803.037779,3.146871,44558.0,21452.0,276725.0,646237.0,0.0,2.0,0.342828,4.0,159797.0,14422.0,14595.0,15425.0,15315.0,16487.0,16683.0,92927.0,10000.0
STV-b,starve,1,6,8,torus3d_transpose,8,0.75,8,10000,1,0,0,13.940,240000.0,99653.0,99155.0,0.4152208333333333,0.9950026592275195,0.1549296875,2900.437477,50.17397,2950.611447,3.148263,44559.0,21521.0,281426.0,646114.0,0.0,2.0,0.340063,4.0,158802.0,14482.0,14600.0,15378.0,15265.0,16482.0,16732.0,92939.0,10000.0
STV-b,starve,1,6,8,torus3d_transpose,8,0.8,8,10000,1,0,0,14.620,256000.0,99705.0,99209.0,0.38947265625,0.9950253247078883,0.1550140625,3029.472215,50.145128,3079.617343,3.147356,44501.0,21517.0,278667.0,645931.0,0.0,2.0,0.342268,4.0,159276.0,14434.0,14553.0,15459.0,15436.0,16561.0,16527.0,92970.0,10000.0
STV-b,starve,1,6,8,torus3d_transpose,8,0.85,8,10000,1,0,0,14.227,272000.0,99771.0,99266.0,0.36680514705882356,0.9949384089565104,0.155103125,3142.94141,49.971722,3192.913132,3.145568,44364.0,21574.0,281597.0,646096.0,0.0,2.0,0.34049,4.0,159082.0,14566.0,14597.0,15454.0,15597.0,16315.0,16513.0,93042.0,10000.0
STV-b,starve,1,6,8,torus3d_transpose,8,0.9,8,10000,1,0,0,14.396,288000.0,99702.0,99198.0,0.3461875,0.9949449359090089,0.154996875,3247.62091,49.999415,3297.620325,3.145608,44386.0,21461.0,281427.0,646025.0,0.0,2.0,0.342873,4.0,159483.0,14302.0,14589.0,15399.0,15449.0,16574.0,16654.0,92967.0,10000.0
STV-b,starve,1,6,8,torus3d_transpose,8,0.95,8,10000,1,0,0,14.059,304000.0,99721.0,99206.0,0.3280296052631579,0.9948355912997262,0.155009375,3336.54408,49.985273,3386.529353,3.146402,44327.0,21526.0,282610.0,646182.0,0.0,2.0,0.340237,4.0,158603.0,14324.0,14584.0,15442.0,15545.0,16509.0,16576.0,92980.0,10000.0
STV-b,starve,1,6,8,torus3d_transpose,8,1.0,8,10000,1,0,0,14.106,320000.0,99735.0,99219.0,0.311671875,0.9948262896676192,0.1550296875,3419.153761,50.03457,3469.188331,3.147038,44450.0,21583.0,278556.0,645990.0,0.0,2.0,0.342069,4.0,159877.0,14547.0,14624.0,15458.0,15404.0,16382.0,16582.0,92997.0,10000.0
PRIV,private,,0,8,torus3d_neighbor,8,0.05,4,10000,1,0,0,9.181,16000.0,15937.0,15883.0,0.9960625,0.9966116584049696,0.0248171875,2.03381,26.0,28.03381,1.0,0.0,0.0,0.0,0.0,0.0,0.0,nan,nan,0.0,0.0,0.0,0.0,0.0,0.0,0.0,0.0,10000.0
PRIV,private,,0,8,torus3d_neighbor,8,0.1,4,10000,1,0,0,9.473,32000.0,31898.0,31801.0,0.9968125,0.9969590569941689,0.0496890625,2.250873,26.0,28.250873,1.0,0.0,0.0,0.0,0.0,0.0,0.0,nan,nan,0.0,0.0,0.0,0.0,0.0,0.0,0.0,0.0,10000.0
PRIV,private,,0,8,torus3d_neighbor,8,0.15,4,10000,1,0,0,9.396,48000.0,47888.0,47751.0,0.9976666666666667,0.997139158035416,0.0746109375,2.868673,26.0,28.868673,1.0,0.0,0.0,0.0,0.0,0.0,0.0,nan,nan,0.0,0.0,0.0,0.0,0.0,0.0,0.0,0.0,10000.0
PRIV,private,,0,8,torus3d_neighbor,8,0.2,4,10000,1,0,0,9.876,64000.0,64021.0,63834.0,1.000328125,0.9970790834257509,0.099740625,4.342247,26.0,30.342247,1.0,0.0,0.0,0.0,0.0,0.0,0.0,nan,nan,0.0,0.0,0.0,0.0,0.0,0.0,0.0,0.0,10000.0
PRIV,private,,0,8,torus3d_neighbor,8,0.25,4,10000,1,0,0,9.917,80000.0,79847.0,79614.0,0.9980875,0.9970819191704134,0.124396875,8.476951,26.0,34.476951,1.0,0.0,0.0,0.0,0.0,0.0,0.0,nan,nan,0.0,0.0,0.0,0.0,0.0,0.0,0.0,0.0,10000.0
PRIV,private,,0,8,torus3d_neighbor,8,0.3,4,10000,1,0,0,10.069,96000.0,95356.0,95083.0,0.9932916666666667,0.9971370443391082,0.1485671875,37.746358,26.0,63.746358,1.0,0.0,0.0,0.0,0.0,0.0,0.0,nan,nan,0.0,0.0,0.0,0.0,0.0,0.0,0.0,0.0,10000.0
PRIV,private,,0,8,torus3d_neighbor,8,0.35,4,10000,1,0,0,10.097,112000.0,100798.0,100530.0,0.8999821428571428,0.9973412170876407,0.157078125,477.077081,26.0,503.077081,1.0,0.0,0.0,0.0,0.0,0.0,0.0,nan,nan,0.0,0.0,0.0,0.0,0.0,0.0,0.0,0.0,10000.0
PRIV,private,,0,8,torus3d_neighbor,8,0.4,4,10000,1,0,0,10.351,128000.0,100989.0,100715.0,0.7889765625,0.9972868332194595,0.1573671875,1026.968406,26.0,1052.968406,1.0,0.0,0.0,0.0,0.0,0.0,0.0,nan,nan,0.0,0.0,0.0,0.0,0.0,0.0,0.0,0.0,10000.0
PRIV,private,,0,8,torus3d_neighbor,8,0.45,4,10000,1,0,0,10.339,144000.0,101028.0,100753.0,0.7015833333333333,0.9972779823415291,0.1574265625,1470.638214,26.0,1496.638214,1.0,0.0,0.0,0.0,0.0,0.0,0.0,nan,nan,0.0,0.0,0.0,0.0,0.0,0.0,0.0,0.0,10000.0
PRIV,private,,0,8,torus3d_neighbor,8,0.5,4,10000,1,0,0,10.287,160000.0,101052.0,100783.0,0.631575,0.9973380041958596,0.1574734375,1828.287509,26.0,1854.287509,1.0,0.0,0.0,0.0,0.0,0.0,0.0,nan,nan,0.0,0.0,0.0,0.0,0.0,0.0,0.0,0.0,10000.0
PRIV,private,,0,8,torus3d_neighbor,8,0.55,4,10000,1,0,0,10.216,176000.0,101061.0,100795.0,0.5742102272727273,0.9973679263019365,0.1574921875,2115.155236,26.0,2141.155236,1.0,0.0,0.0,0.0,0.0,0.0,0.0,nan,nan,0.0,0.0,0.0,0.0,0.0,0.0,0.0,0.0,10000.0
PRIV,private,,0,8,torus3d_neighbor,8,0.6,4,10000,1,0,0,10.194,192000.0,101071.0,100800.0,0.5264114583333334,0.9973187165457945,0.1575,2356.284365,26.0,2382.284365,1.0,0.0,0.0,0.0,0.0,0.0,0.0,nan,nan,0.0,0.0,0.0,0.0,0.0,0.0,0.0,0.0,10000.0
PRIV,private,,0,8,torus3d_neighbor,8,0.65,4,10000,1,0,0,10.200,208000.0,101077.0,100800.0,0.4859471153846154,0.9972595150232001,0.1575,2557.069782,26.0,2583.069782,1.0,0.0,0.0,0.0,0.0,0.0,0.0,nan,nan,0.0,0.0,0.0,0.0,0.0,0.0,0.0,0.0,10000.0
PRIV,private,,0,8,torus3d_neighbor,8,0.7,4,10000,1,0,0,10.280,224000.0,101084.0,100800.0,0.45126785714285716,0.9971904554627834,0.1575,2728.897143,26.0,2754.897143,1.0,0.0,0.0,0.0,0.0,0.0,0.0,nan,nan,0.0,0.0,0.0,0.0,0.0,0.0,0.0,0.0,10000.0
PRIV,private,,0,8,torus3d_neighbor,8,0.75,4,10000,1,0,0,10.223,240000.0,101092.0,100800.0,0.4212166666666667,0.9971115419617774,0.1575,2878.818115,26.0,2904.818115,1.0,0.0,0.0,0.0,0.0,0.0,0.0,nan,nan,0.0,0.0,0.0,0.0,0.0,0.0,0.0,0.0,10000.0
PRIV,private,,0,8,torus3d_neighbor,8,0.8,4,10000,1,0,0,10.478,256000.0,101102.0,100800.0,0.3949296875,0.9970129176475243,0.1575,3010.613591,26.0,3036.613591,1.0,0.0,0.0,0.0,0.0,0.0,0.0,nan,nan,0.0,0.0,0.0,0.0,0.0,0.0,0.0,0.0,10000.0
PRIV,private,,0,8,torus3d_neighbor,8,0.85,4,10000,1,0,0,10.490,272000.0,101104.0,100800.0,0.37170588235294116,0.9969931951258111,0.1575,3127.139107,26.0,3153.139107,1.0,0.0,0.0,0.0,0.0,0.0,0.0,nan,nan,0.0,0.0,0.0,0.0,0.0,0.0,0.0,0.0,10000.0
PRIV,private,,0,8,torus3d_neighbor,8,0.9,4,10000,1,0,0,10.651,288000.0,101111.0,100800.0,0.3510798611111111,0.9969241724441456,0.1575,3230.834841,26.0,3256.834841,1.0,0.0,0.0,0.0,0.0,0.0,0.0,nan,nan,0.0,0.0,0.0,0.0,0.0,0.0,0.0,0.0,10000.0
PRIV,private,,0,8,torus3d_neighbor,8,0.95,4,10000,1,0,0,10.400,304000.0,101115.0,100800.0,0.33261513157894734,0.9968847352024922,0.1575,3322.979722,26.0,3348.979722,1.0,0.0,0.0,0.0,0.0,0.0,0.0,nan,nan,0.0,0.0,0.0,0.0,0.0,0.0,0.0,0.0,10000.0
PRIV,private,,0,8,torus3d_neighbor,8,1.0,4,10000,1,0,0,10.334,320000.0,101120.0,100800.0,0.316,0.9968354430379747,0.1575,3406.64379,26.0,3432.64379,1.0,0.0,0.0,0.0,0.0,0.0,0.0,nan,nan,0.0,0.0,0.0,0.0,0.0,0.0,0.0,0.0,10000.0
RR-a,rr,2,4,8,torus3d_neighbor,8,0.05,8,10000,1,0,0,11.539,16000.0,15937.0,15881.0,0.9960625,0.9964861642718202,0.0248140625,2.03797,27.392167,29.430137,1.118506,5714.0,3826.0,128.0,0.0,0.0,2.0,0.000112,1.0,0.0,941.0,14957.0,0.0,0.0,0.0,0.0,15898.0,10000.0
RR-a,rr,2,4,8,torus3d_neighbor,8,0.1,8,10000,1,0,0,11.760,32000.0,31898.0,31791.0,0.9968125,0.9966455577152172,0.0496734375,2.42144,28.975779,31.397219,1.18219,17550.0,11742.0,128.0,0.0,0.0,2.0,2.7e-05,1.0,0.0,2897.0,28923.0,0.0,0.0,0.0,0.0,31820.0,10000.0
RR-a,rr,2,4,8,torus3d_neighbor,8,0.15,8,10000,1,0,0,12.322,48000.0,47874.0,47718.0,0.997375,0.9967414462965284,0.074559375,4.690892,31.179408,35.870301,1.220252,31627.0,21092.0,128.0,0.0,0.0,2.0,6.9e-05,1.0,0.0,5259.0,42493.0,0.0,0.0,0.0,0.0,47752.0,10000.0
RR-a,rr,2,4,8,torus3d_neighbor,8,0.2,8,10000,1,0,0,12.687,64000.0,63807.0,63576.0,0.996984375,0.9963797075555973,0.0993375,25.403501,34.265367,59.668869,1.241349,46183.0,30798.0,128.0,0.0,0.0,2.0,6.3e-05,1.0,0.0,7682.0,55941.0,0.0,0.0,0.0,0.0,63623.0,10000.0
RR-a,rr,2,4,8,torus3d_neighbor,8,0.25,8,10000,1,0,0,13.493,80000.0,71000.0,70739.0,0.8875,0.9963239436619719,0.1105296875,545.559522,36.119877,581.679399,1.24818,52857.0,35262.0,128.0,0.0,0.0,2.0,5.7e-05,1.0,0.0,8785.0,62008.0,0.0,0.0,0.0,0.0,70793.0,10000.0
RR-a,rr,2,4,8,torus3d_neighbor,8,0.3,8,10000,1,0,0,13.425,96000.0,71193.0,70927.0,0.74159375,0.9962636776087537,0.1108234375,1262.849423,36.161405,1299.010828,1.248453,53049.0,35388.0,128.0,0.0,0.0,2.0,5.6e-05,1.0,0.0,8818.0,62168.0,0.0,0.0,0.0,0.0,70986.0,10000.0
RR-a,rr,2,4,8,torus3d_neighbor,8,0.35,8,10000,1,0,0,13.605,112000.0,71239.0,70965.0,0.6360625,0.9961537921644044,0.1108828125,1777.127302,36.172085,1813.299387,1.248545,53094.0,35416.0,128.0,0.0,0.0,2.0,5.6e-05,1.0,0.0,8827.0,62209.0,0.0,0.0,0.0,0.0,71036.0,10000.0
RR-a,rr,2,4,8,torus3d_neighbor,8,0.4,8,10000,1,0,0,13.306,128000.0,71274.0,70991.0,0.556828125,0.9960294076381289,0.1109234375,2174.594216,36.174938,2210.769154,1.248567,53119.0,35432.0,128.0,0.0,0.0,2.0,4.5e-05,1.0,0.0,8832.0,62241.0,0.0,0.0,0.0,0.0,71073.0,10000.0
RR-a,rr,2,4,8,torus3d_neighbor,8,0.45,8,10000,1,0,0,13.334,144000.0,71295.0,71009.0,0.4951041666666667,0.9959884984921804,0.1109515625,2487.356096,36.176428,2523.532524,1.24856,53135.0,35442.0,128.0,0.0,0.0,2.0,5.6e-05,1.0,0.0,8836.0,62256.0,0.0,0.0,0.0,0.0,71092.0,10000.0
RR-a,rr,2,4,8,torus3d_neighbor,8,0.5,8,10000,1,0,0,13.527,160000.0,71321.0,71019.0,0.44575625,0.9957656230282806,0.1109671875,2742.313648,36.178586,2778.492234,1.248666,53152.0,35451.0,128.0,0.0,0.0,2.0,4.5e-05,1.0,0.0,8839.0,62276.0,0.0,0.0,0.0,0.0,71115.0,10000.0
RR-a,rr,2,4,8,torus3d_neighbor,8,0.55,8,10000,1,0,0,13.407,176000.0,71332.0,71023.0,0.40529545454545457,0.9956681433297818,0.1109734375,2944.428706,36.17928,2980.607986,1.248708,53161.0,35455.0,128.0,0.0,0.0,2.0,0.000113,1.0,0.0,8842.0,62283.0,0.0,0.0,0.0,0.0,71125.0,10000.0
RR-a,rr,2,4,8,torus3d_neighbor,8,0.6,8,10000,1,0,0,13.478,192000.0,71342.0,71024.0,0.37157291666666664,0.9955425976283255,0.110975,3114.410326,36.179615,3150.589941,1.248705,53165.0,35456.0,128.0,0.0,0.0,2.0,9e-05,1.0,0.0,8845.0,62289.0,0.0,0.0,0.0,0.0,71134.0,10000.0
RR-a,rr,2,4,8,torus3d_neighbor,8,0.65,8,10000,1,0,0,13.171,208000.0,71347.0,71024.0,0.3430144230769231,0.9954728299718278,0.110975,3256.075679,36.180376,3292.256054,1.248705,53166.0,35456.0,128.0,0.0,0.0,2.0,5.6e-05,1.0,0.0,8846.0,62293.0,0.0,0.0,0.0,0.0,71139.0,10000.0
RR-a,rr,2,4,8,torus3d_neighbor,8,0.7,8,10000,1,0,0,13.331,224000.0,71352.0,71024.0,0.3185357142857143,0.995403072093284,0.110975,3377.664282,36.180615,3413.844897,1.248705,53167.0,35456.0,128.0,0.0,0.0,2.0,5.6e-05,1.0,0.0,8847.0,62297.0,0.0,0.0,0.0,0.0,71144.0,10000.0
RR-a,rr,2,4,8,torus3d_neighbor,8,0.75,8,10000,1,0,0,13.244,240000.0,71357.0,71024.0,0.2973208333333333,0.9953333239906387,0.110975,3482.467194,36.18084,3518.648034,1.248705,53168.0,35456.0,128.0,0.0,0.0,2.0,5.6e-05,1.0,0.0,8848.0,62301.0,0.0,0.0,0.0,0.0,71149.0,10000.0
RR-a,rr,2,4,8,torus3d_neighbor,8,0.8,8,10000,1,0,0,13.048,256000.0,71358.0,71024.0,0.2787421875,0.9953193755430365,0.110975,3574.711309,36.180953,3610.892262,1.248705,53168.0,35456.0,128.0,0.0,0.0,2.0,4.5e-05,1.0,0.0,8848.0,62302.0,0.0,0.0,0.0,0.0,71150.0,10000.0
RR-a,rr,2,4,8,torus3d_neighbor,8,0.85,8,10000,1,0,0,13.459,272000.0,71358.0,71024.0,0.26234558823529414,0.9953193755430365,0.110975,3656.914508,36.181094,3693.095601,1.248705,53168.0,35456.0,128.0,0.0,0.0,2.0,4.5e-05,1.0,0.0,8848.0,62302.0,0.0,0.0,0.0,0.0,71150.0,10000.0
RR-a,rr,2,4,8,torus3d_neighbor,8,0.9,8,10000,1,0,0,12.978,288000.0,71358.0,71024.0,0.24777083333333333,0.9953193755430365,0.110975,3729.973051,36.181235,3766.154286,1.248705,53168.0,35456.0,128.0,0.0,0.0,2.0,2.3e-05,1.0,0.0,8848.0,62302.0,0.0,0.0,0.0,0.0,71150.0,10000.0
RR-a,rr,2,4,8,torus3d_neighbor,8,0.95,8,10000,1,0,0,13.197,304000.0,71360.0,71024.0,0.23473684210526316,0.9952914798206278,0.110975,3794.663607,36.181263,3830.844869,1.248705,53168.0,35456.0,128.0,0.0,0.0,2.0,2.3e-05,1.0,0.0,8848.0,62304.0,0.0,0.0,0.0,0.0,71152.0,10000.0
RR-a,rr,2,4,8,torus3d_neighbor,8,1.0,8,10000,1,0,0,12.990,320000.0,71360.0,71024.0,0.223,0.9952914798206278,0.110975,3854.241017,36.181347,3890.422364,1.248705,53168.0,35456.0,128.0,0.0,0.0,2.0,nan,nan,0.0,8848.0,62304.0,0.0,0.0,0.0,0.0,71152.0,10000.0
STV-a,starve,2,4,8,torus3d_neighbor,8,0.05,8,10000,1,0,0,12.080,16000.0,15937.0,15883.0,0.9960625,0.9966116584049696,0.0248171875,2.03381,26.123906,28.157716,1.013725,651.0,433.0,21907.0,423812.0,0.0,1.0,0.375764,3.0,159396.0,109.0,15793.0,0.0,0.0,0.0,0.0,15902.0,10000.0
STV-a,starve,2,4,8,torus3d_neighbor,8,0.1,8,10000,1,0,0,12.331,32000.0,31898.0,31800.0,0.9968125,0.9969277070662738,0.0496875,2.250881,26.322421,28.573302,1.03566,3495.0,2361.0,26044.0,420358.0,0.0,1.0,0.376338,3.0,158738.0,567.0,31267.0,0.0,0.0,0.0,0.0,31834.0,10000.0
STV-a,starve,2,4,8,torus3d_neighbor,8,0.15,8,10000,1,0,0,12.844,48000.0,47888.0,47748.0,0.9976666666666667,0.997076511861009,0.07460625,2.868434,26.523771,29.392205,1.057845,8554.0,5785.0,45256.0,416734.0,0.0,1.0,0.376519,3.0,157978.0,1383.0,46413.0,0.0,0.0,0.0,0.0,47796.0,10000.0
STV-a,starve,2,4,8,torus3d_neighbor,8,0.2,8,10000,1,0,0,12.674,64000.0,64021.0,63827.0,1.000328125,0.9969697443026507,0.0997296875,4.342112,26.732934,31.075047,1.080969,15585.0,10401.0,61710.0,413478.0,0.0,1.0,0.378455,3.0,158361.0,2587.0,61304.0,0.0,0.0,0.0,0.0,63891.0,10000.0
STV-a,starve,2,4,8,torus3d_neighbor,8,0.25,8,10000,1,0,0,12.778,80000.0,79847.0,79609.0,0.9980875,0.9970192994101219,0.1243890625,8.47722,26.841626,35.318846,1.09303,22501.0,15081.0,75080.0,410741.0,0.0,1.0,0.390724,3.0,162922.0,3706.0,75975.0,0.0,0.0,0.0,0.0,79681.0,10000.0
STV-a,starve,2,4,8,torus3d_neighbor,8,0.3,8,10000,1,0,0,15.786,96000.0,95356.0,95076.0,0.9932916666666667,0.9970636352195982,0.14855625,37.75101,26.823667,64.574677,1.091043,26410.0,17735.0,92775.0,407333.0,0.0,1.0,0.396576,4.0,163536.0,4332.0,90840.0,0.0,0.0,0.0,0.0,95172.0,10000.0
STV-a,starve,2,4,8,torus3d_neighbor,8,0.35,8,10000,1,0,0,17.711,112000.0,100798.0,100524.0,0.8999821428571428,0.9972816920970654,0.15706875,477.059349,26.754934,503.814283,1.083821,25887.0,17448.0,107097.0,405684.0,0.0,1.0,0.39709,3.0,163457.0,4215.0,96397.0,0.0,0.0,0.0,0.0,100612.0,10000.0
STV-a,starve,2,4,8,torus3d_neighbor,8,0.4,8,10000,1,0,0,16.094,128000.0,100987.0,100706.0,0.7889609375,0.997217463633933,0.157353125,1026.907771,26.763192,1053.670963,1.084186,26064.0,17569.0,115140.0,405679.0,0.0,1.0,0.38978,3.0,160114.0,4245.0,96564.0,0.0,0.0,0.0,0.0,100809.0,10000.0
STV-a,starve,2,4,8,torus3d_neighbor,8,0.45,8,10000,1,0,0,18.712,144000.0,101028.0,100746.0,0.7015833333333333,0.9972086946193135,0.157415625,1470.580192,26.758085,1497.338276,1.084013,25996.0,17516.0,111641.0,405727.0,0.0,1.0,0.389827,4.0,162486.0,4237.0,96617.0,0.0,0.0,0.0,0.0,100854.0,10000.0
STV-a,starve,2,4,8,torus3d_neighbor,8,0.5,8,10000,1,0,0,17.338,160000.0,101052.0,100777.0,0.631575,0.9972786288247635,0.1574640625,1828.197019,26.763885,1854.960904,1.084543,26365.0,17830.0,135177.0,405837.0,0.0,1.0,0.393262,3.0,163318.0,4264.0,96627.0,0.0,0.0,0.0,0.0,100891.0,10000.0
STV-a,starve,2,4,8,torus3d_neighbor,8,0.55,8,10000,1,0,0,16.968,176000.0,101061.0,100790.0,0.5742102272727273,0.997318451232424,0.157484375,2115.054539,26.774035,2141.828574,1.084612,25889.0,17350.0,145423.0,405503.0,0.0,1.0,0.393039,3.0,163704.0,4267.0,96641.0,0.0,0.0,0.0,0.0,100908.0,10000.0
STV-a,starve,2,4,8,torus3d_neighbor,8,0.6,8,10000,1,0,0,18.606,192000.0,101071.0,100794.0,0.5264114583333334,0.9972593523364763,0.157490625,2356.155307,26.766583,2382.92189,1.084311,26242.0,17730.0,159341.0,405573.0,0.0,1.0,0.394908,3.0,164474.0,4251.0,96668.0,0.0,0.0,0.0,0.0,100919.0,10000.0
STV-a,starve,2,4,8,torus3d_neighbor,8,0.65,8,10000,1,0,0,17.932,208000.0,101077.0,100798.0,0.4859471153846154,0.9972397281280608,0.157496875,2557.032848,26.764162,2583.79701,1.084387,26417.0,17903.0,171499.0,405682.0,0.0,1.0,0.392122,3.0,163164.0,4253.0,96676.0,0.0,0.0,0.0,0.0,100929.0,10000.0
STV-a,starve,2,4,8,torus3d_neighbor,8,0.7,8,10000,1,0,0,18.620,224000.0,101084.0,100797.0,0.45126785714285716,0.9971607771754185,0.1574953125,2728.834568,26.763267,2755.597835,1.08409,25943.0,17456.0,176741.0,405345.0,0.0,1.0,0.392695,3.0,163883.0,4239.0,96696.0,0.0,0.0,0.0,0.0,100935.0,10000.0
STV-a,starve,2,4,8,torus3d_neighbor,8,0.75,8,10000,1,0,0,18.288,240000.0,101092.0,100794.0,0.4212166666666667,0.9970521900842797,0.157490625,2878.650009,26.771365,2905.421374,1.08433,25738.0,17221.0,182019.0,405483.0,0.0,1.0,0.387987,3.0,162076.0,4251.0,96692.0,0.0,0.0,0.0,0.0,100943.0,10000.0
STV-a,starve,2,4,8,torus3d_neighbor,8,0.8,8,10000,1,0,0,18.421,256000.0,101102.0,100796.0,0.3949296875,0.9969733536428558,0.15749375,3010.499077,26.762868,3037.261945,1.083694,25609.0,17157.0,196216.0,405448.0,0.0,1.0,0.386199,3.0,161554.0,4218.0,96734.0,0.0,0.0,0.0,0.0,100952.0,10000.0
STV-a,starve,2,4,8,torus3d_neighbor,8,0.85,8,10000,1,0,0,17.727,272000.0,101104.0,100798.0,0.37170588235294116,0.9969734135147966,0.157496875,3127.080468,26.758269,3153.838737,1.083295,25406.0,16997.0,201766.0,405416.0,0.0,1.0,0.385045,3.0,161550.0,4198.0,96759.0,0.0,0.0,0.0,0.0,100957.0,10000.0
STV-a,starve,2,4,8,torus3d_neighbor,8,0.9,8,10000,1,0,0,15.565,288000.0,101111.0,100798.0,0.3510798611111111,0.9969043922026288,0.157496875,3230.77449,26.753229,3257.527719,1.083295,25350.0,16936.0,215315.0,405440.0,0.0,1.0,0.384056,3.0,161405.0,4198.0,96765.0,0.0,0.0,0.0,0.0,100963.0,10000.0
STV-a,starve,2,4,8,torus3d_neighbor,8,0.95,8,10000,1,0,0,14.394,304000.0,101115.0,100798.0,0.33261513157894734,0.9968649557434605,0.157496875,3322.913907,26.749697,3349.663604,1.083295,25282.0,16868.0,224956.0,405408.0,0.0,1.0,0.383594,3.0,160691.0,4198.0,96773.0,0.0,0.0,0.0,0.0,100971.0,10000.0
STV-a,starve,2,4,8,torus3d_neighbor,8,1.0,8,10000,1,0,0,14.331,320000.0,101120.0,100800.0,0.316,0.9968354430379747,0.1575,3406.64379,26.748571,3433.392361,1.083175,25232.0,16832.0,230256.0,405376.0,0.0,1.0,0.382597,2.0,160288.0,4192.0,96784.0,0.0,0.0,0.0,0.0,100976.0,10000.0
RR-b,rr,1,6,8,torus3d_neighbor,8,0.05,8,10000,1,0,0,10.434,16000.0,15937.0,15864.0,0.9960625,0.9954194641400514,0.0247875,2.273701,36.292801,38.566503,1.486132,23322.0,15587.0,192.0,0.0,0.0,3.0,8.5e-05,1.0,0.0,3860.0,12021.0,0.0,0.0,0.0,0.0,15881.0,10000.0
RR-b,rr,1,6,8,torus3d_neighbor,8,0.1,8,10000,1,0,0,11.539,32000.0,31722.0,31526.0,0.9913125,0.9938213227413152,0.049259375,42.814407,55.37477,98.189177,1.492292,46838.0,31280.0,192.0,0.0,0.0,3.0,4.2e-05,1.0,0.0,7768.0,23786.0,0.0,0.0,0.0,0.0,31554.0,10000.0
RR-b,rr,1,6,8,torus3d_neighbor,8,0.15,8,10000,1,0,0,11.908,48000.0,35684.0,35447.0,0.7434166666666666,0.9933583678959758,0.0553859375,1221.495049,64.764127,1286.259176,1.494654,52782.0,35207.0,192.0,0.0,0.0,3.0,7.5e-05,1.0,0.0,8776.0,26701.0,0.0,0.0,0.0,0.0,35477.0,10000.0
RR-b,rr,1,6,8,torus3d_neighbor,8,0.2,8,10000,1,0,0,11.821,64000.0,35811.0,35577.0,0.559546875,0.9934656948982157,0.0555890625,2132.241251,64.880316,2197.121567,1.494645,52975.0,35337.0,192.0,0.0,0.0,3.0,5.6e-05,1.0,0.0,8807.0,26797.0,0.0,0.0,0.0,0.0,35604.0,10000.0
RR-b,rr,1,6,8,torus3d_neighbor,8,0.25,8,10000,1,0,0,12.115,80000.0,35875.0,35631.0,0.4484375,0.993198606271777,0.0556734375,2680.004126,64.923129,2744.927254,1.494738,53060.0,35391.0,192.0,0.0,0.0,3.0,9.4e-05,1.0,0.0,8823.0,26847.0,0.0,0.0,0.0,0.0,35670.0,10000.0
RR-b,rr,1,6,8,torus3d_neighbor,8,0.3,8,10000,1,0,0,12.209,96000.0,35911.0,35661.0,0.37407291666666664,0.9930383447968589,0.0557203125,3046.985699,64.942711,3111.928409,1.494658,53106.0,35421.0,192.0,0.0,0.0,3.0,0.000131,1.0,0.0,8833.0,26875.0,0.0,0.0,0.0,0.0,35708.0,10000.0
RR-b,rr,1,6,8,torus3d_neighbor,8,0.35,8,10000,1,0,0,12.349,112000.0,35924.0,35676.0,0.32075,0.9930965371339494,0.05574375,3304.52405,64.94607,3369.47012,1.49473,53129.0,35436.0,192.0,0.0,0.0,3.0,0.000131,1.0,0.0,8836.0,26885.0,0.0,0.0,0.0,0.0,35721.0,10000.0
RR-b,rr,1,6,8,torus3d_neighbor,8,0.4,8,10000,1,0,0,12.333,128000.0,35941.0,35685.0,0.2807890625,0.9928772154364097,0.0557578125,3505.346336,64.951184,3570.29752,1.494886,53149.0,35445.0,192.0,0.0,0.0,3.0,9.4e-05,1.0,0.0,8842.0,26895.0,0.0,0.0,0.0,0.0,35737.0,10000.0
RR-b,rr,1,6,8,torus3d_neighbor,8,0.45,8,10000,1,0,0,12.560,144000.0,35951.0,35694.0,0.2496597222222222,0.9928513810464243,0.055771875,3661.309128,64.951953,3726.26108,1.494873,53162.0,35454.0,192.0,0.0,0.0,3.0,7.5e-05,1.0,0.0,8844.0,26904.0,0.0,0.0,0.0,0.0,35748.0,10000.0
RR-b,rr,1,6,8,torus3d_neighbor,8,0.5,8,10000,1,0,0,12.670,160000.0,35959.0,35695.0,0.22474375,0.9926583052921383,0.0557734375,3793.379885,64.95851,3858.338395,1.494859,53163.0,35455.0,192.0,0.0,0.0,3.0,3.7e-05,1.0,0.0,8844.0,26908.0,0.0,0.0,0.0,0.0,35752.0,10000.0
RR-b,rr,1,6,8,torus3d_neighbor,8,0.55,8,10000,1,0,0,12.636,176000.0,35963.0,35696.0,0.20433522727272727,0.9925757028056613,0.055775,3895.021907,64.96022,3959.982127,1.494845,53166.0,35456.0,192.0,0.0,0.0,3.0,9.4e-05,1.0,0.0,8846.0,26911.0,0.0,0.0,0.0,0.0,35757.0,10000.0
RR-b,rr,1,6,8,torus3d_neighbor,8,0.6,8,10000,1,0,0,12.957,192000.0,35967.0,35696.0,0.187328125,0.9924653154280313,0.055775,3980.204505,64.962265,4045.166769,1.494845,53168.0,35456.0,192.0,0.0,0.0,3.0,3.7e-05,1.0,0.0,8848.0,26912.0,0.0,0.0,0.0,0.0,35760.0,10000.0
RR-b,rr,1,6,8,torus3d_neighbor,8,0.65,8,10000,1,0,0,13.248,208000.0,35967.0,35696.0,0.17291826923076922,0.9924653154280313,0.055775,4051.525549,64.964338,4116.489887,1.494845,53168.0,35456.0,192.0,0.0,0.0,3.0,3.7e-05,1.0,0.0,8848.0,26912.0,0.0,0.0,0.0,0.0,35760.0,10000.0
RR-b,rr,1,6,8,torus3d_neighbor,8,0.7,8,10000,1,0,0,13.067,224000.0,35968.0,35696.0,0.16057142857142856,0.9924377224199288,0.055775,4113.056393,64.965458,4178.021851,1.494845,53168.0,35456.0,192.0,0.0,0.0,3.0,1.9e-05,1.0,0.0,8848.0,26912.0,0.0,0.0,0.0,0.0,35760.0,10000.0
RR-b,rr,1,6,8,torus3d_neighbor,8,0.75,8,10000,1,0,0,13.085,240000.0,35968.0,35696.0,0.14986666666666668,0.9924377224199288,0.055775,4164.648364,64.966663,4229.615027,1.494845,53168.0,35456.0,192.0,0.0,0.0,3.0,3.7e-05,1.0,0.0,8848.0,26912.0,0.0,0.0,0.0,0.0,35760.0,10000.0
RR-b,rr,1,6,8,torus3d_neighbor,8,0.8,8,10000,1,0,0,13.170,256000.0,35968.0,35696.0,0.1405,0.9924377224199288,0.055775,4210.615755,64.967503,4275.583259,1.494845,53168.0,35456.0,192.0,0.0,0.0,3.0,3.7e-05,1.0,0.0,8848.0,26912.0,0.0,0.0,0.0,0.0,35760.0,10000.0
RR-b,rr,1,6,8,torus3d_neighbor,8,0.85,8,10000,1,0,0,13.569,272000.0,35968.0,35696.0,0.13223529411764706,0.9924377224199288,0.055775,4251.509637,64.96784,4316.477476,1.494845,53168.0,35456.0,192.0,0.0,0.0,3.0,3.7e-05,1.0,0.0,8848.0,26912.0,0.0,0.0,0.0,0.0,35760.0,10000.0
RR-b,rr,1,6,8,torus3d_neighbor,8,0.9,8,10000,1,0,0,13.170,288000.0,35968.0,35696.0,0.12488888888888888,0.9924377224199288,0.055775,4287.921728,64.9684,4352.890128,1.494845,53168.0,35456.0,192.0,0.0,0.0,3.0,nan,nan,0.0,8848.0,26912.0,0.0,0.0,0.0,0.0,35760.0,10000.0
RR-b,rr,1,6,8,torus3d_neighbor,8,0.95,8,10000,1,0,0,13.303,304000.0,35968.0,35696.0,0.11831578947368421,0.9924377224199288,0.055775,4320.197277,64.969016,4385.166293,1.494845,53168.0,35456.0,192.0,0.0,0.0,3.0,nan,nan,0.0,8848.0,26912.0,0.0,0.0,0.0,0.0,35760.0,10000.0
RR-b,rr,1,6,8,torus3d_neighbor,8,1.0,8,10000,1,0,0,13.290,320000.0,35968.0,35696.0,0.1124,0.9924377224199288,0.055775,4350.374216,64.96952,4415.343736,1.494845,53168.0,35456.0,192.0,0.0,0.0,3.0,nan,nan,0.0,8848.0,26912.0,0.0,0.0,0.0,0.0,35760.0,10000.0
STV-b,starve,1,6,8,torus3d_neighbor,8,0.05,8,10000,1,0,0,10.530,16000.0,15937.0,15883.0,0.9960625,0.9966116584049696,0.0248171875,2.03381,26.370333,28.404143,1.039413,1993.0,1366.0,82861.0,840588.0,0.0,2.0,0.383428,3.0,320007.0,313.0,15588.0,0.0,0.0,0.0,0.0,15901.0,10000.0
STV-b,starve,1,6,8,torus3d_neighbor,8,0.1,8,10000,1,0,0,10.591,32000.0,31898.0,31799.0,0.9968125,0.9968963571383785,0.0496859375,2.256014,26.710463,28.966477,1.072644,6990.0,4675.0,100867.0,831508.0,0.0,2.0,0.402199,3.0,330388.0,1155.0,30674.0,0.0,0.0,0.0,0.0,31829.0,10000.0
STV-b,starve,1,6,8,torus3d_neighbor,8,0.15,8,10000,1,0,0,10.678,48000.0,47888.0,47745.0,0.9976666666666667,0.9970138656866021,0.0746015625,2.895947,26.955744,29.851691,1.094711,13710.0,9176.0,117466.0,823320.0,0.0,2.0,0.408769,4.0,330082.0,2262.0,45529.0,0.0,0.0,0.0,0.0,47791.0,10000.0
STV-b,starve,1,6,8,torus3d_neighbor,8,0.2,8,10000,1,0,0,10.806,64000.0,64020.0,63824.0,1.0003125,0.9969384567322712,0.099725,4.436247,27.130954,31.5672,1.110836,21402.0,14305.0,135185.0,815505.0,0.0,2.0,0.409386,4.0,325724.0,3542.0,60345.0,0.0,0.0,0.0,0.0,63887.0,10000.0
STV-b,starve,1,6,8,torus3d_neighbor,8,0.25,8,10000,1,0,0,11.369,80000.0,79843.0,79599.0,0.9980375,0.9969440026051125,0.1243734375,8.756957,27.182816,35.939773,1.116484,28480.0,19181.0,154544.0,808033.0,0.0,2.0,0.40951,4.0,320336.0,4640.0,75033.0,0.0,0.0,0.0,0.0,79673.0,10000.0
STV-b,starve,1,6,8,torus3d_neighbor,8,0.3,8,10000,1,0,0,11.374,96000.0,95344.0,95065.0,0.9931666666666666,0.9970737539855681,0.1485390625,38.665808,27.01337,65.679177,1.105359,32247.0,22208.0,175290.0,799981.0,0.0,2.0,0.423014,4.0,325201.0,5013.0,90146.0,0.0,0.0,0.0,0.0,95159.0,10000.0
STV-b,starve,1,6,8,torus3d_neighbor,8,0.35,8,10000,1,0,0,11.519,112000.0,100751.0,100473.0,0.8995625,0.9972407221764549,0.1569890625,479.605645,26.86046,506.466105,1.093438,31000.0,21593.0,195728.0,796467.0,0.0,2.0,0.421699,4.0,323748.0,4696.0,95864.0,0.0,0.0,0.0,0.0,100560.0,10000.0
STV-b,starve,1,6,8,torus3d_neighbor,8,0.4,8,10000,1,0,0,11.554,128000.0,100940.0,100657.0,0.78859375,0.9971963542698633,0.1572765625,1029.200821,26.857943,1056.058764,1.093267,31612.0,22203.0,216083.0,796749.0,0.0,2.0,0.41508,4.0,316974.0,4696.0,96052.0,0.0,0.0,0.0,0.0,100748.0,10000.0
STV-b,starve,1,6,8,torus3d_neighbor,8,0.45,8,10000,1,0,0,11.627,144000.0,100979.0,100705.0,0.7012430555555556,0.9972865645332197,0.1573515625,1473.080562,26.864714,1499.945276,1.094335,31288.0,21769.0,205085.0,796313.0,0.0,2.0,0.419284,4.0,321302.0,4754.0,96034.0,0.0,0.0,0.0,0.0,100788.0,10000.0
STV-b,starve,1,6,8,torus3d_neighbor,8,0.5,8,10000,1,0,0,11.546,160000.0,101001.0,100731.0,0.63125625,0.9973267591409986,0.1573921875,1830.462549,26.849798,1857.312347,1.092663,32166.0,22811.0,252384.0,797001.0,0.0,2.0,0.418803,4.0,321072.0,4674.0,96146.0,0.0,0.0,0.0,0.0,100820.0,10000.0
STV-b,starve,1,6,8,torus3d_neighbor,8,0.55,8,10000,1,0,0,12.032,176000.0,101009.0,100740.0,0.5739147727272728,0.9973368709718936,0.15740625,2117.518374,26.896933,2144.415307,1.097518,33192.0,23346.0,268527.0,797255.0,0.0,2.0,0.426091,4.0,329189.0,4917.0,95908.0,0.0,0.0,0.0,0.0,100825.0,10000.0
STV-b,starve,1,6,8,torus3d_neighbor,8,0.6,8,10000,1,0,0,11.890,192000.0,101021.0,100752.0,0.5261510416666667,0.9973371873174884,0.157425,2358.611492,26.877352,2385.488844,1.095819,33082.0,23406.0,300147.0,797178.0,0.0,2.0,0.429682,4.0,333268.0,4829.0,96001.0,0.0,0.0,0.0,0.0,100830.0,10000.0
STV-b,starve,1,6,8,torus3d_neighbor,8,0.65,8,10000,1,0,0,12.016,208000.0,101015.0,100747.0,0.48564903846153845,0.9973469286739594,0.1574171875,2559.696557,26.874617,2586.571173,1.095129,33300.0,23694.0,323475.0,797272.0,0.0,2.0,0.429803,4.0,333992.0,4794.0,96030.0,0.0,0.0,0.0,0.0,100824.0,10000.0
STV-b,starve,1,6,8,torus3d_neighbor,8,0.7,8,10000,1,0,0,12.094,224000.0,101019.0,100742.0,0.45097767857142856,0.9972579415753472,0.157409375,2731.590896,26.901689,2758.492585,1.097755,33743.0,23871.0,327232.0,797262.0,0.0,2.0,0.436893,4.0,339918.0,4927.0,95900.0,0.0,0.0,0.0,0.0,100827.0,10000.0
STV-b,starve,1,6,8,torus3d_neighbor,8,0.75,8,10000,1,0,0,12.086,240000.0,101023.0,100744.0,0.4209291666666667,0.9972382526751334,0.1574125,2881.358006,26.899984,2908.257991,1.097356,34000.0,24171.0,331947.0,797254.0,0.0,2.0,0.445651,4.0,346936.0,4907.0,95923.0,0.0,0.0,0.0,0.0,100830.0,10000.0
STV-b,starve,1,6,8,torus3d_neighbor,8,0.8,8,10000,1,0,0,12.018,256000.0,101020.0,100744.0,0.394609375,0.9972678677489606,0.1574125,3013.243707,26.877303,3040.12101,1.095053,33939.0,24351.0,357388.0,797256.0,0.0,2.0,0.450284,3.0,352742.0,4790.0,96040.0,0.0,0.0,0.0,0.0,100830.0,10000.0
STV-b,starve,1,6,8,torus3d_neighbor,8,0.85,8,10000,1,0,0,12.185,272000.0,101020.0,100744.0,0.3713970588235294,0.9972678677489606,0.1574125,3129.749077,26.872846,3156.621923,1.094815,33742.0,24175.0,367517.0,797098.0,0.0,2.0,0.449557,3.0,352517.0,4777.0,96056.0,0.0,0.0,0.0,0.0,100833.0,10000.0
STV-b,starve,1,6,8,torus3d_neighbor,8,0.9,8,10000,1,0,0,12.432,288000.0,101021.0,100749.0,0.3507673611111111,0.9973074905217727,0.1574203125,3233.625813,26.854718,3260.480531,1.092706,33704.0,24353.0,395621.0,797209.0,0.0,2.0,0.448743,4.0,353164.0,4671.0,96157.0,0.0,0.0,0.0,0.0,100828.0,10000.0
STV-b,starve,1,6,8,torus3d_neighbor,8,0.95,8,10000,1,0,0,12.241,304000.0,101021.0,100756.0,0.33230592105263157,0.9973767830451095,0.15743125,3325.881218,26.849458,3352.730676,1.092262,34127.0,24825.0,413616.0,797344.0,0.0,2.0,0.448309,4.0,353616.0,4649.0,96181.0,0.0,0.0,0.0,0.0,100830.0,10000.0
STV-b,starve,1,6,8,torus3d_neighbor,8,1.0,8,10000,1,0,0,12.485,320000.0,101024.0,100768.0,0.3157,0.9974659486854609,0.15745,3409.654791,26.784217,3436.439008,1.085742,33392.0,24752.0,425072.0,797200.0,0.0,1.0,0.444796,3.0,353552.0,4320.0,96512.0,0.0,0.0,0.0,0.0,100832.0,10000.0
PRIV,private,,0,8,uniform_random,8,0.05,4,10000,1,0,0,9.041,16000.0,15899.0,15833.0,0.9936875,0.9958487955217309,0.0247390625,2.034801,43.917198,45.951999,2.987431,2.0,2.0,0.0,0.0,0.0,0.0,nan,nan,0.0,0.0,0.0,0.0,0.0,0.0,0.0,0.0,10000.0
PRIV,private,,0,8,uniform_random,8,0.1,4,10000,1,0,0,9.074,32000.0,31937.0,31794.0,0.99803125,0.9955224347934997,0.049678125,2.247374,44.123294,46.370667,3.001856,60.0,36.0,0.0,0.0,0.0,0.0,nan,nan,0.0,0.0,0.0,0.0,0.0,0.0,0.0,0.0,10000.0
PRIV,private,,0,8,uniform_random,8,0.15,4,10000,1,0,0,9.310,48000.0,48075.0,47865.0,1.0015625,0.995631825273011,0.0747890625,2.870156,44.323827,47.193983,3.000272,267.0,184.0,0.0,0.0,0.0,0.0,nan,nan,0.0,0.0,0.0,0.0,0.0,0.0,0.0,0.0,10000.0
PRIV,private,,0,8,uniform_random,8,0.2,4,10000,1,0,0,9.399,64000.0,64162.0,63874.0,1.00253125,0.9955113618652786,0.099803125,4.411732,44.828616,49.240348,3.006215,1144.0,778.0,0.0,0.0,0.0,0.0,nan,nan,0.0,0.0,0.0,0.0,0.0,0.0,0.0,0.0,10000.0
PRIV,private,,0,8,uniform_random,8,0.25,4,10000,1,0,0,9.629,80000.0,79952.0,79583.0,0.9994,0.9953847308385031,0.1243484375,8.600442,45.641318,54.24176,3.00867,3253.0,2162.0,0.0,0.0,0.0,0.0,nan,nan,0.0,0.0,0.0,0.0,0.0,0.0,0.0,0.0,10000.0
PRIV,private,,0,8,uniform_random,8,0.3,4,10000,1,0,0,10.061,96000.0,95530.0,95059.0,0.9951041666666667,0.9950696116403224,0.1485296875,42.060636,47.419403,89.480039,3.024038,7548.0,4909.0,0.0,0.0,0.0,0.0,nan,nan,0.0,0.0,0.0,0.0,0.0,0.0,0.0,0.0,10000.0
PRIV,private,,0,8,uniform_random,8,0.35,4,10000,1,0,0,10.333,112000.0,100344.0,99851.0,0.8959285714285714,0.9950869010603524,0.1560171875,497.232607,48.354688,545.587295,3.032458,9666.0,6209.0,0.0,0.0,0.0,0.0,nan,nan,0.0,0.0,0.0,0.0,0.0,0.0,0.0,0.0,10000.0
PRIV,private,,0,8,uniform_random,8,0.4,4,10000,1,0,0,10.357,128000.0,100453.0,99967.0,0.7847890625,0.9951619165181727,0.1561984375,1041.810628,48.381446,1090.192073,3.032001,9804.0,6145.0,0.0,0.0,0.0,0.0,nan,nan,0.0,0.0,0.0,0.0,0.0,0.0,0.0,0.0,10000.0
PRIV,private,,0,8,uniform_random,8,0.45,4,10000,1,0,0,10.424,144000.0,100521.0,100037.0,0.6980625,0.9951850857034849,0.1563078125,1480.00026,48.393434,1528.393694,3.032078,9859.0,6290.0,0.0,0.0,0.0,0.0,nan,nan,0.0,0.0,0.0,0.0,0.0,0.0,0.0,0.0,10000.0
PRIV,private,,0,8,uniform_random,8,0.5,4,10000,1,0,0,10.401,160000.0,100543.0,100045.0,0.62839375,0.9950468953582049,0.1563203125,1834.585227,48.368894,1882.954121,3.032585,9784.0,6248.0,0.0,0.0,0.0,0.0,nan,nan,0.0,0.0,0.0,0.0,0.0,0.0,0.0,0.0,10000.0
PRIV,private,,0,8,uniform_random,8,0.55,4,10000,1,0,0,10.679,176000.0,100536.0,100036.0,0.5712272727272727,0.9950266571178483,0.15630625,2118.69384,48.27688,2166.970721,3.023122,9430.0,6050.0,0.0,0.0,0.0,0.0,nan,nan,0.0,0.0,0.0,0.0,0.0,0.0,0.0,0.0,10000.0
PRIV,private,,0,8,uniform_random,8,0.6,4,10000,1,0,0,10.632,192000.0,100541.0,100049.0,0.5236510416666667,0.995106473975791,0.1563265625,2356.936381,48.319264,2405.255645,3.031055,9444.0,6086.0,0.0,0.0,0.0,0.0,nan,nan,0.0,0.0,0.0,0.0,0.0,0.0,0.0,0.0,10000.0
PRIV,private,,0,8,uniform_random,8,0.65,4,10000,1,0,0,10.643,208000.0,100565.0,100061.0,0.4834855769230769,0.994988316014518,0.1563453125,2560.859336,48.308782,2609.168117,3.029822,9626.0,6144.0,0.0,0.0,0.0,0.0,nan,nan,0.0,0.0,0.0,0.0,0.0,0.0,0.0,0.0,10000.0
PRIV,private,,0,8,uniform_random,8,0.7,4,10000,1,0,0,10.665,224000.0,100593.0,100101.0,0.44907589285714283,0.995109003608601,0.1564078125,2732.05892,48.242925,2780.301845,3.026983,9605.0,6108.0,0.0,0.0,0.0,0.0,nan,nan,0.0,0.0,0.0,0.0,0.0,0.0,0.0,0.0,10000.0
PRIV,private,,0,8,uniform_random,8,0.75,4,10000,1,0,0,10.826,240000.0,100594.0,100113.0,0.4191416666666667,0.9952184026880331,0.1564265625,2883.248249,48.290532,2931.538781,3.032593,9759.0,6247.0,0.0,0.0,0.0,0.0,nan,nan,0.0,0.0,0.0,0.0,0.0,0.0,0.0,0.0,10000.0
PRIV,private,,0,8,uniform_random,8,0.8,4,10000,1,0,0,10.797,256000.0,100604.0,100110.0,0.392984375,0.9950896584628842,0.156421875,3015.343842,48.380052,3063.723894,3.03644,10121.0,6363.0,0.0,0.0,0.0,0.0,nan,nan,0.0,0.0,0.0,0.0,0.0,0.0,0.0,0.0,10000.0
PRIV,private,,0,8,uniform_random,8,0.85,4,10000,1,0,0,11.269,272000.0,100580.0,100098.0,0.36977941176470586,0.9952077947902167,0.156403125,3130.044906,48.340227,3178.385133,3.027733,9470.0,6062.0,0.0,0.0,0.0,0.0,nan,nan,0.0,0.0,0.0,0.0,0.0,0.0,0.0,0.0,10000.0
PRIV,private,,0,8,uniform_random,8,0.9,4,10000,1,0,0,10.963,288000.0,100614.0,100128.0,0.3493541666666667,0.9951696582980499,0.15645,3234.15646,48.214266,3282.370725,3.026716,9634.0,6157.0,0.0,0.0,0.0,0.0,nan,nan,0.0,0.0,0.0,0.0,0.0,0.0,0.0,0.0,10000.0
PRIV,private,,0,8,uniform_random,8,0.95,4,10000,1,0,0,11.144,304000.0,100611.0,100125.0,0.33095723684210526,0.9951695142678236,0.1564453125,3324.493813,48.374801,3372.868614,3.034846,9597.0,6109.0,0.0,0.0,0.0,0.0,nan,nan,0.0,0.0,0.0,0.0,0.0,0.0,0.0,0.0,10000.0
PRIV,private,,0,8,uniform_random,8,1.0,4,10000,1,0,0,11.172,320000.0,100613.0,100126.0,0.314415625,0.9951596712154493,0.156446875,3407.425514,48.306823,3455.732337,3.029443,9670.0,6150.0,0.0,0.0,0.0,0.0,nan,nan,0.0,0.0,0.0,0.0,0.0,0.0,0.0,0.0,10000.0
RR-a,rr,2,4,8,uniform_random,8,0.05,8,10000,1,0,0,11.016,16000.0,15899.0,15833.0,0.9936875,0.9958487955217309,0.0247390625,2.034801,43.922504,45.957304,2.987684,134.0,125.0,3150.0,0.0,0.0,2.0,0.005908,1.0,0.0,2579.0,2576.0,2567.0,2602.0,2626.0,2625.0,15575.0,10000.0
RR-a,rr,2,4,8,uniform_random,8,0.1,8,10000,1,0,0,10.887,32000.0,31937.0,31795.0,0.99803125,0.9955537464383004,0.0496796875,2.247146,44.241264,46.48841,3.012046,1122.0,750.0,11902.0,0.0,0.0,2.0,0.014283,1.0,0.0,5160.0,5017.0,4912.0,5095.0,5690.0,5460.0,31334.0,10000.0
RR-a,rr,2,4,8,uniform_random,8,0.15,8,10000,1,0,0,11.110,48000.0,48075.0,47863.0,1.0015625,0.9955902236089443,0.0747859375,2.870171,44.494495,47.364666,3.011115,2259.0,1555.0,23859.0,0.0,0.0,2.0,0.022803,2.0,0.0,7954.0,7879.0,7881.0,7595.0,8021.0,7842.0,47172.0,10000.0
RR-a,rr,2,4,8,uniform_random,8,0.2,8,10000,1,0,0,11.446,64000.0,64162.0,63872.0,1.00253125,0.9954801907671207,0.0998,4.415111,45.135537,49.550648,3.024643,4822.0,3015.0,37429.0,0.0,0.0,2.0,0.033087,2.0,0.0,10357.0,10350.0,10503.0,10663.0,10489.0,10561.0,62923.0,10000.0
RR-a,rr,2,4,8,uniform_random,8,0.25,8,10000,1,0,0,11.940,80000.0,79951.0,79578.0,0.9993875,0.995334642468512,0.124340625,8.634321,46.049649,54.68397,3.028387,8139.0,4989.0,51760.0,0.0,0.0,2.0,0.044189,2.0,0.0,13020.0,12939.0,12950.0,13230.0,13220.0,13107.0,78466.0,10000.0
RR-a,rr,2,4,8,uniform_random,8,0.3,8,10000,1,0,0,12.463,96000.0,95517.0,95046.0,0.99496875,0.9950689406074311,0.148509375,42.735454,47.907855,90.64331,3.039507,12725.0,7894.0,67760.0,0.0,0.0,2.0,0.054122,2.0,0.0,15378.0,15560.0,15383.0,15850.0,16046.0,15386.0,93603.0,10000.0
RR-a,rr,2,4,8,uniform_random,8,0.35,8,10000,1,0,0,12.757,112000.0,100233.0,99752.0,0.8949375,0.9952011812476929,0.1558625,500.791994,48.87908,549.671074,3.050265,14921.0,8936.0,72231.0,0.0,0.0,2.0,0.058639,2.0,0.0,16291.0,16413.0,16289.0,16251.0,16496.0,16584.0,98324.0,10000.0
RR-a,rr,2,4,8,uniform_random,8,0.4,8,10000,1,0,0,13.173,128000.0,100385.0,99880.0,0.7842578125,0.9949693679334561,0.1560625,1043.87539,48.938746,1092.814137,3.049499,14971.0,8930.0,72659.0,0.0,0.0,2.0,0.058167,2.0,0.0,16355.0,16365.0,16344.0,16463.0,16470.0,16475.0,98472.0,10000.0
RR-a,rr,2,4,8,uniform_random,8,0.45,8,10000,1,0,0,13.284,144000.0,100446.0,99943.0,0.6975416666666666,0.9949923341895147,0.1561609375,1482.711235,48.861071,1531.572306,3.044575,14512.0,8973.0,72543.0,0.0,0.0,2.0,0.057635,2.0,0.0,16387.0,16014.0,16315.0,16274.0,16893.0,16514.0,98397.0,10000.0
RR-a,rr,2,4,8,uniform_random,8,0.5,8,10000,1,0,0,13.236,160000.0,100471.0,99965.0,0.62794375,0.9949637208746802,0.1561953125,1837.133377,48.865223,1885.9986,3.044976,14499.0,8923.0,72658.0,0.0,0.0,2.0,0.057653,2.0,0.0,16295.0,16254.0,16458.0,16318.0,16470.0,16736.0,98531.0,10000.0
RR-a,rr,2,4,8,uniform_random,8,0.55,8,10000,1,0,0,13.203,176000.0,100472.0,99993.0,0.5708636363636364,0.9952325025877856,0.1562390625,2120.387567,48.836089,2169.223656,3.039643,14750.0,8963.0,72368.0,0.0,0.0,2.0,0.057615,2.0,0.0,16462.0,16191.0,16526.0,16345.0,16517.0,16434.0,98475.0,10000.0
RR-a,rr,2,4,8,uniform_random,8,0.6,8,10000,1,0,0,13.189,192000.0,100490.0,99988.0,0.5233854166666667,0.9950044780575181,0.15623125,2358.224147,48.789605,2407.013752,3.044325,14303.0,8919.0,72547.0,0.0,0.0,2.0,0.058356,2.0,0.0,16558.0,16014.0,16422.0,16420.0,16490.0,16583.0,98487.0,10000.0
RR-a,rr,2,4,8,uniform_random,8,0.65,8,10000,1,0,0,13.237,208000.0,100492.0,99994.0,0.4831346153846154,0.9950443816423198,0.156240625,2563.292888,48.891323,2612.184211,3.049103,15098.0,8996.0,72365.0,0.0,0.0,2.0,0.059205,2.0,0.0,16413.0,16307.0,16228.0,16625.0,16683.0,16318.0,98574.0,10000.0
RR-a,rr,2,4,8,uniform_random,8,0.7,8,10000,1,0,0,13.440,224000.0,100542.0,100034.0,0.4488482142857143,0.9949473851723658,0.156303125,2732.595388,48.769858,2781.365246,3.037697,14314.0,8962.0,72639.0,0.0,0.0,2.0,0.057735,2.0,0.0,16397.0,16137.0,16611.0,16488.0,16343.0,16578.0,98554.0,10000.0
RR-a,rr,2,4,8,uniform_random,8,0.75,8,10000,1,0,0,13.040,240000.0,100517.0,100028.0,0.4188208333333333,0.9951351512679447,0.15629375,2884.67852,48.696195,2933.374715,3.048796,14410.0,8632.0,73175.0,0.0,0.0,2.0,0.058197,2.0,0.0,16405.0,16087.0,16555.0,16674.0,16551.0,16263.0,98535.0,10000.0
RR-a,rr,2,4,8,uniform_random,8,0.8,8,10000,1,0,0,13.554,256000.0,100505.0,100025.0,0.39259765625,0.9952241182030744,0.1562890625,3016.831132,48.855186,3065.686318,3.051387,14687.0,8710.0,72889.0,0.0,0.0,2.0,0.059657,2.0,0.0,16322.0,16528.0,16582.0,16150.0,16497.0,16421.0,98500.0,10000.0
RR-a,rr,2,4,8,uniform_random,8,0.85,8,10000,1,0,0,13.233,272000.0,100520.0,100023.0,0.3695588235294118,0.9950557103064067,0.1562859375,3130.366486,48.811443,3179.177929,3.04488,14582.0,8717.0,73070.0,0.0,0.0,2.0,0.058242,2.0,0.0,16212.0,16485.0,16426.0,16314.0,16545.0,16549.0,98531.0,10000.0
RR-a,rr,2,4,8,uniform_random,8,0.9,8,10000,1,0,0,13.407,288000.0,100550.0,100060.0,0.34913194444444445,0.9951268025857782,0.15634375,3235.851119,48.678843,3284.529962,3.040506,14178.0,8644.0,73152.0,0.0,0.0,2.0,0.058759,2.0,0.0,16462.0,16269.0,16490.0,16206.0,16664.0,16513.0,98604.0,10000.0
RR-a,rr,2,4,8,uniform_random,8,0.95,8,10000,1,0,0,13.862,304000.0,100538.0,100046.0,0.3307171052631579,0.9951063279555988,0.156321875,3325.746367,48.93567,3374.682036,3.047928,14371.0,8853.0,72947.0,0.0,0.0,2.0,0.05935,2.0,0.0,16460.0,16301.0,16489.0,16526.0,16644.0,16177.0,98597.0,10000.0
RR-a,rr,2,4,8,uniform_random,8,1.0,8,10000,1,0,0,13.787,320000.0,100528.0,100033.0,0.31415,0.9950759987267229,0.1563015625,3408.952296,48.837664,3457.789959,3.043576,14503.0,8843.0,72660.0,0.0,0.0,2.0,0.0592,2.0,0.0,16450.0,16269.0,16316.0,16385.0,16594.0,16459.0,98473.0,10000.0
STV-a,starve,2,4,8,uniform_random,8,0.05,8,10000,1,0,0,12.038,16000.0,15899.0,15833.0,0.9936875,0.9958487955217309,0.0247390625,2.034927,43.940378,45.975305,2.989831,105.0,67.0,17089.0,423157.0,0.0,1.0,0.188819,4.0,70626.0,2677.0,2544.0,2528.0,2554.0,2615.0,2657.0,15575.0,10000.0
STV-a,starve,2,4,8,uniform_random,8,0.1,8,10000,1,0,0,12.949,32000.0,31937.0,31795.0,0.99803125,0.9955537464383004,0.0496796875,2.247146,44.207674,46.45482,3.009593,803.0,522.0,30801.0,416471.0,0.0,1.0,0.204823,3.0,68965.0,5249.0,5117.0,5287.0,5302.0,5236.0,5144.0,31335.0,10000.0
STV-a,starve,2,4,8,uniform_random,8,0.15,8,10000,1,0,0,12.944,48000.0,48075.0,47865.0,1.0015625,0.995631825273011,0.0747890625,2.871806,44.582242,47.454048,3.020537,3221.0,2102.0,48460.0,405501.0,0.0,1.0,0.217188,3.0,66880.0,7851.0,7848.0,7947.0,7657.0,7952.0,7916.0,47171.0,10000.0
STV-a,starve,2,4,8,uniform_random,8,0.2,8,10000,1,0,0,13.159,64000.0,64162.0,63869.0,1.00253125,0.995433434119884,0.0997953125,4.412375,45.369788,49.782163,3.041241,7944.0,4968.0,68138.0,390937.0,0.0,1.0,0.225812,4.0,63640.0,10389.0,10535.0,10367.0,10535.0,10528.0,10563.0,62917.0,10000.0
STV-a,starve,2,4,8,uniform_random,8,0.25,8,10000,1,0,0,13.806,80000.0,79950.0,79580.0,0.999375,0.9953721075672295,0.12434375,8.618359,46.664451,55.28281,3.057464,15106.0,9281.0,87504.0,374195.0,0.0,1.0,0.230189,4.0,59279.0,13110.0,12961.0,12934.0,13206.0,13219.0,13027.0,78457.0,10000.0
STV-a,starve,2,4,8,uniform_random,8,0.3,8,10000,1,0,0,14.019,96000.0,95518.0,95025.0,0.9949791666666666,0.9948386691513641,0.1484765625,42.615585,49.250681,91.866267,3.079432,23816.0,14137.0,105542.0,353990.0,0.0,2.0,0.232448,4.0,53368.0,15411.0,15321.0,15596.0,15603.0,15929.0,15723.0,93583.0,10000.0
STV-a,starve,2,4,8,uniform_random,8,0.35,8,10000,1,0,0,14.608,112000.0,100190.0,99680.0,0.8945535714285714,0.9949096716239145,0.15575,503.479715,50.479474,553.959189,3.087259,26483.0,15432.0,110338.0,347011.0,0.0,2.0,0.230434,4.0,50484.0,15977.0,16211.0,16376.0,16419.0,16598.0,16670.0,98251.0,10000.0
STV-a,starve,2,4,8,uniform_random,8,0.4,8,10000,1,0,0,14.609,128000.0,100338.0,99822.0,0.783890625,0.9948573820486755,0.155971875,1045.970508,50.561429,1096.531937,3.083288,26415.0,15470.0,112388.0,346626.0,0.0,2.0,0.229828,4.0,50369.0,16223.0,16174.0,16336.0,16340.0,16553.0,16767.0,98393.0,10000.0
STV-a,starve,2,4,8,uniform_random,8,0.45,8,10000,1,0,0,14.571,144000.0,100373.0,99855.0,0.6970347222222222,0.9948392495989957,0.1560234375,1484.707656,50.486075,1535.193731,3.084142,26495.0,15584.0,112294.0,346927.0,0.0,2.0,0.231012,4.0,50620.0,16159.0,15822.0,16153.0,16344.0,16788.0,17058.0,98324.0,10000.0
STV-a,starve,2,4,8,uniform_random,8,0.5,8,10000,1,0,0,14.676,160000.0,100408.0,99871.0,0.62755,0.994651820572066,0.1560484375,1838.990227,50.499374,1889.489602,3.0855,26548.0,15528.0,112096.0,346862.0,0.0,2.0,0.23082,4.0,50691.0,15947.0,16194.0,16450.0,16510.0,16580.0,16765.0,98446.0,10000.0
STV-a,starve,2,4,8,uniform_random,8,0.55,8,10000,1,0,0,14.771,176000.0,100403.0,99898.0,0.5704715909090909,0.994970269812655,0.156090625,2121.488889,50.49956,2171.988448,3.076118,26346.0,15480.0,113369.0,347218.0,0.0,2.0,0.230349,4.0,50339.0,16338.0,16122.0,16460.0,16382.0,16565.0,16516.0,98383.0,10000.0
STV-a,starve,2,4,8,uniform_random,8,0.6,8,10000,1,0,0,14.552,192000.0,100422.0,99906.0,0.52303125,0.9948616836948079,0.156103125,2359.334374,50.495476,2409.82985,3.08511,26551.0,15601.0,116043.0,346704.0,0.0,2.0,0.229071,4.0,49918.0,16019.0,16139.0,16343.0,16347.0,16904.0,16662.0,98414.0,10000.0
STV-a,starve,2,4,8,uniform_random,8,0.65,8,10000,1,0,0,14.527,208000.0,100432.0,99905.0,0.48284615384615387,0.9947526684722001,0.1561015625,2563.738512,50.509164,2614.247675,3.082989,26399.0,15419.0,113844.0,346836.0,0.0,2.0,0.230999,4.0,50348.0,15978.0,15996.0,16414.0,16507.0,16833.0,16767.0,98495.0,10000.0
STV-a,starve,2,4,8,uniform_random,8,0.7,8,10000,1,0,0,14.620,224000.0,100433.0,99920.0,0.44836160714285717,0.9948921171328149,0.156125,2734.477862,50.380885,2784.858747,3.079894,26529.0,15628.0,114952.0,347145.0,0.0,2.0,0.22998,4.0,49920.0,15844.0,16043.0,16670.0,16561.0,16691.0,16626.0,98435.0,10000.0
STV-a,starve,2,4,8,uniform_random,8,0.75,8,10000,1,0,0,14.610,240000.0,100444.0,99942.0,0.41851666666666665,0.9950021902751782,0.156159375,2885.994947,50.363491,2936.358438,3.085069,26391.0,15486.0,117310.0,346902.0,0.0,2.0,0.230129,4.0,50028.0,16129.0,16062.0,16572.0,16589.0,16530.0,16566.0,98448.0,10000.0
STV-a,starve,2,4,8,uniform_random,8,0.8,8,10000,1,0,0,14.732,256000.0,100452.0,99944.0,0.392390625,0.9949428582805718,0.1561625,3017.37557,50.460898,3067.836468,3.08858,26545.0,15537.0,115862.0,346744.0,0.0,2.0,0.230671,4.0,50110.0,16112.0,16129.0,16551.0,16085.0,16810.0,16734.0,98421.0,10000.0
STV-a,starve,2,4,8,uniform_random,8,0.85,8,10000,1,0,0,14.708,272000.0,100448.0,99940.0,0.36929411764705883,0.994942656897101,0.15615625,3131.330758,50.523594,3181.854353,3.081989,26400.0,15452.0,118263.0,346816.0,0.0,2.0,0.230948,4.0,49910.0,16255.0,16006.0,16304.0,16238.0,16842.0,16789.0,98434.0,10000.0
STV-a,starve,2,4,8,uniform_random,8,0.9,8,10000,1,0,0,14.520,288000.0,100454.0,99937.0,0.3487986111111111,0.9948533657196329,0.1561515625,3236.52458,50.370934,3286.895514,3.080341,26470.0,15439.0,118539.0,346991.0,0.0,1.0,0.230036,4.0,50027.0,16299.0,16126.0,16372.0,16214.0,16760.0,16728.0,98499.0,10000.0
STV-a,starve,2,4,8,uniform_random,8,0.95,8,10000,1,0,0,14.754,304000.0,100457.0,99945.0,0.3304506578947368,0.9949032919557622,0.1561640625,3326.065446,50.459233,3376.524679,3.088509,26472.0,15421.0,118739.0,346620.0,0.0,2.0,0.231258,4.0,50304.0,16203.0,16106.0,16465.0,16314.0,16754.0,16664.0,98506.0,10000.0
STV-a,starve,2,4,8,uniform_random,8,1.0,8,10000,1,0,0,14.590,320000.0,100445.0,99934.0,0.313890625,0.994912638757529,0.156146875,3409.43928,50.414023,3459.853303,3.081384,26342.0,15459.0,115839.0,347009.0,0.0,2.0,0.230636,4.0,50119.0,16187.0,15846.0,16241.0,16467.0,16857.0,16785.0,98383.0,10000.0
RR-b,rr,1,6,8,uniform_random,8,0.05,8,10000,1,0,0,9.950,16000.0,15899.0,15833.0,0.9936875,0.9958487955217309,0.0247390625,2.034801,44.100107,46.134908,3.001579,944.0,627.0,25062.0,0.0,0.0,3.0,0.000735,1.0,0.0,2600.0,2533.0,2590.0,2631.0,2606.0,2615.0,15575.0,10000.0
RR-b,rr,1,6,8,uniform_random,8,0.1,8,10000,1,0,0,10.624,32000.0,31937.0,31795.0,0.99803125,0.9955537464383004,0.0496796875,2.24702,44.345495,46.592515,3.016386,1955.0,1317.0,48178.0,0.0,0.0,3.0,0.00207,1.0,0.0,5297.0,5051.0,5282.0,5257.0,5214.0,5233.0,31334.0,10000.0
RR-b,rr,1,6,8,uniform_random,8,0.15,8,10000,1,0,0,11.163,48000.0,48075.0,47865.0,1.0015625,0.995631825273011,0.0747890625,2.873164,44.669529,47.542693,3.020809,3926.0,2532.0,69889.0,0.0,0.0,3.0,0.00432,1.0,0.0,7876.0,7898.0,7999.0,7736.0,7841.0,7819.0,47169.0,10000.0
RR-b,rr,1,6,8,uniform_random,8,0.2,8,10000,1,0,0,11.406,64000.0,64162.0,63872.0,1.00253125,0.9954801907671207,0.0998,4.418525,45.377411,49.795936,3.038515,7118.0,4146.0,93578.0,0.0,0.0,3.0,0.007553,1.0,0.0,10542.0,10293.0,10383.0,10538.0,10673.0,10493.0,62922.0,10000.0
RR-b,rr,1,6,8,uniform_random,8,0.25,8,10000,1,0,0,12.023,80000.0,79951.0,79577.0,0.9993875,0.9953221348075696,0.1243390625,8.651796,46.254659,54.906455,3.035525,10008.0,5959.0,115707.0,0.0,0.0,3.0,0.010907,2.0,0.0,13004.0,12893.0,12945.0,13183.0,13287.0,13153.0,78465.0,10000.0
RR-b,rr,1,6,8,uniform_random,8,0.3,8,10000,1,0,0,12.697,96000.0,95512.0,95036.0,0.9949166666666667,0.9950163330262166,0.14849375,43.120849,48.161118,91.281967,3.046866,14253.0,8490.0,138043.0,0.0,0.0,3.0,0.015307,2.0,0.0,15393.0,15513.0,15460.0,15797.0,15958.0,15477.0,93598.0,10000.0
RR-b,rr,1,6,8,uniform_random,8,0.35,8,10000,1,0,0,12.852,112000.0,100233.0,99735.0,0.8949375,0.9950315764269253,0.1558359375,501.632516,48.968326,550.600842,3.052269,15446.0,9199.0,145149.0,0.0,0.0,3.0,0.016856,2.0,0.0,16367.0,16459.0,16488.0,16244.0,16445.0,16295.0,98298.0,10000.0
RR-b,rr,1,6,8,uniform_random,8,0.4,8,10000,1,0,0,12.927,128000.0,100378.0,99886.0,0.784203125,0.9950985275658013,0.156071875,1044.331748,49.180346,1093.512094,3.051379,15824.0,9357.0,145053.0,0.0,0.0,3.0,0.017117,2.0,0.0,16378.0,16309.0,16410.0,16319.0,16546.0,16497.0,98459.0,10000.0
RR-b,rr,1,6,8,uniform_random,8,0.45,8,10000,1,0,0,13.127,144000.0,100417.0,99918.0,0.6973402777777777,0.9950307218897199,0.156121875,1483.717558,49.01201,1532.729568,3.04892,15534.0,9330.0,145329.0,0.0,0.0,3.0,0.017343,2.0,0.0,16207.0,16147.0,16353.0,16517.0,16637.0,16511.0,98372.0,10000.0
RR-b,rr,1,6,8,uniform_random,8,0.5,8,10000,1,0,0,12.950,160000.0,100458.0,99947.0,0.6278625,0.9949132970992852,0.1561671875,1837.036779,48.970124,1886.006904,3.045424,15084.0,9326.0,144529.0,0.0,0.0,3.0,0.016373,2.0,0.0,16299.0,16169.0,16578.0,16532.0,16390.0,16530.0,98498.0,10000.0
RR-b,rr,1,6,8,uniform_random,8,0.55,8,10000,1,0,0,13.176,176000.0,100449.0,99957.0,0.5707329545454546,0.9951019920556701,0.1561828125,2121.044289,48.961934,2170.006223,3.041938,15400.0,9238.0,145324.0,0.0,0.0,3.0,0.01727,2.0,0.0,16288.0,16190.0,16352.0,16563.0,16568.0,16486.0,98447.0,10000.0
RR-b,rr,1,6,8,uniform_random,8,0.6,8,10000,1,0,0,13.023,192000.0,100487.0,99979.0,0.5233697916666666,0.9949446197020511,0.1562171875,2358.134308,48.955501,2407.089809,3.04817,15201.0,9217.0,145473.0,0.0,0.0,3.0,0.016809,2.0,0.0,16356.0,16237.0,16255.0,16357.0,16617.0,16664.0,98486.0,10000.0
RR-b,rr,1,6,8,uniform_random,8,0.65,8,10000,1,0,0,13.174,208000.0,100505.0,99996.0,0.4831971153846154,0.9949355753445103,0.15624375,2562.414647,48.99992,2611.414567,3.049432,15602.0,9232.0,145124.0,0.0,0.0,3.0,0.01708,2.0,0.0,16342.0,16280.0,16259.0,16489.0,16742.0,16462.0,98574.0,10000.0
RR-b,rr,1,6,8,uniform_random,8,0.7,8,10000,1,0,0,12.875,224000.0,100533.0,100029.0,0.44880803571428574,0.9949867207782519,0.1562953125,2733.44888,48.893501,2782.342381,3.041968,15111.0,9256.0,145383.0,0.0,0.0,3.0,0.016766,2.0,0.0,16160.0,16173.0,16709.0,16603.0,16584.0,16322.0,98551.0,10000.0
RR-b,rr,1,6,8,uniform_random,8,0.75,8,10000,1,0,0,12.758,240000.0,100485.0,99993.0,0.4186875,0.9951037468278847,0.1562390625,2885.204824,48.908364,2934.113188,3.051154,15331.0,9108.0,145503.0,0.0,0.0,3.0,0.017109,2.0,0.0,16481.0,16210.0,16545.0,16476.0,16577.0,16215.0,98504.0,10000.0
RR-b,rr,1,6,8,uniform_random,8,0.8,8,10000,1,0,0,12.673,256000.0,100538.0,100025.0,0.3927265625,0.9948974517098013,0.1562890625,3015.094426,48.989423,3064.083849,3.053217,15308.0,9013.0,145432.0,0.0,0.0,3.0,0.016622,2.0,0.0,16458.0,16271.0,16483.0,16230.0,16616.0,16456.0,98514.0,10000.0
RR-b,rr,1,6,8,uniform_random,8,0.85,8,10000,1,0,0,12.071,272000.0,100498.0,99999.0,0.3694779411764706,0.995034727059245,0.1562484375,3130.904759,49.04784,3179.9526,3.04834,15449.0,9069.0,145673.0,0.0,0.0,3.0,0.017118,2.0,0.0,16340.0,16119.0,16429.0,16472.0,16591.0,16541.0,98492.0,10000.0
RR-b,rr,1,6,8,uniform_random,8,0.9,8,10000,1,0,0,11.807,288000.0,100496.0,100000.0,0.34894444444444445,0.9950644801783155,0.15625,3235.42673,48.87074,3284.29747,3.04581,15541.0,9148.0,145545.0,0.0,0.0,3.0,0.016717,2.0,0.0,16531.0,16400.0,16314.0,16257.0,16593.0,16467.0,98562.0,10000.0
RR-b,rr,1,6,8,uniform_random,8,0.95,8,10000,1,0,0,11.426,304000.0,100512.0,100014.0,0.33063157894736844,0.9950453677172875,0.156271875,3326.884996,49.085628,3375.970624,3.053972,15516.0,9218.0,146227.0,0.0,0.0,3.0,0.017286,2.0,0.0,16320.0,16194.0,16506.0,16654.0,16605.0,16291.0,98570.0,10000.0
RR-b,rr,1,6,8,uniform_random,8,1.0,8,10000,1,0,0,11.147,320000.0,100516.0,100023.0,0.3141125,0.9950953082096383,0.1562859375,3409.276436,48.986363,3458.2628,3.047199,15325.0,9134.0,145496.0,0.0,0.0,3.0,0.017257,2.0,0.0,16150.0,16218.0,16337.0,16480.0,16594.0,16686.0,98465.0,10000.0
STV-b,starve,1,6,8,uniform_random,8,0.05,8,10000,1,0,0,10.795,16000.0,15899.0,15833.0,0.9936875,0.9958487955217309,0.0247390625,2.034801,44.207289,46.242089,3.017116,1457.0,943.0,107844.0,815365.0,0.0,2.0,0.314208,3.0,246284.0,2637.0,2557.0,2574.0,2521.0,2649.0,2637.0,15575.0,10000.0
STV-b,starve,1,6,8,uniform_random,8,0.1,8,10000,1,0,0,10.913,32000.0,31937.0,31791.0,0.99803125,0.9954284998590976,0.0496734375,2.247806,44.766601,47.014407,3.057658,5582.0,3412.0,147408.0,780208.0,0.0,2.0,0.324375,4.0,233444.0,5134.0,5193.0,5333.0,5343.0,5140.0,5190.0,31333.0,10000.0
STV-b,starve,1,6,8,uniform_random,8,0.15,8,10000,1,0,0,11.486,48000.0,48075.0,47856.0,1.0015625,0.9954446177847114,0.074775,2.872618,45.54875,48.421368,3.081118,12574.0,7496.0,179701.0,746816.0,0.0,2.0,0.331827,3.0,217679.0,7593.0,7791.0,7881.0,7769.0,8121.0,8011.0,47166.0,10000.0
STV-b,starve,1,6,8,uniform_random,8,0.2,8,10000,1,0,0,11.621,64000.0,64161.0,63853.0,1.002515625,0.9951995760664578,0.0997703125,4.425462,46.974614,51.400075,3.108546,21839.0,12499.0,207519.0,714045.0,0.0,2.0,0.337055,3.0,201655.0,10199.0,10318.0,10340.0,10371.0,10798.0,10880.0,62906.0,10000.0
STV-b,starve,1,6,8,uniform_random,8,0.25,8,10000,1,0,0,12.115,80000.0,79951.0,79559.0,0.9993875,0.9950969969106077,0.1243109375,8.70422,49.002702,57.706922,3.120062,31051.0,17267.0,223512.0,681141.0,0.0,2.0,0.341577,4.0,184709.0,12613.0,12820.0,12788.0,13243.0,13490.0,13485.0,78439.0,10000.0
STV-b,starve,1,6,8,uniform_random,8,0.3,8,10000,1,0,0,12.315,96000.0,95479.0,94951.0,0.9945729166666667,0.9944699881649368,0.1483609375,45.10695,52.618319,97.725269,3.124959,38417.0,20871.0,243232.0,644468.0,0.0,2.0,0.338122,4.0,162219.0,15066.0,15166.0,15656.0,15646.0,16073.0,15901.0,93508.0,10000.0
STV-b,starve,1,6,8,uniform_random,8,0.35,8,10000,1,0,0,12.842,112000.0,99860.0,99318.0,0.8916071428571428,0.9945724013619067,0.155184375,517.77418,54.003544,571.777724,3.128486,40077.0,21434.0,247321.0,632711.0,0.0,2.0,0.335583,4.0,153989.0,15787.0,15855.0,16007.0,16271.0,16980.0,16989.0,97889.0,10000.0
STV-b,starve,1,6,8,uniform_random,8,0.4,8,10000,1,0,0,12.830,128000.0,100009.0,99454.0,0.7813203125,0.994450499455049,0.155396875,1058.084149,54.113842,1112.197991,3.124118,39931.0,21433.0,247423.0,631954.0,0.0,2.0,0.335656,4.0,154122.0,15921.0,15771.0,16211.0,16336.0,16746.0,17068.0,98053.0,10000.0
STV-b,starve,1,6,8,uniform_random,8,0.45,8,10000,1,0,0,13.092,144000.0,100061.0,99529.0,0.6948680555555555,0.9946832432216348,0.1555140625,1495.531202,54.164234,1549.695436,3.126837,39994.0,21425.0,249036.0,631852.0,0.0,2.0,0.335611,4.0,153259.0,15708.0,15555.0,16079.0,16489.0,17035.0,17121.0,97987.0,10000.0
STV-b,starve,1,6,8,uniform_random,8,0.5,8,10000,1,0,0,13.045,160000.0,100053.0,99499.0,0.62533125,0.9944629346446383,0.1554671875,1849.200364,54.303501,1903.503864,3.12765,40301.0,21537.0,247204.0,631802.0,0.0,3.0,0.334678,4.0,153517.0,15673.0,15792.0,16479.0,16281.0,16805.0,17040.0,98070.0,10000.0
STV-b,starve,1,6,8,uniform_random,8,0.55,8,10000,1,0,0,13.055,176000.0,100102.0,99555.0,0.5687613636363636,0.9945355737148109,0.1555546875,2129.880579,54.080679,2183.961258,3.118407,39889.0,21387.0,248592.0,632339.0,0.0,3.0,0.335114,4.0,153722.0,15876.0,15852.0,16254.0,16291.0,16820.0,16948.0,98041.0,10000.0
STV-b,starve,1,6,8,uniform_random,8,0.6,8,10000,1,0,0,13.019,192000.0,100094.0,99519.0,0.5213229166666666,0.9942553999240714,0.1554984375,2366.882364,54.028005,2420.910369,3.1268,40117.0,21559.0,252310.0,632241.0,0.0,2.0,0.335711,4.0,153092.0,15744.0,15855.0,16209.0,16253.0,16935.0,17036.0,98032.0,10000.0
STV-b,starve,1,6,8,uniform_random,8,0.65,8,10000,1,0,0,13.036,208000.0,100097.0,99543.0,0.48123557692307695,0.9944653685924653,0.1555359375,2570.844851,54.08527,2624.930121,3.124177,39826.0,21405.0,253562.0,632242.0,0.0,2.0,0.335336,4.0,153511.0,15949.0,15869.0,16163.0,16286.0,16968.0,16895.0,98130.0,10000.0
STV-b,starve,1,6,8,uniform_random,8,0.7,8,10000,1,0,0,12.965,224000.0,100133.0,99585.0,0.4470223214285714,0.9945272787193034,0.1556015625,2740.231471,54.083316,2794.314786,3.120862,39942.0,21461.0,248512.0,632257.0,0.0,2.0,0.336133,4.0,153642.0,15984.0,15695.0,16547.0,16160.0,16846.0,16878.0,98110.0,10000.0
STV-b,starve,1,6,8,uniform_random,8,0.75,8,10000,1,0,0,13.037,240000.0,100139.0,99579.0,0.4172458333333333,0.9944077731952586,0.1555921875,2890.186445,53.882626,2944.069071,3.126703,40259.0,21708.0,253926.0,632536.0,0.0,2.0,0.335291,4.0,153302.0,15908.0,15792.0,16420.0,16145.0,16946.0,16894.0,98105.0,10000.0
STV-b,starve,1,6,8,uniform_random,8,0.8,8,10000,1,0,0,12.772,256000.0,100103.0,99564.0,0.39102734375,0.9946155459876327,0.15556875,3022.659807,54.20402,3076.863826,3.13074,40298.0,21455.0,253314.0,631668.0,0.0,2.0,0.334822,4.0,152790.0,15787.0,15911.0,16395.0,16086.0,16990.0,16895.0,98064.0,10000.0
STV-b,starve,1,6,8,uniform_random,8,0.85,8,10000,1,0,0,12.819,272000.0,100114.0,99554.0,0.36806617647058826,0.9944063767305272,0.155553125,3135.781777,54.163941,3189.945718,3.124365,40132.0,21452.0,252835.0,632070.0,0.0,2.0,0.335752,4.0,153193.0,15990.0,15886.0,16327.0,16227.0,16943.0,16685.0,98058.0,10000.0
STV-b,starve,1,6,8,uniform_random,8,0.9,8,10000,1,0,0,12.678,288000.0,100125.0,99591.0,0.34765625,0.9946666666666667,0.1556109375,3241.05622,53.882158,3294.938378,3.122571,39885.0,21286.0,253482.0,632493.0,0.0,2.0,0.335423,4.0,153274.0,15962.0,15963.0,16175.0,16196.0,16936.0,16910.0,98142.0,10000.0
STV-b,starve,1,6,8,uniform_random,8,0.95,8,10000,1,0,0,12.131,304000.0,100175.0,99632.0,0.32952302631578945,0.9945794858996756,0.155675,3329.86674,54.174271,3384.041011,3.129667,40013.0,21414.0,251221.0,631543.0,0.0,2.0,0.334698,4.0,153038.0,15855.0,15726.0,16377.0,16370.0,16903.0,16966.0,98197.0,10000.0
STV-b,starve,1,6,8,uniform_random,8,1.0,8,10000,1,0,0,11.839,320000.0,100123.0,99560.0,0.312884375,0.9943769163928368,0.1555625,3412.05671,54.025954,3466.082664,3.126316,40454.0,21496.0,253040.0,632186.0,0.0,2.0,0.336999,4.0,153839.0,15776.0,15880.0,16072.0,16214.0,17041.0,17043.0,98026.0,10000.0
