mode,pattern,injection_rate,vcs_per_vnet,sim_cycles,deadlock,expected_generated,packets_injected,packets_received,injection_acceptance,delivery_ratio,throughput,queueing_latency,network_latency,packet_latency,average_hops,cbs_entry_blocks,cbs_mark_moves,dp_pool_blocks,dp_shared_grants,escape_hops,escape_transitions,sim_ticks
PA0_cbs_v4,torus3d_xopposite,0.05,4,10000,0,16000.0,15968.0,15954.0,0.998,0.999123246492986,0.024928125,2.0,7.049016,9.049016,2.0,1.0,0.0,0.0,0.0,0.0,0.0,10000.0
PA0_cbs_v4,torus3d_xopposite,0.1,4,10000,0,32000.0,31948.0,31916.0,0.998375,0.998998372355077,0.04986875,2.0,7.096284,9.096284,2.0,9.0,4.0,0.0,0.0,0.0,0.0,10000.0
PA0_cbs_v4,torus3d_xopposite,0.15,4,10000,0,48000.0,47760.0,47718.0,0.995,0.9991206030150753,0.074559375,2.0,7.143719,9.143719,2.0,18.0,37.0,0.0,0.0,0.0,0.0,10000.0
PA0_cbs_v4,torus3d_xopposite,0.2,4,10000,0,64000.0,63806.0,63750.0,0.99696875,0.9991223395918879,0.099609375,2.0,7.192769,9.192769,2.0,61.0,103.0,0.0,0.0,0.0,0.0,10000.0
PA0_cbs_v4,torus3d_xopposite,0.25,4,10000,0,80000.0,79713.0,79645.0,0.9964125,0.99914693964598,0.1244453125,2.0,7.242476,9.242476,2.0,181.0,228.0,0.0,0.0,0.0,0.0,10000.0
PA0_cbs_v4,torus3d_xopposite,0.3,4,10000,0,96000.0,95810.0,95730.0,0.9980208333333334,0.9991650140903873,0.149578125,2.0,7.294495,9.294495,2.0,458.0,526.0,0.0,0.0,0.0,0.0,10000.0
PA0_cbs_v4,torus3d_xopposite,0.35,4,10000,0,112000.0,111703.0,111615.0,0.9973482142857143,0.9992121966285596,0.1743984375,2.0,7.350947,9.350947,2.0,835.0,966.0,0.0,0.0,0.0,0.0,10000.0
PA0_cbs_v4,torus3d_xopposite,0.4,4,10000,0,128000.0,127637.0,127532.0,0.9971640625,0.9991773545288591,0.19926875,2.0,7.414022,9.414022,2.0,1437.0,1560.0,0.0,0.0,0.0,0.0,10000.0
PA0_cbs_v4,torus3d_xopposite,0.45,4,10000,0,144000.0,143553.0,143440.0,0.9968958333333333,0.9992128342842016,0.224125,2.000007,7.476861,9.476868,2.0,2442.0,2610.0,0.0,0.0,0.0,0.0,10000.0
PA0_cbs_v4,torus3d_xopposite,0.5,4,10000,0,160000.0,159452.0,159325.0,0.996575,0.999203522063066,0.2489453125,2.000006,7.559241,9.559247,2.0,3827.0,4056.0,0.0,0.0,0.0,0.0,10000.0
PA0_cbs_v4,torus3d_xopposite,0.55,4,10000,0,176000.0,175634.0,175494.0,0.9979204545454545,0.9992028878235422,0.274209375,2.000068,7.666923,9.666991,2.0,6438.0,6144.0,0.0,0.0,0.0,0.0,10000.0
PA0_cbs_v4,torus3d_xopposite,0.6,4,10000,0,192000.0,191507.0,191344.0,0.9974322916666667,0.999148856177581,0.298975,2.000455,7.816425,9.81688,2.0,10032.0,9137.0,0.0,0.0,0.0,0.0,10000.0
PA0_cbs_v4,torus3d_xopposite,0.65,4,10000,0,208000.0,207649.0,207472.0,0.9983125,0.9991476000366002,0.324175,2.00295,8.041741,10.04469,2.0,16641.0,13779.0,0.0,0.0,0.0,0.0,10000.0
PA0_cbs_v4,torus3d_xopposite,0.7,4,10000,0,224000.0,223725.0,223527.0,0.9987723214285714,0.9991149849145156,0.3492609375,2.018705,8.432198,10.450903,2.0,30010.0,22105.0,0.0,0.0,0.0,0.0,10000.0
PA0_cbs_v4,torus3d_xopposite,0.75,4,10000,0,240000.0,239660.0,239426.0,0.9985833333333334,0.9990236167904532,0.374103125,2.207843,9.303559,11.511402,2.0,64615.0,39259.0,0.0,0.0,0.0,0.0,10000.0
PA0_cbs_v4,torus3d_xopposite,0.8,4,10000,0,256000.0,255568.0,255243.0,0.9983125,0.9987283227947161,0.3988171875,11.981426,11.810416,23.791842,2.0,193024.0,76152.0,0.0,0.0,0.0,0.0,10000.0
PA0_cbs_v4,torus3d_xopposite,0.85,4,10000,0,272000.0,258205.0,257823.0,0.9492830882352942,0.998520555372669,0.4028484375,242.548442,13.433972,255.982414,2.0,287734.0,90828.0,0.0,0.0,0.0,0.0,10000.0
PA0_cbs_v4,torus3d_xopposite,0.9,4,10000,0,288000.0,263136.0,262767.0,0.9136666666666666,0.9985976833272528,0.4105734375,420.293313,13.100542,433.393855,2.0,282935.0,91593.0,0.0,0.0,0.0,0.0,10000.0
PA0_cbs_v4,torus3d_xopposite,0.95,4,10000,0,304000.0,258834.0,258463.0,0.8514276315789474,0.9985666488946584,0.4038484375,732.381498,13.434809,745.816306,2.0,290648.0,91827.0,0.0,0.0,0.0,0.0,10000.0
PA0_cbs_v4,torus3d_xopposite,1.0,4,10000,0,320000.0,256256.0,255904.0,0.8008,0.9986263736263736,0.39985,991.644593,13.628236,1005.272829,2.0,291008.0,89328.0,0.0,0.0,0.0,0.0,10000.0
PA1_dpcbs_v4_s1,torus3d_xopposite,0.05,4,10000,0,16000.0,15968.0,15954.0,0.998,0.999123246492986,0.024928125,2.0,7.050834,9.050834,2.0,29.0,18.0,31.0,28390.0,0.0,0.0,10000.0
PA1_dpcbs_v4_s1,torus3d_xopposite,0.1,4,10000,0,32000.0,31948.0,31916.0,0.998375,0.998998372355077,0.04986875,2.0,7.105402,9.105402,2.0,186.0,137.0,268.0,51005.0,0.0,0.0,10000.0
PA1_dpcbs_v4_s1,torus3d_xopposite,0.15,4,10000,0,48000.0,47760.0,47718.0,0.995,0.9991206030150753,0.074559375,2.0,7.170921,9.170921,2.0,802.0,417.0,1122.0,68838.0,0.0,0.0,10000.0
PA1_dpcbs_v4_s1,torus3d_xopposite,0.2,4,10000,0,64000.0,63806.0,63750.0,0.99696875,0.9991223395918879,0.099609375,2.0,7.247075,9.247075,2.0,1898.0,947.0,2896.0,83756.0,0.0,0.0,10000.0
PA1_dpcbs_v4_s1,torus3d_xopposite,0.25,4,10000,0,80000.0,79713.0,79645.0,0.9964125,0.99914693964598,0.1244453125,2.0,7.341001,9.341001,2.0,3937.0,1915.0,6411.0,96297.0,0.0,0.0,10000.0
PA1_dpcbs_v4_s1,torus3d_xopposite,0.3,4,10000,0,96000.0,95810.0,95729.0,0.9980208333333334,0.9991545767665171,0.1495765625,2.000094,7.457113,9.457207,2.0,7033.0,3299.0,12360.0,106682.0,0.0,0.0,10000.0
PA1_dpcbs_v4_s1,torus3d_xopposite,0.35,4,10000,0,112000.0,111703.0,111612.0,0.9973482142857143,0.9991853396954424,0.17439375,2.000385,7.613124,9.613509,2.0,11987.0,5087.0,22545.0,114973.0,0.0,0.0,10000.0
PA1_dpcbs_v4_s1,torus3d_xopposite,0.4,4,10000,0,128000.0,127637.0,127521.0,0.9971640625,0.9990911726223587,0.1992515625,2.0016,7.835023,9.836623,2.0,19412.0,7720.0,39745.0,121777.0,0.0,0.0,10000.0
PA1_dpcbs_v4_s1,torus3d_xopposite,0.45,4,10000,0,144000.0,143553.0,143431.0,0.9968958333333333,0.999150139669669,0.2241109375,2.011539,8.204279,10.215818,2.0,31031.0,11216.0,71922.0,126945.0,0.0,0.0,10000.0
PA1_dpcbs_v4_s1,torus3d_xopposite,0.5,4,10000,0,160000.0,159422.0,159264.0,0.9963875,0.9990089197224975,0.24885,3.71006,9.797456,13.507516,2.0,66249.0,15432.0,217466.0,127131.0,0.0,0.0,10000.0
PA1_dpcbs_v4_s1,torus3d_xopposite,0.55,4,10000,0,176000.0,160945.0,160595.0,0.9144602272727272,0.9978253440616359,0.2509296875,388.600205,17.943429,406.543635,2.0,244528.0,11106.0,1163808.0,95577.0,0.0,0.0,10000.0
PA1_dpcbs_v4_s1,torus3d_xopposite,0.6,4,10000,0,192000.0,160489.0,160141.0,0.8358802083333333,0.9978316270897071,0.2502203125,791.541641,18.347612,809.889254,2.0,237760.0,520.0,1167419.0,98787.0,0.0,0.0,10000.0
PA1_dpcbs_v4_s1,torus3d_xopposite,0.65,4,10000,0,208000.0,160431.0,160079.0,0.7713028846153847,0.9978059103290511,0.2501234375,1121.292549,18.355531,1139.64808,2.0,238998.0,413.0,1181858.0,99536.0,0.0,0.0,10000.0
PA1_dpcbs_v4_s1,torus3d_xopposite,0.7,4,10000,0,224000.0,160400.0,160040.0,0.7160714285714286,0.9977556109725686,0.2500625,1400.655599,18.443514,1419.099113,2.0,239447.0,368.0,1187329.0,98537.0,0.0,0.0,10000.0
PA1_dpcbs_v4_s1,torus3d_xopposite,0.75,4,10000,0,240000.0,160338.0,159983.0,0.668075,0.9977859272287293,0.2499734375,1643.878925,18.705462,1662.584387,2.0,239619.0,272.0,1186246.0,97648.0,0.0,0.0,10000.0
PA1_dpcbs_v4_s1,torus3d_xopposite,0.8,4,10000,0,256000.0,165253.0,164899.0,0.64551953125,0.9978578301150357,0.2576546875,1717.333107,17.969842,1735.302949,2.0,234656.0,5114.0,1142341.0,103398.0,0.0,0.0,10000.0
PA1_dpcbs_v4_s1,torus3d_xopposite,0.85,4,10000,0,272000.0,165252.0,164897.0,0.6075441176470588,0.9978517657880086,0.2576515625,1908.151774,17.854442,1926.006216,2.0,234772.0,5117.0,1147854.0,95099.0,0.0,0.0,10000.0
PA1_dpcbs_v4_s1,torus3d_xopposite,0.9,4,10000,0,288000.0,165263.0,164906.0,0.5738298611111111,0.9978398068533186,0.257665625,2077.012474,17.97823,2094.990704,2.0,234901.0,5185.0,1145651.0,93442.0,0.0,0.0,10000.0
PA1_dpcbs_v4_s1,torus3d_xopposite,0.95,4,10000,0,304000.0,170230.0,169875.0,0.5599671052631578,0.9979145861481525,0.2654296875,2120.651773,17.573692,2138.225466,2.0,229925.0,10192.0,1113750.0,102545.0,0.0,0.0,10000.0
PA1_dpcbs_v4_s1,torus3d_xopposite,1.0,4,10000,0,320000.0,160224.0,159872.0,0.5007,0.9978030756940284,0.2498,2482.517176,18.990893,2501.508069,2.0,239984.0,304.0,1199376.0,106672.0,0.0,0.0,10000.0
PA2_dpcbs_v4_s2,torus3d_xopposite,0.05,4,10000,0,16000.0,15968.0,15954.0,0.998,0.999123246492986,0.024928125,2.0,7.049016,9.049016,2.0,1.0,0.0,0.0,31773.0,0.0,0.0,10000.0
PA2_dpcbs_v4_s2,torus3d_xopposite,0.1,4,10000,0,32000.0,31948.0,31916.0,0.998375,0.998998372355077,0.04986875,2.0,7.096347,9.096347,2.0,8.0,2.0,0.0,62742.0,0.0,0.0,10000.0
PA2_dpcbs_v4_s2,torus3d_xopposite,0.15,4,10000,0,48000.0,47760.0,47718.0,0.995,0.9991206030150753,0.074559375,2.0,7.144411,9.144411,2.0,28.0,10.0,0.0,91711.0,0.0,0.0,10000.0
PA2_dpcbs_v4_s2,torus3d_xopposite,0.2,4,10000,0,64000.0,63806.0,63750.0,0.99696875,0.9991223395918879,0.099609375,2.0,7.194541,9.194541,2.0,83.0,28.0,0.0,119172.0,0.0,0.0,10000.0
PA2_dpcbs_v4_s2,torus3d_xopposite,0.25,4,10000,0,80000.0,79713.0,79645.0,0.9964125,0.99914693964598,0.1244453125,2.0,7.245414,9.245414,2.0,199.0,82.0,0.0,144213.0,0.0,0.0,10000.0
PA2_dpcbs_v4_s2,torus3d_xopposite,0.3,4,10000,0,96000.0,95810.0,95730.0,0.9980208333333334,0.9991650140903873,0.149578125,2.0,7.299509,9.299509,2.0,450.0,225.0,0.0,167098.0,0.0,0.0,10000.0
PA2_dpcbs_v4_s2,torus3d_xopposite,0.35,4,10000,0,112000.0,111703.0,111615.0,0.9973482142857143,0.9992121966285596,0.1743984375,2.0,7.358034,9.358034,2.0,797.0,440.0,0.0,187160.0,0.0,0.0,10000.0
PA2_dpcbs_v4_s2,torus3d_xopposite,0.4,4,10000,0,128000.0,127637.0,127531.0,0.9971640625,0.9991695198100864,0.1992671875,2.0,7.426085,9.426085,2.0,1516.0,782.0,0.0,204888.0,0.0,0.0,10000.0
PA2_dpcbs_v4_s2,torus3d_xopposite,0.45,4,10000,0,144000.0,143553.0,143440.0,0.9968958333333333,0.9992128342842016,0.224125,2.0,7.499442,9.499442,2.0,2591.0,1338.0,0.0,220710.0,0.0,0.0,10000.0
PA2_dpcbs_v4_s2,torus3d_xopposite,0.5,4,10000,0,160000.0,159452.0,159325.0,0.996575,0.999203522063066,0.2489453125,2.000038,7.594301,9.594339,2.0,4140.0,2236.0,0.0,233954.0,0.0,0.0,10000.0
PA2_dpcbs_v4_s2,torus3d_xopposite,0.55,4,10000,0,176000.0,175634.0,175493.0,0.9979204545454545,0.9991971941651389,0.2742078125,2.000524,7.727585,9.728109,2.0,7007.0,3411.0,0.0,245400.0,0.0,0.0,10000.0
PA2_dpcbs_v4_s2,torus3d_xopposite,0.6,4,10000,0,192000.0,191507.0,191337.0,0.9974322916666667,0.9991123039888882,0.2989640625,2.00207,7.930259,9.932329,2.0,11280.0,5178.0,0.0,254263.0,0.0,0.0,10000.0
PA2_dpcbs_v4_s2,torus3d_xopposite,0.65,4,10000,0,208000.0,205110.0,204919.0,0.9861057692307692,0.9990687923553215,0.3201859375,39.922823,8.772588,48.695411,2.0,30567.0,7335.0,0.0,253236.0,0.0,0.0,10000.0
PA2_dpcbs_v4_s2,torus3d_xopposite,0.7,4,10000,0,224000.0,187569.0,187173.0,0.8373616071428571,0.9978887769300897,0.2924578125,517.813777,15.997056,533.810833,2.0,198350.0,20695.0,0.0,181395.0,0.0,0.0,10000.0
PA2_dpcbs_v4_s2,torus3d_xopposite,0.75,4,10000,0,240000.0,185873.0,185468.0,0.7744708333333333,0.9978210928967628,0.28979375,983.10191,18.267982,1001.369891,2.0,235887.0,21379.0,0.0,183665.0,0.0,0.0,10000.0
PA2_dpcbs_v4_s2,torus3d_xopposite,0.8,4,10000,0,256000.0,178357.0,177952.0,0.69670703125,0.9977292733113923,0.27805,1393.607861,18.789837,1412.397697,2.0,241445.0,14979.0,0.0,159856.0,0.0,0.0,10000.0
PA2_dpcbs_v4_s2,torus3d_xopposite,0.85,4,10000,0,272000.0,182431.0,182026.0,0.670702205882353,0.997779982568752,0.284415625,1543.816043,18.839918,1562.655961,2.0,250180.0,20407.0,0.0,153414.0,0.0,0.0,10000.0
PA2_dpcbs_v4_s2,torus3d_xopposite,0.9,4,10000,0,288000.0,183884.0,183475.0,0.6384861111111111,0.9977757716821475,0.2866796875,1705.927516,18.308979,1724.236495,2.0,285193.0,51252.0,0.0,144272.0,0.0,0.0,10000.0
PA2_dpcbs_v4_s2,torus3d_xopposite,0.95,4,10000,0,304000.0,177061.0,176645.0,0.5824375,0.9976505272194328,0.2760078125,1947.166588,18.143712,1965.3103,2.0,343214.0,80841.0,0.0,102581.0,0.0,0.0,10000.0
PA2_dpcbs_v4_s2,torus3d_xopposite,1.0,4,10000,0,320000.0,161344.0,160912.0,0.5042,0.9973224910749703,0.251425,2432.898205,17.945312,2450.843517,2.0,474896.0,157696.0,0.0,4032.0,0.0,0.0,10000.0
PA3_dpcbs_v4_s3,torus3d_xopposite,0.05,4,10000,0,16000.0,15968.0,15954.0,0.998,0.999123246492986,0.024928125,2.0,7.049016,9.049016,2.0,1.0,0.0,0.0,31773.0,0.0,0.0,10000.0
PA3_dpcbs_v4_s3,torus3d_xopposite,0.1,4,10000,0,32000.0,31948.0,31916.0,0.998375,0.998998372355077,0.04986875,2.0,7.096347,9.096347,2.0,8.0,2.0,0.0,62742.0,0.0,0.0,10000.0
PA3_dpcbs_v4_s3,torus3d_xopposite,0.15,4,10000,0,48000.0,47760.0,47718.0,0.995,0.9991206030150753,0.074559375,2.0,7.144411,9.144411,2.0,28.0,10.0,0.0,91711.0,0.0,0.0,10000.0
PA3_dpcbs_v4_s3,torus3d_xopposite,0.2,4,10000,0,64000.0,63806.0,63750.0,0.99696875,0.9991223395918879,0.099609375,2.0,7.194541,9.194541,2.0,83.0,28.0,0.0,119172.0,0.0,0.0,10000.0
PA3_dpcbs_v4_s3,torus3d_xopposite,0.25,4,10000,0,80000.0,79713.0,79645.0,0.9964125,0.99914693964598,0.1244453125,2.0,7.245414,9.245414,2.0,199.0,82.0,0.0,144213.0,0.0,0.0,10000.0
PA3_dpcbs_v4_s3,torus3d_xopposite,0.3,4,10000,0,96000.0,95810.0,95730.0,0.9980208333333334,0.9991650140903873,0.149578125,2.0,7.299509,9.299509,2.0,450.0,225.0,0.0,167098.0,0.0,0.0,10000.0
PA3_dpcbs_v4_s3,torus3d_xopposite,0.35,4,10000,0,112000.0,111703.0,111615.0,0.9973482142857143,0.9992121966285596,0.1743984375,2.0,7.358034,9.358034,2.0,797.0,440.0,0.0,187160.0,0.0,0.0,10000.0
PA3_dpcbs_v4_s3,torus3d_xopposite,0.4,4,10000,0,128000.0,127637.0,127531.0,0.9971640625,0.9991695198100864,0.1992671875,2.0,7.426085,9.426085,2.0,1516.0,782.0,0.0,204888.0,0.0,0.0,10000.0
PA3_dpcbs_v4_s3,torus3d_xopposite,0.45,4,10000,0,144000.0,143553.0,143440.0,0.9968958333333333,0.9992128342842016,0.224125,2.0,7.499442,9.499442,2.0,2591.0,1338.0,0.0,220710.0,0.0,0.0,10000.0
PA3_dpcbs_v4_s3,torus3d_xopposite,0.5,4,10000,0,160000.0,159452.0,159325.0,0.996575,0.999203522063066,0.2489453125,2.000038,7.594301,9.594339,2.0,4140.0,2236.0,0.0,233954.0,0.0,0.0,10000.0
PA3_dpcbs_v4_s3,torus3d_xopposite,0.55,4,10000,0,176000.0,175634.0,175493.0,0.9979204545454545,0.9991971941651389,0.2742078125,2.000524,7.727585,9.728109,2.0,7007.0,3411.0,0.0,245400.0,0.0,0.0,10000.0
PA3_dpcbs_v4_s3,torus3d_xopposite,0.6,4,10000,0,192000.0,191507.0,191337.0,0.9974322916666667,0.9991123039888882,0.2989640625,2.00207,7.930259,9.932329,2.0,11280.0,5178.0,0.0,254263.0,0.0,0.0,10000.0
PA3_dpcbs_v4_s3,torus3d_xopposite,0.65,4,10000,0,208000.0,205110.0,204919.0,0.9861057692307692,0.9990687923553215,0.3201859375,39.922823,8.772588,48.695411,2.0,30567.0,7335.0,0.0,253236.0,0.0,0.0,10000.0
PA3_dpcbs_v4_s3,torus3d_xopposite,0.7,4,10000,0,224000.0,187569.0,187173.0,0.8373616071428571,0.9978887769300897,0.2924578125,517.813777,15.997056,533.810833,2.0,198350.0,20695.0,0.0,181395.0,0.0,0.0,10000.0
PA3_dpcbs_v4_s3,torus3d_xopposite,0.75,4,10000,0,240000.0,185873.0,185468.0,0.7744708333333333,0.9978210928967628,0.28979375,983.10191,18.267982,1001.369891,2.0,235887.0,21379.0,0.0,183665.0,0.0,0.0,10000.0
PA3_dpcbs_v4_s3,torus3d_xopposite,0.8,4,10000,0,256000.0,178357.0,177952.0,0.69670703125,0.9977292733113923,0.27805,1393.607861,18.789837,1412.397697,2.0,241445.0,14979.0,0.0,159856.0,0.0,0.0,10000.0
PA3_dpcbs_v4_s3,torus3d_xopposite,0.85,4,10000,0,272000.0,182431.0,182026.0,0.670702205882353,0.997779982568752,0.284415625,1543.816043,18.839918,1562.655961,2.0,250180.0,20407.0,0.0,153414.0,0.0,0.0,10000.0
PA3_dpcbs_v4_s3,torus3d_xopposite,0.9,4,10000,0,288000.0,183884.0,183475.0,0.6384861111111111,0.9977757716821475,0.2866796875,1705.927516,18.308979,1724.236495,2.0,285193.0,51252.0,0.0,144272.0,0.0,0.0,10000.0
PA3_dpcbs_v4_s3,torus3d_xopposite,0.95,4,10000,0,304000.0,177061.0,176645.0,0.5824375,0.9976505272194328,0.2760078125,1947.166588,18.143712,1965.3103,2.0,343214.0,80841.0,0.0,102581.0,0.0,0.0,10000.0
PA3_dpcbs_v4_s3,torus3d_xopposite,1.0,4,10000,0,320000.0,161344.0,160912.0,0.5042,0.9973224910749703,0.251425,2432.898205,17.945312,2450.843517,2.0,474896.0,157696.0,0.0,4032.0,0.0,0.0,10000.0
PA4_dpcbs_v4_s4,torus3d_xopposite,0.05,4,10000,0,16000.0,15968.0,15954.0,0.998,0.999123246492986,0.024928125,2.0,7.049016,9.049016,2.0,1.0,0.0,0.0,31773.0,0.0,0.0,10000.0
PA4_dpcbs_v4_s4,torus3d_xopposite,0.1,4,10000,0,32000.0,31948.0,31916.0,0.998375,0.998998372355077,0.04986875,2.0,7.096347,9.096347,2.0,8.0,2.0,0.0,62742.0,0.0,0.0,10000.0
PA4_dpcbs_v4_s4,torus3d_xopposite,0.15,4,10000,0,48000.0,47760.0,47718.0,0.995,0.9991206030150753,0.074559375,2.0,7.144411,9.144411,2.0,28.0,10.0,0.0,91711.0,0.0,0.0,10000.0
PA4_dpcbs_v4_s4,torus3d_xopposite,0.2,4,10000,0,64000.0,63806.0,63750.0,0.99696875,0.9991223395918879,0.099609375,2.0,7.194541,9.194541,2.0,83.0,28.0,0.0,119172.0,0.0,0.0,10000.0
PA4_dpcbs_v4_s4,torus3d_xopposite,0.25,4,10000,0,80000.0,79713.0,79645.0,0.9964125,0.99914693964598,0.1244453125,2.0,7.245414,9.245414,2.0,199.0,82.0,0.0,144213.0,0.0,0.0,10000.0
PA4_dpcbs_v4_s4,torus3d_xopposite,0.3,4,10000,0,96000.0,95810.0,95730.0,0.9980208333333334,0.9991650140903873,0.149578125,2.0,7.299509,9.299509,2.0,450.0,225.0,0.0,167098.0,0.0,0.0,10000.0
PA4_dpcbs_v4_s4,torus3d_xopposite,0.35,4,10000,0,112000.0,111703.0,111615.0,0.9973482142857143,0.9992121966285596,0.1743984375,2.0,7.358034,9.358034,2.0,797.0,440.0,0.0,187160.0,0.0,0.0,10000.0
PA4_dpcbs_v4_s4,torus3d_xopposite,0.4,4,10000,0,128000.0,127637.0,127531.0,0.9971640625,0.9991695198100864,0.1992671875,2.0,7.426085,9.426085,2.0,1516.0,782.0,0.0,204888.0,0.0,0.0,10000.0
PA4_dpcbs_v4_s4,torus3d_xopposite,0.45,4,10000,0,144000.0,143553.0,143440.0,0.9968958333333333,0.9992128342842016,0.224125,2.0,7.499442,9.499442,2.0,2591.0,1338.0,0.0,220710.0,0.0,0.0,10000.0
PA4_dpcbs_v4_s4,torus3d_xopposite,0.5,4,10000,0,160000.0,159452.0,159325.0,0.996575,0.999203522063066,0.2489453125,2.000038,7.594301,9.594339,2.0,4140.0,2236.0,0.0,233954.0,0.0,0.0,10000.0
PA4_dpcbs_v4_s4,torus3d_xopposite,0.55,4,10000,0,176000.0,175634.0,175493.0,0.9979204545454545,0.9991971941651389,0.2742078125,2.000524,7.727585,9.728109,2.0,7007.0,3411.0,0.0,245400.0,0.0,0.0,10000.0
PA4_dpcbs_v4_s4,torus3d_xopposite,0.6,4,10000,0,192000.0,191507.0,191337.0,0.9974322916666667,0.9991123039888882,0.2989640625,2.00207,7.930259,9.932329,2.0,11280.0,5178.0,0.0,254263.0,0.0,0.0,10000.0
PA4_dpcbs_v4_s4,torus3d_xopposite,0.65,4,10000,0,208000.0,205110.0,204919.0,0.9861057692307692,0.9990687923553215,0.3201859375,39.922823,8.772588,48.695411,2.0,30567.0,7335.0,0.0,253236.0,0.0,0.0,10000.0
PA4_dpcbs_v4_s4,torus3d_xopposite,0.7,4,10000,0,224000.0,187569.0,187173.0,0.8373616071428571,0.9978887769300897,0.2924578125,517.813777,15.997056,533.810833,2.0,198350.0,20695.0,0.0,181395.0,0.0,0.0,10000.0
PA4_dpcbs_v4_s4,torus3d_xopposite,0.75,4,10000,0,240000.0,185873.0,185468.0,0.7744708333333333,0.9978210928967628,0.28979375,983.10191,18.267982,1001.369891,2.0,235887.0,21379.0,0.0,183665.0,0.0,0.0,10000.0
PA4_dpcbs_v4_s4,torus3d_xopposite,0.8,4,10000,0,256000.0,178357.0,177952.0,0.69670703125,0.9977292733113923,0.27805,1393.607861,18.789837,1412.397697,2.0,241445.0,14979.0,0.0,159856.0,0.0,0.0,10000.0
PA4_dpcbs_v4_s4,torus3d_xopposite,0.85,4,10000,0,272000.0,182431.0,182026.0,0.670702205882353,0.997779982568752,0.284415625,1543.816043,18.839918,1562.655961,2.0,250180.0,20407.0,0.0,153414.0,0.0,0.0,10000.0
PA4_dpcbs_v4_s4,torus3d_xopposite,0.9,4,10000,0,288000.0,183884.0,183475.0,0.6384861111111111,0.9977757716821475,0.2866796875,1705.927516,18.308979,1724.236495,2.0,285193.0,51252.0,0.0,144272.0,0.0,0.0,10000.0
PA4_dpcbs_v4_s4,torus3d_xopposite,0.95,4,10000,0,304000.0,177061.0,176645.0,0.5824375,0.9976505272194328,0.2760078125,1947.166588,18.143712,1965.3103,2.0,343214.0,80841.0,0.0,102581.0,0.0,0.0,10000.0
PA4_dpcbs_v4_s4,torus3d_xopposite,1.0,4,10000,0,320000.0,161344.0,160912.0,0.5042,0.9973224910749703,0.251425,2432.898205,17.945312,2450.843517,2.0,474896.0,157696.0,0.0,4032.0,0.0,0.0,10000.0
PB0_esc_v4,torus3d_xopposite,0.05,4,10000,0,16000.0,15968.0,15954.0,0.998,0.999123246492986,0.024928125,2.0,7.025574,9.025574,2.0,0.0,0.0,0.0,0.0,0.0,0.0,10000.0
PB0_esc_v4,torus3d_xopposite,0.1,4,10000,0,32000.0,31948.0,31916.0,0.998375,0.998998372355077,0.04986875,2.0,7.051166,9.051166,2.0,0.0,0.0,0.0,0.0,0.0,0.0,10000.0
PB0_esc_v4,torus3d_xopposite,0.15,4,10000,0,48000.0,47760.0,47718.0,0.995,0.9991206030150753,0.074559375,2.0,7.076743,9.076743,2.0,0.0,0.0,0.0,0.0,0.0,0.0,10000.0
PB0_esc_v4,torus3d_xopposite,0.2,4,10000,0,64000.0,63806.0,63750.0,0.99696875,0.9991223395918879,0.099609375,2.0,7.106886,9.106886,2.0,0.0,0.0,0.0,0.0,0.0,0.0,10000.0
PB0_esc_v4,torus3d_xopposite,0.25,4,10000,0,80000.0,79713.0,79646.0,0.9964125,0.9991594846511861,0.124446875,2.0,7.132737,9.132737,2.0,0.0,0.0,0.0,0.0,0.0,0.0,10000.0
PB0_esc_v4,torus3d_xopposite,0.3,4,10000,0,96000.0,95810.0,95731.0,0.9980208333333334,0.9991754514142573,0.1495796875,2.000031,7.159656,9.159687,2.0,0.0,0.0,0.0,0.0,0.0,0.0,10000.0
PB0_esc_v4,torus3d_xopposite,0.35,4,10000,0,112000.0,111703.0,111617.0,0.9973482142857143,0.9992301012506378,0.1744015625,2.000045,7.18886,9.188905,2.000036,0.0,0.0,0.0,0.0,9.0,5.0,10000.0
PB0_esc_v4,torus3d_xopposite,0.4,4,10000,0,128000.0,127637.0,127533.0,0.9971640625,0.999185189247632,0.1992703125,2.000039,7.215372,9.215411,2.0,0.0,0.0,0.0,0.0,4.0,4.0,10000.0
PB0_esc_v4,torus3d_xopposite,0.45,4,10000,0,144000.0,143553.0,143441.0,0.9968958333333333,0.999219800352483,0.2241265625,2.000112,7.240134,9.240245,2.00007,0.0,0.0,0.0,0.0,37.0,27.0,10000.0
PB0_esc_v4,torus3d_xopposite,0.5,4,10000,0,160000.0,159452.0,159326.0,0.996575,0.9992097935428844,0.248946875,2.000176,7.266981,9.267157,2.000113,0.0,0.0,0.0,0.0,64.0,46.0,10000.0
PB0_esc_v4,torus3d_xopposite,0.55,4,10000,0,176000.0,175634.0,175496.0,0.9979204545454545,0.9992142751403487,0.2742125,2.000427,7.292588,9.293015,2.000217,0.0,0.0,0.0,0.0,137.0,99.0,10000.0
PB0_esc_v4,torus3d_xopposite,0.6,4,10000,0,192000.0,191507.0,191353.0,0.9974322916666667,0.9991958518487575,0.2989890625,2.000528,7.320329,9.320857,2.000502,0.0,0.0,0.0,0.0,311.0,213.0,10000.0
PB0_esc_v4,torus3d_xopposite,0.65,4,10000,0,208000.0,207649.0,207487.0,0.9983125,0.9992198373216341,0.3241984375,2.000853,7.347496,9.34835,2.000925,0.0,0.0,0.0,0.0,608.0,413.0,10000.0
PB0_esc_v4,torus3d_xopposite,0.7,4,10000,0,224000.0,223725.0,223547.0,0.9987723214285714,0.9992043803776959,0.3492921875,2.001114,7.372691,9.373805,2.001083,0.0,0.0,0.0,0.0,939.0,694.0,10000.0
PB0_esc_v4,torus3d_xopposite,0.75,4,10000,0,240000.0,239664.0,239471.0,0.9986,0.9991947059216236,0.3741734375,2.001391,7.40245,9.40384,2.001553,0.0,0.0,0.0,0.0,1481.0,1102.0,10000.0
PB0_esc_v4,torus3d_xopposite,0.8,4,10000,0,256000.0,255852.0,255647.0,0.999421875,0.999198755530541,0.3994484375,2.001971,7.429651,9.431623,2.002214,0.0,0.0,0.0,0.0,2251.0,1668.0,10000.0
PB0_esc_v4,torus3d_xopposite,0.85,4,10000,0,272000.0,271674.0,271455.0,0.9988014705882353,0.999193886790786,0.4241484375,2.002549,7.46523,9.467779,2.003544,0.0,0.0,0.0,0.0,3493.0,2492.0,10000.0
PB0_esc_v4,torus3d_xopposite,0.9,4,10000,0,288000.0,287669.0,287435.0,0.9988506944444444,0.9991865651147673,0.4491171875,2.003058,7.494167,9.497225,2.003778,0.0,0.0,0.0,0.0,4402.0,3214.0,10000.0
PB0_esc_v4,torus3d_xopposite,0.95,4,10000,0,304000.0,303819.0,303571.0,0.9994046052631579,0.9991837245201913,0.4743296875,2.00305,7.53542,9.53847,2.00417,0.0,0.0,0.0,0.0,5099.0,3696.0,10000.0
PB0_esc_v4,torus3d_xopposite,1.0,4,10000,0,320000.0,319602.0,319346.0,0.99875625,0.9991990037609276,0.498978125,2.000445,7.510556,9.511001,2.000388,0.0,0.0,0.0,0.0,553.0,409.0,10000.0
PB1_dpesc_v4_s1,torus3d_xopposite,0.05,4,10000,0,16000.0,15968.0,15953.0,0.998,0.999060621242485,0.0249265625,2.0,7.132577,9.132577,2.047138,0.0,0.0,0.0,29652.0,3025.0,1934.0,10000.0
PB1_dpesc_v4_s1,torus3d_xopposite,0.1,4,10000,0,32000.0,31948.0,31914.0,0.998375,0.9989357706272693,0.049865625,2.0,7.29357,9.29357,2.089992,0.0,0.0,0.0,53970.0,12775.0,7854.0,10000.0
PB1_dpesc_v4_s1,torus3d_xopposite,0.15,4,10000,0,48000.0,47760.0,47717.0,0.995,0.9990996649916248,0.0745578125,2.000063,7.503133,9.503196,2.126622,0.0,0.0,0.0,72939.0,28587.0,17145.0,10000.0
PB1_dpesc_v4_s1,torus3d_xopposite,0.2,4,10000,0,64000.0,63806.0,63747.0,0.99696875,0.9990753220700248,0.0996046875,2.000863,7.755487,9.756349,2.147866,0.0,0.0,0.0,88241.0,48749.0,29057.0,10000.0
PB1_dpesc_v4_s1,torus3d_xopposite,0.25,4,10000,0,80000.0,79713.0,79639.0,0.9964125,0.9990716696147429,0.1244359375,2.005877,8.132008,10.137885,2.163086,0.0,0.0,0.0,100443.0,71921.0,42659.0,10000.0
PB1_dpesc_v4_s1,torus3d_xopposite,0.3,4,10000,0,96000.0,95807.0,95702.0,0.9979895833333333,0.9989040466771739,0.149534375,2.165775,9.042423,11.208198,2.175378,0.0,0.0,0.0,108795.0,99518.0,58809.0,10000.0
PB1_dpesc_v4_s1,torus3d_xopposite,0.35,4,10000,0,112000.0,107765.0,107598.0,0.9621875,0.998450331740361,0.168121875,66.463187,14.144454,80.607641,2.221026,0.0,0.0,0.0,102893.0,136240.0,79094.0,10000.0
PB1_dpesc_v4_s1,torus3d_xopposite,0.4,4,10000,0,128000.0,100597.0,100316.0,0.7859140625,0.9972066761434237,0.15674375,585.294629,25.282148,610.576777,2.362933,0.0,0.0,0.0,75671.0,161569.0,89454.0,10000.0
PB1_dpesc_v4_s1,torus3d_xopposite,0.45,4,10000,0,144000.0,112290.0,112014.0,0.7797916666666667,0.9975420785466204,0.175021875,744.106719,23.619262,767.725981,2.217509,0.0,0.0,0.0,83576.0,165007.0,97957.0,10000.0
PB1_dpesc_v4_s1,torus3d_xopposite,0.5,4,10000,0,160000.0,123755.0,123472.0,0.77346875,0.997713223708133,0.192925,898.32784,21.298869,919.626709,2.094127,0.0,0.0,0.0,92250.0,166504.0,105054.0,10000.0
PB1_dpesc_v4_s1,torus3d_xopposite,0.55,4,10000,0,176000.0,134993.0,134716.0,0.7670056818181819,0.9979480417503129,0.21049375,929.284717,19.092803,948.37752,2.089151,0.0,0.0,0.0,104410.0,177222.0,114646.0,10000.0
PB1_dpesc_v4_s1,torus3d_xopposite,0.6,4,10000,0,192000.0,133988.0,133718.0,0.6978541666666667,0.9979848941696271,0.208934375,1308.934093,19.492963,1328.427055,2.076908,0.0,0.0,0.0,100850.0,177058.0,116233.0,10000.0
PB1_dpesc_v4_s1,torus3d_xopposite,0.65,4,10000,0,208000.0,138174.0,137901.0,0.664298076923077,0.9980242303182943,0.2154703125,1500.640307,18.615318,1519.255625,2.086555,0.0,0.0,0.0,106675.0,181261.0,119605.0,10000.0
PB1_dpesc_v4_s1,torus3d_xopposite,0.7,4,10000,0,224000.0,142616.0,142353.0,0.6366785714285714,0.998155887137488,0.2224265625,1719.194046,18.0119,1737.205946,2.099035,0.0,0.0,0.0,114116.0,184878.0,122330.0,10000.0
PB1_dpesc_v4_s1,torus3d_xopposite,0.75,4,10000,0,240000.0,141687.0,141411.0,0.5903625,0.9980520442948189,0.2209546875,1943.321616,18.288294,1961.60991,2.083558,0.0,0.0,0.0,109222.0,185608.0,125387.0,10000.0
PB1_dpesc_v4_s1,torus3d_xopposite,0.8,4,10000,0,256000.0,139165.0,138890.0,0.54361328125,0.9980239284302806,0.217015625,2151.913161,18.659011,2170.572172,2.108921,0.0,0.0,0.0,108331.0,184772.0,122901.0,10000.0
PB1_dpesc_v4_s1,torus3d_xopposite,0.85,4,10000,0,272000.0,143348.0,143070.0,0.527014705882353,0.9980606635600078,0.223546875,2274.431229,18.010072,2292.441301,2.082463,0.0,0.0,0.0,111674.0,186457.0,127068.0,10000.0
PB1_dpesc_v4_s1,torus3d_xopposite,0.9,4,10000,0,288000.0,144249.0,143973.0,0.5008645833333333,0.9980866418484704,0.2249578125,2403.155418,17.897634,2421.053052,2.076542,0.0,0.0,0.0,111805.0,187357.0,129169.0,10000.0
PB1_dpesc_v4_s1,torus3d_xopposite,0.95,4,10000,0,304000.0,136874.0,136594.0,0.4502434210526316,0.9979543229539577,0.213428125,2626.465731,19.051488,2645.517219,2.110547,0.0,0.0,0.0,105198.0,183284.0,120487.0,10000.0
PB1_dpesc_v4_s1,torus3d_xopposite,1.0,4,10000,0,320000.0,145016.0,144741.0,0.453175,0.9981036575274452,0.2261578125,2694.97993,17.798564,2712.778494,2.069269,0.0,0.0,0.0,112383.0,187320.0,127338.0,10000.0
PB2_dpesc_v4_s2,torus3d_xopposite,0.05,4,10000,0,16000.0,15968.0,15954.0,0.998,0.999123246492986,0.024928125,2.0,7.031403,9.031403,2.003009,0.0,0.0,0.0,31848.0,123.0,73.0,10000.0
PB2_dpesc_v4_s2,torus3d_xopposite,0.1,4,10000,0,32000.0,31948.0,31916.0,0.998375,0.998998372355077,0.04986875,2.0,7.070059,9.070059,2.009149,0.0,0.0,0.0,63300.0,862.0,546.0,10000.0
PB2_dpesc_v4_s2,torus3d_xopposite,0.15,4,10000,0,48000.0,47760.0,47718.0,0.995,0.9991206030150753,0.074559375,2.0,7.125005,9.125005,2.019364,0.0,0.0,0.0,93111.0,3299.0,2147.0,10000.0
PB2_dpesc_v4_s2,torus3d_xopposite,0.2,4,10000,0,64000.0,63806.0,63748.0,0.99696875,0.9990909945773124,0.09960625,2.0,7.199489,9.199489,2.035232,0.0,0.0,0.0,121498.0,8317.0,5329.0,10000.0
PB2_dpesc_v4_s2,torus3d_xopposite,0.25,4,10000,0,80000.0,79713.0,79645.0,0.9964125,0.99914693964598,0.1244453125,2.000075,7.289974,9.29005,2.052483,0.0,0.0,0.0,147336.0,16219.0,10303.0,10000.0
PB2_dpesc_v4_s2,torus3d_xopposite,0.3,4,10000,0,96000.0,95810.0,95729.0,0.9980208333333334,0.9991545767665171,0.1495765625,2.000292,7.406449,9.406742,2.071264,0.0,0.0,0.0,170782.0,27598.0,17476.0,10000.0
PB2_dpesc_v4_s2,torus3d_xopposite,0.35,4,10000,0,112000.0,111703.0,111612.0,0.9973482142857143,0.9991853396954424,0.17439375,2.000887,7.568174,9.569061,2.09085,0.0,0.0,0.0,191059.0,42418.0,26544.0,10000.0
PB2_dpesc_v4_s2,torus3d_xopposite,0.4,4,10000,0,128000.0,127637.0,127524.0,0.9971640625,0.999114676778677,0.19925625,2.0085,7.788753,9.797254,2.106317,0.0,0.0,0.0,208243.0,60517.0,37821.0,10000.0
PB2_dpesc_v4_s2,torus3d_xopposite,0.45,4,10000,0,144000.0,143553.0,143427.0,0.9968958333333333,0.9991222753965434,0.2241046875,2.01354,8.109798,10.123338,2.120926,0.0,0.0,0.0,222972.0,81395.0,51029.0,10000.0
PB2_dpesc_v4_s2,torus3d_xopposite,0.5,4,10000,0,160000.0,159451.0,159295.0,0.99656875,0.9990216430125869,0.2488984375,2.508378,8.919771,11.428149,2.127399,0.0,0.0,0.0,232798.0,106291.0,67269.0,10000.0
PB2_dpesc_v4_s2,torus3d_xopposite,0.55,4,10000,0,176000.0,159632.0,159351.0,0.907,0.99823970131302,0.2489859375,186.386261,15.537267,201.923527,2.109846,0.0,0.0,0.0,191331.0,145114.0,94303.0,10000.0
PB2_dpesc_v4_s2,torus3d_xopposite,0.6,4,10000,0,192000.0,162648.0,162318.0,0.847125,0.9979710786483695,0.253621875,543.206379,17.820587,561.026966,2.110672,0.0,0.0,0.0,183580.0,159293.0,98029.0,10000.0
PB2_dpesc_v4_s2,torus3d_xopposite,0.65,4,10000,0,208000.0,157397.0,157067.0,0.7567163461538462,0.9979033907888969,0.2454171875,953.516015,18.812099,972.328115,2.104198,0.0,0.0,0.0,175751.0,155036.0,99421.0,10000.0
PB2_dpesc_v4_s2,torus3d_xopposite,0.7,4,10000,0,224000.0,168491.0,168163.0,0.7521919642857143,0.9980533084853197,0.2627546875,1030.291277,17.244108,1047.535385,2.093493,0.0,0.0,0.0,192175.0,160151.0,104005.0,10000.0
PB2_dpesc_v4_s2,torus3d_xopposite,0.75,4,10000,0,240000.0,174433.0,174121.0,0.7268041666666667,0.9982113476234428,0.2720640625,1071.809931,16.652328,1088.462259,2.124017,0.0,0.0,0.0,207980.0,162136.0,107509.0,10000.0
PB2_dpesc_v4_s2,torus3d_xopposite,0.8,4,10000,0,256000.0,200610.0,200298.0,0.7836328125,0.9984447435322267,0.312965625,908.191719,13.386185,921.577904,2.034109,0.0,0.0,0.0,253103.0,154593.0,104305.0,10000.0
PB2_dpesc_v4_s2,torus3d_xopposite,0.85,4,10000,0,272000.0,187708.0,187394.0,0.6901029411764706,0.9983271890382935,0.292803125,1288.13874,14.55149,1302.69023,2.114059,0.0,0.0,0.0,240893.0,155555.0,101064.0,10000.0
PB2_dpesc_v4_s2,torus3d_xopposite,0.9,4,10000,0,288000.0,186744.0,186430.0,0.6484166666666666,0.9983185537420212,0.291296875,1451.323843,15.164555,1466.488398,2.092689,0.0,0.0,0.0,225944.0,164476.0,112604.0,10000.0
PB2_dpesc_v4_s2,torus3d_xopposite,0.95,4,10000,0,304000.0,162869.0,162535.0,0.5357532894736842,0.9979492721143987,0.2539609375,1969.109232,17.974695,1987.083927,2.169908,0.0,0.0,0.0,192310.0,160677.0,106599.0,10000.0
PB2_dpesc_v4_s2,torus3d_xopposite,1.0,4,10000,0,320000.0,192141.0,191824.0,0.600440625,0.998350169927293,0.299725,1607.561452,14.600519,1622.161971,2.092022,0.0,0.0,0.0,230778.0,170807.0,116681.0,10000.0
PB3_dpesc_v4_s3,torus3d_xopposite,0.05,4,10000,0,16000.0,15968.0,15954.0,0.998,0.999123246492986,0.024928125,2.0,7.025574,9.025574,2.0,0.0,0.0,0.0,31923.0,0.0,0.0,10000.0
PB3_dpesc_v4_s3,torus3d_xopposite,0.1,4,10000,0,32000.0,31948.0,31916.0,0.998375,0.998998372355077,0.04986875,2.0,7.052231,9.052231,2.000313,0.0,0.0,0.0,63860.0,20.0,10.0,10000.0
PB3_dpesc_v4_s3,torus3d_xopposite,0.15,4,10000,0,48000.0,47760.0,47718.0,0.995,0.9991206030150753,0.074559375,2.0,7.081458,9.081458,2.00109,0.0,0.0,0.0,95391.0,147.0,94.0,10000.0
PB3_dpesc_v4_s3,torus3d_xopposite,0.2,4,10000,0,64000.0,63806.0,63750.0,0.99696875,0.9991223395918879,0.099609375,2.0,7.111576,9.111576,2.002447,0.0,0.0,0.0,127216.0,505.0,333.0,10000.0
PB3_dpesc_v4_s3,torus3d_xopposite,0.25,4,10000,0,80000.0,79713.0,79645.0,0.9964125,0.99914693964598,0.1244453125,2.000013,7.144428,9.144441,2.005324,0.0,0.0,0.0,158387.0,1410.0,947.0,10000.0
PB3_dpesc_v4_s3,torus3d_xopposite,0.3,4,10000,0,96000.0,95810.0,95731.0,0.9980208333333334,0.9991754514142573,0.1495796875,2.000021,7.18645,9.18647,2.01101,0.0,0.0,0.0,189215.0,3393.0,2208.0,10000.0
PB3_dpesc_v4_s3,torus3d_xopposite,0.35,4,10000,0,112000.0,111703.0,111615.0,0.9973482142857143,0.9992121966285596,0.1743984375,2.000036,7.235174,9.23521,2.017399,0.0,0.0,0.0,218645.0,6631.0,4310.0,10000.0
PB3_dpesc_v4_s3,torus3d_xopposite,0.4,4,10000,0,128000.0,127637.0,127530.0,0.9971640625,0.9991616850913136,0.199265625,2.000118,7.289516,9.289634,2.025829,0.0,0.0,0.0,246789.0,11704.0,7627.0,10000.0
PB3_dpesc_v4_s3,torus3d_xopposite,0.45,4,10000,0,144000.0,143553.0,143439.0,0.9968958333333333,0.9992058682159203,0.2241234375,2.000286,7.353858,9.354144,2.034677,0.0,0.0,0.0,273121.0,18873.0,12395.0,10000.0
PB3_dpesc_v4_s3,torus3d_xopposite,0.5,4,10000,0,160000.0,159452.0,159322.0,0.996575,0.9991847076236109,0.248940625,2.000628,7.443373,9.444,2.048405,0.0,0.0,0.0,297323.0,29201.0,18899.0,10000.0
PB3_dpesc_v4_s3,torus3d_xopposite,0.55,4,10000,0,176000.0,175634.0,175491.0,0.9979204545454545,0.9991858068483324,0.2742046875,2.001368,7.547219,9.548587,2.058841,0.0,0.0,0.0,319571.0,41918.0,27305.0,10000.0
PB3_dpesc_v4_s3,torus3d_xopposite,0.6,4,10000,0,192000.0,191507.0,191349.0,0.9974322916666667,0.9991749648837901,0.2989828125,2.003386,7.694887,9.698274,2.072193,0.0,0.0,0.0,339241.0,57475.0,37165.0,10000.0
PB3_dpesc_v4_s3,torus3d_xopposite,0.65,4,10000,0,208000.0,207649.0,207472.0,0.9983125,0.9991476000366002,0.324175,2.013713,7.90885,9.922563,2.083057,0.0,0.0,0.0,356065.0,76351.0,49284.0,10000.0
PB3_dpesc_v4_s3,torus3d_xopposite,0.7,4,10000,0,224000.0,219719.0,219499.0,0.9808883928571429,0.9989987210937606,0.3429671875,55.195427,8.784805,63.980232,2.095381,0.0,0.0,0.0,360074.0,100133.0,65147.0,10000.0
PB3_dpesc_v4_s3,torus3d_xopposite,0.75,4,10000,0,240000.0,233379.0,233091.0,0.9724125,0.9987659558057923,0.3642046875,67.183787,10.952272,78.136058,2.087296,0.0,0.0,0.0,352609.0,134255.0,91352.0,10000.0
PB3_dpesc_v4_s3,torus3d_xopposite,0.8,4,10000,0,256000.0,218863.0,218498.0,0.85493359375,0.9983322900627333,0.341403125,528.324365,14.13088,542.455244,2.059104,0.0,0.0,0.0,307825.0,142433.0,104248.0,10000.0
PB3_dpesc_v4_s3,torus3d_xopposite,0.85,4,10000,0,272000.0,214817.0,214451.0,0.7897683823529412,0.9982962242280639,0.3350796875,827.237234,14.577106,841.81434,2.049186,0.0,0.0,0.0,293971.0,145827.0,103645.0,10000.0
PB3_dpesc_v4_s3,torus3d_xopposite,0.9,4,10000,0,288000.0,230075.0,229706.0,0.7988715277777778,0.9983961751602738,0.358915625,772.310231,13.504036,785.814267,2.060852,0.0,0.0,0.0,323250.0,150496.0,112095.0,10000.0
PB3_dpesc_v4_s3,torus3d_xopposite,0.95,4,10000,0,304000.0,237010.0,236654.0,0.7796381578947369,0.9984979536728408,0.369771875,834.983102,13.174457,848.157559,2.048789,0.0,0.0,0.0,336317.0,148894.0,117534.0,10000.0
PB3_dpesc_v4_s3,torus3d_xopposite,1.0,4,10000,0,320000.0,263095.0,262753.0,0.822171875,0.9987000893213478,0.4105515625,683.696342,10.819762,694.516104,2.034374,0.0,0.0,0.0,368875.0,166026.0,124848.0,10000.0
PB4_dpesc_v4_s4,torus3d_xopposite,0.05,4,10000,0,16000.0,15968.0,15954.0,0.998,0.999123246492986,0.024928125,2.0,7.025574,9.025574,2.0,0.0,0.0,0.0,31923.0,0.0,0.0,10000.0
PB4_dpesc_v4_s4,torus3d_xopposite,0.1,4,10000,0,32000.0,31948.0,31916.0,0.998375,0.998998372355077,0.04986875,2.0,7.051166,9.051166,2.0,0.0,0.0,0.0,63870.0,0.0,0.0,10000.0
PB4_dpesc_v4_s4,torus3d_xopposite,0.15,4,10000,0,48000.0,47760.0,47718.0,0.995,0.9991206030150753,0.074559375,2.0,7.076743,9.076743,2.0,0.0,0.0,0.0,95486.0,0.0,0.0,10000.0
PB4_dpesc_v4_s4,torus3d_xopposite,0.2,4,10000,0,64000.0,63806.0,63750.0,0.99696875,0.9991223395918879,0.099609375,2.0,7.107467,9.107467,2.000063,0.0,0.0,0.0,127559.0,10.0,6.0,10000.0
PB4_dpesc_v4_s4,torus3d_xopposite,0.25,4,10000,0,80000.0,79713.0,79646.0,0.9964125,0.9991594846511861,0.124446875,2.0,7.132411,9.132411,2.0001,0.0,0.0,0.0,159350.0,31.0,23.0,10000.0
PB4_dpesc_v4_s4,torus3d_xopposite,0.3,4,10000,0,96000.0,95810.0,95731.0,0.9980208333333334,0.9991754514142573,0.1495796875,2.00001,7.162591,9.162601,2.000376,0.0,0.0,0.0,191476.0,114.0,77.0,10000.0
PB4_dpesc_v4_s4,torus3d_xopposite,0.35,4,10000,0,112000.0,111703.0,111617.0,0.9973482142857143,0.9992301012506378,0.1744015625,2.000018,7.189416,9.189434,2.001003,0.0,0.0,0.0,223147.0,297.0,179.0,10000.0
PB4_dpesc_v4_s4,torus3d_xopposite,0.4,4,10000,0,128000.0,127637.0,127534.0,0.9971640625,0.9991930239664047,0.199271875,2.000047,7.218491,9.218538,2.001537,0.0,0.0,0.0,254764.0,626.0,419.0,10000.0
PB4_dpesc_v4_s4,torus3d_xopposite,0.45,4,10000,0,144000.0,143553.0,143440.0,0.9968958333333333,0.9992128342842016,0.224125,2.000125,7.248452,9.248578,2.002649,0.0,0.0,0.0,286091.0,1305.0,900.0,10000.0
PB4_dpesc_v4_s4,torus3d_xopposite,0.5,4,10000,0,160000.0,159452.0,159325.0,0.996575,0.999203522063066,0.2489453125,2.000169,7.280527,9.280697,2.005335,0.0,0.0,0.0,316981.0,2676.0,1765.0,10000.0
PB4_dpesc_v4_s4,torus3d_xopposite,0.55,4,10000,0,176000.0,175634.0,175496.0,0.9979204545454545,0.9992142751403487,0.2742125,2.000422,7.318076,9.318497,2.008,0.0,0.0,0.0,347740.0,4821.0,3282.0,10000.0
PB4_dpesc_v4_s4,torus3d_xopposite,0.6,4,10000,0,192000.0,191507.0,191354.0,0.9974322916666667,0.9992010735899993,0.298990625,2.000664,7.355242,9.355906,2.011696,0.0,0.0,0.0,377158.0,7977.0,5478.0,10000.0
PB4_dpesc_v4_s4,torus3d_xopposite,0.65,4,10000,0,208000.0,207649.0,207485.0,0.9983125,0.9992102056836296,0.3241953125,2.001031,7.403952,9.404983,2.017399,0.0,0.0,0.0,405842.0,12944.0,8796.0,10000.0
PB4_dpesc_v4_s4,torus3d_xopposite,0.7,4,10000,0,224000.0,223725.0,223542.0,0.9987723214285714,0.9991820315119008,0.349284375,2.001619,7.458894,9.460513,2.023906,0.0,0.0,0.0,432931.0,19737.0,13340.0,10000.0
PB4_dpesc_v4_s4,torus3d_xopposite,0.75,4,10000,0,240000.0,239664.0,239464.0,0.9986,0.9991654983643768,0.3741625,2.002255,7.527044,9.529299,2.031621,0.0,0.0,0.0,458143.0,28623.0,19180.0,10000.0
PB4_dpesc_v4_s4,torus3d_xopposite,0.8,4,10000,0,256000.0,255852.0,255643.0,0.999421875,0.9991831214921126,0.3994421875,2.00374,7.607852,9.611591,2.03968,0.0,0.0,0.0,481103.0,40594.0,27114.0,10000.0
PB4_dpesc_v4_s4,torus3d_xopposite,0.85,4,10000,0,272000.0,271674.0,271437.0,0.9988014705882353,0.9991276309105767,0.4241203125,2.006591,7.721154,9.727745,2.048903,0.0,0.0,0.0,500756.0,55717.0,36878.0,10000.0
PB4_dpesc_v4_s4,torus3d_xopposite,0.9,4,10000,0,288000.0,287669.0,287420.0,0.9988506944444444,0.9991344218528935,0.44909375,2.014122,7.895456,9.909578,2.059627,0.0,0.0,0.0,517420.0,74889.0,48741.0,10000.0
PB4_dpesc_v4_s4,torus3d_xopposite,0.95,4,10000,0,304000.0,303819.0,303558.0,0.9994046052631579,0.999140935886169,0.474309375,2.085819,8.208962,10.294781,2.066834,0.0,0.0,0.0,530081.0,97665.0,63119.0,10000.0
PB4_dpesc_v4_s4,torus3d_xopposite,1.0,4,10000,0,320000.0,318683.0,318354.0,0.995884375,0.9989676261363173,0.497428125,19.767124,9.212631,28.979755,2.042223,0.0,0.0,0.0,534379.0,116162.0,80582.0,10000.0
PB5_dpesc_v4_s5,torus3d_xopposite,0.05,4,10000,0,16000.0,15968.0,15954.0,0.998,0.999123246492986,0.024928125,2.0,7.025574,9.025574,2.0,0.0,0.0,0.0,31923.0,0.0,0.0,10000.0
PB5_dpesc_v4_s5,torus3d_xopposite,0.1,4,10000,0,32000.0,31948.0,31916.0,0.998375,0.998998372355077,0.04986875,2.0,7.051166,9.051166,2.0,0.0,0.0,0.0,63870.0,0.0,0.0,10000.0
PB5_dpesc_v4_s5,torus3d_xopposite,0.15,4,10000,0,48000.0,47760.0,47718.0,0.995,0.9991206030150753,0.074559375,2.0,7.076743,9.076743,2.0,0.0,0.0,0.0,95486.0,0.0,0.0,10000.0
PB5_dpesc_v4_s5,torus3d_xopposite,0.2,4,10000,0,64000.0,63806.0,63750.0,0.99696875,0.9991223395918879,0.099609375,2.0,7.106886,9.106886,2.0,0.0,0.0,0.0,127565.0,0.0,0.0,10000.0
PB5_dpesc_v4_s5,torus3d_xopposite,0.25,4,10000,0,80000.0,79713.0,79646.0,0.9964125,0.9991594846511861,0.124446875,2.0,7.132737,9.132737,2.0,0.0,0.0,0.0,159373.0,0.0,0.0,10000.0
PB5_dpesc_v4_s5,torus3d_xopposite,0.3,4,10000,0,96000.0,95810.0,95731.0,0.9980208333333334,0.9991754514142573,0.1495796875,2.000031,7.159656,9.159687,2.0,0.0,0.0,0.0,191554.0,0.0,0.0,10000.0
PB5_dpesc_v4_s5,torus3d_xopposite,0.35,4,10000,0,112000.0,111703.0,111617.0,0.9973482142857143,0.9992301012506378,0.1744015625,2.000036,7.188547,9.188582,2.000036,0.0,0.0,0.0,223326.0,10.0,6.0,10000.0
PB5_dpesc_v4_s5,torus3d_xopposite,0.4,4,10000,0,128000.0,127637.0,127533.0,0.9971640625,0.999185189247632,0.1992703125,2.000039,7.215231,9.21527,2.000016,0.0,0.0,0.0,255189.0,7.0,5.0,10000.0
PB5_dpesc_v4_s5,torus3d_xopposite,0.45,4,10000,0,144000.0,143553.0,143440.0,0.9968958333333333,0.9992128342842016,0.224125,2.000119,7.240003,9.240121,2.00007,0.0,0.0,0.0,286987.0,39.0,29.0,10000.0
PB5_dpesc_v4_s5,torus3d_xopposite,0.5,4,10000,0,160000.0,159452.0,159325.0,0.996575,0.999203522063066,0.2489453125,2.000163,7.267108,9.267271,2.000113,0.0,0.0,0.0,318750.0,73.0,54.0,10000.0
PB5_dpesc_v4_s5,torus3d_xopposite,0.55,4,10000,0,176000.0,175634.0,175496.0,0.9979204545454545,0.9992142751403487,0.2742125,2.000382,7.291716,9.292098,2.000205,0.0,0.0,0.0,351033.0,161.0,124.0,10000.0
PB5_dpesc_v4_s5,torus3d_xopposite,0.6,4,10000,0,192000.0,191507.0,191354.0,0.9974322916666667,0.9992010735899993,0.298990625,2.000444,7.321373,9.321817,2.000596,0.0,0.0,0.0,382619.0,391.0,272.0,10000.0
PB5_dpesc_v4_s5,torus3d_xopposite,0.65,4,10000,0,208000.0,207649.0,207486.0,0.9983125,0.9992150215026319,0.324196875,2.000882,7.350096,9.350978,2.000848,0.0,0.0,0.0,414638.0,714.0,527.0,10000.0
PB5_dpesc_v4_s5,torus3d_xopposite,0.7,4,10000,0,224000.0,223725.0,223546.0,0.9987723214285714,0.9991999106045368,0.349290625,2.001172,7.373391,9.374563,2.001557,0.0,0.0,0.0,446373.0,1294.0,913.0,10000.0
PB5_dpesc_v4_s5,torus3d_xopposite,0.75,4,10000,0,240000.0,239664.0,239469.0,0.9986,0.9991863609052674,0.3741703125,2.001462,7.407259,9.408721,2.002514,0.0,0.0,0.0,477538.0,2250.0,1582.0,10000.0
PB5_dpesc_v4_s5,torus3d_xopposite,0.8,4,10000,0,256000.0,255852.0,255639.0,0.999421875,0.9991674874536841,0.3994359375,2.00214,7.435141,9.437281,2.003943,0.0,0.0,0.0,508809.0,3749.0,2613.0,10000.0
PB5_dpesc_v4_s5,torus3d_xopposite,0.85,4,10000,0,272000.0,271674.0,271454.0,0.9988014705882353,0.9991902059085521,0.424146875,2.002608,7.474456,9.477064,2.005482,0.0,0.0,0.0,538655.0,6016.0,4241.0,10000.0
PB5_dpesc_v4_s5,torus3d_xopposite,0.9,4,10000,0,288000.0,287669.0,287436.0,0.9988506944444444,0.9991900413322256,0.44911875,2.003256,7.514181,9.517437,2.00716,0.0,0.0,0.0,568526.0,8696.0,6029.0,10000.0
PB5_dpesc_v4_s5,torus3d_xopposite,0.95,4,10000,0,304000.0,303819.0,303569.0,0.9994046052631579,0.9991771416534186,0.4743265625,2.003973,7.565466,9.569439,2.009619,0.0,0.0,0.0,597490.0,12879.0,8745.0,10000.0
PB5_dpesc_v4_s5,torus3d_xopposite,1.0,4,10000,0,320000.0,319602.0,319344.0,0.99875625,0.9991927459778099,0.498975,2.000871,7.523692,9.524563,2.001998,0.0,0.0,0.0,636727.0,2926.0,1971.0,10000.0
PB6_dpesc_v4_s6,torus3d_xopposite,0.05,4,10000,0,16000.0,15968.0,15954.0,0.998,0.999123246492986,0.024928125,2.0,7.025574,9.025574,2.0,0.0,0.0,0.0,31923.0,0.0,0.0,10000.0
PB6_dpesc_v4_s6,torus3d_xopposite,0.1,4,10000,0,32000.0,31948.0,31916.0,0.998375,0.998998372355077,0.04986875,2.0,7.051166,9.051166,2.0,0.0,0.0,0.0,63870.0,0.0,0.0,10000.0
PB6_dpesc_v4_s6,torus3d_xopposite,0.15,4,10000,0,48000.0,47760.0,47718.0,0.995,0.9991206030150753,0.074559375,2.0,7.076743,9.076743,2.0,0.0,0.0,0.0,95486.0,0.0,0.0,10000.0
PB6_dpesc_v4_s6,torus3d_xopposite,0.2,4,10000,0,64000.0,63806.0,63750.0,0.99696875,0.9991223395918879,0.099609375,2.0,7.106886,9.106886,2.0,0.0,0.0,0.0,127565.0,0.0,0.0,10000.0
PB6_dpesc_v4_s6,torus3d_xopposite,0.25,4,10000,0,80000.0,79713.0,79646.0,0.9964125,0.9991594846511861,0.124446875,2.0,7.132737,9.132737,2.0,0.0,0.0,0.0,159373.0,0.0,0.0,10000.0
PB6_dpesc_v4_s6,torus3d_xopposite,0.3,4,10000,0,96000.0,95810.0,95731.0,0.9980208333333334,0.9991754514142573,0.1495796875,2.000031,7.159656,9.159687,2.0,0.0,0.0,0.0,191554.0,0.0,0.0,10000.0
PB6_dpesc_v4_s6,torus3d_xopposite,0.35,4,10000,0,112000.0,111703.0,111617.0,0.9973482142857143,0.9992301012506378,0.1744015625,2.000045,7.18886,9.188905,2.000036,0.0,0.0,0.0,223327.0,9.0,5.0,10000.0
PB6_dpesc_v4_s6,torus3d_xopposite,0.4,4,10000,0,128000.0,127637.0,127533.0,0.9971640625,0.999185189247632,0.1992703125,2.000039,7.215372,9.215411,2.0,0.0,0.0,0.0,255190.0,4.0,4.0,10000.0
PB6_dpesc_v4_s6,torus3d_xopposite,0.45,4,10000,0,144000.0,143553.0,143441.0,0.9968958333333333,0.999219800352483,0.2241265625,2.000112,7.240134,9.240245,2.00007,0.0,0.0,0.0,286989.0,37.0,27.0,10000.0
PB6_dpesc_v4_s6,torus3d_xopposite,0.5,4,10000,0,160000.0,159452.0,159326.0,0.996575,0.9992097935428844,0.248946875,2.000176,7.266981,9.267157,2.000113,0.0,0.0,0.0,318758.0,64.0,46.0,10000.0
PB6_dpesc_v4_s6,torus3d_xopposite,0.55,4,10000,0,176000.0,175634.0,175496.0,0.9979204545454545,0.9992142751403487,0.2742125,2.000427,7.292588,9.293015,2.000217,0.0,0.0,0.0,351059.0,137.0,99.0,10000.0
PB6_dpesc_v4_s6,torus3d_xopposite,0.6,4,10000,0,192000.0,191507.0,191353.0,0.9974322916666667,0.9991958518487575,0.2989890625,2.000528,7.320329,9.320857,2.000502,0.0,0.0,0.0,382682.0,311.0,213.0,10000.0
PB6_dpesc_v4_s6,torus3d_xopposite,0.65,4,10000,0,208000.0,207649.0,207487.0,0.9983125,0.9992198373216341,0.3241984375,2.000853,7.347496,9.34835,2.000925,0.0,0.0,0.0,414758.0,608.0,413.0,10000.0
PB6_dpesc_v4_s6,torus3d_xopposite,0.7,4,10000,0,224000.0,223725.0,223547.0,0.9987723214285714,0.9992043803776959,0.3492921875,2.001114,7.372691,9.373805,2.001083,0.0,0.0,0.0,446622.0,939.0,694.0,10000.0
PB6_dpesc_v4_s6,torus3d_xopposite,0.75,4,10000,0,240000.0,239664.0,239471.0,0.9986,0.9991947059216236,0.3741734375,2.001391,7.40245,9.40384,2.001553,0.0,0.0,0.0,478078.0,1481.0,1102.0,10000.0
PB6_dpesc_v4_s6,torus3d_xopposite,0.8,4,10000,0,256000.0,255852.0,255647.0,0.999421875,0.999198755530541,0.3994484375,2.001971,7.429651,9.431623,2.002214,0.0,0.0,0.0,509863.0,2251.0,1668.0,10000.0
PB6_dpesc_v4_s6,torus3d_xopposite,0.85,4,10000,0,272000.0,271674.0,271455.0,0.9988014705882353,0.999193886790786,0.4241484375,2.002549,7.46523,9.467779,2.003544,0.0,0.0,0.0,540653.0,3493.0,2492.0,10000.0
PB6_dpesc_v4_s6,torus3d_xopposite,0.9,4,10000,0,288000.0,287669.0,287435.0,0.9988506944444444,0.9991865651147673,0.4491171875,2.003058,7.494167,9.497225,2.003778,0.0,0.0,0.0,571846.0,4402.0,3214.0,10000.0
PB6_dpesc_v4_s6,torus3d_xopposite,0.95,4,10000,0,304000.0,303819.0,303571.0,0.9994046052631579,0.9991837245201913,0.4743296875,2.00305,7.53542,9.53847,2.00417,0.0,0.0,0.0,603617.0,5099.0,3696.0,10000.0
PB6_dpesc_v4_s6,torus3d_xopposite,1.0,4,10000,0,320000.0,319602.0,319346.0,0.99875625,0.9991990037609276,0.498978125,2.000445,7.510556,9.511001,2.000388,0.0,0.0,0.0,638585.0,553.0,409.0,10000.0
PC0_esc_v3,torus3d_xopposite,0.05,3,10000,0,16000.0,15968.0,15954.0,0.998,0.999123246492986,0.024928125,2.003009,7.02432,9.027329,2.0,0.0,0.0,0.0,0.0,0.0,0.0,10000.0
PC0_esc_v3,torus3d_xopposite,0.1,3,10000,0,32000.0,31948.0,31916.0,0.998375,0.998998372355077,0.04986875,2.010841,7.051103,9.061944,2.000188,0.0,0.0,0.0,0.0,19.0,13.0,10000.0
PC0_esc_v3,torus3d_xopposite,0.15,3,10000,0,48000.0,47760.0,47718.0,0.995,0.9991206030150753,0.074559375,2.024854,7.075485,9.100339,2.000671,0.0,0.0,0.0,0.0,95.0,63.0,10000.0
PC0_esc_v3,torus3d_xopposite,0.2,3,10000,0,64000.0,63805.0,63750.0,0.996953125,0.9991379985894523,0.099609375,2.046494,7.101396,9.14789,2.001349,0.0,0.0,0.0,0.0,259.0,171.0,10000.0
PC0_esc_v3,torus3d_xopposite,0.25,3,10000,0,80000.0,79712.0,79646.0,0.9964,0.9991720192693697,0.124446875,2.072408,7.125769,9.198177,2.002536,0.0,0.0,0.0,0.0,639.0,431.0,10000.0
PC0_esc_v3,torus3d_xopposite,0.3,3,10000,0,96000.0,95809.0,95731.0,0.9980104166666667,0.9991858802408959,0.1495796875,2.107959,7.150839,9.258798,2.004157,0.0,0.0,0.0,0.0,1297.0,876.0,10000.0
PC0_esc_v3,torus3d_xopposite,0.35,3,10000,0,112000.0,111701.0,111617.0,0.9973303571428571,0.9992479924083043,0.1744015625,2.154278,7.178226,9.332503,2.007221,0.0,0.0,0.0,0.0,2437.0,1593.0,10000.0
PC0_esc_v3,torus3d_xopposite,0.4,3,10000,0,128000.0,127635.0,127531.0,0.9971484375,0.9991851764798056,0.1992671875,2.215979,7.202578,9.418557,2.009488,0.0,0.0,0.0,0.0,3886.0,2585.0,10000.0
PC0_esc_v3,torus3d_xopposite,0.45,3,10000,0,144000.0,143549.0,143438.0,0.9968680555555556,0.9992267448745724,0.224121875,2.300555,7.228336,9.528891,2.013553,0.0,0.0,0.0,0.0,6089.0,4002.0,10000.0
PC0_esc_v3,torus3d_xopposite,0.5,3,10000,0,160000.0,159449.0,159320.0,0.99655625,0.9991909638818682,0.2489375,2.416985,7.253107,9.670092,2.016821,0.0,0.0,0.0,0.0,8795.0,5870.0,10000.0
PC0_esc_v3,torus3d_xopposite,0.55,3,10000,0,176000.0,175629.0,175489.0,0.9978920454545455,0.9992028651304738,0.2742015625,2.586236,7.284553,9.87079,2.021187,0.0,0.0,0.0,0.0,12234.0,8132.0,10000.0
PC0_esc_v3,torus3d_xopposite,0.6,3,10000,0,192000.0,191492.0,191331.0,0.9973541666666667,0.999159233806112,0.2989546875,2.865871,7.311173,10.177044,2.024596,0.0,0.0,0.0,0.0,16139.0,10837.0,10000.0
PC0_esc_v3,torus3d_xopposite,0.65,3,10000,0,208000.0,207630.0,207457.0,0.9982211538461538,0.999166787073159,0.3241515625,3.37496,7.349942,10.724902,2.029876,0.0,0.0,0.0,0.0,20873.0,13791.0,10000.0
PC0_esc_v3,torus3d_xopposite,0.7,3,10000,0,224000.0,223664.0,223477.0,0.9985,0.9991639244581157,0.3491828125,4.536453,7.382876,11.91933,2.0322,0.0,0.0,0.0,0.0,24883.0,16466.0,10000.0
PC0_esc_v3,torus3d_xopposite,0.75,3,10000,0,240000.0,239492.0,239290.0,0.9978833333333333,0.9991565480266564,0.373890625,9.237933,7.407911,16.645844,2.032304,0.0,0.0,0.0,0.0,26314.0,17108.0,10000.0
PC0_esc_v3,torus3d_xopposite,0.8,3,10000,0,256000.0,253395.0,253180.0,0.98982421875,0.999151522326802,0.39559375,68.573683,7.383589,75.957272,2.008105,0.0,0.0,0.0,0.0,7948.0,5502.0,10000.0
PC0_esc_v3,torus3d_xopposite,0.85,3,10000,0,272000.0,255542.0,255333.0,0.9394926470588235,0.9991821305304021,0.3989578125,305.867679,7.389292,313.25697,2.000971,0.0,0.0,0.0,0.0,851.0,549.0,10000.0
PC0_esc_v3,torus3d_xopposite,0.9,3,10000,0,288000.0,255618.0,255408.0,0.8875625,0.9991784616106847,0.399075,563.235494,7.360329,570.595823,2.00119,0.0,0.0,0.0,0.0,1037.0,672.0,10000.0
PC0_esc_v3,torus3d_xopposite,0.95,3,10000,0,304000.0,255694.0,255470.0,0.8410986842105264,0.9991239528498909,0.399171875,797.647485,7.387208,805.034693,2.000736,0.0,0.0,0.0,0.0,686.0,455.0,10000.0
PC0_esc_v3,torus3d_xopposite,1.0,3,10000,0,320000.0,255980.0,255734.0,0.7999375,0.9990389874208923,0.399584375,996.655591,7.281382,1003.936974,2.000016,0.0,0.0,0.0,0.0,15.0,10.0,10000.0
PC1_dpesc_v3_s1,torus3d_xopposite,0.05,3,10000,0,16000.0,15968.0,15954.0,0.998,0.999123246492986,0.024928125,2.002946,7.138774,9.14172,2.049517,0.0,0.0,0.0,29630.0,3083.0,1957.0,10000.0
PC1_dpesc_v3_s1,torus3d_xopposite,0.1,3,10000,0,32000.0,31948.0,31914.0,0.998375,0.9989357706272693,0.049865625,2.011124,7.29755,9.308673,2.093564,0.0,0.0,0.0,53821.0,13040.0,7971.0,10000.0
PC1_dpesc_v3_s1,torus3d_xopposite,0.15,3,10000,0,48000.0,47760.0,47716.0,0.995,0.9990787269681742,0.07455625,2.026322,7.48839,9.514712,2.125828,0.0,0.0,0.0,72849.0,28643.0,17206.0,10000.0
PC1_dpesc_v3_s1,torus3d_xopposite,0.2,3,10000,0,64000.0,63805.0,63746.0,0.996953125,0.9990753075777761,0.099603125,2.057227,7.731685,9.788912,2.147774,0.0,0.0,0.0,88102.0,48883.0,29117.0,10000.0
PC1_dpesc_v3_s1,torus3d_xopposite,0.25,3,10000,0,80000.0,79712.0,79635.0,0.9964,0.9990340224809313,0.1244296875,2.11014,8.112865,10.223005,2.16666,0.0,0.0,0.0,99948.0,72694.0,43087.0,10000.0
PC1_dpesc_v3_s1,torus3d_xopposite,0.3,3,10000,0,96000.0,95809.0,95715.0,0.9980104166666667,0.9990188813159515,0.1495546875,2.351512,8.859176,11.210688,2.184673,0.0,0.0,0.0,108739.0,100482.0,59024.0,10000.0
PC1_dpesc_v3_s1,torus3d_xopposite,0.35,3,10000,0,112000.0,103611.0,103417.0,0.9250982142857143,0.998127611933096,0.1615890625,160.959078,14.551631,175.510709,2.27129,0.0,0.0,0.0,93712.0,141377.0,80070.0,10000.0
PC1_dpesc_v3_s1,torus3d_xopposite,0.4,3,10000,0,128000.0,93443.0,93212.0,0.7300234375,0.9975279047119634,0.14564375,779.049682,21.967225,801.016908,2.447239,0.0,0.0,0.0,68360.0,159982.0,85098.0,10000.0
PC1_dpesc_v3_s1,torus3d_xopposite,0.45,3,10000,0,144000.0,98791.0,98577.0,0.6860486111111112,0.9978338107722363,0.1540265625,1111.357497,21.178074,1132.535571,2.372805,0.0,0.0,0.0,71282.0,162820.0,89976.0,10000.0
PC1_dpesc_v3_s1,torus3d_xopposite,0.5,3,10000,0,160000.0,95083.0,94863.0,0.59426875,0.997686232028859,0.1482234375,1525.116178,22.291357,1547.407535,2.344518,0.0,0.0,0.0,66719.0,155891.0,86050.0,10000.0
PC1_dpesc_v3_s1,torus3d_xopposite,0.55,3,10000,0,176000.0,128112.0,127902.0,0.727909090909091,0.9983608092918697,0.199846875,997.699754,15.515512,1013.215266,2.144142,0.0,0.0,0.0,96858.0,177581.0,113843.0,10000.0
PC1_dpesc_v3_s1,torus3d_xopposite,0.6,3,10000,0,192000.0,112224.0,112009.0,0.5845,0.9980841887653265,0.1750140625,1680.213733,18.237231,1698.450964,2.215376,0.0,0.0,0.0,82376.0,165961.0,97813.0,10000.0
PC1_dpesc_v3_s1,torus3d_xopposite,0.65,3,10000,0,208000.0,132465.0,132251.0,0.6368509615384615,0.9983844789189598,0.2066421875,1540.964764,14.698649,1555.663413,2.138676,0.0,0.0,0.0,102578.0,180468.0,115507.0,10000.0
PC1_dpesc_v3_s1,torus3d_xopposite,0.7,3,10000,0,224000.0,138850.0,138647.0,0.6198660714285714,0.9985379906373785,0.2166359375,1719.254344,13.861851,1733.116194,2.127778,0.0,0.0,0.0,111717.0,183489.0,117419.0,10000.0
PC1_dpesc_v3_s1,torus3d_xopposite,0.75,3,10000,0,240000.0,126746.0,126534.0,0.5281083333333333,0.9983273633881937,0.197709375,2096.562378,15.57643,2112.138809,2.176348,0.0,0.0,0.0,99943.0,175623.0,107252.0,10000.0
PC1_dpesc_v3_s1,torus3d_xopposite,0.8,3,10000,0,256000.0,125016.0,124812.0,0.48834375,0.9983682088692647,0.19501875,2296.534316,15.960813,2312.495129,2.115502,0.0,0.0,0.0,93636.0,170584.0,108245.0,10000.0
PC1_dpesc_v3_s1,torus3d_xopposite,0.85,3,10000,0,272000.0,135027.0,134825.0,0.49642279411764706,0.9985040029031231,0.2106640625,2344.706531,14.490258,2359.196788,2.0746,0.0,0.0,0.0,100973.0,178917.0,116885.0,10000.0
PC1_dpesc_v3_s1,torus3d_xopposite,0.9,3,10000,0,288000.0,137528.0,137322.0,0.4775277777777778,0.9985021232040021,0.214565625,2462.857255,14.038552,2476.895807,2.090634,0.0,0.0,0.0,107567.0,179718.0,115856.0,10000.0
PC1_dpesc_v3_s1,torus3d_xopposite,0.95,3,10000,0,304000.0,126071.0,125861.0,0.41470723684210525,0.9983342719578651,0.1966578125,2719.76447,15.729773,2735.494244,2.134037,0.0,0.0,0.0,95442.0,173342.0,107629.0,10000.0
PC1_dpesc_v3_s1,torus3d_xopposite,1.0,3,10000,0,320000.0,129018.0,128808.0,0.40318125,0.9983723201413757,0.2012625,2809.044384,15.29214,2824.336524,2.070694,0.0,0.0,0.0,97257.0,169651.0,108948.0,10000.0
PC2_dpesc_v3_s2,torus3d_xopposite,0.05,3,10000,0,16000.0,15968.0,15954.0,0.998,0.999123246492986,0.024928125,2.003009,7.030463,9.033471,2.002382,0.0,0.0,0.0,31857.0,104.0,65.0,10000.0
PC2_dpesc_v3_s2,torus3d_xopposite,0.1,3,10000,0,32000.0,31948.0,31916.0,0.998375,0.998998372355077,0.04986875,2.010716,7.070247,9.080963,2.009274,0.0,0.0,0.0,63261.0,905.0,588.0,10000.0
PC2_dpesc_v3_s2,torus3d_xopposite,0.15,3,10000,0,48000.0,47760.0,47718.0,0.995,0.9991206030150753,0.074559375,2.024896,7.126514,9.15141,2.022004,0.0,0.0,0.0,93101.0,3434.0,2187.0,10000.0
PC2_dpesc_v3_s2,torus3d_xopposite,0.2,3,10000,0,64000.0,63805.0,63750.0,0.996953125,0.9991379985894523,0.099609375,2.046698,7.189537,9.236235,2.036016,0.0,0.0,0.0,121551.0,8309.0,5344.0,10000.0
PC2_dpesc_v3_s2,torus3d_xopposite,0.25,3,10000,0,80000.0,79712.0,79644.0,0.9964,0.9991469289441991,0.12444375,2.073264,7.273153,9.346417,2.054066,0.0,0.0,0.0,147400.0,16282.0,10311.0,10000.0
PC2_dpesc_v3_s2,torus3d_xopposite,0.3,3,10000,0,96000.0,95809.0,95730.0,0.9980104166666667,0.9991754428080869,0.149578125,2.110927,7.376131,9.487057,2.072475,0.0,0.0,0.0,170834.0,27658.0,17467.0,10000.0
PC2_dpesc_v3_s2,torus3d_xopposite,0.35,3,10000,0,112000.0,111701.0,111614.0,0.9973303571428571,0.9992211349943152,0.174396875,2.163385,7.510259,9.673643,2.09153,0.0,0.0,0.0,190902.0,42648.0,26821.0,10000.0
PC2_dpesc_v3_s2,torus3d_xopposite,0.4,3,10000,0,128000.0,127634.0,127524.0,0.997140625,0.9991381606781892,0.19925625,2.240253,7.688741,9.928994,2.109125,0.0,0.0,0.0,208139.0,60964.0,38185.0,10000.0
PC2_dpesc_v3_s2,torus3d_xopposite,0.45,3,10000,0,144000.0,143550.0,143425.0,0.996875,0.9991292232671543,0.2241015625,2.374823,7.95095,10.325773,2.121903,0.0,0.0,0.0,222777.0,81728.0,51208.0,10000.0
PC2_dpesc_v3_s2,torus3d_xopposite,0.5,3,10000,0,160000.0,159443.0,159292.0,0.99651875,0.9990529530929548,0.24889375,5.024006,8.56817,13.592177,2.132423,0.0,0.0,0.0,232975.0,106894.0,67076.0,10000.0
PC2_dpesc_v3_s2,torus3d_xopposite,0.55,3,10000,0,176000.0,172370.0,172148.0,0.979375,0.9987120728665081,0.26898125,60.967447,10.322409,71.289855,2.152311,0.0,0.0,0.0,230608.0,140162.0,86048.0,10000.0
PC2_dpesc_v3_s2,torus3d_xopposite,0.6,3,10000,0,192000.0,153451.0,153182.0,0.7992239583333334,0.9982469974128549,0.239346875,695.935887,14.167148,710.103034,2.236725,0.0,0.0,0.0,185172.0,157745.0,90086.0,10000.0
PC2_dpesc_v3_s2,torus3d_xopposite,0.65,3,10000,0,208000.0,152009.0,151748.0,0.7308125,0.9982829964015288,0.23710625,1129.176332,14.306488,1143.48282,2.249005,0.0,0.0,0.0,182201.0,159383.0,85712.0,10000.0
PC2_dpesc_v3_s2,torus3d_xopposite,0.7,3,10000,0,224000.0,146423.0,146157.0,0.6536741071428571,0.9981833455126585,0.2283703125,1400.612164,14.981082,1415.593246,2.233954,0.0,0.0,0.0,170397.0,156396.0,88794.0,10000.0
PC2_dpesc_v3_s2,torus3d_xopposite,0.75,3,10000,0,240000.0,149498.0,149229.0,0.6229083333333333,0.99820064482468,0.2331703125,1627.141011,14.630018,1641.77103,2.211326,0.0,0.0,0.0,172951.0,157335.0,88897.0,10000.0
PC2_dpesc_v3_s2,torus3d_xopposite,0.8,3,10000,0,256000.0,151542.0,151282.0,0.5919609375,0.9982843040213274,0.236378125,1823.12369,14.805595,1837.929284,2.239381,0.0,0.0,0.0,178738.0,160331.0,92242.0,10000.0
PC2_dpesc_v3_s2,torus3d_xopposite,0.85,3,10000,0,272000.0,158806.0,158549.0,0.5838455882352941,0.9983816732365276,0.2477328125,1893.230465,13.992721,1907.223187,2.214117,0.0,0.0,0.0,186259.0,165082.0,98042.0,10000.0
PC2_dpesc_v3_s2,torus3d_xopposite,0.9,3,10000,0,288000.0,156336.0,156076.0,0.5428333333333333,0.9983369153617849,0.24386875,2111.655168,14.064962,2125.72013,2.215485,0.0,0.0,0.0,185285.0,160794.0,89983.0,10000.0
PC2_dpesc_v3_s2,torus3d_xopposite,0.95,3,10000,0,304000.0,150773.0,150517.0,0.4959638157894737,0.998302083264245,0.2351828125,2319.022522,14.872147,2333.89467,2.209757,0.0,0.0,0.0,175232.0,157658.0,87479.0,10000.0
PC2_dpesc_v3_s2,torus3d_xopposite,1.0,3,10000,0,320000.0,151007.0,150747.0,0.471896875,0.9982782255127246,0.2355421875,2450.936821,14.558598,2465.495419,2.214731,0.0,0.0,0.0,179514.0,154637.0,84958.0,10000.0
PC3_dpesc_v3_s3,torus3d_xopposite,0.05,3,10000,0,16000.0,15968.0,15954.0,0.998,0.999123246492986,0.024928125,2.003009,7.02432,9.027329,2.0,0.0,0.0,0.0,31923.0,0.0,0.0,10000.0
PC3_dpesc_v3_s3,torus3d_xopposite,0.1,3,10000,0,32000.0,31948.0,31916.0,0.998375,0.998998372355077,0.04986875,2.010778,7.052012,9.06279,2.000627,0.0,0.0,0.0,63843.0,47.0,27.0,10000.0
PC3_dpesc_v3_s3,torus3d_xopposite,0.15,3,10000,0,48000.0,47760.0,47718.0,0.995,0.9991206030150753,0.074559375,2.024771,7.076533,9.101303,2.001299,0.0,0.0,0.0,95360.0,188.0,124.0,10000.0
PC3_dpesc_v3_s3,torus3d_xopposite,0.2,3,10000,0,64000.0,63805.0,63750.0,0.996953125,0.9991379985894523,0.099609375,2.046275,7.105757,9.152031,2.003169,0.0,0.0,0.0,127116.0,650.0,430.0,10000.0
PC3_dpesc_v3_s3,torus3d_xopposite,0.25,3,10000,0,80000.0,79712.0,79646.0,0.9964,0.9991720192693697,0.124446875,2.072345,7.131168,9.203513,2.005926,0.0,0.0,0.0,158198.0,1646.0,1103.0,10000.0
PC3_dpesc_v3_s3,torus3d_xopposite,0.3,3,10000,0,96000.0,95809.0,95731.0,0.9980104166666667,0.9991858802408959,0.1495796875,2.108293,7.17076,9.279053,2.012347,0.0,0.0,0.0,188836.0,3899.0,2540.0,10000.0
PC3_dpesc_v3_s3,torus3d_xopposite,0.35,3,10000,0,112000.0,111700.0,111617.0,0.9973214285714286,0.9992569382273948,0.1744015625,2.154125,7.206994,9.361119,2.018259,0.0,0.0,0.0,218250.0,7116.0,4632.0,10000.0
PC3_dpesc_v3_s3,torus3d_xopposite,0.4,3,10000,0,128000.0,127634.0,127529.0,0.997140625,0.9991773351928169,0.1992640625,2.216774,7.249183,9.465957,2.028072,0.0,0.0,0.0,246107.0,12665.0,8188.0,10000.0
PC3_dpesc_v3_s3,torus3d_xopposite,0.45,3,10000,0,144000.0,143550.0,143437.0,0.996875,0.9992128178335075,0.2241203125,2.302202,7.300201,9.602404,2.037633,0.0,0.0,0.0,272365.0,20047.0,12970.0,10000.0
PC3_dpesc_v3_s3,torus3d_xopposite,0.5,3,10000,0,160000.0,159448.0,159320.0,0.99655,0.9991972304450354,0.2489375,2.419364,7.3646,9.783963,2.04931,0.0,0.0,0.0,296379.0,30271.0,19553.0,10000.0
PC3_dpesc_v3_s3,torus3d_xopposite,0.55,3,10000,0,176000.0,175629.0,175484.0,0.9978920454545455,0.9991743960279909,0.27419375,2.593769,7.438405,10.032174,2.06208,0.0,0.0,0.0,318749.0,43292.0,27773.0,10000.0
PC3_dpesc_v3_s3,torus3d_xopposite,0.6,3,10000,0,192000.0,191494.0,191329.0,0.9973645833333333,0.9991383542043093,0.2989515625,2.886724,7.534383,10.421107,2.074019,0.0,0.0,0.0,337999.0,59031.0,38011.0,10000.0
PC3_dpesc_v3_s3,torus3d_xopposite,0.65,3,10000,0,208000.0,207630.0,207450.0,0.9982211538461538,0.99913307325531,0.324140625,3.445413,7.674538,11.119952,2.086382,0.0,0.0,0.0,354729.0,78331.0,50567.0,10000.0
PC3_dpesc_v3_s3,torus3d_xopposite,0.7,3,10000,0,224000.0,223660.0,223463.0,0.9984821428571429,0.9991191987838683,0.3491609375,4.888438,7.885887,12.774325,2.0976,0.0,0.0,0.0,369226.0,99770.0,64564.0,10000.0
PC3_dpesc_v3_s3,torus3d_xopposite,0.75,3,10000,0,240000.0,239367.0,239147.0,0.9973625,0.9990809092314312,0.3736671875,13.891974,8.182168,22.074143,2.102255,0.0,0.0,0.0,380017.0,123024.0,81432.0,10000.0
PC3_dpesc_v3_s3,torus3d_xopposite,0.8,3,10000,0,256000.0,251871.0,251656.0,0.98387109375,0.9991463884289974,0.3932125,101.824451,7.843028,109.667479,2.056156,0.0,0.0,0.0,383480.0,134236.0,108222.0,10000.0
PC3_dpesc_v3_s3,torus3d_xopposite,0.85,3,10000,0,272000.0,253915.0,253696.0,0.9335110294117647,0.9991375066459248,0.3964,353.384586,7.698186,361.082772,2.0371,0.0,0.0,0.0,384638.0,132446.0,103910.0,10000.0
PC3_dpesc_v3_s3,torus3d_xopposite,0.9,3,10000,0,288000.0,254528.0,254305.0,0.8837777777777778,0.9991238684938396,0.3973515625,596.760705,7.601294,604.361998,2.029406,0.0,0.0,0.0,385108.0,131261.0,118889.0,10000.0
PC3_dpesc_v3_s3,torus3d_xopposite,0.95,3,10000,0,304000.0,254230.0,254003.0,0.8362828947368421,0.9991071077370884,0.3968796875,841.925969,7.688354,849.614323,2.042125,0.0,0.0,0.0,384973.0,134029.0,113324.0,10000.0
PC3_dpesc_v3_s3,torus3d_xopposite,1.0,3,10000,0,320000.0,254014.0,253782.0,0.79379375,0.9990866645145543,0.396534375,1053.898823,7.811586,1061.710409,2.057798,0.0,0.0,0.0,383976.0,138564.0,110891.0,10000.0
PC4_dpesc_v3_s4,torus3d_xopposite,0.05,3,10000,0,16000.0,15968.0,15954.0,0.998,0.999123246492986,0.024928125,2.003009,7.02432,9.027329,2.0,0.0,0.0,0.0,31923.0,0.0,0.0,10000.0
PC4_dpesc_v3_s4,torus3d_xopposite,0.1,3,10000,0,32000.0,31948.0,31916.0,0.998375,0.998998372355077,0.04986875,2.010841,7.051103,9.061944,2.000188,0.0,0.0,0.0,63857.0,19.0,13.0,10000.0
PC4_dpesc_v3_s4,torus3d_xopposite,0.15,3,10000,0,48000.0,47760.0,47718.0,0.995,0.9991206030150753,0.074559375,2.024854,7.075485,9.100339,2.000671,0.0,0.0,0.0,95423.0,95.0,63.0,10000.0
PC4_dpesc_v3_s4,torus3d_xopposite,0.2,3,10000,0,64000.0,63805.0,63750.0,0.996953125,0.9991379985894523,0.099609375,2.046494,7.101396,9.14789,2.001349,0.0,0.0,0.0,127391.0,259.0,171.0,10000.0
PC4_dpesc_v3_s4,torus3d_xopposite,0.25,3,10000,0,80000.0,79712.0,79646.0,0.9964,0.9991720192693697,0.124446875,2.072408,7.125769,9.198177,2.002536,0.0,0.0,0.0,158935.0,639.0,431.0,10000.0
PC4_dpesc_v3_s4,torus3d_xopposite,0.3,3,10000,0,96000.0,95809.0,95731.0,0.9980104166666667,0.9991858802408959,0.1495796875,2.107959,7.150839,9.258798,2.004157,0.0,0.0,0.0,190653.0,1297.0,876.0,10000.0
PC4_dpesc_v3_s4,torus3d_xopposite,0.35,3,10000,0,112000.0,111701.0,111617.0,0.9973303571428571,0.9992479924083043,0.1744015625,2.154278,7.178226,9.332503,2.007221,0.0,0.0,0.0,221698.0,2437.0,1593.0,10000.0
PC4_dpesc_v3_s4,torus3d_xopposite,0.4,3,10000,0,128000.0,127635.0,127531.0,0.9971484375,0.9991851764798056,0.1992671875,2.215979,7.202578,9.418557,2.009488,0.0,0.0,0.0,252514.0,3886.0,2585.0,10000.0
PC4_dpesc_v3_s4,torus3d_xopposite,0.45,3,10000,0,144000.0,143549.0,143438.0,0.9968680555555556,0.9992267448745724,0.224121875,2.300555,7.228336,9.528891,2.013553,0.0,0.0,0.0,282864.0,6089.0,4002.0,10000.0
PC4_dpesc_v3_s4,torus3d_xopposite,0.5,3,10000,0,160000.0,159449.0,159320.0,0.99655625,0.9991909638818682,0.2489375,2.416985,7.253107,9.670092,2.016821,0.0,0.0,0.0,312681.0,8795.0,5870.0,10000.0
PC4_dpesc_v3_s4,torus3d_xopposite,0.55,3,10000,0,176000.0,175629.0,175489.0,0.9978920454545455,0.9992028651304738,0.2742015625,2.586236,7.284553,9.87079,2.021187,0.0,0.0,0.0,342631.0,12234.0,8132.0,10000.0
PC4_dpesc_v3_s4,torus3d_xopposite,0.6,3,10000,0,192000.0,191492.0,191331.0,0.9973541666666667,0.999159233806112,0.2989546875,2.865871,7.311173,10.177044,2.024596,0.0,0.0,0.0,371429.0,16139.0,10837.0,10000.0
PC4_dpesc_v3_s4,torus3d_xopposite,0.65,3,10000,0,208000.0,207630.0,207457.0,0.9982211538461538,0.999166787073159,0.3241515625,3.37496,7.349942,10.724902,2.029876,0.0,0.0,0.0,400452.0,20873.0,13791.0,10000.0
PC4_dpesc_v3_s4,torus3d_xopposite,0.7,3,10000,0,224000.0,223664.0,223477.0,0.9985,0.9991639244581157,0.3491828125,4.536453,7.382876,11.91933,2.0322,0.0,0.0,0.0,429510.0,24883.0,16466.0,10000.0
PC4_dpesc_v3_s4,torus3d_xopposite,0.75,3,10000,0,240000.0,239492.0,239290.0,0.9978833333333333,0.9991565480266564,0.373890625,9.237933,7.407911,16.645844,2.032304,0.0,0.0,0.0,460246.0,26314.0,17108.0,10000.0
PC4_dpesc_v3_s4,torus3d_xopposite,0.8,3,10000,0,256000.0,253395.0,253180.0,0.98982421875,0.999151522326802,0.39559375,68.573683,7.383589,75.957272,2.008105,0.0,0.0,0.0,500722.0,7948.0,5502.0,10000.0
PC4_dpesc_v3_s4,torus3d_xopposite,0.85,3,10000,0,272000.0,255542.0,255333.0,0.9394926470588235,0.9991821305304021,0.3989578125,305.867679,7.389292,313.25697,2.000971,0.0,0.0,0.0,510324.0,851.0,549.0,10000.0
PC4_dpesc_v3_s4,torus3d_xopposite,0.9,3,10000,0,288000.0,255618.0,255408.0,0.8875625,0.9991784616106847,0.399075,563.235494,7.360329,570.595823,2.00119,0.0,0.0,0.0,510348.0,1037.0,672.0,10000.0
PC4_dpesc_v3_s4,torus3d_xopposite,0.95,3,10000,0,304000.0,255694.0,255470.0,0.8410986842105264,0.9991239528498909,0.399171875,797.647485,7.387208,805.034693,2.000736,0.0,0.0,0.0,510725.0,686.0,455.0,10000.0
PC4_dpesc_v3_s4,torus3d_xopposite,1.0,3,10000,0,320000.0,255980.0,255734.0,0.7999375,0.9990389874208923,0.399584375,996.655591,7.281382,1003.936974,2.000016,0.0,0.0,0.0,511767.0,15.0,10.0,10000.0
PA0_cbs_v4,torus3d_tornado,0.05,4,10000,0,16000.0,15968.0,15949.0,0.998,0.998810120240481,0.0249203125,2.0,9.0,11.0,3.0,0.0,0.0,0.0,0.0,0.0,0.0,10000.0
PA0_cbs_v4,torus3d_tornado,0.1,4,10000,0,32000.0,31948.0,31904.0,0.998375,0.9986227619882309,0.04985,2.0,9.0,11.0,3.0,0.0,0.0,0.0,0.0,0.0,0.0,10000.0
PA0_cbs_v4,torus3d_tornado,0.15,4,10000,0,48000.0,47760.0,47701.0,0.995,0.9987646566164154,0.0745328125,2.0,9.0,11.0,3.0,0.0,0.0,0.0,0.0,0.0,0.0,10000.0
PA0_cbs_v4,torus3d_tornado,0.2,4,10000,0,64000.0,63806.0,63730.0,0.99696875,0.9988088894461336,0.099578125,2.0,9.0,11.0,3.0,0.0,0.0,0.0,0.0,0.0,0.0,10000.0
PA0_cbs_v4,torus3d_tornado,0.25,4,10000,0,80000.0,79713.0,79623.0,0.9964125,0.9988709495314441,0.1244109375,2.0,9.0,11.0,3.0,0.0,0.0,0.0,0.0,0.0,0.0,10000.0
PA0_cbs_v4,torus3d_tornado,0.3,4,10000,0,96000.0,95810.0,95708.0,0.9980208333333334,0.9989353929652437,0.14954375,2.0,9.0,11.0,3.0,0.0,0.0,0.0,0.0,0.0,0.0,10000.0
PA0_cbs_v4,torus3d_tornado,0.35,4,10000,0,112000.0,111703.0,111591.0,0.9973482142857143,0.9989973411636214,0.1743609375,2.0,9.0,11.0,3.0,0.0,0.0,0.0,0.0,0.0,0.0,10000.0
PA0_cbs_v4,torus3d_tornado,0.4,4,10000,0,128000.0,127637.0,127504.0,0.9971640625,0.9989579824032216,0.199225,2.0,9.0,11.0,3.0,0.0,0.0,0.0,0.0,0.0,0.0,10000.0
PA0_cbs_v4,torus3d_tornado,0.45,4,10000,0,144000.0,143553.0,143408.0,0.9968958333333333,0.9989899200991968,0.224075,2.0,9.0,11.0,3.0,0.0,0.0,0.0,0.0,0.0,0.0,10000.0
PA0_cbs_v4,torus3d_tornado,0.5,4,10000,0,160000.0,159452.0,159293.0,0.996575,0.9990028347088779,0.2488953125,2.0,9.0,11.0,3.0,0.0,0.0,0.0,0.0,0.0,0.0,10000.0
PA0_cbs_v4,torus3d_tornado,0.55,4,10000,0,176000.0,175634.0,175458.0,0.9979204545454545,0.9989979161210244,0.274153125,2.0,9.0,11.0,3.0,0.0,0.0,0.0,0.0,0.0,0.0,10000.0
PA0_cbs_v4,torus3d_tornado,0.6,4,10000,0,192000.0,191507.0,191314.0,0.9974322916666667,0.998992203940326,0.298928125,2.0,9.0,11.0,3.0,0.0,0.0,0.0,0.0,0.0,0.0,10000.0
PA0_cbs_v4,torus3d_tornado,0.65,4,10000,0,208000.0,207649.0,207445.0,0.9983125,0.9990175729235392,0.3241328125,2.0,9.0,11.0,3.0,0.0,0.0,0.0,0.0,0.0,0.0,10000.0
PA0_cbs_v4,torus3d_tornado,0.7,4,10000,0,224000.0,223725.0,223498.0,0.9987723214285714,0.9989853614929043,0.349215625,2.0,9.0,11.0,3.0,0.0,0.0,0.0,0.0,0.0,0.0,10000.0
PA0_cbs_v4,torus3d_tornado,0.75,4,10000,0,240000.0,239664.0,239418.0,0.9986,0.9989735629881834,0.374090625,2.0,9.0,11.0,3.0,0.0,0.0,0.0,0.0,0.0,0.0,10000.0
PA0_cbs_v4,torus3d_tornado,0.8,4,10000,0,256000.0,255852.0,255590.0,0.999421875,0.9989759704829354,0.399359375,2.0,9.0,11.0,3.0,0.0,0.0,0.0,0.0,0.0,0.0,10000.0
PA0_cbs_v4,torus3d_tornado,0.85,4,10000,0,272000.0,271674.0,271399.0,0.9988014705882353,0.9989877573856902,0.4240609375,2.0,9.0,11.0,3.0,0.0,0.0,0.0,0.0,0.0,0.0,10000.0
PA0_cbs_v4,torus3d_tornado,0.9,4,10000,0,288000.0,287669.0,287377.0,0.9988506944444444,0.9989849445021883,0.4490265625,2.0,9.0,11.0,3.0,0.0,0.0,0.0,0.0,0.0,0.0,10000.0
PA0_cbs_v4,torus3d_tornado,0.95,4,10000,0,304000.0,303819.0,303512.0,0.9994046052631579,0.9989895299503981,0.4742375,2.0,9.0,11.0,3.0,0.0,0.0,0.0,0.0,0.0,0.0,10000.0
PA0_cbs_v4,torus3d_tornado,1.0,4,10000,0,320000.0,319602.0,319283.0,0.99875625,0.9990018835927185,0.4988796875,2.0,9.0,11.0,3.0,0.0,0.0,0.0,0.0,0.0,0.0,10000.0
PA1_dpcbs_v4_s1,torus3d_tornado,0.05,4,10000,0,16000.0,15968.0,15949.0,0.998,0.998810120240481,0.0249203125,2.0,9.0,11.0,3.0,0.0,0.0,0.0,45669.0,0.0,0.0,10000.0
PA1_dpcbs_v4_s1,torus3d_tornado,0.1,4,10000,0,32000.0,31948.0,31904.0,0.998375,0.9986227619882309,0.04985,2.0,9.0,11.0,3.0,0.0,0.0,0.0,87194.0,0.0,0.0,10000.0
PA1_dpcbs_v4_s1,torus3d_tornado,0.15,4,10000,0,48000.0,47760.0,47701.0,0.995,0.9987646566164154,0.0745328125,2.0,9.0,11.0,3.0,0.0,0.0,0.0,124496.0,0.0,0.0,10000.0
PA1_dpcbs_v4_s1,torus3d_tornado,0.2,4,10000,0,64000.0,63806.0,63730.0,0.99696875,0.9988088894461336,0.099578125,2.0,9.0,11.0,3.0,0.0,0.0,0.0,159408.0,0.0,0.0,10000.0
PA1_dpcbs_v4_s1,torus3d_tornado,0.25,4,10000,0,80000.0,79713.0,79623.0,0.9964125,0.9988709495314441,0.1244109375,2.0,9.0,11.0,3.0,0.0,0.0,0.0,191502.0,0.0,0.0,10000.0
PA1_dpcbs_v4_s1,torus3d_tornado,0.3,4,10000,0,96000.0,95810.0,95708.0,0.9980208333333334,0.9989353929652437,0.14954375,2.0,9.0,11.0,3.0,0.0,0.0,0.0,221346.0,0.0,0.0,10000.0
PA1_dpcbs_v4_s1,torus3d_tornado,0.35,4,10000,0,112000.0,111703.0,111591.0,0.9973482142857143,0.9989973411636214,0.1743609375,2.0,9.0,11.0,3.0,0.0,0.0,0.0,248482.0,0.0,0.0,10000.0
PA1_dpcbs_v4_s1,torus3d_tornado,0.4,4,10000,0,128000.0,127637.0,127504.0,0.9971640625,0.9989579824032216,0.199225,2.0,9.0,11.0,3.0,0.0,0.0,0.0,273626.0,0.0,0.0,10000.0
PA1_dpcbs_v4_s1,torus3d_tornado,0.45,4,10000,0,144000.0,143553.0,143408.0,0.9968958333333333,0.9989899200991968,0.224075,2.0,9.0,11.0,3.0,0.0,0.0,0.0,297194.0,0.0,0.0,10000.0
PA1_dpcbs_v4_s1,torus3d_tornado,0.5,4,10000,0,160000.0,159452.0,159293.0,0.996575,0.9990028347088779,0.2488953125,2.0,9.0,11.0,3.0,0.0,0.0,0.0,319127.0,0.0,0.0,10000.0
PA1_dpcbs_v4_s1,torus3d_tornado,0.55,4,10000,0,176000.0,175634.0,175458.0,0.9979204545454545,0.9989979161210244,0.274153125,2.0,9.0,11.0,3.0,0.0,0.0,0.0,340143.0,0.0,0.0,10000.0
PA1_dpcbs_v4_s1,torus3d_tornado,0.6,4,10000,0,192000.0,191507.0,191314.0,0.9974322916666667,0.998992203940326,0.298928125,2.0,9.0,11.0,3.0,0.0,0.0,0.0,359582.0,0.0,0.0,10000.0
PA1_dpcbs_v4_s1,torus3d_tornado,0.65,4,10000,0,208000.0,207649.0,207445.0,0.9983125,0.9990175729235392,0.3241328125,2.0,9.0,11.0,3.0,0.0,0.0,0.0,377973.0,0.0,0.0,10000.0
PA1_dpcbs_v4_s1,torus3d_tornado,0.7,4,10000,0,224000.0,223725.0,223498.0,0.9987723214285714,0.9989853614929043,0.349215625,2.0,9.0,11.0,3.0,0.0,0.0,0.0,395018.0,0.0,0.0,10000.0
PA1_dpcbs_v4_s1,torus3d_tornado,0.75,4,10000,0,240000.0,239664.0,239418.0,0.9986,0.9989735629881834,0.374090625,2.0,9.0,11.0,3.0,0.0,0.0,0.0,410897.0,0.0,0.0,10000.0
PA1_dpcbs_v4_s1,torus3d_tornado,0.8,4,10000,0,256000.0,255852.0,255590.0,0.999421875,0.9989759704829354,0.399359375,2.0,9.0,11.0,3.0,0.0,0.0,0.0,426189.0,0.0,0.0,10000.0
PA1_dpcbs_v4_s1,torus3d_tornado,0.85,4,10000,0,272000.0,271674.0,271399.0,0.9988014705882353,0.9989877573856902,0.4240609375,2.0,9.0,11.0,3.0,0.0,0.0,0.0,440652.0,0.0,0.0,10000.0
PA1_dpcbs_v4_s1,torus3d_tornado,0.9,4,10000,0,288000.0,287669.0,287377.0,0.9988506944444444,0.9989849445021883,0.4490265625,2.0,9.0,11.0,3.0,0.0,0.0,0.0,454334.0,0.0,0.0,10000.0
PA1_dpcbs_v4_s1,torus3d_tornado,0.95,4,10000,0,304000.0,303819.0,303512.0,0.9994046052631579,0.9989895299503981,0.4742375,2.0,9.0,11.0,3.0,0.0,0.0,0.0,467293.0,0.0,0.0,10000.0
PA1_dpcbs_v4_s1,torus3d_tornado,1.0,4,10000,0,320000.0,319602.0,319283.0,0.99875625,0.9990018835927185,0.4988796875,2.0,9.0,11.0,3.0,0.0,0.0,0.0,479504.0,0.0,0.0,10000.0
PA2_dpcbs_v4_s2,torus3d_tornado,0.05,4,10000,0,16000.0,15968.0,15949.0,0.998,0.998810120240481,0.0249203125,2.0,9.0,11.0,3.0,0.0,0.0,0.0,47880.0,0.0,0.0,10000.0
PA2_dpcbs_v4_s2,torus3d_tornado,0.1,4,10000,0,32000.0,31948.0,31904.0,0.998375,0.9986227619882309,0.04985,2.0,9.0,11.0,3.0,0.0,0.0,0.0,95794.0,0.0,0.0,10000.0
PA2_dpcbs_v4_s2,torus3d_tornado,0.15,4,10000,0,48000.0,47760.0,47701.0,0.995,0.9987646566164154,0.0745328125,2.0,9.0,11.0,3.0,0.0,0.0,0.0,143215.0,0.0,0.0,10000.0
PA2_dpcbs_v4_s2,torus3d_tornado,0.2,4,10000,0,64000.0,63806.0,63730.0,0.99696875,0.9988088894461336,0.099578125,2.0,9.0,11.0,3.0,0.0,0.0,0.0,191328.0,0.0,0.0,10000.0
PA2_dpcbs_v4_s2,torus3d_tornado,0.25,4,10000,0,80000.0,79713.0,79623.0,0.9964125,0.9988709495314441,0.1244109375,2.0,9.0,11.0,3.0,0.0,0.0,0.0,239035.0,0.0,0.0,10000.0
PA2_dpcbs_v4_s2,torus3d_tornado,0.3,4,10000,0,96000.0,95810.0,95708.0,0.9980208333333334,0.9989353929652437,0.14954375,2.0,9.0,11.0,3.0,0.0,0.0,0.0,287305.0,0.0,0.0,10000.0
PA2_dpcbs_v4_s2,torus3d_tornado,0.35,4,10000,0,112000.0,111703.0,111591.0,0.9973482142857143,0.9989973411636214,0.1743609375,2.0,9.0,11.0,3.0,0.0,0.0,0.0,334969.0,0.0,0.0,10000.0
PA2_dpcbs_v4_s2,torus3d_tornado,0.4,4,10000,0,128000.0,127637.0,127504.0,0.9971640625,0.9989579824032216,0.199225,2.0,9.0,11.0,3.0,0.0,0.0,0.0,382756.0,0.0,0.0,10000.0
PA2_dpcbs_v4_s2,torus3d_tornado,0.45,4,10000,0,144000.0,143553.0,143408.0,0.9968958333333333,0.9989899200991968,0.224075,2.0,9.0,11.0,3.0,0.0,0.0,0.0,430486.0,0.0,0.0,10000.0
PA2_dpcbs_v4_s2,torus3d_tornado,0.5,4,10000,0,160000.0,159452.0,159293.0,0.996575,0.9990028347088779,0.2488953125,2.0,9.0,11.0,3.0,0.0,0.0,0.0,478164.0,0.0,0.0,10000.0
PA2_dpcbs_v4_s2,torus3d_tornado,0.55,4,10000,0,176000.0,175634.0,175458.0,0.9979204545454545,0.9989979161210244,0.274153125,2.0,9.0,11.0,3.0,0.0,0.0,0.0,526689.0,0.0,0.0,10000.0
PA2_dpcbs_v4_s2,torus3d_tornado,0.6,4,10000,0,192000.0,191507.0,191314.0,0.9974322916666667,0.998992203940326,0.298928125,2.0,9.0,11.0,3.0,0.0,0.0,0.0,574293.0,0.0,0.0,10000.0
PA2_dpcbs_v4_s2,torus3d_tornado,0.65,4,10000,0,208000.0,207649.0,207445.0,0.9983125,0.9990175729235392,0.3241328125,2.0,9.0,11.0,3.0,0.0,0.0,0.0,622709.0,0.0,0.0,10000.0
PA2_dpcbs_v4_s2,torus3d_tornado,0.7,4,10000,0,224000.0,223725.0,223498.0,0.9987723214285714,0.9989853614929043,0.349215625,2.0,9.0,11.0,3.0,0.0,0.0,0.0,670916.0,0.0,0.0,10000.0
PA2_dpcbs_v4_s2,torus3d_tornado,0.75,4,10000,0,240000.0,239664.0,239418.0,0.9986,0.9989735629881834,0.374090625,2.0,9.0,11.0,3.0,0.0,0.0,0.0,718710.0,0.0,0.0,10000.0
PA2_dpcbs_v4_s2,torus3d_tornado,0.8,4,10000,0,256000.0,255852.0,255590.0,0.999421875,0.9989759704829354,0.399359375,2.0,9.0,11.0,3.0,0.0,0.0,0.0,767250.0,0.0,0.0,10000.0
PA2_dpcbs_v4_s2,torus3d_tornado,0.85,4,10000,0,272000.0,271674.0,271399.0,0.9988014705882353,0.9989877573856902,0.4240609375,2.0,9.0,11.0,3.0,0.0,0.0,0.0,814699.0,0.0,0.0,10000.0
PA2_dpcbs_v4_s2,torus3d_tornado,0.9,4,10000,0,288000.0,287669.0,287377.0,0.9988506944444444,0.9989849445021883,0.4490265625,2.0,9.0,11.0,3.0,0.0,0.0,0.0,862662.0,0.0,0.0,10000.0
PA2_dpcbs_v4_s2,torus3d_tornado,0.95,4,10000,0,304000.0,303819.0,303512.0,0.9994046052631579,0.9989895299503981,0.4742375,2.0,9.0,11.0,3.0,0.0,0.0,0.0,911087.0,0.0,0.0,10000.0
PA2_dpcbs_v4_s2,torus3d_tornado,1.0,4,10000,0,320000.0,319602.0,319283.0,0.99875625,0.9990018835927185,0.4988796875,2.0,9.0,11.0,3.0,0.0,0.0,0.0,958425.0,0.0,0.0,10000.0
PA3_dpcbs_v4_s3,torus3d_tornado,0.05,4,10000,0,16000.0,15968.0,15949.0,0.998,0.998810120240481,0.0249203125,2.0,9.0,11.0,3.0,0.0,0.0,0.0,47880.0,0.0,0.0,10000.0
PA3_dpcbs_v4_s3,torus3d_tornado,0.1,4,10000,0,32000.0,31948.0,31904.0,0.998375,0.9986227619882309,0.04985,2.0,9.0,11.0,3.0,0.0,0.0,0.0,95794.0,0.0,0.0,10000.0
PA3_dpcbs_v4_s3,torus3d_tornado,0.15,4,10000,0,48000.0,47760.0,47701.0,0.995,0.9987646566164154,0.0745328125,2.0,9.0,11.0,3.0,0.0,0.0,0.0,143215.0,0.0,0.0,10000.0
PA3_dpcbs_v4_s3,torus3d_tornado,0.2,4,10000,0,64000.0,63806.0,63730.0,0.99696875,0.9988088894461336,0.099578125,2.0,9.0,11.0,3.0,0.0,0.0,0.0,191328.0,0.0,0.0,10000.0
PA3_dpcbs_v4_s3,torus3d_tornado,0.25,4,10000,0,80000.0,79713.0,79623.0,0.9964125,0.9988709495314441,0.1244109375,2.0,9.0,11.0,3.0,0.0,0.0,0.0,239035.0,0.0,0.0,10000.0
PA3_dpcbs_v4_s3,torus3d_tornado,0.3,4,10000,0,96000.0,95810.0,95708.0,0.9980208333333334,0.9989353929652437,0.14954375,2.0,9.0,11.0,3.0,0.0,0.0,0.0,287305.0,0.0,0.0,10000.0
PA3_dpcbs_v4_s3,torus3d_tornado,0.35,4,10000,0,112000.0,111703.0,111591.0,0.9973482142857143,0.9989973411636214,0.1743609375,2.0,9.0,11.0,3.0,0.0,0.0,0.0,334969.0,0.0,0.0,10000.0
PA3_dpcbs_v4_s3,torus3d_tornado,0.4,4,10000,0,128000.0,127637.0,127504.0,0.9971640625,0.9989579824032216,0.199225,2.0,9.0,11.0,3.0,0.0,0.0,0.0,382756.0,0.0,0.0,10000.0
PA3_dpcbs_v4_s3,torus3d_tornado,0.45,4,10000,0,144000.0,143553.0,143408.0,0.9968958333333333,0.9989899200991968,0.224075,2.0,9.0,11.0,3.0,0.0,0.0,0.0,430486.0,0.0,0.0,10000.0
PA3_dpcbs_v4_s3,torus3d_tornado,0.5,4,10000,0,160000.0,159452.0,159293.0,0.996575,0.9990028347088779,0.2488953125,2.0,9.0,11.0,3.0,0.0,0.0,0.0,478164.0,0.0,0.0,10000.0
PA3_dpcbs_v4_s3,torus3d_tornado,0.55,4,10000,0,176000.0,175634.0,175458.0,0.9979204545454545,0.9989979161210244,0.274153125,2.0,9.0,11.0,3.0,0.0,0.0,0.0,526689.0,0.0,0.0,10000.0
PA3_dpcbs_v4_s3,torus3d_tornado,0.6,4,10000,0,192000.0,191507.0,191314.0,0.9974322916666667,0.998992203940326,0.298928125,2.0,9.0,11.0,3.0,0.0,0.0,0.0,574293.0,0.0,0.0,10000.0
PA3_dpcbs_v4_s3,torus3d_tornado,0.65,4,10000,0,208000.0,207649.0,207445.0,0.9983125,0.9990175729235392,0.3241328125,2.0,9.0,11.0,3.0,0.0,0.0,0.0,622709.0,0.0,0.0,10000.0
PA3_dpcbs_v4_s3,torus3d_tornado,0.7,4,10000,0,224000.0,223725.0,223498.0,0.9987723214285714,0.9989853614929043,0.349215625,2.0,9.0,11.0,3.0,0.0,0.0,0.0,670916.0,0.0,0.0,10000.0
PA3_dpcbs_v4_s3,torus3d_tornado,0.75,4,10000,0,240000.0,239664.0,239418.0,0.9986,0.9989735629881834,0.374090625,2.0,9.0,11.0,3.0,0.0,0.0,0.0,718710.0,0.0,0.0,10000.0
PA3_dpcbs_v4_s3,torus3d_tornado,0.8,4,10000,0,256000.0,255852.0,255590.0,0.999421875,0.9989759704829354,0.399359375,2.0,9.0,11.0,3.0,0.0,0.0,0.0,767250.0,0.0,0.0,10000.0
PA3_dpcbs_v4_s3,torus3d_tornado,0.85,4,10000,0,272000.0,271674.0,271399.0,0.9988014705882353,0.9989877573856902,0.4240609375,2.0,9.0,11.0,3.0,0.0,0.0,0.0,814699.0,0.0,0.0,10000.0
PA3_dpcbs_v4_s3,torus3d_tornado,0.9,4,10000,0,288000.0,287669.0,287377.0,0.9988506944444444,0.9989849445021883,0.4490265625,2.0,9.0,11.0,3.0,0.0,0.0,0.0,862662.0,0.0,0.0,10000.0
PA3_dpcbs_v4_s3,torus3d_tornado,0.95,4,10000,0,304000.0,303819.0,303512.0,0.9994046052631579,0.9989895299503981,0.4742375,2.0,9.0,11.0,3.0,0.0,0.0,0.0,911087.0,0.0,0.0,10000.0
PA3_dpcbs_v4_s3,torus3d_tornado,1.0,4,10000,0,320000.0,319602.0,319283.0,0.99875625,0.9990018835927185,0.4988796875,2.0,9.0,11.0,3.0,0.0,0.0,0.0,958425.0,0.0,0.0,10000.0
PA4_dpcbs_v4_s4,torus3d_tornado,0.05,4,10000,0,16000.0,15968.0,15949.0,0.998,0.998810120240481,0.0249203125,2.0,9.0,11.0,3.0,0.0,0.0,0.0,47880.0,0.0,0.0,10000.0
PA4_dpcbs_v4_s4,torus3d_tornado,0.1,4,10000,0,32000.0,31948.0,31904.0,0.998375,0.9986227619882309,0.04985,2.0,9.0,11.0,3.0,0.0,0.0,0.0,95794.0,0.0,0.0,10000.0
PA4_dpcbs_v4_s4,torus3d_tornado,0.15,4,10000,0,48000.0,47760.0,47701.0,0.995,0.9987646566164154,0.0745328125,2.0,9.0,11.0,3.0,0.0,0.0,0.0,143215.0,0.0,0.0,10000.0
PA4_dpcbs_v4_s4,torus3d_tornado,0.2,4,10000,0,64000.0,63806.0,63730.0,0.99696875,0.9988088894461336,0.099578125,2.0,9.0,11.0,3.0,0.0,0.0,0.0,191328.0,0.0,0.0,10000.0
PA4_dpcbs_v4_s4,torus3d_tornado,0.25,4,10000,0,80000.0,79713.0,79623.0,0.9964125,0.9988709495314441,0.1244109375,2.0,9.0,11.0,3.0,0.0,0.0,0.0,239035.0,0.0,0.0,10000.0
PA4_dpcbs_v4_s4,torus3d_tornado,0.3,4,10000,0,96000.0,95810.0,95708.0,0.9980208333333334,0.9989353929652437,0.14954375,2.0,9.0,11.0,3.0,0.0,0.0,0.0,287305.0,0.0,0.0,10000.0
PA4_dpcbs_v4_s4,torus3d_tornado,0.35,4,10000,0,112000.0,111703.0,111591.0,0.9973482142857143,0.9989973411636214,0.1743609375,2.0,9.0,11.0,3.0,0.0,0.0,0.0,334969.0,0.0,0.0,10000.0
PA4_dpcbs_v4_s4,torus3d_tornado,0.4,4,10000,0,128000.0,127637.0,127504.0,0.9971640625,0.9989579824032216,0.199225,2.0,9.0,11.0,3.0,0.0,0.0,0.0,382756.0,0.0,0.0,10000.0
PA4_dpcbs_v4_s4,torus3d_tornado,0.45,4,10000,0,144000.0,143553.0,143408.0,0.9968958333333333,0.9989899200991968,0.224075,2.0,9.0,11.0,3.0,0.0,0.0,0.0,430486.0,0.0,0.0,10000.0
PA4_dpcbs_v4_s4,torus3d_tornado,0.5,4,10000,0,160000.0,159452.0,159293.0,0.996575,0.9990028347088779,0.2488953125,2.0,9.0,11.0,3.0,0.0,0.0,0.0,478164.0,0.0,0.0,10000.0
PA4_dpcbs_v4_s4,torus3d_tornado,0.55,4,10000,0,176000.0,175634.0,175458.0,0.9979204545454545,0.9989979161210244,0.274153125,2.0,9.0,11.0,3.0,0.0,0.0,0.0,526689.0,0.0,0.0,10000.0
PA4_dpcbs_v4_s4,torus3d_tornado,0.6,4,10000,0,192000.0,191507.0,191314.0,0.9974322916666667,0.998992203940326,0.298928125,2.0,9.0,11.0,3.0,0.0,0.0,0.0,574293.0,0.0,0.0,10000.0
PA4_dpcbs_v4_s4,torus3d_tornado,0.65,4,10000,0,208000.0,207649.0,207445.0,0.9983125,0.9990175729235392,0.3241328125,2.0,9.0,11.0,3.0,0.0,0.0,0.0,622709.0,0.0,0.0,10000.0
PA4_dpcbs_v4_s4,torus3d_tornado,0.7,4,10000,0,224000.0,223725.0,223498.0,0.9987723214285714,0.9989853614929043,0.349215625,2.0,9.0,11.0,3.0,0.0,0.0,0.0,670916.0,0.0,0.0,10000.0
PA4_dpcbs_v4_s4,torus3d_tornado,0.75,4,10000,0,240000.0,239664.0,239418.0,0.9986,0.9989735629881834,0.374090625,2.0,9.0,11.0,3.0,0.0,0.0,0.0,718710.0,0.0,0.0,10000.0
PA4_dpcbs_v4_s4,torus3d_tornado,0.8,4,10000,0,256000.0,255852.0,255590.0,0.999421875,0.9989759704829354,0.399359375,2.0,9.0,11.0,3.0,0.0,0.0,0.0,767250.0,0.0,0.0,10000.0
PA4_dpcbs_v4_s4,torus3d_tornado,0.85,4,10000,0,272000.0,271674.0,271399.0,0.9988014705882353,0.9989877573856902,0.4240609375,2.0,9.0,11.0,3.0,0.0,0.0,0.0,814699.0,0.0,0.0,10000.0
PA4_dpcbs_v4_s4,torus3d_tornado,0.9,4,10000,0,288000.0,287669.0,287377.0,0.9988506944444444,0.9989849445021883,0.4490265625,2.0,9.0,11.0,3.0,0.0,0.0,0.0,862662.0,0.0,0.0,10000.0
PA4_dpcbs_v4_s4,torus3d_tornado,0.95,4,10000,0,304000.0,303819.0,303512.0,0.9994046052631579,0.9989895299503981,0.4742375,2.0,9.0,11.0,3.0,0.0,0.0,0.0,911087.0,0.0,0.0,10000.0
PA4_dpcbs_v4_s4,torus3d_tornado,1.0,4,10000,0,320000.0,319602.0,319283.0,0.99875625,0.9990018835927185,0.4988796875,2.0,9.0,11.0,3.0,0.0,0.0,0.0,958425.0,0.0,0.0,10000.0
PB0_esc_v4,torus3d_tornado,0.05,4,10000,0,16000.0,15968.0,15949.0,0.998,0.998810120240481,0.0249203125,2.0,9.04157,11.04157,3.0,0.0,0.0,0.0,0.0,0.0,0.0,10000.0
PB0_esc_v4,torus3d_tornado,0.1,4,10000,0,32000.0,31948.0,31904.0,0.998375,0.9986227619882309,0.04985,2.0,9.094471,11.094471,3.0,0.0,0.0,0.0,0.0,0.0,0.0,10000.0
PB0_esc_v4,torus3d_tornado,0.15,4,10000,0,48000.0,47760.0,47701.0,0.995,0.9987646566164154,0.0745328125,2.0,9.138551,11.138551,3.0,0.0,0.0,0.0,0.0,0.0,0.0,10000.0
PB0_esc_v4,torus3d_tornado,0.2,4,10000,0,64000.0,63806.0,63730.0,0.99696875,0.9988088894461336,0.099578125,2.000031,9.193159,11.19319,3.0,0.0,0.0,0.0,0.0,0.0,0.0,10000.0
PB0_esc_v4,torus3d_tornado,0.25,4,10000,0,80000.0,79713.0,79623.0,0.9964125,0.9988709495314441,0.1244109375,2.000025,9.242819,11.242844,3.0,0.0,0.0,0.0,0.0,1.0,1.0,10000.0
PB0_esc_v4,torus3d_tornado,0.3,4,10000,0,96000.0,95810.0,95708.0,0.9980208333333334,0.9989353929652437,0.14954375,2.000073,9.298857,11.29893,3.000042,0.0,0.0,0.0,0.0,12.0,8.0,10000.0
PB0_esc_v4,torus3d_tornado,0.35,4,10000,0,112000.0,111703.0,111591.0,0.9973482142857143,0.9989973411636214,0.1743609375,2.00017,9.36019,11.360361,3.000072,0.0,0.0,0.0,0.0,29.0,21.0,10000.0
PB0_esc_v4,torus3d_tornado,0.4,4,10000,0,128000.0,127637.0,127504.0,0.9971640625,0.9989579824032216,0.199225,2.000455,9.425344,11.425798,3.000188,0.0,0.0,0.0,0.0,84.0,60.0,10000.0
PB0_esc_v4,torus3d_tornado,0.45,4,10000,0,144000.0,143553.0,143404.0,0.9968958333333333,0.9989620558260712,0.22406875,2.000816,9.497852,11.498668,3.000502,0.0,0.0,0.0,0.0,216.0,144.0,10000.0
PB0_esc_v4,torus3d_tornado,0.5,4,10000,0,160000.0,159452.0,159289.0,0.996575,0.9989777487896044,0.2488890625,2.001287,9.565431,11.566718,3.000741,0.0,0.0,0.0,0.0,378.0,260.0,10000.0
PB0_esc_v4,torus3d_tornado,0.55,4,10000,0,176000.0,175634.0,175453.0,0.9979204545454545,0.9989694478290081,0.2741453125,2.002787,9.647113,11.649901,3.001288,0.0,0.0,0.0,0.0,693.0,466.0,10000.0
PB0_esc_v4,torus3d_tornado,0.6,4,10000,0,192000.0,191507.0,191311.0,0.9974322916666667,0.9989765387166004,0.2989234375,2.003957,9.723382,11.727339,3.00185,0.0,0.0,0.0,0.0,1192.0,837.0,10000.0
PB0_esc_v4,torus3d_tornado,0.65,4,10000,0,208000.0,207649.0,207441.0,0.9983125,0.9989983096475302,0.3241265625,2.007337,9.821294,11.828631,3.003635,0.0,0.0,0.0,0.0,2344.0,1584.0,10000.0
PB0_esc_v4,torus3d_tornado,0.7,4,10000,0,224000.0,223725.0,223487.0,0.9987723214285714,0.9989361939881551,0.3491984375,2.010654,9.918121,11.928774,3.005235,0.0,0.0,0.0,0.0,3703.0,2514.0,10000.0
PB0_esc_v4,torus3d_tornado,0.75,4,10000,0,240000.0,239664.0,239404.0,0.9986,0.9989151478736898,0.37406875,2.017974,10.030033,12.048007,3.008204,0.0,0.0,0.0,0.0,6101.0,4099.0,10000.0
PB0_esc_v4,torus3d_tornado,0.8,4,10000,0,256000.0,255851.0,255569.0,0.99941796875,0.9988977959828181,0.3993265625,2.027245,10.152702,12.179947,3.011285,0.0,0.0,0.0,0.0,9186.0,6204.0,10000.0
PB0_esc_v4,torus3d_tornado,0.85,4,10000,0,272000.0,271673.0,271374.0,0.998797794117647,0.9988994121609435,0.424021875,2.044492,10.292637,12.337129,3.01712,0.0,0.0,0.0,0.0,14539.0,9671.0,10000.0
PB0_esc_v4,torus3d_tornado,0.9,4,10000,0,288000.0,287669.0,287348.0,0.9988506944444444,0.9988841341958987,0.44898125,2.073026,10.460463,12.533489,3.024222,0.0,0.0,0.0,0.0,21555.0,14195.0,10000.0
PB0_esc_v4,torus3d_tornado,0.95,4,10000,0,304000.0,303818.0,303479.0,0.9994013157894737,0.9988842004094557,0.4741859375,2.12421,10.650681,12.774891,3.033966,0.0,0.0,0.0,0.0,31820.0,20617.0,10000.0
PB0_esc_v4,torus3d_tornado,1.0,4,10000,0,320000.0,319598.0,319231.0,0.99874375,0.9988516824260477,0.4987984375,2.249694,10.906456,13.15615,3.047533,0.0,0.0,0.0,0.0,46698.0,29824.0,10000.0
PB1_dpesc_v4_s1,torus3d_tornado,0.05,4,10000,0,16000.0,15968.0,15949.0,0.998,0.998810120240481,0.0249203125,2.0,9.09869,11.09869,3.027212,0.0,0.0,0.0,46995.0,1319.0,833.0,10000.0
PB1_dpesc_v4_s1,torus3d_tornado,0.1,4,10000,0,32000.0,31948.0,31904.0,0.998375,0.9986227619882309,0.04985,2.0,9.216807,11.216807,3.06156,0.0,0.0,0.0,91684.0,6075.0,3636.0,10000.0
PB1_dpesc_v4_s1,torus3d_tornado,0.15,4,10000,0,48000.0,47760.0,47700.0,0.995,0.9987437185929648,0.07453125,2.0,9.374507,11.374507,3.10717,0.0,0.0,0.0,132939.0,15390.0,8542.0,10000.0
PB1_dpesc_v4_s1,torus3d_tornado,0.2,4,10000,0,64000.0,63806.0,63730.0,0.99696875,0.9988088894461336,0.099578125,2.0,9.551138,11.551138,3.157979,0.0,0.0,0.0,171167.0,30229.0,15702.0,10000.0
PB1_dpesc_v4_s1,torus3d_tornado,0.25,4,10000,0,80000.0,79713.0,79619.0,0.9964125,0.9988207695106194,0.1244046875,2.000025,9.762481,11.762506,3.211432,0.0,0.0,0.0,205237.0,50638.0,25061.0,10000.0
PB1_dpesc_v4_s1,torus3d_tornado,0.3,4,10000,0,96000.0,95810.0,95702.0,0.9980208333333334,0.9988727690220227,0.149534375,2.000167,10.003657,12.003824,3.261729,0.0,0.0,0.0,236166.0,76198.0,36261.0,10000.0
PB1_dpesc_v4_s1,torus3d_tornado,0.35,4,10000,0,112000.0,111703.0,111581.0,0.9973482142857143,0.9989078180532305,0.1743453125,2.000484,10.313288,12.313772,3.318423,0.0,0.0,0.0,262836.0,107674.0,49191.0,10000.0
PB1_dpesc_v4_s1,torus3d_tornado,0.4,4,10000,0,128000.0,127637.0,127487.0,0.9971640625,0.9988247921840846,0.1991984375,2.001137,10.694973,12.69611,3.375207,0.0,0.0,0.0,285950.0,144657.0,63428.0,10000.0
PB1_dpesc_v4_s1,torus3d_tornado,0.45,4,10000,0,144000.0,143553.0,143378.0,0.9968958333333333,0.9987809380507547,0.224028125,2.002692,11.196327,13.199019,3.430931,0.0,0.0,0.0,305602.0,186696.0,78840.0,10000.0
PB1_dpesc_v4_s1,torus3d_tornado,0.5,4,10000,0,160000.0,159452.0,159253.0,0.996575,0.9987519755161428,0.2488328125,2.007184,11.863186,13.87037,3.480066,0.0,0.0,0.0,323118.0,231538.0,94538.0,10000.0
PB1_dpesc_v4_s1,torus3d_tornado,0.55,4,10000,0,176000.0,175634.0,175386.0,0.9979204545454545,0.998587972715989,0.274040625,2.031057,13.054628,15.085685,3.541731,0.0,0.0,0.0,336615.0,285122.0,111953.0,10000.0
PB1_dpesc_v4_s1,torus3d_tornado,0.6,4,10000,0,192000.0,178912.0,178422.0,0.9318333333333333,0.9972612233947415,0.278784375,251.290104,24.868901,276.159005,3.738967,0.0,0.0,0.0,279868.0,388124.0,140143.0,10000.0
PB1_dpesc_v4_s1,torus3d_tornado,0.65,4,10000,0,208000.0,175693.0,175218.0,0.8446778846153846,0.99729642046069,0.273778125,728.641772,26.842316,755.484088,3.763301,0.0,0.0,0.0,266313.0,393964.0,141621.0,10000.0
PB1_dpesc_v4_s1,torus3d_tornado,0.7,4,10000,0,224000.0,175910.0,175409.0,0.7853125,0.9971519527030868,0.2740765625,1031.634933,26.870868,1058.505801,3.767156,0.0,0.0,0.0,266393.0,395292.0,141788.0,10000.0
PB1_dpesc_v4_s1,torus3d_tornado,0.75,4,10000,0,240000.0,175890.0,175391.0,0.732875,0.997162999602024,0.2740484375,1301.142915,26.873323,1328.016238,3.767725,0.0,0.0,0.0,266260.0,395444.0,141741.0,10000.0
PB1_dpesc_v4_s1,torus3d_tornado,0.8,4,10000,0,256000.0,175803.0,175324.0,0.68673046875,0.9972753593510918,0.27394375,1531.33478,26.921095,1558.255875,3.769011,0.0,0.0,0.0,265978.0,395690.0,141751.0,10000.0
PB1_dpesc_v4_s1,torus3d_tornado,0.85,4,10000,0,272000.0,175765.0,175275.0,0.6461948529411765,0.9972121867265952,0.2738671875,1734.97177,26.940431,1761.912201,3.766407,0.0,0.0,0.0,266166.0,394899.0,141884.0,10000.0
PB1_dpesc_v4_s1,torus3d_tornado,0.9,4,10000,0,288000.0,175980.0,175486.0,0.6110416666666667,0.997192862825321,0.274196875,1910.723841,26.894903,1937.618745,3.768118,0.0,0.0,0.0,266274.0,395867.0,141935.0,10000.0
PB1_dpesc_v4_s1,torus3d_tornado,0.95,4,10000,0,304000.0,175793.0,175292.0,0.578266447368421,0.9971500571695119,0.27389375,2074.291388,26.929249,2101.220638,3.765237,0.0,0.0,0.0,266240.0,394697.0,141786.0,10000.0
PB1_dpesc_v4_s1,torus3d_tornado,1.0,4,10000,0,320000.0,176168.0,175690.0,0.550525,0.9972866808955089,0.274515625,2217.288565,26.871165,2244.15973,3.768114,0.0,0.0,0.0,266546.0,396367.0,142023.0,10000.0
PB2_dpesc_v4_s2,torus3d_tornado,0.05,4,10000,0,16000.0,15968.0,15949.0,0.998,0.998810120240481,0.0249203125,2.0,9.04621,11.04621,3.000125,0.0,0.0,0.0,47878.0,4.0,2.0,10000.0
PB2_dpesc_v4_s2,torus3d_tornado,0.1,4,10000,0,32000.0,31948.0,31904.0,0.998375,0.9986227619882309,0.04985,2.0,9.094941,11.094941,3.000251,0.0,0.0,0.0,95766.0,36.0,28.0,10000.0
PB2_dpesc_v4_s2,torus3d_tornado,0.15,4,10000,0,48000.0,47760.0,47701.0,0.995,0.9987646566164154,0.0745328125,2.0,9.144399,11.144399,3.001048,0.0,0.0,0.0,143118.0,147.0,97.0,10000.0
PB2_dpesc_v4_s2,torus3d_tornado,0.2,4,10000,0,64000.0,63806.0,63729.0,0.99696875,0.9987932169388459,0.0995765625,2.000016,9.196488,11.196504,3.002511,0.0,0.0,0.0,191029.0,459.0,298.0,10000.0
PB2_dpesc_v4_s2,torus3d_tornado,0.25,4,10000,0,80000.0,79713.0,79622.0,0.9964125,0.9988584045262379,0.124409375,2.000013,9.251614,11.251626,3.004446,0.0,0.0,0.0,238283.0,1105.0,743.0,10000.0
PB2_dpesc_v4_s2,torus3d_tornado,0.3,4,10000,0,96000.0,95810.0,95708.0,0.9980208333333334,0.9989353929652437,0.14954375,2.000094,9.317873,11.317967,3.008233,0.0,0.0,0.0,285730.0,2363.0,1545.0,10000.0
PB2_dpesc_v4_s2,torus3d_tornado,0.35,4,10000,0,112000.0,111703.0,111591.0,0.9973482142857143,0.9989973411636214,0.1743609375,2.000233,9.390157,11.39039,3.014123,0.0,0.0,0.0,331801.0,4743.0,3083.0,10000.0
PB2_dpesc_v4_s2,torus3d_tornado,0.4,4,10000,0,128000.0,127637.0,127504.0,0.9971640625,0.9989579824032216,0.199225,2.000408,9.469358,11.469766,3.021191,0.0,0.0,0.0,377215.0,8240.0,5307.0,10000.0
PB2_dpesc_v4_s2,torus3d_tornado,0.45,4,10000,0,144000.0,143553.0,143406.0,0.9968958333333333,0.998975987962634,0.224071875,2.000711,9.565548,11.566259,3.032258,0.0,0.0,0.0,420984.0,14128.0,8996.0,10000.0
PB2_dpesc_v4_s2,torus3d_tornado,0.5,4,10000,0,160000.0,159452.0,159290.0,0.996575,0.9989840202694228,0.248890625,2.001494,9.669195,11.670689,3.044874,0.0,0.0,0.0,463356.0,21959.0,13766.0,10000.0
PB2_dpesc_v4_s2,torus3d_tornado,0.55,4,10000,0,176000.0,175634.0,175453.0,0.9979204545454545,0.9989694478290081,0.2741453125,2.00236,9.792987,11.795347,3.063652,0.0,0.0,0.0,503902.0,33949.0,20665.0,10000.0
PB2_dpesc_v4_s2,torus3d_tornado,0.6,4,10000,0,192000.0,191507.0,191307.0,0.9974322916666667,0.9989556517516331,0.2989171875,2.004004,9.933243,11.937247,3.082778,0.0,0.0,0.0,542089.0,48042.0,28550.0,10000.0
PB2_dpesc_v4_s2,torus3d_tornado,0.65,4,10000,0,208000.0,207649.0,207428.0,0.9983125,0.9989357040005008,0.32410625,2.006899,10.103192,12.110091,3.105714,0.0,0.0,0.0,577815.0,66818.0,38991.0,10000.0
PB2_dpesc_v4_s2,torus3d_tornado,0.7,4,10000,0,224000.0,223725.0,223483.0,0.9987723214285714,0.9989183148955191,0.3491921875,2.011254,10.315577,12.32683,3.131661,0.0,0.0,0.0,610512.0,89832.0,50986.0,10000.0
PB2_dpesc_v4_s2,torus3d_tornado,0.75,4,10000,0,240000.0,239664.0,239392.0,0.9986,0.9988650777755524,0.37405,2.018601,10.584673,12.603274,3.161242,0.0,0.0,0.0,639762.0,117550.0,64843.0,10000.0
PB2_dpesc_v4_s2,torus3d_tornado,0.8,4,10000,0,256000.0,255852.0,255552.0,0.999421875,0.998827447117865,0.3993,2.029043,10.927267,12.95631,3.190192,0.0,0.0,0.0,667076.0,148773.0,80016.0,10000.0
PB2_dpesc_v4_s2,torus3d_tornado,0.85,4,10000,0,272000.0,271673.0,271335.0,0.998797794117647,0.9987558572254144,0.4239609375,2.052256,11.43332,13.485577,3.226075,0.0,0.0,0.0,689789.0,186259.0,96558.0,10000.0
PB2_dpesc_v4_s2,torus3d_tornado,0.9,4,10000,0,288000.0,287668.0,287286.0,0.9988472222222222,0.9986720803148074,0.448884375,2.114029,12.259772,14.373802,3.264872,0.0,0.0,0.0,709599.0,229156.0,113387.0,10000.0
PB2_dpesc_v4_s2,torus3d_tornado,0.95,4,10000,0,304000.0,298502.0,297962.0,0.9819144736842105,0.9981909668946942,0.465565625,66.765064,16.595183,83.360247,3.370906,0.0,0.0,0.0,693614.0,311890.0,135208.0,10000.0
PB2_dpesc_v4_s2,torus3d_tornado,1.0,4,10000,0,320000.0,293505.0,292942.0,0.917203125,0.9980818043985622,0.457721875,388.89659,18.142608,407.039199,3.399,0.0,0.0,0.0,672268.0,324617.0,137129.0,10000.0
PB3_dpesc_v4_s3,torus3d_tornado,0.05,4,10000,0,16000.0,15968.0,15949.0,0.998,0.998810120240481,0.0249203125,2.0,9.04157,11.04157,3.0,0.0,0.0,0.0,47880.0,0.0,0.0,10000.0
PB3_dpesc_v4_s3,torus3d_tornado,0.1,4,10000,0,32000.0,31948.0,31904.0,0.998375,0.9986227619882309,0.04985,2.0,9.094471,11.094471,3.0,0.0,0.0,0.0,95794.0,0.0,0.0,10000.0
PB3_dpesc_v4_s3,torus3d_tornado,0.15,4,10000,0,48000.0,47760.0,47701.0,0.995,0.9987646566164154,0.0745328125,2.0,9.138551,11.138551,3.0,0.0,0.0,0.0,143215.0,0.0,0.0,10000.0
PB3_dpesc_v4_s3,torus3d_tornado,0.2,4,10000,0,64000.0,63806.0,63730.0,0.99696875,0.9988088894461336,0.099578125,2.000031,9.193159,11.19319,3.0,0.0,0.0,0.0,191327.0,0.0,0.0,10000.0
PB3_dpesc_v4_s3,torus3d_tornado,0.25,4,10000,0,80000.0,79713.0,79623.0,0.9964125,0.9988709495314441,0.1244109375,2.000025,9.242819,11.242844,3.0,0.0,0.0,0.0,239033.0,1.0,1.0,10000.0
PB3_dpesc_v4_s3,torus3d_tornado,0.3,4,10000,0,96000.0,95810.0,95708.0,0.9980208333333334,0.9989353929652437,0.14954375,2.000073,9.298857,11.29893,3.000042,0.0,0.0,0.0,287295.0,12.0,8.0,10000.0
PB3_dpesc_v4_s3,torus3d_tornado,0.35,4,10000,0,112000.0,111703.0,111591.0,0.9973482142857143,0.9989973411636214,0.1743609375,2.00017,9.36019,11.360361,3.000072,0.0,0.0,0.0,334947.0,29.0,21.0,10000.0
PB3_dpesc_v4_s3,torus3d_tornado,0.4,4,10000,0,128000.0,127637.0,127504.0,0.9971640625,0.9989579824032216,0.199225,2.000455,9.425344,11.425798,3.000188,0.0,0.0,0.0,382695.0,84.0,60.0,10000.0
PB3_dpesc_v4_s3,torus3d_tornado,0.45,4,10000,0,144000.0,143553.0,143404.0,0.9968958333333333,0.9989620558260712,0.22406875,2.000816,9.497852,11.498668,3.000502,0.0,0.0,0.0,430339.0,216.0,144.0,10000.0
PB3_dpesc_v4_s3,torus3d_tornado,0.5,4,10000,0,160000.0,159452.0,159289.0,0.996575,0.9989777487896044,0.2488890625,2.001287,9.565431,11.566718,3.000741,0.0,0.0,0.0,477902.0,378.0,260.0,10000.0
PB3_dpesc_v4_s3,torus3d_tornado,0.55,4,10000,0,176000.0,175634.0,175453.0,0.9979204545454545,0.9989694478290081,0.2741453125,2.002787,9.647113,11.649901,3.001288,0.0,0.0,0.0,526218.0,693.0,466.0,10000.0
PB3_dpesc_v4_s3,torus3d_tornado,0.6,4,10000,0,192000.0,191507.0,191311.0,0.9974322916666667,0.9989765387166004,0.2989234375,2.003957,9.723382,11.727339,3.00185,0.0,0.0,0.0,573447.0,1192.0,837.0,10000.0
PB3_dpesc_v4_s3,torus3d_tornado,0.65,4,10000,0,208000.0,207649.0,207441.0,0.9983125,0.9989983096475302,0.3241265625,2.007337,9.821294,11.828631,3.003635,0.0,0.0,0.0,621109.0,2344.0,1584.0,10000.0
PB3_dpesc_v4_s3,torus3d_tornado,0.7,4,10000,0,224000.0,223725.0,223487.0,0.9987723214285714,0.9989361939881551,0.3491984375,2.010654,9.918121,11.928774,3.005235,0.0,0.0,0.0,668372.0,3703.0,2514.0,10000.0
PB3_dpesc_v4_s3,torus3d_tornado,0.75,4,10000,0,240000.0,239664.0,239404.0,0.9986,0.9989151478736898,0.37406875,2.017974,10.030033,12.048007,3.008204,0.0,0.0,0.0,714553.0,6101.0,4099.0,10000.0
PB3_dpesc_v4_s3,torus3d_tornado,0.8,4,10000,0,256000.0,255851.0,255569.0,0.99941796875,0.9988977959828181,0.3993265625,2.027245,10.152702,12.179947,3.011285,0.0,0.0,0.0,760928.0,9186.0,6204.0,10000.0
PB3_dpesc_v4_s3,torus3d_tornado,0.85,4,10000,0,272000.0,271673.0,271374.0,0.998797794117647,0.9988994121609435,0.424021875,2.044492,10.292637,12.337129,3.01712,0.0,0.0,0.0,804781.0,14539.0,9671.0,10000.0
PB3_dpesc_v4_s3,torus3d_tornado,0.9,4,10000,0,288000.0,287669.0,287348.0,0.9988506944444444,0.9988841341958987,0.44898125,2.073026,10.460463,12.533489,3.024222,0.0,0.0,0.0,848036.0,21555.0,14195.0,10000.0
PB3_dpesc_v4_s3,torus3d_tornado,0.95,4,10000,0,304000.0,303818.0,303479.0,0.9994013157894737,0.9988842004094557,0.4741859375,2.12421,10.650681,12.774891,3.033966,0.0,0.0,0.0,889526.0,31820.0,20617.0,10000.0
PB3_dpesc_v4_s3,torus3d_tornado,1.0,4,10000,0,320000.0,319598.0,319231.0,0.99874375,0.9988516824260477,0.4987984375,2.249694,10.906456,13.15615,3.047533,0.0,0.0,0.0,926834.0,46698.0,29824.0,10000.0
PB4_dpesc_v4_s4,torus3d_tornado,0.05,4,10000,0,16000.0,15968.0,15949.0,0.998,0.998810120240481,0.0249203125,2.0,9.04157,11.04157,3.0,0.0,0.0,0.0,47880.0,0.0,0.0,10000.0
PB4_dpesc_v4_s4,torus3d_tornado,0.1,4,10000,0,32000.0,31948.0,31904.0,0.998375,0.9986227619882309,0.04985,2.0,9.094471,11.094471,3.0,0.0,0.0,0.0,95794.0,0.0,0.0,10000.0
PB4_dpesc_v4_s4,torus3d_tornado,0.15,4,10000,0,48000.0,47760.0,47701.0,0.995,0.9987646566164154,0.0745328125,2.0,9.138551,11.138551,3.0,0.0,0.0,0.0,143215.0,0.0,0.0,10000.0
PB4_dpesc_v4_s4,torus3d_tornado,0.2,4,10000,0,64000.0,63806.0,63730.0,0.99696875,0.9988088894461336,0.099578125,2.000031,9.193159,11.19319,3.0,0.0,0.0,0.0,191327.0,0.0,0.0,10000.0
PB4_dpesc_v4_s4,torus3d_tornado,0.25,4,10000,0,80000.0,79713.0,79623.0,0.9964125,0.9988709495314441,0.1244109375,2.000025,9.242819,11.242844,3.0,0.0,0.0,0.0,239033.0,1.0,1.0,10000.0
PB4_dpesc_v4_s4,torus3d_tornado,0.3,4,10000,0,96000.0,95810.0,95708.0,0.9980208333333334,0.9989353929652437,0.14954375,2.000073,9.298857,11.29893,3.000042,0.0,0.0,0.0,287295.0,12.0,8.0,10000.0
PB4_dpesc_v4_s4,torus3d_tornado,0.35,4,10000,0,112000.0,111703.0,111591.0,0.9973482142857143,0.9989973411636214,0.1743609375,2.00017,9.36019,11.360361,3.000072,0.0,0.0,0.0,334947.0,29.0,21.0,10000.0
PB4_dpesc_v4_s4,torus3d_tornado,0.4,4,10000,0,128000.0,127637.0,127504.0,0.9971640625,0.9989579824032216,0.199225,2.000455,9.425344,11.425798,3.000188,0.0,0.0,0.0,382695.0,84.0,60.0,10000.0
PB4_dpesc_v4_s4,torus3d_tornado,0.45,4,10000,0,144000.0,143553.0,143404.0,0.9968958333333333,0.9989620558260712,0.22406875,2.000816,9.497852,11.498668,3.000502,0.0,0.0,0.0,430339.0,216.0,144.0,10000.0
PB4_dpesc_v4_s4,torus3d_tornado,0.5,4,10000,0,160000.0,159452.0,159289.0,0.996575,0.9989777487896044,0.2488890625,2.001287,9.565431,11.566718,3.000741,0.0,0.0,0.0,477902.0,378.0,260.0,10000.0
PB4_dpesc_v4_s4,torus3d_tornado,0.55,4,10000,0,176000.0,175634.0,175453.0,0.9979204545454545,0.9989694478290081,0.2741453125,2.002787,9.647113,11.649901,3.001288,0.0,0.0,0.0,526218.0,693.0,466.0,10000.0
PB4_dpesc_v4_s4,torus3d_tornado,0.6,4,10000,0,192000.0,191507.0,191311.0,0.9974322916666667,0.9989765387166004,0.2989234375,2.003957,9.723382,11.727339,3.00185,0.0,0.0,0.0,573447.0,1192.0,837.0,10000.0
PB4_dpesc_v4_s4,torus3d_tornado,0.65,4,10000,0,208000.0,207649.0,207441.0,0.9983125,0.9989983096475302,0.3241265625,2.007337,9.821294,11.828631,3.003635,0.0,0.0,0.0,621109.0,2344.0,1584.0,10000.0
PB4_dpesc_v4_s4,torus3d_tornado,0.7,4,10000,0,224000.0,223725.0,223487.0,0.9987723214285714,0.9989361939881551,0.3491984375,2.010654,9.918121,11.928774,3.005235,0.0,0.0,0.0,668372.0,3703.0,2514.0,10000.0
PB4_dpesc_v4_s4,torus3d_tornado,0.75,4,10000,0,240000.0,239664.0,239404.0,0.9986,0.9989151478736898,0.37406875,2.017974,10.030033,12.048007,3.008204,0.0,0.0,0.0,714553.0,6101.0,4099.0,10000.0
PB4_dpesc_v4_s4,torus3d_tornado,0.8,4,10000,0,256000.0,255851.0,255569.0,0.99941796875,0.9988977959828181,0.3993265625,2.027245,10.152702,12.179947,3.011285,0.0,0.0,0.0,760928.0,9186.0,6204.0,10000.0
PB4_dpesc_v4_s4,torus3d_tornado,0.85,4,10000,0,272000.0,271673.0,271374.0,0.998797794117647,0.9988994121609435,0.424021875,2.044492,10.292637,12.337129,3.01712,0.0,0.0,0.0,804781.0,14539.0,9671.0,10000.0
PB4_dpesc_v4_s4,torus3d_tornado,0.9,4,10000,0,288000.0,287669.0,287348.0,0.9988506944444444,0.9988841341958987,0.44898125,2.073026,10.460463,12.533489,3.024222,0.0,0.0,0.0,848036.0,21555.0,14195.0,10000.0
PB4_dpesc_v4_s4,torus3d_tornado,0.95,4,10000,0,304000.0,303818.0,303479.0,0.9994013157894737,0.9988842004094557,0.4741859375,2.12421,10.650681,12.774891,3.033966,0.0,0.0,0.0,889526.0,31820.0,20617.0,10000.0
PB4_dpesc_v4_s4,torus3d_tornado,1.0,4,10000,0,320000.0,319598.0,319231.0,0.99874375,0.9988516824260477,0.4987984375,2.249694,10.906456,13.15615,3.047533,0.0,0.0,0.0,926834.0,46698.0,29824.0,10000.0
PB5_dpesc_v4_s5,torus3d_tornado,0.05,4,10000,0,16000.0,15968.0,15949.0,0.998,0.998810120240481,0.0249203125,2.0,9.04157,11.04157,3.0,0.0,0.0,0.0,47880.0,0.0,0.0,10000.0
PB5_dpesc_v4_s5,torus3d_tornado,0.1,4,10000,0,32000.0,31948.0,31904.0,0.998375,0.9986227619882309,0.04985,2.0,9.094471,11.094471,3.0,0.0,0.0,0.0,95794.0,0.0,0.0,10000.0
PB5_dpesc_v4_s5,torus3d_tornado,0.15,4,10000,0,48000.0,47760.0,47701.0,0.995,0.9987646566164154,0.0745328125,2.0,9.138551,11.138551,3.0,0.0,0.0,0.0,143215.0,0.0,0.0,10000.0
PB5_dpesc_v4_s5,torus3d_tornado,0.2,4,10000,0,64000.0,63806.0,63730.0,0.99696875,0.9988088894461336,0.099578125,2.000031,9.193159,11.19319,3.0,0.0,0.0,0.0,191327.0,0.0,0.0,10000.0
PB5_dpesc_v4_s5,torus3d_tornado,0.25,4,10000,0,80000.0,79713.0,79623.0,0.9964125,0.9988709495314441,0.1244109375,2.000025,9.242819,11.242844,3.0,0.0,0.0,0.0,239033.0,1.0,1.0,10000.0
PB5_dpesc_v4_s5,torus3d_tornado,0.3,4,10000,0,96000.0,95810.0,95708.0,0.9980208333333334,0.9989353929652437,0.14954375,2.000073,9.298857,11.29893,3.000042,0.0,0.0,0.0,287295.0,12.0,8.0,10000.0
PB5_dpesc_v4_s5,torus3d_tornado,0.35,4,10000,0,112000.0,111703.0,111591.0,0.9973482142857143,0.9989973411636214,0.1743609375,2.00017,9.36019,11.360361,3.000072,0.0,0.0,0.0,334947.0,29.0,21.0,10000.0
PB5_dpesc_v4_s5,torus3d_tornado,0.4,4,10000,0,128000.0,127637.0,127504.0,0.9971640625,0.9989579824032216,0.199225,2.000455,9.425344,11.425798,3.000188,0.0,0.0,0.0,382695.0,84.0,60.0,10000.0
PB5_dpesc_v4_s5,torus3d_tornado,0.45,4,10000,0,144000.0,143553.0,143404.0,0.9968958333333333,0.9989620558260712,0.22406875,2.000816,9.497852,11.498668,3.000502,0.0,0.0,0.0,430339.0,216.0,144.0,10000.0
PB5_dpesc_v4_s5,torus3d_tornado,0.5,4,10000,0,160000.0,159452.0,159289.0,0.996575,0.9989777487896044,0.2488890625,2.001287,9.565431,11.566718,3.000741,0.0,0.0,0.0,477902.0,378.0,260.0,10000.0
PB5_dpesc_v4_s5,torus3d_tornado,0.55,4,10000,0,176000.0,175634.0,175453.0,0.9979204545454545,0.9989694478290081,0.2741453125,2.002787,9.647113,11.649901,3.001288,0.0,0.0,0.0,526218.0,693.0,466.0,10000.0
PB5_dpesc_v4_s5,torus3d_tornado,0.6,4,10000,0,192000.0,191507.0,191311.0,0.9974322916666667,0.9989765387166004,0.2989234375,2.003957,9.723382,11.727339,3.00185,0.0,0.0,0.0,573447.0,1192.0,837.0,10000.0
PB5_dpesc_v4_s5,torus3d_tornado,0.65,4,10000,0,208000.0,207649.0,207441.0,0.9983125,0.9989983096475302,0.3241265625,2.007337,9.821294,11.828631,3.003635,0.0,0.0,0.0,621109.0,2344.0,1584.0,10000.0
PB5_dpesc_v4_s5,torus3d_tornado,0.7,4,10000,0,224000.0,223725.0,223487.0,0.9987723214285714,0.9989361939881551,0.3491984375,2.010654,9.918121,11.928774,3.005235,0.0,0.0,0.0,668372.0,3703.0,2514.0,10000.0
PB5_dpesc_v4_s5,torus3d_tornado,0.75,4,10000,0,240000.0,239664.0,239404.0,0.9986,0.9989151478736898,0.37406875,2.017974,10.030033,12.048007,3.008204,0.0,0.0,0.0,714553.0,6101.0,4099.0,10000.0
PB5_dpesc_v4_s5,torus3d_tornado,0.8,4,10000,0,256000.0,255851.0,255569.0,0.99941796875,0.9988977959828181,0.3993265625,2.027245,10.152702,12.179947,3.011285,0.0,0.0,0.0,760928.0,9186.0,6204.0,10000.0
PB5_dpesc_v4_s5,torus3d_tornado,0.85,4,10000,0,272000.0,271673.0,271374.0,0.998797794117647,0.9988994121609435,0.424021875,2.044492,10.292637,12.337129,3.01712,0.0,0.0,0.0,804781.0,14539.0,9671.0,10000.0
PB5_dpesc_v4_s5,torus3d_tornado,0.9,4,10000,0,288000.0,287669.0,287348.0,0.9988506944444444,0.9988841341958987,0.44898125,2.073026,10.460463,12.533489,3.024222,0.0,0.0,0.0,848036.0,21555.0,14195.0,10000.0
PB5_dpesc_v4_s5,torus3d_tornado,0.95,4,10000,0,304000.0,303818.0,303479.0,0.9994013157894737,0.9988842004094557,0.4741859375,2.12421,10.650681,12.774891,3.033966,0.0,0.0,0.0,889526.0,31820.0,20617.0,10000.0
PB5_dpesc_v4_s5,torus3d_tornado,1.0,4,10000,0,320000.0,319598.0,319231.0,0.99874375,0.9988516824260477,0.4987984375,2.249694,10.906456,13.15615,3.047533,0.0,0.0,0.0,926834.0,46698.0,29824.0,10000.0
PB6_dpesc_v4_s6,torus3d_tornado,0.05,4,10000,0,16000.0,15968.0,15949.0,0.998,0.998810120240481,0.0249203125,2.0,9.04157,11.04157,3.0,0.0,0.0,0.0,47880.0,0.0,0.0,10000.0
PB6_dpesc_v4_s6,torus3d_tornado,0.1,4,10000,0,32000.0,31948.0,31904.0,0.998375,0.9986227619882309,0.04985,2.0,9.094471,11.094471,3.0,0.0,0.0,0.0,95794.0,0.0,0.0,10000.0
PB6_dpesc_v4_s6,torus3d_tornado,0.15,4,10000,0,48000.0,47760.0,47701.0,0.995,0.9987646566164154,0.0745328125,2.0,9.138551,11.138551,3.0,0.0,0.0,0.0,143215.0,0.0,0.0,10000.0
PB6_dpesc_v4_s6,torus3d_tornado,0.2,4,10000,0,64000.0,63806.0,63730.0,0.99696875,0.9988088894461336,0.099578125,2.000031,9.193159,11.19319,3.0,0.0,0.0,0.0,191327.0,0.0,0.0,10000.0
PB6_dpesc_v4_s6,torus3d_tornado,0.25,4,10000,0,80000.0,79713.0,79623.0,0.9964125,0.9988709495314441,0.1244109375,2.000025,9.242819,11.242844,3.0,0.0,0.0,0.0,239033.0,1.0,1.0,10000.0
PB6_dpesc_v4_s6,torus3d_tornado,0.3,4,10000,0,96000.0,95810.0,95708.0,0.9980208333333334,0.9989353929652437,0.14954375,2.000073,9.298857,11.29893,3.000042,0.0,0.0,0.0,287295.0,12.0,8.0,10000.0
PB6_dpesc_v4_s6,torus3d_tornado,0.35,4,10000,0,112000.0,111703.0,111591.0,0.9973482142857143,0.9989973411636214,0.1743609375,2.00017,9.36019,11.360361,3.000072,0.0,0.0,0.0,334947.0,29.0,21.0,10000.0
PB6_dpesc_v4_s6,torus3d_tornado,0.4,4,10000,0,128000.0,127637.0,127504.0,0.9971640625,0.9989579824032216,0.199225,2.000455,9.425344,11.425798,3.000188,0.0,0.0,0.0,382695.0,84.0,60.0,10000.0
PB6_dpesc_v4_s6,torus3d_tornado,0.45,4,10000,0,144000.0,143553.0,143404.0,0.9968958333333333,0.9989620558260712,0.22406875,2.000816,9.497852,11.498668,3.000502,0.0,0.0,0.0,430339.0,216.0,144.0,10000.0
PB6_dpesc_v4_s6,torus3d_tornado,0.5,4,10000,0,160000.0,159452.0,159289.0,0.996575,0.9989777487896044,0.2488890625,2.001287,9.565431,11.566718,3.000741,0.0,0.0,0.0,477902.0,378.0,260.0,10000.0
PB6_dpesc_v4_s6,torus3d_tornado,0.55,4,10000,0,176000.0,175634.0,175453.0,0.9979204545454545,0.9989694478290081,0.2741453125,2.002787,9.647113,11.649901,3.001288,0.0,0.0,0.0,526218.0,693.0,466.0,10000.0
PB6_dpesc_v4_s6,torus3d_tornado,0.6,4,10000,0,192000.0,191507.0,191311.0,0.9974322916666667,0.9989765387166004,0.2989234375,2.003957,9.723382,11.727339,3.00185,0.0,0.0,0.0,573447.0,1192.0,837.0,10000.0
PB6_dpesc_v4_s6,torus3d_tornado,0.65,4,10000,0,208000.0,207649.0,207441.0,0.9983125,0.9989983096475302,0.3241265625,2.007337,9.821294,11.828631,3.003635,0.0,0.0,0.0,621109.0,2344.0,1584.0,10000.0
PB6_dpesc_v4_s6,torus3d_tornado,0.7,4,10000,0,224000.0,223725.0,223487.0,0.9987723214285714,0.9989361939881551,0.3491984375,2.010654,9.918121,11.928774,3.005235,0.0,0.0,0.0,668372.0,3703.0,2514.0,10000.0
PB6_dpesc_v4_s6,torus3d_tornado,0.75,4,10000,0,240000.0,239664.0,239404.0,0.9986,0.9989151478736898,0.37406875,2.017974,10.030033,12.048007,3.008204,0.0,0.0,0.0,714553.0,6101.0,4099.0,10000.0
PB6_dpesc_v4_s6,torus3d_tornado,0.8,4,10000,0,256000.0,255851.0,255569.0,0.99941796875,0.9988977959828181,0.3993265625,2.027245,10.152702,12.179947,3.011285,0.0,0.0,0.0,760928.0,9186.0,6204.0,10000.0
PB6_dpesc_v4_s6,torus3d_tornado,0.85,4,10000,0,272000.0,271673.0,271374.0,0.998797794117647,0.9988994121609435,0.424021875,2.044492,10.292637,12.337129,3.01712,0.0,0.0,0.0,804781.0,14539.0,9671.0,10000.0
PB6_dpesc_v4_s6,torus3d_tornado,0.9,4,10000,0,288000.0,287669.0,287348.0,0.9988506944444444,0.9988841341958987,0.44898125,2.073026,10.460463,12.533489,3.024222,0.0,0.0,0.0,848036.0,21555.0,14195.0,10000.0
PB6_dpesc_v4_s6,torus3d_tornado,0.95,4,10000,0,304000.0,303818.0,303479.0,0.9994013157894737,0.9988842004094557,0.4741859375,2.12421,10.650681,12.774891,3.033966,0.0,0.0,0.0,889526.0,31820.0,20617.0,10000.0
PB6_dpesc_v4_s6,torus3d_tornado,1.0,4,10000,0,320000.0,319598.0,319231.0,0.99874375,0.9988516824260477,0.4987984375,2.249694,10.906456,13.15615,3.047533,0.0,0.0,0.0,926834.0,46698.0,29824.0,10000.0
PC0_esc_v3,torus3d_tornado,0.05,3,10000,0,16000.0,15968.0,15949.0,0.998,0.998810120240481,0.0249203125,2.003072,9.045959,11.049031,3.000125,0.0,0.0,0.0,0.0,4.0,2.0,10000.0
PC0_esc_v3,torus3d_tornado,0.1,3,10000,0,32000.0,31948.0,31904.0,0.998375,0.9986227619882309,0.04985,2.010908,9.090616,11.101523,3.000251,0.0,0.0,0.0,0.0,31.0,22.0,10000.0
PC0_esc_v3,torus3d_tornado,0.15,3,10000,0,48000.0,47760.0,47701.0,0.995,0.9987646566164154,0.0745328125,2.025282,9.137523,11.162806,3.00088,0.0,0.0,0.0,0.0,146.0,104.0,10000.0
PC0_esc_v3,torus3d_tornado,0.2,3,10000,0,64000.0,63804.0,63730.0,0.9969375,0.9988401981067018,0.099578125,2.047105,9.185454,11.232559,3.00226,0.0,0.0,0.0,0.0,451.0,305.0,10000.0
PC0_esc_v3,torus3d_tornado,0.25,3,10000,0,80000.0,79712.0,79623.0,0.9964,0.9988834805299077,0.1244109375,2.074526,9.233689,11.308215,3.00422,0.0,0.0,0.0,0.0,1038.0,693.0,10000.0
PC0_esc_v3,torus3d_tornado,0.3,3,10000,0,96000.0,95809.0,95708.0,0.9980104166666667,0.9989458192862883,0.14954375,2.110973,9.285284,11.396257,3.007168,0.0,0.0,0.0,0.0,2145.0,1442.0,10000.0
PC0_esc_v3,torus3d_tornado,0.35,3,10000,0,112000.0,111701.0,111590.0,0.9973303571428571,0.9990062756824021,0.174359375,2.160507,9.345434,11.505941,3.012152,0.0,0.0,0.0,0.0,4185.0,2761.0,10000.0
PC0_esc_v3,torus3d_tornado,0.4,3,10000,0,128000.0,127635.0,127500.0,0.9971484375,0.9989422963920555,0.19921875,2.228188,9.410243,11.638431,3.019247,0.0,0.0,0.0,0.0,7549.0,4930.0,10000.0
PC0_esc_v3,torus3d_tornado,0.45,3,10000,0,144000.0,143549.0,143402.0,0.9968680555555556,0.9989759594284878,0.224065625,2.321425,9.48546,11.806886,3.028256,0.0,0.0,0.0,0.0,12314.0,7872.0,10000.0
PC0_esc_v3,torus3d_tornado,0.5,3,10000,0,160000.0,159447.0,159283.0,0.99654375,0.9989714450569782,0.2488796875,2.455033,9.568642,12.023675,3.039439,0.0,0.0,0.0,0.0,19152.0,12183.0,10000.0
PC0_esc_v3,torus3d_tornado,0.55,3,10000,0,176000.0,175628.0,175439.0,0.9978863636363636,0.998923861798802,0.2741234375,2.657613,9.667828,12.325441,3.055415,0.0,0.0,0.0,0.0,29284.0,18184.0,10000.0
PC0_esc_v3,torus3d_tornado,0.6,3,10000,0,192000.0,191489.0,191288.0,0.9973385416666667,0.9989503313506258,0.2988875,2.98634,9.774722,12.761062,3.07162,0.0,0.0,0.0,0.0,41819.0,25704.0,10000.0
PC0_esc_v3,torus3d_tornado,0.65,3,10000,0,208000.0,207625.0,207413.0,0.9981971153846154,0.9989789283564118,0.3240828125,3.640307,9.916148,13.556455,3.093157,0.0,0.0,0.0,0.0,58467.0,35009.0,10000.0
PC0_esc_v3,torus3d_tornado,0.7,3,10000,0,224000.0,223645.0,223395.0,0.9984151785714286,0.9988821569898724,0.3490546875,5.351906,10.085118,15.437024,3.114935,0.0,0.0,0.0,0.0,78328.0,46014.0,10000.0
PC0_esc_v3,torus3d_tornado,0.75,3,10000,0,240000.0,239256.0,238979.0,0.9969,0.9988422442906343,0.3734046875,17.501998,10.292729,27.794727,3.141845,0.0,0.0,0.0,0.0,102817.0,58986.0,10000.0
PC0_esc_v3,torus3d_tornado,0.8,3,10000,0,256000.0,243909.0,243625.0,0.95276953125,0.9988356313215174,0.3806640625,236.334613,10.373102,246.707715,3.151298,0.0,0.0,0.0,0.0,111288.0,63393.0,10000.0
PC0_esc_v3,torus3d_tornado,0.85,3,10000,0,272000.0,243998.0,243721.0,0.8970514705882353,0.9988647447929901,0.3808140625,510.330238,10.364663,520.694901,3.148678,0.0,0.0,0.0,0.0,110554.0,63021.0,10000.0
PC0_esc_v3,torus3d_tornado,0.9,3,10000,0,288000.0,244136.0,243852.0,0.8476944444444444,0.9988367139627093,0.38101875,756.809569,10.361502,767.171071,3.150165,0.0,0.0,0.0,0.0,110988.0,63095.0,10000.0
PC0_esc_v3,torus3d_tornado,0.95,3,10000,0,304000.0,244039.0,243761.0,0.8027598684210526,0.9988608378169063,0.3808765625,983.544443,10.369235,993.913678,3.150812,0.0,0.0,0.0,0.0,111365.0,63273.0,10000.0
PC0_esc_v3,torus3d_tornado,1.0,3,10000,0,320000.0,244037.0,243758.0,0.762615625,0.9988567307416498,0.380871875,1183.497145,10.363709,1193.860854,3.149755,0.0,0.0,0.0,0.0,110872.0,63035.0,10000.0
PC1_dpesc_v3_s1,torus3d_tornado,0.05,3,10000,0,16000.0,15968.0,15949.0,0.998,0.998810120240481,0.0249203125,2.003072,9.106464,11.109537,3.02809,0.0,0.0,0.0,46944.0,1384.0,870.0,10000.0
PC1_dpesc_v3_s1,torus3d_tornado,0.1,3,10000,0,32000.0,31948.0,31903.0,0.998375,0.9985914611243271,0.0498484375,2.010939,9.215215,11.226154,3.061374,0.0,0.0,0.0,91746.0,6008.0,3604.0,10000.0
PC1_dpesc_v3_s1,torus3d_tornado,0.15,3,10000,0,48000.0,47760.0,47701.0,0.995,0.9987646566164154,0.0745328125,2.02501,9.369783,11.394793,3.10788,0.0,0.0,0.0,132765.0,15597.0,8723.0,10000.0
PC1_dpesc_v3_s1,torus3d_tornado,0.2,3,10000,0,64000.0,63805.0,63729.0,0.996953125,0.9988088707781522,0.0995765625,2.047655,9.53467,11.582325,3.154247,0.0,0.0,0.0,171128.0,30031.0,15857.0,10000.0
PC1_dpesc_v3_s1,torus3d_tornado,0.25,3,10000,0,80000.0,79712.0,79619.0,0.9964,0.9988332998795665,0.1244046875,2.074618,9.730918,11.805536,3.209096,0.0,0.0,0.0,205369.0,50321.0,25074.0,10000.0
PC1_dpesc_v3_s1,torus3d_tornado,0.3,3,10000,0,96000.0,95809.0,95703.0,0.9980104166666667,0.9988936321222432,0.1495359375,2.112797,9.974745,12.087542,3.265885,0.0,0.0,0.0,235862.0,76894.0,36505.0,10000.0
PC1_dpesc_v3_s1,torus3d_tornado,0.35,3,10000,0,112000.0,111700.0,111577.0,0.9973214285714286,0.998898836168308,0.1743390625,2.162892,10.251638,12.41453,3.320891,0.0,0.0,0.0,262856.0,107926.0,49096.0,10000.0
PC1_dpesc_v3_s1,torus3d_tornado,0.4,3,10000,0,128000.0,127632.0,127480.0,0.997125,0.9988090760937696,0.1991875,2.234719,10.603397,12.838116,3.376232,0.0,0.0,0.0,285836.0,144895.0,63465.0,10000.0
PC1_dpesc_v3_s1,torus3d_tornado,0.45,3,10000,0,144000.0,143550.0,143375.0,0.996875,0.998780912574016,0.2240234375,2.340457,11.042922,13.383379,3.43094,0.0,0.0,0.0,305965.0,186326.0,78516.0,10000.0
PC1_dpesc_v3_s1,torus3d_tornado,0.5,3,10000,0,160000.0,159446.0,159245.0,0.9965375,0.9987393851209814,0.2488203125,2.504487,11.643662,14.148149,3.481886,0.0,0.0,0.0,323207.0,231698.0,94400.0,10000.0
PC1_dpesc_v3_s1,torus3d_tornado,0.55,3,10000,0,176000.0,175622.0,175390.0,0.9978522727272727,0.9986789809932697,0.274046875,2.825594,12.584629,15.410223,3.538754,0.0,0.0,0.0,337816.0,283372.0,110742.0,10000.0
PC1_dpesc_v3_s1,torus3d_tornado,0.6,3,10000,0,192000.0,191465.0,191165.0,0.9972135416666666,0.998433133993158,0.2986953125,4.581189,14.708843,19.290032,3.603039,0.0,0.0,0.0,345766.0,343669.0,128957.0,10000.0
PC1_dpesc_v3_s1,torus3d_tornado,0.65,3,10000,0,208000.0,190441.0,190034.0,0.9155817307692308,0.9978628551624913,0.296928125,397.296794,19.912642,417.209436,3.702611,0.0,0.0,0.0,313549.0,390945.0,141540.0,10000.0
PC1_dpesc_v3_s1,torus3d_tornado,0.7,3,10000,0,224000.0,190114.0,189712.0,0.8487232142857143,0.9978854792387726,0.296425,732.360051,20.004291,752.364342,3.704141,0.0,0.0,0.0,312488.0,391106.0,141662.0,10000.0
PC1_dpesc_v3_s1,torus3d_tornado,0.75,3,10000,0,240000.0,190200.0,189808.0,0.7925,0.9979390115667718,0.296575,1018.987993,20.043786,1039.031779,3.707441,0.0,0.0,0.0,312202.0,392356.0,141878.0,10000.0
PC1_dpesc_v3_s1,torus3d_tornado,0.8,3,10000,0,256000.0,190449.0,190067.0,0.74394140625,0.997994213674002,0.2969796875,1258.694303,19.992918,1278.687221,3.705572,0.0,0.0,0.0,312803.0,392336.0,142122.0,10000.0
PC1_dpesc_v3_s1,torus3d_tornado,0.85,3,10000,0,272000.0,190079.0,189676.0,0.6988198529411764,0.9978798289132413,0.29636875,1487.226455,20.063656,1507.290111,3.705835,0.0,0.0,0.0,312117.0,391693.0,141885.0,10000.0
PC1_dpesc_v3_s1,torus3d_tornado,0.9,3,10000,0,288000.0,190457.0,190055.0,0.6613090277777778,0.9978892873457,0.2969609375,1667.189471,20.003994,1687.193465,3.704901,0.0,0.0,0.0,313097.0,391919.0,141945.0,10000.0
PC1_dpesc_v3_s1,torus3d_tornado,0.95,3,10000,0,304000.0,190317.0,189924.0,0.6260427631578948,0.9979350241964722,0.29675625,1852.112945,20.006897,1872.119843,3.705756,0.0,0.0,0.0,312823.0,391829.0,142020.0,10000.0
PC1_dpesc_v3_s1,torus3d_tornado,1.0,3,10000,0,320000.0,190209.0,189805.0,0.594403125,0.9978760205878796,0.2965703125,2009.054714,20.056542,2029.111256,3.707842,0.0,0.0,0.0,312004.0,392643.0,142081.0,10000.0
PC2_dpesc_v3_s2,torus3d_tornado,0.05,3,10000,0,16000.0,15968.0,15949.0,0.998,0.998810120240481,0.0249203125,2.003072,9.045959,11.049031,3.000125,0.0,0.0,0.0,47878.0,4.0,2.0,10000.0
PC2_dpesc_v3_s2,torus3d_tornado,0.1,3,10000,0,32000.0,31948.0,31904.0,0.998375,0.9986227619882309,0.04985,2.010908,9.090616,11.101523,3.000251,0.0,0.0,0.0,95771.0,31.0,22.0,10000.0
PC2_dpesc_v3_s2,torus3d_tornado,0.15,3,10000,0,48000.0,47760.0,47701.0,0.995,0.9987646566164154,0.0745328125,2.025282,9.137523,11.162806,3.00088,0.0,0.0,0.0,143111.0,146.0,104.0,10000.0
PC2_dpesc_v3_s2,torus3d_tornado,0.2,3,10000,0,64000.0,63804.0,63730.0,0.9969375,0.9988401981067018,0.099578125,2.047105,9.185454,11.232559,3.00226,0.0,0.0,0.0,191019.0,451.0,305.0,10000.0
PC2_dpesc_v3_s2,torus3d_tornado,0.25,3,10000,0,80000.0,79712.0,79623.0,0.9964,0.9988834805299077,0.1244109375,2.074526,9.233689,11.308215,3.00422,0.0,0.0,0.0,238330.0,1038.0,693.0,10000.0
PC2_dpesc_v3_s2,torus3d_tornado,0.3,3,10000,0,96000.0,95809.0,95708.0,0.9980104166666667,0.9989458192862883,0.14954375,2.110973,9.285284,11.396257,3.007168,0.0,0.0,0.0,285842.0,2145.0,1442.0,10000.0
PC2_dpesc_v3_s2,torus3d_tornado,0.35,3,10000,0,112000.0,111701.0,111590.0,0.9973303571428571,0.9990062756824021,0.174359375,2.160507,9.345434,11.505941,3.012152,0.0,0.0,0.0,332138.0,4185.0,2761.0,10000.0
PC2_dpesc_v3_s2,torus3d_tornado,0.4,3,10000,0,128000.0,127635.0,127500.0,0.9971484375,0.9989422963920555,0.19921875,2.228188,9.410243,11.638431,3.019247,0.0,0.0,0.0,377654.0,7549.0,4930.0,10000.0
PC2_dpesc_v3_s2,torus3d_tornado,0.45,3,10000,0,144000.0,143549.0,143402.0,0.9968680555555556,0.9989759594284878,0.224065625,2.321425,9.48546,11.806886,3.028256,0.0,0.0,0.0,422211.0,12314.0,7872.0,10000.0
PC2_dpesc_v3_s2,torus3d_tornado,0.5,3,10000,0,160000.0,159447.0,159283.0,0.99654375,0.9989714450569782,0.2488796875,2.455033,9.568642,12.023675,3.039439,0.0,0.0,0.0,465279.0,19152.0,12183.0,10000.0
PC2_dpesc_v3_s2,torus3d_tornado,0.55,3,10000,0,176000.0,175628.0,175439.0,0.9978863636363636,0.998923861798802,0.2741234375,2.657613,9.667828,12.325441,3.055415,0.0,0.0,0.0,507101.0,29284.0,18184.0,10000.0
PC2_dpesc_v3_s2,torus3d_tornado,0.6,3,10000,0,192000.0,191489.0,191288.0,0.9973385416666667,0.9989503313506258,0.2988875,2.98634,9.774722,12.761062,3.07162,0.0,0.0,0.0,546110.0,41819.0,25704.0,10000.0
PC2_dpesc_v3_s2,torus3d_tornado,0.65,3,10000,0,208000.0,207625.0,207413.0,0.9981971153846154,0.9989789283564118,0.3240828125,3.640307,9.916148,13.556455,3.093157,0.0,0.0,0.0,583474.0,58467.0,35009.0,10000.0
PC2_dpesc_v3_s2,torus3d_tornado,0.7,3,10000,0,224000.0,223645.0,223395.0,0.9984151785714286,0.9988821569898724,0.3490546875,5.351906,10.085118,15.437024,3.114935,0.0,0.0,0.0,618011.0,78328.0,46014.0,10000.0
PC2_dpesc_v3_s2,torus3d_tornado,0.75,3,10000,0,240000.0,239256.0,238979.0,0.9969,0.9988422442906343,0.3734046875,17.501998,10.292729,27.794727,3.141845,0.0,0.0,0.0,648557.0,102817.0,58986.0,10000.0
PC2_dpesc_v3_s2,torus3d_tornado,0.8,3,10000,0,256000.0,243909.0,243625.0,0.95276953125,0.9988356313215174,0.3806640625,236.334613,10.373102,246.707715,3.151298,0.0,0.0,0.0,657001.0,111288.0,63393.0,10000.0
PC2_dpesc_v3_s2,torus3d_tornado,0.85,3,10000,0,272000.0,243998.0,243721.0,0.8970514705882353,0.9988647447929901,0.3808140625,510.330238,10.364663,520.694901,3.148678,0.0,0.0,0.0,657360.0,110554.0,63021.0,10000.0
PC2_dpesc_v3_s2,torus3d_tornado,0.9,3,10000,0,288000.0,244136.0,243852.0,0.8476944444444444,0.9988367139627093,0.38101875,756.809569,10.361502,767.171071,3.150165,0.0,0.0,0.0,657730.0,110988.0,63095.0,10000.0
PC2_dpesc_v3_s2,torus3d_tornado,0.95,3,10000,0,304000.0,244039.0,243761.0,0.8027598684210526,0.9988608378169063,0.3808765625,983.544443,10.369235,993.913678,3.150812,0.0,0.0,0.0,657184.0,111365.0,63273.0,10000.0
PC2_dpesc_v3_s2,torus3d_tornado,1.0,3,10000,0,320000.0,244037.0,243758.0,0.762615625,0.9988567307416498,0.380871875,1183.497145,10.363709,1193.860854,3.149755,0.0,0.0,0.0,657442.0,110872.0,63035.0,10000.0
PC3_dpesc_v3_s3,torus3d_tornado,0.05,3,10000,0,16000.0,15968.0,15949.0,0.998,0.998810120240481,0.0249203125,2.003072,9.045959,11.049031,3.000125,0.0,0.0,0.0,47878.0,4.0,2.0,10000.0
PC3_dpesc_v3_s3,torus3d_tornado,0.1,3,10000,0,32000.0,31948.0,31904.0,0.998375,0.9986227619882309,0.04985,2.010908,9.090616,11.101523,3.000251,0.0,0.0,0.0,95771.0,31.0,22.0,10000.0
PC3_dpesc_v3_s3,torus3d_tornado,0.15,3,10000,0,48000.0,47760.0,47701.0,0.995,0.9987646566164154,0.0745328125,2.025282,9.137523,11.162806,3.00088,0.0,0.0,0.0,143111.0,146.0,104.0,10000.0
PC3_dpesc_v3_s3,torus3d_tornado,0.2,3,10000,0,64000.0,63804.0,63730.0,0.9969375,0.9988401981067018,0.099578125,2.047105,9.185454,11.232559,3.00226,0.0,0.0,0.0,191019.0,451.0,305.0,10000.0
PC3_dpesc_v3_s3,torus3d_tornado,0.25,3,10000,0,80000.0,79712.0,79623.0,0.9964,0.9988834805299077,0.1244109375,2.074526,9.233689,11.308215,3.00422,0.0,0.0,0.0,238330.0,1038.0,693.0,10000.0
PC3_dpesc_v3_s3,torus3d_tornado,0.3,3,10000,0,96000.0,95809.0,95708.0,0.9980104166666667,0.9989458192862883,0.14954375,2.110973,9.285284,11.396257,3.007168,0.0,0.0,0.0,285842.0,2145.0,1442.0,10000.0
PC3_dpesc_v3_s3,torus3d_tornado,0.35,3,10000,0,112000.0,111701.0,111590.0,0.9973303571428571,0.9990062756824021,0.174359375,2.160507,9.345434,11.505941,3.012152,0.0,0.0,0.0,332138.0,4185.0,2761.0,10000.0
PC3_dpesc_v3_s3,torus3d_tornado,0.4,3,10000,0,128000.0,127635.0,127500.0,0.9971484375,0.9989422963920555,0.19921875,2.228188,9.410243,11.638431,3.019247,0.0,0.0,0.0,377654.0,7549.0,4930.0,10000.0
PC3_dpesc_v3_s3,torus3d_tornado,0.45,3,10000,0,144000.0,143549.0,143402.0,0.9968680555555556,0.9989759594284878,0.224065625,2.321425,9.48546,11.806886,3.028256,0.0,0.0,0.0,422211.0,12314.0,7872.0,10000.0
PC3_dpesc_v3_s3,torus3d_tornado,0.5,3,10000,0,160000.0,159447.0,159283.0,0.99654375,0.9989714450569782,0.2488796875,2.455033,9.568642,12.023675,3.039439,0.0,0.0,0.0,465279.0,19152.0,12183.0,10000.0
PC3_dpesc_v3_s3,torus3d_tornado,0.55,3,10000,0,176000.0,175628.0,175439.0,0.9978863636363636,0.998923861798802,0.2741234375,2.657613,9.667828,12.325441,3.055415,0.0,0.0,0.0,507101.0,29284.0,18184.0,10000.0
PC3_dpesc_v3_s3,torus3d_tornado,0.6,3,10000,0,192000.0,191489.0,191288.0,0.9973385416666667,0.9989503313506258,0.2988875,2.98634,9.774722,12.761062,3.07162,0.0,0.0,0.0,546110.0,41819.0,25704.0,10000.0
PC3_dpesc_v3_s3,torus3d_tornado,0.65,3,10000,0,208000.0,207625.0,207413.0,0.9981971153846154,0.9989789283564118,0.3240828125,3.640307,9.916148,13.556455,3.093157,0.0,0.0,0.0,583474.0,58467.0,35009.0,10000.0
PC3_dpesc_v3_s3,torus3d_tornado,0.7,3,10000,0,224000.0,223645.0,223395.0,0.9984151785714286,0.9988821569898724,0.3490546875,5.351906,10.085118,15.437024,3.114935,0.0,0.0,0.0,618011.0,78328.0,46014.0,10000.0
PC3_dpesc_v3_s3,torus3d_tornado,0.75,3,10000,0,240000.0,239256.0,238979.0,0.9969,0.9988422442906343,0.3734046875,17.501998,10.292729,27.794727,3.141845,0.0,0.0,0.0,648557.0,102817.0,58986.0,10000.0
PC3_dpesc_v3_s3,torus3d_tornado,0.8,3,10000,0,256000.0,243909.0,243625.0,0.95276953125,0.9988356313215174,0.3806640625,236.334613,10.373102,246.707715,3.151298,0.0,0.0,0.0,657001.0,111288.0,63393.0,10000.0
PC3_dpesc_v3_s3,torus3d_tornado,0.85,3,10000,0,272000.0,243998.0,243721.0,0.8970514705882353,0.9988647447929901,0.3808140625,510.330238,10.364663,520.694901,3.148678,0.0,0.0,0.0,657360.0,110554.0,63021.0,10000.0
PC3_dpesc_v3_s3,torus3d_tornado,0.9,3,10000,0,288000.0,244136.0,243852.0,0.8476944444444444,0.9988367139627093,0.38101875,756.809569,10.361502,767.171071,3.150165,0.0,0.0,0.0,657730.0,110988.0,63095.0,10000.0
PC3_dpesc_v3_s3,torus3d_tornado,0.95,3,10000,0,304000.0,244039.0,243761.0,0.8027598684210526,0.9988608378169063,0.3808765625,983.544443,10.369235,993.913678,3.150812,0.0,0.0,0.0,657184.0,111365.0,63273.0,10000.0
PC3_dpesc_v3_s3,torus3d_tornado,1.0,3,10000,0,320000.0,244037.0,243758.0,0.762615625,0.9988567307416498,0.380871875,1183.497145,10.363709,1193.860854,3.149755,0.0,0.0,0.0,657442.0,110872.0,63035.0,10000.0
PC4_dpesc_v3_s4,torus3d_tornado,0.05,3,10000,0,16000.0,15968.0,15949.0,0.998,0.998810120240481,0.0249203125,2.003072,9.045959,11.049031,3.000125,0.0,0.0,0.0,47878.0,4.0,2.0,10000.0
PC4_dpesc_v3_s4,torus3d_tornado,0.1,3,10000,0,32000.0,31948.0,31904.0,0.998375,0.9986227619882309,0.04985,2.010908,9.090616,11.101523,3.000251,0.0,0.0,0.0,95771.0,31.0,22.0,10000.0
PC4_dpesc_v3_s4,torus3d_tornado,0.15,3,10000,0,48000.0,47760.0,47701.0,0.995,0.9987646566164154,0.0745328125,2.025282,9.137523,11.162806,3.00088,0.0,0.0,0.0,143111.0,146.0,104.0,10000.0
PC4_dpesc_v3_s4,torus3d_tornado,0.2,3,10000,0,64000.0,63804.0,63730.0,0.9969375,0.9988401981067018,0.099578125,2.047105,9.185454,11.232559,3.00226,0.0,0.0,0.0,191019.0,451.0,305.0,10000.0
PC4_dpesc_v3_s4,torus3d_tornado,0.25,3,10000,0,80000.0,79712.0,79623.0,0.9964,0.9988834805299077,0.1244109375,2.074526,9.233689,11.308215,3.00422,0.0,0.0,0.0,238330.0,1038.0,693.0,10000.0
PC4_dpesc_v3_s4,torus3d_tornado,0.3,3,10000,0,96000.0,95809.0,95708.0,0.9980104166666667,0.9989458192862883,0.14954375,2.110973,9.285284,11.396257,3.007168,0.0,0.0,0.0,285842.0,2145.0,1442.0,10000.0
PC4_dpesc_v3_s4,torus3d_tornado,0.35,3,10000,0,112000.0,111701.0,111590.0,0.9973303571428571,0.9990062756824021,0.174359375,2.160507,9.345434,11.505941,3.012152,0.0,0.0,0.0,332138.0,4185.0,2761.0,10000.0
PC4_dpesc_v3_s4,torus3d_tornado,0.4,3,10000,0,128000.0,127635.0,127500.0,0.9971484375,0.9989422963920555,0.19921875,2.228188,9.410243,11.638431,3.019247,0.0,0.0,0.0,377654.0,7549.0,4930.0,10000.0
PC4_dpesc_v3_s4,torus3d_tornado,0.45,3,10000,0,144000.0,143549.0,143402.0,0.9968680555555556,0.9989759594284878,0.224065625,2.321425,9.48546,11.806886,3.028256,0.0,0.0,0.0,422211.0,12314.0,7872.0,10000.0
PC4_dpesc_v3_s4,torus3d_tornado,0.5,3,10000,0,160000.0,159447.0,159283.0,0.99654375,0.9989714450569782,0.2488796875,2.455033,9.568642,12.023675,3.039439,0.0,0.0,0.0,465279.0,19152.0,12183.0,10000.0
PC4_dpesc_v3_s4,torus3d_tornado,0.55,3,10000,0,176000.0,175628.0,175439.0,0.9978863636363636,0.998923861798802,0.2741234375,2.657613,9.667828,12.325441,3.055415,0.0,0.0,0.0,507101.0,29284.0,18184.0,10000.0
PC4_dpesc_v3_s4,torus3d_tornado,0.6,3,10000,0,192000.0,191489.0,191288.0,0.9973385416666667,0.9989503313506258,0.2988875,2.98634,9.774722,12.761062,3.07162,0.0,0.0,0.0,546110.0,41819.0,25704.0,10000.0
PC4_dpesc_v3_s4,torus3d_tornado,0.65,3,10000,0,208000.0,207625.0,207413.0,0.9981971153846154,0.9989789283564118,0.3240828125,3.640307,9.916148,13.556455,3.093157,0.0,0.0,0.0,583474.0,58467.0,35009.0,10000.0
PC4_dpesc_v3_s4,torus3d_tornado,0.7,3,10000,0,224000.0,223645.0,223395.0,0.9984151785714286,0.9988821569898724,0.3490546875,5.351906,10.085118,15.437024,3.114935,0.0,0.0,0.0,618011.0,78328.0,46014.0,10000.0
PC4_dpesc_v3_s4,torus3d_tornado,0.75,3,10000,0,240000.0,239256.0,238979.0,0.9969,0.9988422442906343,0.3734046875,17.501998,10.292729,27.794727,3.141845,0.0,0.0,0.0,648557.0,102817.0,58986.0,10000.0
PC4_dpesc_v3_s4,torus3d_tornado,0.8,3,10000,0,256000.0,243909.0,243625.0,0.95276953125,0.9988356313215174,0.3806640625,236.334613,10.373102,246.707715,3.151298,0.0,0.0,0.0,657001.0,111288.0,63393.0,10000.0
PC4_dpesc_v3_s4,torus3d_tornado,0.85,3,10000,0,272000.0,243998.0,243721.0,0.8970514705882353,0.9988647447929901,0.3808140625,510.330238,10.364663,520.694901,3.148678,0.0,0.0,0.0,657360.0,110554.0,63021.0,10000.0
PC4_dpesc_v3_s4,torus3d_tornado,0.9,3,10000,0,288000.0,244136.0,243852.0,0.8476944444444444,0.9988367139627093,0.38101875,756.809569,10.361502,767.171071,3.150165,0.0,0.0,0.0,657730.0,110988.0,63095.0,10000.0
PC4_dpesc_v3_s4,torus3d_tornado,0.95,3,10000,0,304000.0,244039.0,243761.0,0.8027598684210526,0.9988608378169063,0.3808765625,983.544443,10.369235,993.913678,3.150812,0.0,0.0,0.0,657184.0,111365.0,63273.0,10000.0
PC4_dpesc_v3_s4,torus3d_tornado,1.0,3,10000,0,320000.0,244037.0,243758.0,0.762615625,0.9988567307416498,0.380871875,1183.497145,10.363709,1193.860854,3.149755,0.0,0.0,0.0,657442.0,110872.0,63035.0,10000.0
PA0_cbs_v4,torus3d_transpose,0.05,4,10000,0,16000.0,15968.0,15949.0,0.998,0.998810120240481,0.0249203125,2.0,9.062449,11.062449,3.003825,1.0,1.0,0.0,0.0,0.0,0.0,10000.0
PA0_cbs_v4,torus3d_transpose,0.1,4,10000,0,32000.0,31948.0,31906.0,0.998375,0.9986853637160386,0.049853125,2.0,9.11747,11.11747,3.00351,29.0,10.0,0.0,0.0,0.0,0.0,10000.0
PA0_cbs_v4,torus3d_transpose,0.15,4,10000,0,48000.0,47760.0,47703.0,0.995,0.9988065326633165,0.0745359375,2.0,9.165985,11.165985,2.999057,119.0,56.0,0.0,0.0,0.0,0.0,10000.0
PA0_cbs_v4,torus3d_transpose,0.2,4,10000,0,64000.0,63806.0,63731.0,0.99696875,0.9988245619534213,0.0995796875,2.0,9.233058,11.233058,3.001553,343.0,137.0,0.0,0.0,0.0,0.0,10000.0
PA0_cbs_v4,torus3d_transpose,0.25,4,10000,0,80000.0,79713.0,79625.0,0.9964125,0.9988960395418565,0.1244140625,2.0,9.31313,11.31313,3.00368,834.0,310.0,0.0,0.0,0.0,0.0,10000.0
PA0_cbs_v4,torus3d_transpose,0.3,4,10000,0,96000.0,95810.0,95709.0,0.9980208333333334,0.9989458302891139,0.1495453125,2.00001,9.40481,11.404821,3.001243,1700.0,608.0,0.0,0.0,0.0,0.0,10000.0
PA0_cbs_v4,torus3d_transpose,0.35,4,10000,0,112000.0,111703.0,111591.0,0.9973482142857143,0.9989973411636214,0.1743609375,2.000036,9.55293,11.552966,3.00078,3380.0,1116.0,0.0,0.0,0.0,0.0,10000.0
PA0_cbs_v4,torus3d_transpose,0.4,4,10000,0,128000.0,127637.0,127505.0,0.9971640625,0.9989658171219944,0.1992265625,2.002816,9.798596,11.801412,3.000086,6879.0,1867.0,0.0,0.0,0.0,0.0,10000.0
PA0_cbs_v4,torus3d_transpose,0.45,4,10000,0,144000.0,143553.0,143399.0,0.9968958333333333,0.9989272254846642,0.2240609375,2.020872,10.383057,12.403929,2.997999,13966.0,3063.0,0.0,0.0,0.0,0.0,10000.0
PA0_cbs_v4,torus3d_transpose,0.5,4,10000,0,160000.0,155559.0,155260.0,0.97224375,0.9980778997036495,0.24259375,80.730781,17.349601,98.080381,2.974649,134800.0,4380.0,0.0,0.0,0.0,0.0,10000.0
PA0_cbs_v4,torus3d_transpose,0.55,4,10000,0,176000.0,165168.0,164806.0,0.9384545454545454,0.9978082921631308,0.257509375,302.594693,19.911144,322.505837,2.96721,222912.0,1015.0,0.0,0.0,0.0,0.0,10000.0
PA0_cbs_v4,torus3d_transpose,0.6,4,10000,0,192000.0,166712.0,166342.0,0.8682916666666667,0.9977806036758002,0.259909375,569.79244,20.575194,590.367634,2.93434,241738.0,974.0,0.0,0.0,0.0,0.0,10000.0
PA0_cbs_v4,torus3d_transpose,0.65,4,10000,0,208000.0,173639.0,173265.0,0.8348028846153847,0.9978461060015319,0.2707265625,726.715107,20.182137,746.897244,2.917658,232306.0,426.0,0.0,0.0,0.0,0.0,10000.0
PA0_cbs_v4,torus3d_transpose,0.7,4,10000,0,224000.0,179268.0,178885.0,0.8003035714285714,0.9978635339268581,0.2795078125,818.485373,20.062129,838.547503,2.887207,245607.0,1330.0,0.0,0.0,0.0,0.0,10000.0
PA0_cbs_v4,torus3d_transpose,0.75,4,10000,0,240000.0,189383.0,188993.0,0.7890958333333333,0.9979406810537377,0.2953015625,882.855989,19.363585,902.219574,2.887895,241444.0,866.0,0.0,0.0,0.0,0.0,10000.0
PA0_cbs_v4,torus3d_transpose,0.8,4,10000,0,256000.0,189894.0,189496.0,0.7417734375,0.9979040938628919,0.2960875,1019.057795,19.818445,1038.87624,2.844588,276357.0,1132.0,0.0,0.0,0.0,0.0,10000.0
PA0_cbs_v4,torus3d_transpose,0.85,4,10000,0,272000.0,195716.0,195312.0,0.7195441176470588,0.9979357845040774,0.305175,1064.007183,19.668894,1083.676077,2.823298,276285.0,1395.0,0.0,0.0,0.0,0.0,10000.0
PA0_cbs_v4,torus3d_transpose,0.9,4,10000,0,288000.0,201779.0,201365.0,0.7006215277777778,0.9979482503134618,0.3146328125,1117.413855,19.134711,1136.548566,2.821026,263123.0,530.0,0.0,0.0,0.0,0.0,10000.0
PA0_cbs_v4,torus3d_transpose,0.95,4,10000,0,304000.0,206385.0,205973.0,0.6788980263157894,0.9980037308912953,0.3218328125,1155.256645,18.835833,1174.092478,2.79392,282418.0,435.0,0.0,0.0,0.0,0.0,10000.0
PA0_cbs_v4,torus3d_transpose,1.0,4,10000,0,320000.0,217607.0,217188.0,0.680021875,0.9980745104707109,0.33935625,1181.498481,17.853113,1199.351594,2.815947,249782.0,66.0,0.0,0.0,0.0,0.0,10000.0
PA1_dpcbs_v4_s1,torus3d_transpose,0.05,4,10000,0,16000.0,15968.0,15949.0,0.998,0.998810120240481,0.0249203125,2.0,9.071164,11.071164,3.003825,94.0,11.0,129.0,40900.0,0.0,0.0,10000.0
PA1_dpcbs_v4_s1,torus3d_transpose,0.1,4,10000,0,32000.0,31948.0,31906.0,0.998375,0.9986853637160386,0.049853125,2.0,9.154422,11.154422,3.00351,755.0,92.0,1061.0,71596.0,0.0,0.0,10000.0
PA1_dpcbs_v4_s1,torus3d_transpose,0.15,4,10000,0,48000.0,47760.0,47703.0,0.995,0.9988065326633165,0.0745359375,2.0,9.263484,11.263484,2.999057,2636.0,295.0,3965.0,95181.0,0.0,0.0,10000.0
PA1_dpcbs_v4_s1,torus3d_transpose,0.2,4,10000,0,64000.0,63806.0,63731.0,0.99696875,0.9988245619534213,0.0995796875,2.000031,9.457595,11.457627,3.001553,7134.0,664.0,11309.0,114921.0,0.0,0.0,10000.0
PA1_dpcbs_v4_s1,torus3d_transpose,0.25,4,10000,0,80000.0,79713.0,79624.0,0.9964125,0.9988834945366503,0.1244125,2.000766,9.771564,11.77233,3.003692,14861.0,1238.0,27024.0,131393.0,0.0,0.0,10000.0
PA1_dpcbs_v4_s1,torus3d_transpose,0.3,4,10000,0,96000.0,95810.0,95704.0,0.9980208333333334,0.9988936436697631,0.1495375,2.006562,10.353904,12.360466,3.001191,27721.0,2264.0,63392.0,144815.0,0.0,0.0,10000.0
PA1_dpcbs_v4_s1,torus3d_transpose,0.35,4,10000,0,112000.0,111703.0,111556.0,0.9973482142857143,0.9986840102772531,0.17430625,2.232045,12.203163,14.435207,3.000645,60204.0,3929.0,198779.0,153964.0,0.0,0.0,10000.0
PA1_dpcbs_v4_s1,torus3d_transpose,0.4,4,10000,0,128000.0,124820.0,124558.0,0.97515625,0.9979009774074667,0.194621875,100.851812,19.279195,120.131007,2.977424,193780.0,6102.0,810936.0,155846.0,0.0,0.0,10000.0
PA1_dpcbs_v4_s1,torus3d_transpose,0.45,4,10000,0,144000.0,135222.0,134901.0,0.9390416666666667,0.9976261259262547,0.2107828125,221.472554,21.834204,243.306758,2.94026,285415.0,3746.0,1110913.0,164747.0,0.0,0.0,10000.0
PA1_dpcbs_v4_s1,torus3d_transpose,0.5,4,10000,0,160000.0,145827.0,145469.0,0.91141875,0.9975450362415739,0.2272953125,305.452454,22.79705,328.249503,2.922093,356582.0,815.0,1306514.0,178245.0,0.0,0.0,10000.0
PA1_dpcbs_v4_s1,torus3d_transpose,0.55,4,10000,0,176000.0,149967.0,149601.0,0.8520852272727273,0.997559463081878,0.2337515625,580.057941,22.673338,602.731279,2.903457,373305.0,178.0,1357699.0,182794.0,0.0,0.0,10000.0
PA1_dpcbs_v4_s1,torus3d_transpose,0.6,4,10000,0,192000.0,152528.0,152159.0,0.7944166666666667,0.997580772054967,0.2377484375,847.842822,22.561426,870.404248,2.88255,365824.0,246.0,1356153.0,185005.0,0.0,0.0,10000.0
PA1_dpcbs_v4_s1,torus3d_transpose,0.65,4,10000,0,208000.0,155130.0,154758.0,0.7458173076923077,0.9976020112163991,0.241809375,1070.113106,22.275766,1092.388872,2.862624,366294.0,86.0,1362368.0,181522.0,0.0,0.0,10000.0
PA1_dpcbs_v4_s1,torus3d_transpose,0.7,4,10000,0,224000.0,152337.0,151958.0,0.6800758928571429,0.9975120948948712,0.237434375,1320.054291,23.172133,1343.226424,2.82919,383728.0,2806.0,1471637.0,176278.0,0.0,0.0,10000.0
PA1_dpcbs_v4_s1,torus3d_transpose,0.75,4,10000,0,240000.0,158425.0,158042.0,0.6601041666666667,0.9975824522644785,0.246940625,1378.265075,22.828704,1401.093779,2.818732,379737.0,2877.0,1460815.0,178252.0,0.0,0.0,10000.0
PA1_dpcbs_v4_s1,torus3d_transpose,0.8,4,10000,0,256000.0,160172.0,159785.0,0.625671875,0.9975838473640836,0.2496640625,1467.012761,22.802122,1489.814882,2.794693,362284.0,2882.0,1486659.0,168628.0,0.0,0.0,10000.0
PA1_dpcbs_v4_s1,torus3d_transpose,0.85,4,10000,0,272000.0,155372.0,154982.0,0.5712205882352941,0.9974898952192158,0.242159375,1675.411003,23.829587,1699.240589,2.766463,401688.0,8544.0,1595580.0,160222.0,0.0,0.0,10000.0
PA1_dpcbs_v4_s1,torus3d_transpose,0.9,4,10000,0,288000.0,166551.0,166165.0,0.5783020833333333,0.9976823915797564,0.2596328125,1707.79267,21.919345,1729.712015,2.75998,360916.0,2867.0,1441527.0,174902.0,0.0,0.0,10000.0
PA1_dpcbs_v4_s1,torus3d_transpose,0.95,4,10000,0,304000.0,165876.0,165489.0,0.5456447368421052,0.9976669319250524,0.2585765625,1836.523829,22.040685,1858.564515,2.733076,369533.0,5391.0,1490928.0,169114.0,0.0,0.0,10000.0
PA1_dpcbs_v4_s1,torus3d_transpose,1.0,4,10000,0,320000.0,159775.0,159380.0,0.499296875,0.9975277734313879,0.24903125,1983.453012,23.18747,2006.640482,2.695056,380122.0,7804.0,1620880.0,160702.0,0.0,0.0,10000.0
PA2_dpcbs_v4_s2,torus3d_transpose,0.05,4,10000,0,16000.0,15968.0,15949.0,0.998,0.998810120240481,0.0249203125,2.0,9.062449,11.062449,3.003825,0.0,0.0,0.0,47307.0,0.0,0.0,10000.0
PA2_dpcbs_v4_s2,torus3d_transpose,0.1,4,10000,0,32000.0,31948.0,31906.0,0.998375,0.9986853637160386,0.049853125,2.0,9.121168,11.121168,3.00351,81.0,10.0,101.0,91549.0,0.0,0.0,10000.0
PA2_dpcbs_v4_s2,torus3d_transpose,0.15,4,10000,0,48000.0,47760.0,47703.0,0.995,0.9988065326633165,0.0745359375,2.0,9.178794,11.178794,2.999057,417.0,33.0,461.0,130600.0,0.0,0.0,10000.0
PA2_dpcbs_v4_s2,torus3d_transpose,0.2,4,10000,0,64000.0,63806.0,63731.0,0.99696875,0.9988245619534213,0.0995796875,2.0,9.262337,11.262337,3.001553,1169.0,94.0,1339.0,166157.0,0.0,0.0,10000.0
PA2_dpcbs_v4_s2,torus3d_transpose,0.25,4,10000,0,80000.0,79713.0,79625.0,0.9964125,0.9988960395418565,0.1244140625,2.0,9.371014,11.371014,3.00368,2591.0,262.0,2800.0,197389.0,0.0,0.0,10000.0
PA2_dpcbs_v4_s2,torus3d_transpose,0.3,4,10000,0,96000.0,95810.0,95709.0,0.9980208333333334,0.9989458302891139,0.1495453125,2.000178,9.506201,11.506379,3.001243,4968.0,475.0,5208.0,224732.0,0.0,0.0,10000.0
PA2_dpcbs_v4_s2,torus3d_transpose,0.35,4,10000,0,112000.0,111703.0,111590.0,0.9973482142857143,0.9989883888525823,0.174359375,2.000385,9.740989,11.741375,3.000771,9541.0,876.0,9690.0,248503.0,0.0,0.0,10000.0
PA2_dpcbs_v4_s2,torus3d_transpose,0.4,4,10000,0,128000.0,127637.0,127500.0,0.9971640625,0.9989266435281305,0.19921875,2.002745,10.186424,12.189169,3.000078,18804.0,1351.0,18019.0,268079.0,0.0,0.0,10000.0
PA2_dpcbs_v4_s2,torus3d_transpose,0.45,4,10000,0,144000.0,143553.0,143388.0,0.9968958333333333,0.9988505987335687,0.22404375,2.645026,12.399908,15.044934,2.99795,60581.0,2270.0,46570.0,276827.0,0.0,0.0,10000.0
PA2_dpcbs_v4_s2,torus3d_transpose,0.5,4,10000,0,160000.0,147904.0,147514.0,0.9244,0.9973631544785807,0.230490625,275.462424,23.52875,298.991174,2.950622,331955.0,1319.0,255790.0,248924.0,0.0,0.0,10000.0
PA2_dpcbs_v4_s2,torus3d_transpose,0.55,4,10000,0,176000.0,153214.0,152814.0,0.870534090909091,0.9973892725207879,0.238771875,576.276022,24.278744,600.554766,2.943644,343008.0,199.0,327634.0,257183.0,0.0,0.0,10000.0
PA2_dpcbs_v4_s2,torus3d_transpose,0.6,4,10000,0,192000.0,161403.0,160999.0,0.840640625,0.9974969486316859,0.2515609375,721.850384,22.961453,744.811837,2.936254,349246.0,125.0,339782.0,268794.0,0.0,0.0,10000.0
PA2_dpcbs_v4_s2,torus3d_transpose,0.65,4,10000,0,208000.0,165720.0,165315.0,0.7967307692307692,0.9975561187545257,0.2583046875,963.898702,22.348976,986.247679,2.916626,352981.0,103.0,336751.0,269334.0,0.0,0.0,10000.0
PA2_dpcbs_v4_s2,torus3d_transpose,0.7,4,10000,0,224000.0,159496.0,159089.0,0.7120357142857143,0.9974482118673823,0.2485765625,1299.158182,23.808403,1322.966585,2.856087,366611.0,149.0,313552.0,245957.0,0.0,0.0,10000.0
PA2_dpcbs_v4_s2,torus3d_transpose,0.75,4,10000,0,240000.0,166994.0,166582.0,0.6958083333333334,0.9975328454914548,0.260284375,1293.020422,22.729208,1315.749631,2.84721,361178.0,126.0,352705.0,262059.0,0.0,0.0,10000.0
PA2_dpcbs_v4_s2,torus3d_transpose,0.8,4,10000,0,256000.0,175864.0,175453.0,0.68696875,0.9976629668380111,0.2741453125,1278.780272,21.606111,1300.386383,2.834708,345219.0,106.0,390481.0,278529.0,0.0,0.0,10000.0
PA2_dpcbs_v4_s2,torus3d_transpose,0.85,4,10000,0,272000.0,184928.0,184522.0,0.6798823529411765,0.9978045509603738,0.288315625,1383.924757,20.810814,1404.735571,2.831933,325253.0,101.0,383528.0,288559.0,0.0,0.0,10000.0
PA2_dpcbs_v4_s2,torus3d_transpose,0.9,4,10000,0,288000.0,183210.0,182795.0,0.6361458333333333,0.9977348398013209,0.2856171875,1505.311732,21.349304,1526.661036,2.806991,350566.0,64.0,450045.0,285333.0,0.0,0.0,10000.0
PA2_dpcbs_v4_s2,torus3d_transpose,0.95,4,10000,0,304000.0,183973.0,183547.0,0.6051743421052631,0.9976844428258494,0.2867921875,1578.788959,21.620119,1600.409078,2.780955,339078.0,85.0,522002.0,276456.0,0.0,0.0,10000.0
PA2_dpcbs_v4_s2,torus3d_transpose,1.0,4,10000,0,320000.0,192932.0,192514.0,0.6029125,0.9978334335413513,0.300803125,1533.719568,20.323436,1554.043005,2.753992,324915.0,40.0,556291.0,295943.0,0.0,0.0,10000.0
PA3_dpcbs_v4_s3,torus3d_transpose,0.05,4,10000,0,16000.0,15968.0,15949.0,0.998,0.998810120240481,0.0249203125,2.0,9.062449,11.062449,3.003825,0.0,0.0,0.0,47699.0,0.0,0.0,10000.0
PA3_dpcbs_v4_s3,torus3d_transpose,0.1,4,10000,0,32000.0,31948.0,31906.0,0.998375,0.9986853637160386,0.049853125,2.0,9.117595,11.117595,3.00351,22.0,5.0,1.0,94037.0,0.0,0.0,10000.0
PA3_dpcbs_v4_s3,torus3d_transpose,0.15,4,10000,0,48000.0,47760.0,47703.0,0.995,0.9988065326633165,0.0745359375,2.0,9.167683,11.167683,2.999057,109.0,24.0,7.0,137161.0,0.0,0.0,10000.0
PA3_dpcbs_v4_s3,torus3d_transpose,0.2,4,10000,0,64000.0,63806.0,63731.0,0.99696875,0.9988245619534213,0.0995796875,2.0,9.235647,11.235647,3.001553,360.0,52.0,63.0,178268.0,0.0,0.0,10000.0
PA3_dpcbs_v4_s3,torus3d_transpose,0.25,4,10000,0,80000.0,79713.0,79625.0,0.9964125,0.9988960395418565,0.1244140625,2.0,9.322449,11.322449,3.00368,974.0,148.0,121.0,215739.0,0.0,0.0,10000.0
PA3_dpcbs_v4_s3,torus3d_transpose,0.3,4,10000,0,96000.0,95810.0,95709.0,0.9980208333333334,0.9989458302891139,0.1495453125,2.0,9.425059,11.425059,3.001243,2020.0,289.0,343.0,249876.0,0.0,0.0,10000.0
PA3_dpcbs_v4_s3,torus3d_transpose,0.35,4,10000,0,112000.0,111703.0,111590.0,0.9973482142857143,0.9989883888525823,0.174359375,2.000116,9.596837,11.596953,3.000771,4239.0,575.0,660.0,280037.0,0.0,0.0,10000.0
PA3_dpcbs_v4_s3,torus3d_transpose,0.4,4,10000,0,128000.0,127637.0,127502.0,0.9971640625,0.9989423129656761,0.199221875,2.001671,9.925429,11.927099,3.000094,8669.0,987.0,1227.0,306194.0,0.0,0.0,10000.0
PA3_dpcbs_v4_s3,torus3d_transpose,0.45,4,10000,0,144000.0,143541.0,143372.0,0.9968125,0.9988226360412704,0.22401875,2.35147,11.225546,13.577016,2.99781,25129.0,1744.0,3038.0,324380.0,0.0,0.0,10000.0
PA3_dpcbs_v4_s3,torus3d_transpose,0.5,4,10000,0,160000.0,153183.0,152843.0,0.95739375,0.9977804325545263,0.2388171875,177.854923,20.213808,198.068731,2.969112,192760.0,1530.0,54708.0,309866.0,0.0,0.0,10000.0
PA3_dpcbs_v4_s3,torus3d_transpose,0.55,4,10000,0,176000.0,160434.0,160076.0,0.9115568181818182,0.9977685528005286,0.25011875,403.190103,21.252205,424.442309,2.944651,231405.0,668.0,93690.0,320724.0,0.0,0.0,10000.0
PA3_dpcbs_v4_s3,torus3d_transpose,0.6,4,10000,0,192000.0,168571.0,168203.0,0.8779739583333334,0.997816943602399,0.2628171875,575.079903,20.09325,595.173154,2.935976,226845.0,222.0,100718.0,338173.0,0.0,0.0,10000.0
PA3_dpcbs_v4_s3,torus3d_transpose,0.65,4,10000,0,208000.0,173060.0,172684.0,0.8320192307692308,0.9978273431179938,0.26981875,743.772602,20.187748,763.96035,2.91397,226700.0,432.0,98679.0,337282.0,0.0,0.0,10000.0
PA3_dpcbs_v4_s3,torus3d_transpose,0.7,4,10000,0,224000.0,179858.0,179467.0,0.8029375,0.997826062782862,0.2804171875,820.504633,19.85175,840.356383,2.892799,235071.0,116.0,112440.0,339915.0,0.0,0.0,10000.0
PA3_dpcbs_v4_s3,torus3d_transpose,0.75,4,10000,0,240000.0,183254.0,182839.0,0.7635583333333333,0.9977353836751176,0.2856859375,950.594616,20.932826,971.527442,2.859751,265694.0,563.0,152532.0,335918.0,0.0,0.0,10000.0
PA3_dpcbs_v4_s3,torus3d_transpose,0.8,4,10000,0,256000.0,190398.0,189984.0,0.7437421875,0.9978256074118426,0.29685,1090.026386,20.618931,1110.645318,2.860072,271048.0,322.0,173301.0,346888.0,0.0,0.0,10000.0
PA3_dpcbs_v4_s3,torus3d_transpose,0.85,4,10000,0,272000.0,191833.0,191408.0,0.7052683823529412,0.9977845313371526,0.299075,1204.85579,20.685917,1225.541707,2.830906,272733.0,170.0,175323.0,342754.0,0.0,0.0,10000.0
PA3_dpcbs_v4_s3,torus3d_transpose,0.9,4,10000,0,288000.0,192057.0,191635.0,0.6668645833333333,0.9978027356461884,0.2994296875,1309.499517,20.754335,1330.253852,2.805792,273172.0,104.0,181362.0,345375.0,0.0,0.0,10000.0
PA3_dpcbs_v4_s3,torus3d_transpose,0.95,4,10000,0,304000.0,197356.0,196933.0,0.6491973684210526,0.9978566651127911,0.3077078125,1363.227549,20.348113,1383.575663,2.78123,287891.0,75.0,195773.0,341266.0,0.0,0.0,10000.0
PA3_dpcbs_v4_s3,torus3d_transpose,1.0,4,10000,0,320000.0,211927.0,211505.0,0.662271875,0.9980087482954036,0.3304765625,1252.677592,18.330167,1271.007759,2.801504,251827.0,53.0,218150.0,381340.0,0.0,0.0,10000.0
PA4_dpcbs_v4_s4,torus3d_transpose,0.05,4,10000,0,16000.0,15968.0,15949.0,0.998,0.998810120240481,0.0249203125,2.0,9.062449,11.062449,3.003825,0.0,0.0,0.0,47706.0,0.0,0.0,10000.0
PA4_dpcbs_v4_s4,torus3d_transpose,0.1,4,10000,0,32000.0,31948.0,31906.0,0.998375,0.9986853637160386,0.049853125,2.0,9.117564,11.117564,3.00351,22.0,5.0,0.0,94172.0,0.0,0.0,10000.0
PA4_dpcbs_v4_s4,torus3d_transpose,0.15,4,10000,0,48000.0,47760.0,47703.0,0.995,0.9988065326633165,0.0745359375,2.0,9.167411,11.167411,2.999057,102.0,22.0,0.0,137816.0,0.0,0.0,10000.0
PA4_dpcbs_v4_s4,torus3d_transpose,0.2,4,10000,0,64000.0,63806.0,63731.0,0.99696875,0.9988245619534213,0.0995796875,2.0,9.234737,11.234737,3.001553,335.0,47.0,0.0,180036.0,0.0,0.0,10000.0
PA4_dpcbs_v4_s4,torus3d_transpose,0.25,4,10000,0,80000.0,79713.0,79625.0,0.9964125,0.9988960395418565,0.1244140625,2.0,9.319372,11.319372,3.00368,886.0,149.0,0.0,219229.0,0.0,0.0,10000.0
PA4_dpcbs_v4_s4,torus3d_transpose,0.3,4,10000,0,96000.0,95810.0,95708.0,0.9980208333333334,0.9989353929652437,0.14954375,2.0,9.420581,11.420581,3.001233,1845.0,268.0,0.0,255986.0,0.0,0.0,10000.0
PA4_dpcbs_v4_s4,torus3d_transpose,0.35,4,10000,0,112000.0,111703.0,111590.0,0.9973482142857143,0.9989883888525823,0.174359375,2.000018,9.582489,11.582507,3.000771,3952.0,556.0,0.0,289521.0,0.0,0.0,10000.0
PA4_dpcbs_v4_s4,torus3d_transpose,0.4,4,10000,0,128000.0,127637.0,127503.0,0.9971640625,0.9989501476844489,0.1992234375,2.000824,9.874301,11.875125,3.000086,7562.0,930.0,0.0,319918.0,0.0,0.0,10000.0
PA4_dpcbs_v4_s4,torus3d_transpose,0.45,4,10000,0,144000.0,143553.0,143396.0,0.9968958333333333,0.99890632727982,0.22405625,2.191268,11.015837,13.207105,2.997992,22432.0,1719.0,0.0,343586.0,0.0,0.0,10000.0
PA4_dpcbs_v4_s4,torus3d_transpose,0.5,4,10000,0,160000.0,151013.0,150669.0,0.94383125,0.9977220504195004,0.2354203125,201.303261,20.709934,222.013194,2.9521,203217.0,1805.0,0.0,332464.0,0.0,0.0,10000.0
PA4_dpcbs_v4_s4,torus3d_transpose,0.55,4,10000,0,176000.0,164755.0,164390.0,0.9361079545454546,0.9977845892385664,0.256859375,322.372669,20.646749,343.019417,2.966847,222301.0,458.0,0.0,355206.0,0.0,0.0,10000.0
PA4_dpcbs_v4_s4,torus3d_transpose,0.6,4,10000,0,192000.0,165866.0,165493.0,0.8638854166666666,0.9977511967491831,0.2585828125,593.500208,21.029754,614.529962,2.920365,238873.0,728.0,0.0,360473.0,0.0,0.0,10000.0
PA4_dpcbs_v4_s4,torus3d_transpose,0.65,4,10000,0,208000.0,171750.0,171371.0,0.8257211538461539,0.9977933042212518,0.2677671875,752.750967,20.879851,773.630819,2.900432,240483.0,438.0,0.0,366438.0,0.0,0.0,10000.0
PA4_dpcbs_v4_s4,torus3d_transpose,0.7,4,10000,0,224000.0,179220.0,178839.0,0.8000892857142857,0.9978741211918313,0.2794359375,847.643366,20.034299,867.677665,2.887726,241554.0,302.0,0.0,378995.0,0.0,0.0,10000.0
PA4_dpcbs_v4_s4,torus3d_transpose,0.75,4,10000,0,240000.0,189551.0,189161.0,0.7897958333333334,0.9979425062384266,0.2955640625,884.941494,19.124746,904.06624,2.891949,236180.0,106.0,0.0,402106.0,0.0,0.0,10000.0
PA4_dpcbs_v4_s4,torus3d_transpose,0.8,4,10000,0,256000.0,190108.0,189709.0,0.742609375,0.9979011930060807,0.2964203125,1010.782572,19.824457,1030.60703,2.849775,270089.0,359.0,0.0,389113.0,0.0,0.0,10000.0
PA4_dpcbs_v4_s4,torus3d_transpose,0.85,4,10000,0,272000.0,199080.0,198677.0,0.7319117647058824,0.9979756881655616,0.3104328125,1077.017315,19.144405,1096.16172,2.850808,248060.0,59.0,0.0,409703.0,0.0,0.0,10000.0
PA4_dpcbs_v4_s4,torus3d_transpose,0.9,4,10000,0,288000.0,195283.0,194869.0,0.6780659722222222,0.9978799997951691,0.3044828125,1173.71896,19.782757,1193.501717,2.800856,276485.0,201.0,0.0,394302.0,0.0,0.0,10000.0
PA4_dpcbs_v4_s4,torus3d_transpose,0.95,4,10000,0,304000.0,206203.0,205791.0,0.6782993421052631,0.9980019689335267,0.3215484375,1173.718234,19.084289,1192.802523,2.80884,265624.0,134.0,0.0,410738.0,0.0,0.0,10000.0
PA4_dpcbs_v4_s4,torus3d_transpose,1.0,4,10000,0,320000.0,209045.0,208625.0,0.653265625,0.9979908632112703,0.3259765625,1211.867921,18.644745,1230.512666,2.791986,279832.0,39.0,0.0,415604.0,0.0,0.0,10000.0
PB0_esc_v4,torus3d_transpose,0.05,4,10000,0,16000.0,15968.0,15949.0,0.998,0.998810120240481,0.0249203125,2.0,9.042072,11.042072,3.003825,0.0,0.0,0.0,0.0,0.0,0.0,10000.0
PB0_esc_v4,torus3d_transpose,0.1,4,10000,0,32000.0,31948.0,31906.0,0.998375,0.9986853637160386,0.049853125,2.0,9.076694,11.076694,3.00351,0.0,0.0,0.0,0.0,0.0,0.0,10000.0
PB0_esc_v4,torus3d_transpose,0.15,4,10000,0,48000.0,47760.0,47703.0,0.995,0.9988065326633165,0.0745359375,2.0,9.098799,11.098799,2.999057,0.0,0.0,0.0,0.0,0.0,0.0,10000.0
PB0_esc_v4,torus3d_transpose,0.2,4,10000,0,64000.0,63806.0,63730.0,0.99696875,0.9988088894461336,0.099578125,2.000016,9.137471,11.137486,3.001538,0.0,0.0,0.0,0.0,0.0,0.0,10000.0
PB0_esc_v4,torus3d_transpose,0.25,4,10000,0,80000.0,79713.0,79624.0,0.9964125,0.9988834945366503,0.1244125,2.000025,9.176793,11.176819,3.003692,0.0,0.0,0.0,0.0,0.0,0.0,10000.0
PB0_esc_v4,torus3d_transpose,0.3,4,10000,0,96000.0,95810.0,95709.0,0.9980208333333334,0.9989458302891139,0.1495453125,2.000021,9.201611,11.201632,3.001243,0.0,0.0,0.0,0.0,1.0,1.0,10000.0
PB0_esc_v4,torus3d_transpose,0.35,4,10000,0,112000.0,111703.0,111592.0,0.9973482142857143,0.9990062934746605,0.1743625,2.00009,9.23249,11.232579,3.000789,0.0,0.0,0.0,0.0,7.0,5.0,10000.0
PB0_esc_v4,torus3d_transpose,0.4,4,10000,0,128000.0,127637.0,127506.0,0.9971640625,0.9989736518407671,0.199228125,2.000165,9.264686,11.26485,3.000094,0.0,0.0,0.0,0.0,7.0,7.0,10000.0
PB0_esc_v4,torus3d_transpose,0.45,4,10000,0,144000.0,143553.0,143409.0,0.9968958333333333,0.9989968861674782,0.2240765625,2.000258,9.289947,11.290205,2.998082,0.0,0.0,0.0,0.0,19.0,15.0,10000.0
PB0_esc_v4,torus3d_transpose,0.5,4,10000,0,160000.0,159452.0,159294.0,0.996575,0.9990091061886963,0.248896875,2.00054,9.327169,11.327709,2.99774,0.0,0.0,0.0,0.0,51.0,31.0,10000.0
PB0_esc_v4,torus3d_transpose,0.55,4,10000,0,176000.0,175634.0,175456.0,0.9979204545454545,0.9989865288042179,0.27415,2.000901,9.362798,11.363698,2.999441,0.0,0.0,0.0,0.0,81.0,47.0,10000.0
PB0_esc_v4,torus3d_transpose,0.6,4,10000,0,192000.0,191507.0,191311.0,0.9974322916666667,0.9989765387166004,0.2989234375,2.001589,9.402653,11.404242,3.000037,0.0,0.0,0.0,0.0,148.0,100.0,10000.0
PB0_esc_v4,torus3d_transpose,0.65,4,10000,0,208000.0,207649.0,207440.0,0.9983125,0.998993493828528,0.324125,2.002574,9.441414,11.443989,3.000347,0.0,0.0,0.0,0.0,198.0,146.0,10000.0
PB0_esc_v4,torus3d_transpose,0.7,4,10000,0,224000.0,223725.0,223491.0,0.9987723214285714,0.9989540730807912,0.3492046875,2.004515,9.480641,11.485156,2.999217,0.0,0.0,0.0,0.0,332.0,232.0,10000.0
PB0_esc_v4,torus3d_transpose,0.75,4,10000,0,240000.0,239664.0,239417.0,0.9986,0.9989693904800053,0.3740890625,2.006566,9.524219,11.530785,3.000104,0.0,0.0,0.0,0.0,570.0,372.0,10000.0
PB0_esc_v4,torus3d_transpose,0.8,4,10000,0,256000.0,255852.0,255586.0,0.999421875,0.998960336444507,0.399353125,2.010196,9.572512,11.582708,3.001064,0.0,0.0,0.0,0.0,794.0,551.0,10000.0
PB0_esc_v4,torus3d_transpose,0.85,4,10000,0,272000.0,271673.0,271397.0,0.998797794117647,0.9989840727639479,0.4240578125,2.01524,9.619933,11.635173,3.000512,0.0,0.0,0.0,0.0,1137.0,762.0,10000.0
PB0_esc_v4,torus3d_transpose,0.9,4,10000,0,288000.0,287669.0,287367.0,0.9988506944444444,0.9989501823276057,0.4490109375,2.024276,9.67299,11.697265,3.002161,0.0,0.0,0.0,0.0,1774.0,1184.0,10000.0
PB0_esc_v4,torus3d_transpose,0.95,4,10000,0,304000.0,303819.0,303503.0,0.9994046052631579,0.9989599070499212,0.4742234375,2.03572,9.726158,11.761877,3.002211,0.0,0.0,0.0,0.0,2246.0,1484.0,10000.0
PB0_esc_v4,torus3d_transpose,1.0,4,10000,0,320000.0,319601.0,319270.0,0.998753125,0.9989643336535242,0.498859375,2.053118,9.782917,11.836035,3.003063,0.0,0.0,0.0,0.0,3292.0,2189.0,10000.0
PB1_dpesc_v4_s1,torus3d_transpose,0.05,4,10000,0,16000.0,15968.0,15948.0,0.998,0.99874749498998,0.02491875,2.0,9.112616,11.112616,3.037371,0.0,0.0,0.0,46802.0,1681.0,1018.0,10000.0
PB1_dpesc_v4_s1,torus3d_transpose,0.1,4,10000,0,32000.0,31948.0,31905.0,0.998375,0.9986540628521348,0.0498515625,2.0,9.270146,11.270146,3.091616,0.0,0.0,0.0,90044.0,8682.0,4634.0,10000.0
PB1_dpesc_v4_s1,torus3d_transpose,0.15,4,10000,0,48000.0,47760.0,47700.0,0.995,0.9987437185929648,0.07453125,2.0,9.468595,11.468595,3.147757,0.0,0.0,0.0,128116.0,22166.0,10957.0,10000.0
PB1_dpesc_v4_s1,torus3d_transpose,0.2,4,10000,0,64000.0,63806.0,63726.0,0.99696875,0.9987461994169827,0.099571875,2.000141,9.760396,11.760537,3.222421,0.0,0.0,0.0,162196.0,43329.0,19970.0,10000.0
PB1_dpesc_v4_s1,torus3d_transpose,0.25,4,10000,0,80000.0,79713.0,79617.0,0.9964125,0.998795679500207,0.1244015625,2.000314,10.097982,12.098296,3.284374,0.0,0.0,0.0,191534.0,70174.0,30745.0,10000.0
PB1_dpesc_v4_s1,torus3d_transpose,0.3,4,10000,0,96000.0,95810.0,95695.0,0.9980208333333334,0.9987997077549317,0.1495234375,2.002236,10.627473,12.629709,3.341199,0.0,0.0,0.0,216537.0,103454.0,43181.0,10000.0
PB1_dpesc_v4_s1,torus3d_transpose,0.35,4,10000,0,112000.0,111703.0,111561.0,0.9973482142857143,0.9987287718324486,0.1743140625,2.01419,11.531646,13.545836,3.391902,0.0,0.0,0.0,238901.0,139823.0,56304.0,10000.0
PB1_dpesc_v4_s1,torus3d_transpose,0.4,4,10000,0,128000.0,127634.0,127440.0,0.997140625,0.9984800288324428,0.199125,2.128358,13.39475,15.523109,3.422395,0.0,0.0,0.0,260689.0,175878.0,68931.0,10000.0
PB1_dpesc_v4_s1,torus3d_transpose,0.45,4,10000,0,144000.0,117103.0,116720.0,0.8132152777777778,0.9967293749946629,0.182375,704.500317,31.786549,736.286866,3.452056,0.0,0.0,0.0,214910.0,188631.0,76010.0,10000.0
PB1_dpesc_v4_s1,torus3d_transpose,0.5,4,10000,0,160000.0,108941.0,108521.0,0.68088125,0.9961447021782432,0.1695640625,1218.485362,36.317634,1254.802997,3.437952,0.0,0.0,0.0,194113.0,179621.0,72620.0,10000.0
PB1_dpesc_v4_s1,torus3d_transpose,0.55,4,10000,0,176000.0,97514.0,97084.0,0.5540568181818182,0.995590376766413,0.15169375,1625.897491,42.555612,1668.453102,3.360863,0.0,0.0,0.0,166949.0,159986.0,66157.0,10000.0
PB1_dpesc_v4_s1,torus3d_transpose,0.6,4,10000,0,192000.0,93295.0,92867.0,0.4859114583333333,0.9954124015220537,0.1451046875,1922.917376,45.065308,1967.982685,3.286722,0.0,0.0,0.0,154051.0,151798.0,63125.0,10000.0
PB1_dpesc_v4_s1,torus3d_transpose,0.65,4,10000,0,208000.0,93327.0,92887.0,0.4486875,0.9952853943660462,0.1451359375,2114.598329,45.271728,2159.870057,3.240992,0.0,0.0,0.0,151331.0,150356.0,62676.0,10000.0
PB1_dpesc_v4_s1,torus3d_transpose,0.7,4,10000,0,224000.0,94419.0,93981.0,0.42151339285714284,0.9953611031677946,0.1468453125,2300.484417,44.867048,2345.351465,3.198029,0.0,0.0,0.0,153259.0,147922.0,61927.0,10000.0
PB1_dpesc_v4_s1,torus3d_transpose,0.75,4,10000,0,240000.0,94556.0,94120.0,0.39398333333333335,0.9953889758450019,0.1470625,2423.369178,44.847269,2468.216447,3.145793,0.0,0.0,0.0,150039.0,146677.0,61782.0,10000.0
PB1_dpesc_v4_s1,torus3d_transpose,0.8,4,10000,0,256000.0,96112.0,95677.0,0.3754375,0.9954740302979856,0.1494953125,2479.044316,44.230327,2523.274643,3.149806,0.0,0.0,0.0,151971.0,150027.0,62294.0,10000.0
PB1_dpesc_v4_s1,torus3d_transpose,0.85,4,10000,0,272000.0,97060.0,96626.0,0.3568382352941176,0.9955285390480115,0.150978125,2586.0824,43.976311,2630.058711,3.09217,0.0,0.0,0.0,152866.0,146528.0,61627.0,10000.0
PB1_dpesc_v4_s1,torus3d_transpose,0.9,4,10000,0,288000.0,98284.0,97855.0,0.34126388888888887,0.995635098286598,0.1528984375,2659.61306,43.375556,2702.988616,3.098666,0.0,0.0,0.0,152094.0,151779.0,62904.0,10000.0
PB1_dpesc_v4_s1,torus3d_transpose,0.95,4,10000,0,304000.0,101253.0,100821.0,0.3330690789473684,0.9957334597493408,0.1575328125,2681.589193,41.86847,2723.457663,3.029448,0.0,0.0,0.0,155643.0,150426.0,62976.0,10000.0
PB1_dpesc_v4_s1,torus3d_transpose,1.0,4,10000,0,320000.0,100240.0,99795.0,0.31325,0.9955606544293695,0.1559296875,2724.303673,42.576422,2766.880094,3.015101,0.0,0.0,0.0,152566.0,148945.0,62100.0,10000.0
PB2_dpesc_v4_s2,torus3d_transpose,0.05,4,10000,0,16000.0,15968.0,15949.0,0.998,0.998810120240481,0.0249203125,2.0,9.043702,11.043702,3.004577,0.0,0.0,0.0,47928.0,29.0,17.0,10000.0
PB2_dpesc_v4_s2,torus3d_transpose,0.1,4,10000,0,32000.0,31948.0,31906.0,0.998375,0.9986853637160386,0.049853125,2.0,9.083589,11.083589,3.006519,0.0,0.0,0.0,95711.0,300.0,202.0,10000.0
PB2_dpesc_v4_s2,torus3d_transpose,0.15,4,10000,0,48000.0,47760.0,47703.0,0.995,0.9988065326633165,0.0745359375,2.0,9.116617,11.116617,3.005807,0.0,0.0,0.0,142520.0,984.0,638.0,10000.0
PB2_dpesc_v4_s2,torus3d_transpose,0.2,4,10000,0,64000.0,63806.0,63730.0,0.99696875,0.9988088894461336,0.099578125,2.0,9.171285,11.171285,3.016821,0.0,0.0,0.0,189504.0,2913.0,1771.0,10000.0
PB2_dpesc_v4_s2,torus3d_transpose,0.25,4,10000,0,80000.0,79713.0,79625.0,0.9964125,0.9988960395418565,0.1244140625,2.0,9.235743,11.235743,3.028672,0.0,0.0,0.0,235290.0,6043.0,3606.0,10000.0
PB2_dpesc_v4_s2,torus3d_transpose,0.3,4,10000,0,96000.0,95810.0,95707.0,0.9980208333333334,0.9989249556413735,0.1495421875,2.000052,9.301368,11.30142,3.041052,0.0,0.0,0.0,279863.0,11388.0,6442.0,10000.0
PB2_dpesc_v4_s2,torus3d_transpose,0.35,4,10000,0,112000.0,111703.0,111591.0,0.9973482142857143,0.9989973411636214,0.1743609375,2.000143,9.386357,11.386501,3.058132,0.0,0.0,0.0,322206.0,19269.0,10695.0,10000.0
PB2_dpesc_v4_s2,torus3d_transpose,0.4,4,10000,0,128000.0,127637.0,127501.0,0.9971640625,0.9989344782469033,0.1992203125,2.0004,9.498851,11.499251,3.081717,0.0,0.0,0.0,362035.0,31167.0,16578.0,10000.0
PB2_dpesc_v4_s2,torus3d_transpose,0.45,4,10000,0,144000.0,143553.0,143406.0,0.9968958333333333,0.998975987962634,0.224071875,2.000655,9.618719,11.619374,3.102255,0.0,0.0,0.0,399625.0,45556.0,23778.0,10000.0
PB2_dpesc_v4_s2,torus3d_transpose,0.5,4,10000,0,160000.0,159452.0,159285.0,0.996575,0.9989526628703309,0.2488828125,2.001632,9.783357,11.784989,3.128079,0.0,0.0,0.0,435175.0,63431.0,32263.0,10000.0
PB2_dpesc_v4_s2,torus3d_transpose,0.55,4,10000,0,176000.0,175634.0,175445.0,0.9979204545454545,0.9989238985617819,0.2741328125,2.003636,10.017236,12.020873,3.160067,0.0,0.0,0.0,468769.0,86052.0,42380.0,10000.0
PB2_dpesc_v4_s2,torus3d_transpose,0.6,4,10000,0,192000.0,191507.0,191294.0,0.9974322916666667,0.9988877691154893,0.298896875,2.010084,10.320005,12.330089,3.191234,0.0,0.0,0.0,499603.0,111317.0,53289.0,10000.0
PB2_dpesc_v4_s2,torus3d_transpose,0.65,4,10000,0,208000.0,207648.0,207409.0,0.9983076923076923,0.9988490137155186,0.3240765625,2.031228,10.786152,12.81738,3.222425,0.0,0.0,0.0,528361.0,140510.0,65175.0,10000.0
PB2_dpesc_v4_s2,torus3d_transpose,0.7,4,10000,0,224000.0,223724.0,223447.0,0.9987678571428571,0.9987618673007813,0.3491359375,2.126862,11.618661,13.745524,3.250865,0.0,0.0,0.0,555627.0,171405.0,77460.0,10000.0
PB2_dpesc_v4_s2,torus3d_transpose,0.75,4,10000,0,240000.0,237826.0,237462.0,0.9909416666666667,0.9984694692758571,0.371034375,38.147577,15.1229,53.270477,3.269214,0.0,0.0,0.0,579051.0,198054.0,87737.0,10000.0
PB2_dpesc_v4_s2,torus3d_transpose,0.8,4,10000,0,256000.0,205426.0,204915.0,0.8024453125,0.9975124862480893,0.3201796875,740.041437,23.948623,763.990059,3.36723,0.0,0.0,0.0,519730.0,171306.0,83022.0,10000.0
PB2_dpesc_v4_s2,torus3d_transpose,0.85,4,10000,0,272000.0,188787.0,188254.0,0.6940698529411765,0.9971767123795601,0.294146875,1168.127418,27.755378,1195.882797,3.347435,0.0,0.0,0.0,473031.0,158201.0,78535.0,10000.0
PB2_dpesc_v4_s2,torus3d_transpose,0.9,4,10000,0,288000.0,177477.0,176911.0,0.6162395833333333,0.9968108543642274,0.2764234375,1406.616197,30.709057,1437.325254,3.322021,0.0,0.0,0.0,441046.0,147690.0,75142.0,10000.0
PB2_dpesc_v4_s2,torus3d_transpose,0.95,4,10000,0,304000.0,178577.0,178009.0,0.5874243421052632,0.9968192992378638,0.2781390625,1560.220523,30.588257,1590.808779,3.299249,0.0,0.0,0.0,441664.0,146697.0,75180.0,10000.0
PB2_dpesc_v4_s2,torus3d_transpose,1.0,4,10000,0,320000.0,177456.0,176880.0,0.55455,0.9967541249661888,0.276375,1721.519997,30.904223,1752.42422,3.287133,0.0,0.0,0.0,435928.0,146552.0,74705.0,10000.0
PB3_dpesc_v4_s3,torus3d_transpose,0.05,4,10000,0,16000.0,15968.0,15949.0,0.998,0.998810120240481,0.0249203125,2.0,9.042072,11.042072,3.003825,0.0,0.0,0.0,47945.0,0.0,0.0,10000.0
PB3_dpesc_v4_s3,torus3d_transpose,0.1,4,10000,0,32000.0,31948.0,31906.0,0.998375,0.9986853637160386,0.049853125,2.0,9.073215,11.073215,3.00351,0.0,0.0,0.0,95913.0,2.0,2.0,10000.0
PB3_dpesc_v4_s3,torus3d_transpose,0.15,4,10000,0,48000.0,47760.0,47703.0,0.995,0.9988065326633165,0.0745359375,2.000021,9.100057,11.100078,2.999182,0.0,0.0,0.0,143177.0,12.0,6.0,10000.0
PB3_dpesc_v4_s3,torus3d_transpose,0.2,4,10000,0,64000.0,63806.0,63731.0,0.99696875,0.9988245619534213,0.0995796875,2.0,9.138614,11.138614,3.001899,0.0,0.0,0.0,191403.0,62.0,40.0,10000.0
PB3_dpesc_v4_s3,torus3d_transpose,0.25,4,10000,0,80000.0,79713.0,79625.0,0.9964125,0.9988960395418565,0.1244140625,2.0,9.176352,11.176352,3.004308,0.0,0.0,0.0,239240.0,155.0,102.0,10000.0
PB3_dpesc_v4_s3,torus3d_transpose,0.3,4,10000,0,96000.0,95810.0,95709.0,0.9980208333333334,0.9989458302891139,0.1495453125,2.000042,9.207431,11.207473,3.00256,0.0,0.0,0.0,287177.0,388.0,257.0,10000.0
PB3_dpesc_v4_s3,torus3d_transpose,0.35,4,10000,0,112000.0,111703.0,111592.0,0.9973482142857143,0.9990062934746605,0.1743625,2.000063,9.239775,11.239838,3.003154,0.0,0.0,0.0,334544.0,796.0,498.0,10000.0
PB3_dpesc_v4_s3,torus3d_transpose,0.4,4,10000,0,128000.0,127637.0,127504.0,0.9971640625,0.9989579824032216,0.199225,2.00011,9.27338,11.273489,3.004251,0.0,0.0,0.0,381707.0,1611.0,1017.0,10000.0
PB3_dpesc_v4_s3,torus3d_transpose,0.45,4,10000,0,144000.0,143553.0,143409.0,0.9968958333333333,0.9989968861674782,0.2240765625,2.000258,9.309381,11.309639,3.005404,0.0,0.0,0.0,428281.0,3004.0,1813.0,10000.0
PB3_dpesc_v4_s3,torus3d_transpose,0.5,4,10000,0,160000.0,159452.0,159292.0,0.996575,0.9989965632290595,0.24889375,2.00059,9.355046,11.355636,3.008601,0.0,0.0,0.0,474162.0,5397.0,3274.0,10000.0
PB3_dpesc_v4_s3,torus3d_transpose,0.55,4,10000,0,176000.0,175634.0,175456.0,0.9979204545454545,0.9989865288042179,0.27415,2.001123,9.407384,11.408507,3.014716,0.0,0.0,0.0,520814.0,8480.0,5092.0,10000.0
PB3_dpesc_v4_s3,torus3d_transpose,0.6,4,10000,0,192000.0,191507.0,191307.0,0.9974322916666667,0.9989556517516331,0.2989171875,2.001856,9.47141,11.473265,3.023988,0.0,0.0,0.0,565033.0,13884.0,8005.0,10000.0
PB3_dpesc_v4_s3,torus3d_transpose,0.65,4,10000,0,208000.0,207649.0,207435.0,0.9983125,0.9989694147335166,0.3241171875,2.003206,9.547887,11.551093,3.033114,0.0,0.0,0.0,608621.0,20993.0,11940.0,10000.0
PB3_dpesc_v4_s3,torus3d_transpose,0.7,4,10000,0,224000.0,223725.0,223485.0,0.9987723214285714,0.998927254441837,0.3491953125,2.005383,9.627662,11.633045,3.044177,0.0,0.0,0.0,649937.0,30895.0,17112.0,10000.0
PB3_dpesc_v4_s3,torus3d_transpose,0.75,4,10000,0,240000.0,239664.0,239405.0,0.9986,0.9989193203818679,0.3740703125,2.008567,9.736626,11.745193,3.057781,0.0,0.0,0.0,689321.0,43255.0,23739.0,10000.0
PB3_dpesc_v4_s3,torus3d_transpose,0.8,4,10000,0,256000.0,255851.0,255582.0,0.99941796875,0.9989486068063053,0.399346875,2.015279,9.88068,11.895959,3.076868,0.0,0.0,0.0,727067.0,59874.0,31940.0,10000.0
PB3_dpesc_v4_s3,torus3d_transpose,0.85,4,10000,0,272000.0,271674.0,271378.0,0.9988014705882353,0.9989104588587793,0.424028125,2.025382,10.049422,12.074803,3.094355,0.0,0.0,0.0,761127.0,79231.0,41383.0,10000.0
PB3_dpesc_v4_s3,torus3d_transpose,0.9,4,10000,0,288000.0,287669.0,287346.0,0.9988506944444444,0.9988771817609823,0.448978125,2.050779,10.288816,12.339594,3.116167,0.0,0.0,0.0,793562.0,102505.0,52588.0,10000.0
PB3_dpesc_v4_s3,torus3d_transpose,0.95,4,10000,0,304000.0,303816.0,303472.0,0.9993947368421052,0.9988677357347868,0.474175,2.121253,10.645961,12.767214,3.13911,0.0,0.0,0.0,823712.0,129632.0,64965.0,10000.0
PB3_dpesc_v4_s3,torus3d_transpose,1.0,4,10000,0,320000.0,319415.0,319052.0,0.998171875,0.998863547422632,0.49851875,5.771489,11.288226,17.059714,3.165484,0.0,0.0,0.0,851154.0,159541.0,77695.0,10000.0
PB4_dpesc_v4_s4,torus3d_transpose,0.05,4,10000,0,16000.0,15968.0,15949.0,0.998,0.998810120240481,0.0249203125,2.0,9.042072,11.042072,3.003825,0.0,0.0,0.0,47945.0,0.0,0.0,10000.0
PB4_dpesc_v4_s4,torus3d_transpose,0.1,4,10000,0,32000.0,31948.0,31906.0,0.998375,0.9986853637160386,0.049853125,2.0,9.076694,11.076694,3.00351,0.0,0.0,0.0,95915.0,0.0,0.0,10000.0
PB4_dpesc_v4_s4,torus3d_transpose,0.15,4,10000,0,48000.0,47760.0,47703.0,0.995,0.9988065326633165,0.0745359375,2.0,9.098799,11.098799,2.999057,0.0,0.0,0.0,143183.0,0.0,0.0,10000.0
PB4_dpesc_v4_s4,torus3d_transpose,0.2,4,10000,0,64000.0,63806.0,63731.0,0.99696875,0.9988245619534213,0.0995796875,2.000016,9.136856,11.136872,3.001553,0.0,0.0,0.0,191441.0,1.0,1.0,10000.0
PB4_dpesc_v4_s4,torus3d_transpose,0.25,4,10000,0,80000.0,79713.0,79624.0,0.9964125,0.9988834945366503,0.1244125,2.000025,9.176793,11.176819,3.003692,0.0,0.0,0.0,239345.0,0.0,0.0,10000.0
PB4_dpesc_v4_s4,torus3d_transpose,0.3,4,10000,0,96000.0,95810.0,95709.0,0.9980208333333334,0.9989458302891139,0.1495453125,2.000031,9.202531,11.202562,3.001285,0.0,0.0,0.0,287430.0,13.0,9.0,10000.0
PB4_dpesc_v4_s4,torus3d_transpose,0.35,4,10000,0,112000.0,111703.0,111592.0,0.9973482142857143,0.9990062934746605,0.1743625,2.000063,9.232911,11.232974,3.000807,0.0,0.0,0.0,335064.0,14.0,10.0,10000.0
PB4_dpesc_v4_s4,torus3d_transpose,0.4,4,10000,0,128000.0,127637.0,127506.0,0.9971640625,0.9989736518407671,0.199228125,2.000267,9.26387,11.264137,3.000125,0.0,0.0,0.0,382766.0,28.0,24.0,10000.0
PB4_dpesc_v4_s4,torus3d_transpose,0.45,4,10000,0,144000.0,143553.0,143407.0,0.9968958333333333,0.9989829540309154,0.2240734375,2.000286,9.29265,11.292935,2.998292,0.0,0.0,0.0,430178.0,89.0,53.0,10000.0
PB4_dpesc_v4_s4,torus3d_transpose,0.5,4,10000,0,160000.0,159452.0,159294.0,0.996575,0.9990091061886963,0.248896875,2.000402,9.327727,11.328129,2.997979,0.0,0.0,0.0,477689.0,176.0,115.0,10000.0
PB4_dpesc_v4_s4,torus3d_transpose,0.55,4,10000,0,176000.0,175634.0,175458.0,0.9979204545454545,0.9989979161210244,0.274153125,2.001163,9.367592,11.368755,2.999909,0.0,0.0,0.0,526352.0,347.0,226.0,10000.0
PB4_dpesc_v4_s4,torus3d_transpose,0.6,4,10000,0,192000.0,191507.0,191311.0,0.9974322916666667,0.9989765387166004,0.2989234375,2.001741,9.405251,11.406992,3.000779,0.0,0.0,0.0,573883.0,583.0,383.0,10000.0
PB4_dpesc_v4_s4,torus3d_transpose,0.65,4,10000,0,208000.0,207649.0,207441.0,0.9983125,0.9989983096475302,0.3241265625,2.002709,9.445278,11.447988,3.001962,0.0,0.0,0.0,622032.0,1112.0,693.0,10000.0
PB4_dpesc_v4_s4,torus3d_transpose,0.7,4,10000,0,224000.0,223725.0,223493.0,0.9987723214285714,0.9989630126271092,0.3492078125,2.004421,9.486839,11.491259,3.001418,0.0,0.0,0.0,669443.0,1823.0,1163.0,10000.0
PB4_dpesc_v4_s4,torus3d_transpose,0.75,4,10000,0,240000.0,239664.0,239414.0,0.9986,0.998956872955471,0.374084375,2.006512,9.532684,11.539196,3.003575,0.0,0.0,0.0,716497.0,3101.0,1959.0,10000.0
PB4_dpesc_v4_s4,torus3d_transpose,0.8,4,10000,0,256000.0,255852.0,255582.0,0.999421875,0.9989447024060785,0.399346875,2.010818,9.589936,11.600754,3.006245,0.0,0.0,0.0,764059.0,4829.0,3014.0,10000.0
PB4_dpesc_v4_s4,torus3d_transpose,0.85,4,10000,0,272000.0,271674.0,271390.0,0.9988014705882353,0.9989546294455856,0.424046875,2.014411,9.638738,11.653149,3.00821,0.0,0.0,0.0,809454.0,7509.0,4619.0,10000.0
PB4_dpesc_v4_s4,torus3d_transpose,0.9,4,10000,0,288000.0,287668.0,287365.0,0.9988472222222222,0.9989467024486561,0.4490078125,2.024829,9.711708,11.736537,3.013081,0.0,0.0,0.0,854810.0,11644.0,7190.0,10000.0
PB4_dpesc_v4_s4,torus3d_transpose,0.95,4,10000,0,304000.0,303819.0,303503.0,0.9994046052631579,0.9989599070499212,0.4742234375,2.038267,9.789814,11.828081,3.019265,0.0,0.0,0.0,899203.0,17770.0,10456.0,10000.0
PB4_dpesc_v4_s4,torus3d_transpose,1.0,4,10000,0,320000.0,319600.0,319262.0,0.99875,0.9989424280350439,0.498846875,2.058513,9.871341,11.929854,3.026048,0.0,0.0,0.0,941210.0,25556.0,14912.0,10000.0
PB5_dpesc_v4_s5,torus3d_transpose,0.05,4,10000,0,16000.0,15968.0,15949.0,0.998,0.998810120240481,0.0249203125,2.0,9.042072,11.042072,3.003825,0.0,0.0,0.0,47945.0,0.0,0.0,10000.0
PB5_dpesc_v4_s5,torus3d_transpose,0.1,4,10000,0,32000.0,31948.0,31906.0,0.998375,0.9986853637160386,0.049853125,2.0,9.076694,11.076694,3.00351,0.0,0.0,0.0,95915.0,0.0,0.0,10000.0
PB5_dpesc_v4_s5,torus3d_transpose,0.15,4,10000,0,48000.0,47760.0,47703.0,0.995,0.9988065326633165,0.0745359375,2.0,9.098799,11.098799,2.999057,0.0,0.0,0.0,143183.0,0.0,0.0,10000.0
PB5_dpesc_v4_s5,torus3d_transpose,0.2,4,10000,0,64000.0,63806.0,63730.0,0.99696875,0.9988088894461336,0.099578125,2.000016,9.137471,11.137486,3.001538,0.0,0.0,0.0,191443.0,0.0,0.0,10000.0
PB5_dpesc_v4_s5,torus3d_transpose,0.25,4,10000,0,80000.0,79713.0,79624.0,0.9964125,0.9988834945366503,0.1244125,2.000025,9.176793,11.176819,3.003692,0.0,0.0,0.0,239345.0,0.0,0.0,10000.0
PB5_dpesc_v4_s5,torus3d_transpose,0.3,4,10000,0,96000.0,95810.0,95709.0,0.9980208333333334,0.9989458302891139,0.1495453125,2.000021,9.201611,11.201632,3.001243,0.0,0.0,0.0,287438.0,1.0,1.0,10000.0
PB5_dpesc_v4_s5,torus3d_transpose,0.35,4,10000,0,112000.0,111703.0,111592.0,0.9973482142857143,0.9990062934746605,0.1743625,2.00009,9.23249,11.232579,3.000789,0.0,0.0,0.0,335070.0,7.0,5.0,10000.0
PB5_dpesc_v4_s5,torus3d_transpose,0.4,4,10000,0,128000.0,127637.0,127506.0,0.9971640625,0.9989736518407671,0.199228125,2.000165,9.264686,11.26485,3.000094,0.0,0.0,0.0,382783.0,7.0,7.0,10000.0
PB5_dpesc_v4_s5,torus3d_transpose,0.45,4,10000,0,144000.0,143553.0,143409.0,0.9968958333333333,0.9989968861674782,0.2240765625,2.000258,9.289947,11.290205,2.998082,0.0,0.0,0.0,430215.0,19.0,15.0,10000.0
PB5_dpesc_v4_s5,torus3d_transpose,0.5,4,10000,0,160000.0,159452.0,159294.0,0.996575,0.9990091061886963,0.248896875,2.000559,9.327953,11.328512,2.997778,0.0,0.0,0.0,477768.0,65.0,39.0,10000.0
PB5_dpesc_v4_s5,torus3d_transpose,0.55,4,10000,0,176000.0,175634.0,175456.0,0.9979204545454545,0.9989865288042179,0.27415,2.000901,9.362798,11.363698,2.999441,0.0,0.0,0.0,526535.0,81.0,47.0,10000.0
PB5_dpesc_v4_s5,torus3d_transpose,0.6,4,10000,0,192000.0,191507.0,191310.0,0.9974322916666667,0.9989713169753586,0.298921875,2.00162,9.403047,11.404668,3.0,0.0,0.0,0.0,574191.0,131.0,85.0,10000.0
PB5_dpesc_v4_s5,torus3d_transpose,0.65,4,10000,0,208000.0,207649.0,207442.0,0.9983125,0.9990031254665325,0.324128125,2.002772,9.441728,11.4445,3.000434,0.0,0.0,0.0,622620.0,207.0,136.0,10000.0
PB5_dpesc_v4_s5,torus3d_transpose,0.7,4,10000,0,224000.0,223725.0,223493.0,0.9987723214285714,0.9989630126271092,0.3492078125,2.004461,9.481921,11.486382,2.999235,0.0,0.0,0.0,670448.0,326.0,220.0,10000.0
PB5_dpesc_v4_s5,torus3d_transpose,0.75,4,10000,0,240000.0,239664.0,239415.0,0.9986,0.9989610454636491,0.3740859375,2.006662,9.526408,11.53307,3.000071,0.0,0.0,0.0,718199.0,562.0,366.0,10000.0
PB5_dpesc_v4_s5,torus3d_transpose,0.8,4,10000,0,256000.0,255852.0,255587.0,0.999421875,0.9989642449541141,0.3993546875,2.009613,9.573226,11.582839,3.001303,0.0,0.0,0.0,766710.0,909.0,598.0,10000.0
PB5_dpesc_v4_s5,torus3d_transpose,0.85,4,10000,0,272000.0,271674.0,271392.0,0.9988014705882353,0.9989619912100532,0.42405,2.014691,9.615195,11.629886,3.000486,0.0,0.0,0.0,813668.0,1188.0,818.0,10000.0
PB5_dpesc_v4_s5,torus3d_transpose,0.9,4,10000,0,288000.0,287669.0,287362.0,0.9988506944444444,0.9989328012403144,0.449003125,2.023423,9.674846,11.698269,3.002429,0.0,0.0,0.0,861430.0,1970.0,1287.0,10000.0
PB5_dpesc_v4_s5,torus3d_transpose,0.95,4,10000,0,304000.0,303819.0,303506.0,0.9994046052631579,0.9989697813500802,0.474228125,2.036237,9.728509,11.764746,3.002754,0.0,0.0,0.0,909278.0,2679.0,1715.0,10000.0
PB5_dpesc_v4_s5,torus3d_transpose,1.0,4,10000,0,320000.0,319601.0,319272.0,0.998753125,0.998970591456222,0.4988625,2.054014,9.785778,11.839792,3.003539,0.0,0.0,0.0,955792.0,3797.0,2491.0,10000.0
PB6_dpesc_v4_s6,torus3d_transpose,0.05,4,10000,0,16000.0,15968.0,15949.0,0.998,0.998810120240481,0.0249203125,2.0,9.042072,11.042072,3.003825,0.0,0.0,0.0,47945.0,0.0,0.0,10000.0
PB6_dpesc_v4_s6,torus3d_transpose,0.1,4,10000,0,32000.0,31948.0,31906.0,0.998375,0.9986853637160386,0.049853125,2.0,9.076694,11.076694,3.00351,0.0,0.0,0.0,95915.0,0.0,0.0,10000.0
PB6_dpesc_v4_s6,torus3d_transpose,0.15,4,10000,0,48000.0,47760.0,47703.0,0.995,0.9988065326633165,0.0745359375,2.0,9.098799,11.098799,2.999057,0.0,0.0,0.0,143183.0,0.0,0.0,10000.0
PB6_dpesc_v4_s6,torus3d_transpose,0.2,4,10000,0,64000.0,63806.0,63730.0,0.99696875,0.9988088894461336,0.099578125,2.000016,9.137471,11.137486,3.001538,0.0,0.0,0.0,191443.0,0.0,0.0,10000.0
PB6_dpesc_v4_s6,torus3d_transpose,0.25,4,10000,0,80000.0,79713.0,79624.0,0.9964125,0.9988834945366503,0.1244125,2.000025,9.176793,11.176819,3.003692,0.0,0.0,0.0,239345.0,0.0,0.0,10000.0
PB6_dpesc_v4_s6,torus3d_transpose,0.3,4,10000,0,96000.0,95810.0,95709.0,0.9980208333333334,0.9989458302891139,0.1495453125,2.000021,9.201611,11.201632,3.001243,0.0,0.0,0.0,287438.0,1.0,1.0,10000.0
PB6_dpesc_v4_s6,torus3d_transpose,0.35,4,10000,0,112000.0,111703.0,111592.0,0.9973482142857143,0.9990062934746605,0.1743625,2.00009,9.23249,11.232579,3.000789,0.0,0.0,0.0,335070.0,7.0,5.0,10000.0
PB6_dpesc_v4_s6,torus3d_transpose,0.4,4,10000,0,128000.0,127637.0,127506.0,0.9971640625,0.9989736518407671,0.199228125,2.000165,9.264686,11.26485,3.000094,0.0,0.0,0.0,382783.0,7.0,7.0,10000.0
PB6_dpesc_v4_s6,torus3d_transpose,0.45,4,10000,0,144000.0,143553.0,143409.0,0.9968958333333333,0.9989968861674782,0.2240765625,2.000258,9.289947,11.290205,2.998082,0.0,0.0,0.0,430215.0,19.0,15.0,10000.0
PB6_dpesc_v4_s6,torus3d_transpose,0.5,4,10000,0,160000.0,159452.0,159294.0,0.996575,0.9990091061886963,0.248896875,2.00054,9.327169,11.327709,2.99774,0.0,0.0,0.0,477777.0,51.0,31.0,10000.0
PB6_dpesc_v4_s6,torus3d_transpose,0.55,4,10000,0,176000.0,175634.0,175456.0,0.9979204545454545,0.9989865288042179,0.27415,2.000901,9.362798,11.363698,2.999441,0.0,0.0,0.0,526535.0,81.0,47.0,10000.0
PB6_dpesc_v4_s6,torus3d_transpose,0.6,4,10000,0,192000.0,191507.0,191311.0,0.9974322916666667,0.9989765387166004,0.2989234375,2.001589,9.402653,11.404242,3.000037,0.0,0.0,0.0,574175.0,148.0,100.0,10000.0
PB6_dpesc_v4_s6,torus3d_transpose,0.65,4,10000,0,208000.0,207649.0,207440.0,0.9983125,0.998993493828528,0.324125,2.002574,9.441414,11.443989,3.000347,0.0,0.0,0.0,622614.0,198.0,146.0,10000.0
PB6_dpesc_v4_s6,torus3d_transpose,0.7,4,10000,0,224000.0,223725.0,223491.0,0.9987723214285714,0.9989540730807912,0.3492046875,2.004515,9.480641,11.485156,2.999217,0.0,0.0,0.0,670440.0,332.0,232.0,10000.0
PB6_dpesc_v4_s6,torus3d_transpose,0.75,4,10000,0,240000.0,239664.0,239417.0,0.9986,0.9989693904800053,0.3740890625,2.006566,9.524219,11.530785,3.000104,0.0,0.0,0.0,718194.0,570.0,372.0,10000.0
PB6_dpesc_v4_s6,torus3d_transpose,0.8,4,10000,0,256000.0,255852.0,255586.0,0.999421875,0.998960336444507,0.399353125,2.010196,9.572512,11.582708,3.001064,0.0,0.0,0.0,766762.0,794.0,551.0,10000.0
PB6_dpesc_v4_s6,torus3d_transpose,0.85,4,10000,0,272000.0,271673.0,271397.0,0.998797794117647,0.9989840727639479,0.4240578125,2.01524,9.619933,11.635173,3.000512,0.0,0.0,0.0,813733.0,1137.0,762.0,10000.0
PB6_dpesc_v4_s6,torus3d_transpose,0.9,4,10000,0,288000.0,287669.0,287367.0,0.9988506944444444,0.9989501823276057,0.4490109375,2.024276,9.67299,11.697265,3.002161,0.0,0.0,0.0,861543.0,1774.0,1184.0,10000.0
PB6_dpesc_v4_s6,torus3d_transpose,0.95,4,10000,0,304000.0,303819.0,303503.0,0.9994046052631579,0.9989599070499212,0.4742234375,2.03572,9.726158,11.761877,3.002211,0.0,0.0,0.0,909540.0,2246.0,1484.0,10000.0
PB6_dpesc_v4_s6,torus3d_transpose,1.0,4,10000,0,320000.0,319601.0,319270.0,0.998753125,0.9989643336535242,0.498859375,2.053118,9.782917,11.836035,3.003063,0.0,0.0,0.0,956142.0,3292.0,2189.0,10000.0
PC0_esc_v3,torus3d_transpose,0.05,3,10000,0,16000.0,15968.0,15949.0,0.998,0.998810120240481,0.0249203125,2.002947,9.044203,11.04715,3.003825,0.0,0.0,0.0,0.0,0.0,0.0,10000.0
PC0_esc_v3,torus3d_transpose,0.1,3,10000,0,32000.0,31948.0,31906.0,0.998375,0.9986853637160386,0.049853125,2.010782,9.076005,11.086786,3.003886,0.0,0.0,0.0,0.0,24.0,12.0,10000.0
PC0_esc_v3,torus3d_transpose,0.15,3,10000,0,48000.0,47759.0,47703.0,0.9949791666666666,0.9988274461358069,0.0745359375,2.024883,9.097541,11.122424,2.999392,0.0,0.0,0.0,0.0,50.0,34.0,10000.0
PC0_esc_v3,torus3d_transpose,0.2,3,10000,0,64000.0,63805.0,63731.0,0.996953125,0.9988402162839903,0.0995796875,2.046994,9.133687,11.180681,3.002809,0.0,0.0,0.0,0.0,194.0,113.0,10000.0
PC0_esc_v3,torus3d_transpose,0.25,3,10000,0,80000.0,79712.0,79625.0,0.9964,0.9989085708550783,0.1244140625,2.072239,9.165815,11.238053,3.005363,0.0,0.0,0.0,0.0,403.0,263.0,10000.0
PC0_esc_v3,torus3d_transpose,0.3,3,10000,0,96000.0,95809.0,95709.0,0.9980104166666667,0.9989562567190974,0.1495453125,2.109227,9.187067,11.296294,3.003793,0.0,0.0,0.0,0.0,760.0,502.0,10000.0
PC0_esc_v3,torus3d_transpose,0.35,3,10000,0,112000.0,111701.0,111592.0,0.9973303571428571,0.9990241806250616,0.1743625,2.154975,9.21368,11.368655,3.005108,0.0,0.0,0.0,0.0,1430.0,933.0,10000.0
PC0_esc_v3,torus3d_transpose,0.4,3,10000,0,128000.0,127635.0,127504.0,0.9971484375,0.9989736357582167,0.199225,2.21706,9.241208,11.458268,3.0064,0.0,0.0,0.0,0.0,2409.0,1553.0,10000.0
PC0_esc_v3,torus3d_transpose,0.45,3,10000,0,144000.0,143550.0,143408.0,0.996875,0.9990107976314873,0.224075,2.305764,9.262865,11.568629,3.006011,0.0,0.0,0.0,0.0,3500.0,2269.0,10000.0
PC0_esc_v3,torus3d_transpose,0.5,3,10000,0,160000.0,159448.0,159287.0,0.99655,0.998990266419146,0.2488859375,2.425044,9.294663,11.719707,3.008858,0.0,0.0,0.0,0.0,5357.0,3402.0,10000.0
PC0_esc_v3,torus3d_transpose,0.55,3,10000,0,176000.0,175628.0,175451.0,0.9978863636363636,0.9989921880337987,0.2741421875,2.600481,9.328228,11.928709,3.01259,0.0,0.0,0.0,0.0,7210.0,4648.0,10000.0
PC0_esc_v3,torus3d_transpose,0.6,3,10000,0,192000.0,191495.0,191294.0,0.9973697916666666,0.9989503642392752,0.298896875,2.884387,9.3709,12.255288,3.017627,0.0,0.0,0.0,0.0,10364.0,6507.0,10000.0
PC0_esc_v3,torus3d_transpose,0.65,3,10000,0,208000.0,207629.0,207415.0,0.9982163461538461,0.998969315461713,0.3240859375,3.422043,9.416257,12.8383,3.022616,0.0,0.0,0.0,0.0,14059.0,8777.0,10000.0
PC0_esc_v3,torus3d_transpose,0.7,3,10000,0,224000.0,223673.0,223438.0,0.9985401785714285,0.9989493591090566,0.349121875,4.700516,9.460544,14.16106,3.024973,0.0,0.0,0.0,0.0,17858.0,11132.0,10000.0
PC0_esc_v3,torus3d_transpose,0.75,3,10000,0,240000.0,239432.0,239180.0,0.9976333333333334,0.9989475091048815,0.37371875,11.477569,9.5304,21.007969,3.031449,0.0,0.0,0.0,0.0,23538.0,14519.0,10000.0
PC0_esc_v3,torus3d_transpose,0.8,3,10000,0,256000.0,247190.0,246921.0,0.9655859375,0.9989117682754157,0.3858140625,174.324569,9.554611,183.87918,3.032063,0.0,0.0,0.0,0.0,26437.0,16297.0,10000.0
PC0_esc_v3,torus3d_transpose,0.85,3,10000,0,272000.0,247450.0,247189.0,0.9097426470588236,0.9989452414629219,0.3862328125,446.852024,9.549426,456.40145,3.02952,0.0,0.0,0.0,0.0,26011.0,16072.0,10000.0
PC0_esc_v3,torus3d_transpose,0.9,3,10000,0,288000.0,247347.0,247094.0,0.85884375,0.9989771454677032,0.386084375,700.238727,9.552518,709.791245,3.030296,0.0,0.0,0.0,0.0,26363.0,16251.0,10000.0
PC0_esc_v3,torus3d_transpose,0.95,3,10000,0,304000.0,247474.0,247213.0,0.8140592105263158,0.9989453437532831,0.3862703125,927.034549,9.552418,936.586968,3.030439,0.0,0.0,0.0,0.0,26583.0,16410.0,10000.0
PC0_esc_v3,torus3d_transpose,1.0,3,10000,0,320000.0,247453.0,247193.0,0.773290625,0.9989492954217568,0.3862390625,1128.225148,9.553398,1137.778546,3.030668,0.0,0.0,0.0,0.0,26411.0,16336.0,10000.0
PC1_dpesc_v3_s1,torus3d_transpose,0.05,3,10000,0,16000.0,15968.0,15949.0,0.998,0.998810120240481,0.0249203125,2.00301,9.116496,11.119506,3.039438,0.0,0.0,0.0,46789.0,1724.0,1012.0,10000.0
PC1_dpesc_v3_s1,torus3d_transpose,0.1,3,10000,0,32000.0,31948.0,31905.0,0.998375,0.9986540628521348,0.0498515625,2.010813,9.2651,11.275913,3.090738,0.0,0.0,0.0,90111.0,8590.0,4558.0,10000.0
PC1_dpesc_v3_s1,torus3d_transpose,0.15,3,10000,0,48000.0,47759.0,47699.0,0.9949791666666666,0.9987436922883645,0.0745296875,2.024948,9.460785,11.485733,3.149752,0.0,0.0,0.0,128427.0,21951.0,10793.0,10000.0
PC1_dpesc_v3_s1,torus3d_transpose,0.2,3,10000,0,64000.0,63805.0,63729.0,0.996953125,0.9988088707781522,0.0995765625,2.04811,9.738141,11.786251,3.223462,0.0,0.0,0.0,161926.0,43659.0,20007.0,10000.0
PC1_dpesc_v3_s1,torus3d_transpose,0.25,3,10000,0,80000.0,79712.0,79620.0,0.9964,0.9988458450421518,0.12440625,2.078875,10.082266,12.16114,3.28631,0.0,0.0,0.0,191182.0,70666.0,30896.0,10000.0
PC1_dpesc_v3_s1,torus3d_transpose,0.3,3,10000,0,96000.0,95809.0,95697.0,0.9980104166666667,0.998831007525389,0.1495265625,2.127935,10.59633,12.724265,3.342822,0.0,0.0,0.0,216100.0,104039.0,43389.0,10000.0
PC1_dpesc_v3_s1,torus3d_transpose,0.35,3,10000,0,112000.0,111699.0,111564.0,0.9973125,0.9987913947304811,0.17431875,2.231006,11.436709,13.667715,3.394536,0.0,0.0,0.0,239025.0,139988.0,56047.0,10000.0
PC1_dpesc_v3_s1,torus3d_transpose,0.4,3,10000,0,128000.0,127629.0,127456.0,0.9971015625,0.9986445086931653,0.19915,2.72221,13.182455,15.904665,3.425606,0.0,0.0,0.0,260479.0,176518.0,69207.0,10000.0
PC1_dpesc_v3_s1,torus3d_transpose,0.45,3,10000,0,144000.0,121584.0,121264.0,0.8443333333333334,0.9973680747466772,0.189475,613.826288,25.615467,639.441755,3.473991,0.0,0.0,0.0,228465.0,193403.0,77638.0,10000.0
PC1_dpesc_v3_s1,torus3d_transpose,0.5,3,10000,0,160000.0,115337.0,114999.0,0.72085625,0.9970694573293912,0.1796859375,1124.962791,28.706963,1153.669754,3.4665,0.0,0.0,0.0,212367.0,186942.0,75272.0,10000.0
PC1_dpesc_v3_s1,torus3d_transpose,0.55,3,10000,0,176000.0,104131.0,103783.0,0.5916534090909091,0.9966580557182779,0.1621609375,1601.128374,33.642128,1634.770502,3.384485,0.0,0.0,0.0,183861.0,168016.0,68794.0,10000.0
PC1_dpesc_v3_s1,torus3d_transpose,0.6,3,10000,0,192000.0,103497.0,103126.0,0.539046875,0.9964153550344454,0.161134375,1883.215164,34.076993,1917.292157,3.330159,0.0,0.0,0.0,180188.0,163865.0,67713.0,10000.0
PC1_dpesc_v3_s1,torus3d_transpose,0.65,3,10000,0,208000.0,103190.0,102817.0,0.4961057692307692,0.9963853086539394,0.1606515625,2049.827636,34.361895,2084.189531,3.297684,0.0,0.0,0.0,178035.0,161668.0,67047.0,10000.0
PC1_dpesc_v3_s1,torus3d_transpose,0.7,3,10000,0,224000.0,103996.0,103637.0,0.4642678571428571,0.9965479441516981,0.1619328125,2211.905516,34.14847,2246.053987,3.256617,0.0,0.0,0.0,176525.0,161592.0,66761.0,10000.0
PC1_dpesc_v3_s1,torus3d_transpose,0.75,3,10000,0,240000.0,104743.0,104370.0,0.43642916666666665,0.9964389028383759,0.163078125,2360.333918,33.90571,2394.239628,3.230507,0.0,0.0,0.0,176105.0,161719.0,66727.0,10000.0
PC1_dpesc_v3_s1,torus3d_transpose,0.8,3,10000,0,256000.0,105265.0,104897.0,0.41119140625,0.9965040611789294,0.1639015625,2444.85604,33.841702,2478.697742,3.204362,0.0,0.0,0.0,174989.0,161785.0,66559.0,10000.0
PC1_dpesc_v3_s1,torus3d_transpose,0.85,3,10000,0,272000.0,106629.0,106257.0,0.3920183823529412,0.9965112680415271,0.1660265625,2556.084484,33.272311,2589.356795,3.210499,0.0,0.0,0.0,177722.0,164084.0,67368.0,10000.0
PC1_dpesc_v3_s1,torus3d_transpose,0.9,3,10000,0,288000.0,105523.0,105149.0,0.36639930555555555,0.9964557489836339,0.1642953125,2710.817193,33.71412,2744.531313,3.193183,0.0,0.0,0.0,174535.0,161856.0,66579.0,10000.0
PC1_dpesc_v3_s1,torus3d_transpose,0.95,3,10000,0,304000.0,106992.0,106630.0,0.3519473684210526,0.9966165694631375,0.166609375,2817.517434,33.122592,2850.640026,3.209097,0.0,0.0,0.0,178411.0,164373.0,67585.0,10000.0
PC1_dpesc_v3_s1,torus3d_transpose,1.0,3,10000,0,320000.0,105903.0,105530.0,0.330946875,0.9964779090299614,0.164890625,2922.75009,33.628949,2956.379039,3.200967,0.0,0.0,0.0,175798.0,162634.0,66894.0,10000.0
PC2_dpesc_v3_s2,torus3d_transpose,0.05,3,10000,0,16000.0,15968.0,15949.0,0.998,0.998810120240481,0.0249203125,2.00301,9.042636,11.045645,3.004702,0.0,0.0,0.0,47924.0,35.0,21.0,10000.0
PC2_dpesc_v3_s2,torus3d_transpose,0.1,3,10000,0,32000.0,31948.0,31906.0,0.998375,0.9986853637160386,0.049853125,2.010656,9.07986,11.090516,3.005955,0.0,0.0,0.0,95727.0,266.0,180.0,10000.0
PC2_dpesc_v3_s2,torus3d_transpose,0.15,3,10000,0,48000.0,47760.0,47703.0,0.995,0.9988065326633165,0.0745359375,2.024736,9.109951,11.134688,3.006184,0.0,0.0,0.0,142505.0,1017.0,649.0,10000.0
PC2_dpesc_v3_s2,torus3d_transpose,0.2,3,10000,0,64000.0,63805.0,63730.0,0.996953125,0.9988245435310712,0.099578125,2.046195,9.157367,11.203562,3.015064,0.0,0.0,0.0,189602.0,2703.0,1694.0,10000.0
PC2_dpesc_v3_s2,torus3d_transpose,0.25,3,10000,0,80000.0,79712.0,79624.0,0.9964,0.998896025692493,0.1244125,2.072579,9.221278,11.293856,3.029715,0.0,0.0,0.0,235223.0,6197.0,3642.0,10000.0
PC2_dpesc_v3_s2,torus3d_transpose,0.3,3,10000,0,96000.0,95809.0,95708.0,0.9980104166666667,0.9989458192862883,0.14954375,2.109364,9.278608,11.387972,3.040456,0.0,0.0,0.0,279820.0,11372.0,6500.0,10000.0
PC2_dpesc_v3_s2,torus3d_transpose,0.35,3,10000,0,112000.0,111700.0,111590.0,0.9973214285714286,0.9990152193375111,0.174359375,2.155059,9.351322,11.506381,3.057837,0.0,0.0,0.0,322107.0,19331.0,10593.0,10000.0
PC2_dpesc_v3_s2,torus3d_transpose,0.4,3,10000,0,128000.0,127634.0,127504.0,0.997140625,0.9989814626196781,0.199225,2.220409,9.450276,11.670685,3.080013,0.0,0.0,0.0,362128.0,30845.0,16390.0,10000.0
PC2_dpesc_v3_s2,torus3d_transpose,0.45,3,10000,0,144000.0,143549.0,143403.0,0.9968680555555556,0.9989829256908791,0.2240671875,2.311458,9.561209,11.872667,3.10292,0.0,0.0,0.0,399784.0,45486.0,23464.0,10000.0
PC2_dpesc_v3_s2,torus3d_transpose,0.5,3,10000,0,160000.0,159449.0,159284.0,0.99655625,0.9989651863605291,0.24888125,2.438506,9.707303,12.145809,3.128098,0.0,0.0,0.0,435388.0,63194.0,31829.0,10000.0
PC2_dpesc_v3_s2,torus3d_transpose,0.55,3,10000,0,176000.0,175628.0,175437.0,0.9978863636363636,0.9989124740929692,0.2741203125,2.642943,9.914043,12.556986,3.161921,0.0,0.0,0.0,468916.0,86198.0,42062.0,10000.0
PC2_dpesc_v3_s2,torus3d_transpose,0.6,3,10000,0,192000.0,191489.0,191276.0,0.9973385416666667,0.9988876645655886,0.29886875,2.992012,10.19635,13.188361,3.19371,0.0,0.0,0.0,499400.0,111929.0,53021.0,10000.0
PC2_dpesc_v3_s2,torus3d_transpose,0.65,3,10000,0,208000.0,207619.0,207376.0,0.9981682692307692,0.9988295868875199,0.324025,3.911446,10.593063,14.504509,3.224336,0.0,0.0,0.0,528916.0,140258.0,64703.0,10000.0
PC2_dpesc_v3_s2,torus3d_transpose,0.7,3,10000,0,224000.0,223238.0,222971.0,0.9965982142857143,0.9988039670665388,0.3483921875,15.960394,11.236784,27.197178,3.250503,0.0,0.0,0.0,556150.0,169198.0,76437.0,10000.0
PC2_dpesc_v3_s2,torus3d_transpose,0.75,3,10000,0,240000.0,232579.0,232273.0,0.9690791666666667,0.9986843180166739,0.3629265625,148.291571,12.070624,160.362194,3.294055,0.0,0.0,0.0,577588.0,188229.0,83963.0,10000.0
PC2_dpesc_v3_s2,torus3d_transpose,0.8,3,10000,0,256000.0,234961.0,234661.0,0.91781640625,0.9987231923595831,0.3666578125,393.651834,12.441808,406.093641,3.303208,0.0,0.0,0.0,583171.0,192628.0,85830.0,10000.0
PC2_dpesc_v3_s2,torus3d_transpose,0.85,3,10000,0,272000.0,235203.0,234878.0,0.8647169117647059,0.9986182149037215,0.366996875,656.325799,12.412022,668.737821,3.299151,0.0,0.0,0.0,583378.0,192245.0,85836.0,10000.0
PC2_dpesc_v3_s2,torus3d_transpose,0.9,3,10000,0,288000.0,235335.0,235009.0,0.8171354166666667,0.9986147406888053,0.3672015625,894.405708,12.40141,906.807118,3.298172,0.0,0.0,0.0,583415.0,192409.0,85788.0,10000.0
PC2_dpesc_v3_s2,torus3d_transpose,0.95,3,10000,0,304000.0,235342.0,235027.0,0.7741513157894737,0.9986615223801957,0.3672296875,1112.220817,12.400971,1124.621788,3.300029,0.0,0.0,0.0,583229.0,193061.0,85992.0,10000.0
PC2_dpesc_v3_s2,torus3d_transpose,1.0,3,10000,0,320000.0,235197.0,234871.0,0.734990625,0.9986139278987402,0.3669859375,1306.077017,12.426775,1318.503791,3.299036,0.0,0.0,0.0,583974.0,191612.0,85305.0,10000.0
PC3_dpesc_v3_s3,torus3d_transpose,0.05,3,10000,0,16000.0,15968.0,15949.0,0.998,0.998810120240481,0.0249203125,2.002947,9.044203,11.04715,3.003825,0.0,0.0,0.0,47945.0,0.0,0.0,10000.0
PC3_dpesc_v3_s3,torus3d_transpose,0.1,3,10000,0,32000.0,31948.0,31906.0,0.998375,0.9986853637160386,0.049853125,2.010782,9.076005,11.086786,3.003886,0.0,0.0,0.0,95903.0,24.0,12.0,10000.0
PC3_dpesc_v3_s3,torus3d_transpose,0.15,3,10000,0,48000.0,47760.0,47703.0,0.995,0.9988065326633165,0.0745359375,2.024967,9.095759,11.120726,2.999476,0.0,0.0,0.0,143146.0,57.0,37.0,10000.0
PC3_dpesc_v3_s3,torus3d_transpose,0.2,3,10000,0,64000.0,63805.0,63731.0,0.996953125,0.9988402162839903,0.0995796875,2.046461,9.13229,11.178751,3.00284,0.0,0.0,0.0,191328.0,195.0,113.0,10000.0
PC3_dpesc_v3_s3,torus3d_transpose,0.25,3,10000,0,80000.0,79712.0,79625.0,0.9964,0.9989085708550783,0.1244140625,2.072754,9.164885,11.237639,3.005137,0.0,0.0,0.0,239027.0,432.0,308.0,10000.0
PC3_dpesc_v3_s3,torus3d_transpose,0.3,3,10000,0,96000.0,95809.0,95709.0,0.9980104166666667,0.9989562567190974,0.1495453125,2.108945,9.19063,11.299575,3.004691,0.0,0.0,0.0,286785.0,982.0,628.0,10000.0
PC3_dpesc_v3_s3,torus3d_transpose,0.35,3,10000,0,112000.0,111701.0,111592.0,0.9973303571428571,0.9990241806250616,0.1743625,2.154859,9.21886,11.373719,3.006327,0.0,0.0,0.0,333848.0,1844.0,1149.0,10000.0
PC3_dpesc_v3_s3,torus3d_transpose,0.4,3,10000,0,128000.0,127635.0,127502.0,0.9971484375,0.9989579660751361,0.199221875,2.219079,9.244961,11.46404,3.008565,0.0,0.0,0.0,380627.0,3235.0,1998.0,10000.0
PC3_dpesc_v3_s3,torus3d_transpose,0.45,3,10000,0,144000.0,143550.0,143405.0,0.996875,0.998989898989899,0.2240703125,2.304313,9.273944,11.578257,3.009756,0.0,0.0,0.0,426781.0,5126.0,3133.0,10000.0
PC3_dpesc_v3_s3,torus3d_transpose,0.5,3,10000,0,160000.0,159447.0,159286.0,0.99654375,0.9989902600864237,0.248884375,2.423961,9.312093,11.736053,3.014452,0.0,0.0,0.0,472358.0,8120.0,4884.0,10000.0
PC3_dpesc_v3_s3,torus3d_transpose,0.55,3,10000,0,176000.0,175629.0,175445.0,0.9978920454545455,0.9989523370286228,0.2741328125,2.604263,9.356214,11.960478,3.022337,0.0,0.0,0.0,518363.0,12252.0,7168.0,10000.0
PC3_dpesc_v3_s3,torus3d_transpose,0.6,3,10000,0,192000.0,191493.0,191289.0,0.997359375,0.9989346869076154,0.2988890625,2.886758,9.40788,12.294638,3.030587,0.0,0.0,0.0,562276.0,17844.0,10291.0,10000.0
PC3_dpesc_v3_s3,torus3d_transpose,0.65,3,10000,0,208000.0,207628.0,207413.0,0.9982115384615384,0.9989644941915349,0.3240828125,3.433382,9.472502,12.905883,3.040494,0.0,0.0,0.0,605426.0,25645.0,14532.0,10000.0
PC3_dpesc_v3_s3,torus3d_transpose,0.7,3,10000,0,224000.0,223674.0,223433.0,0.9985446428571428,0.9989225390523708,0.3491140625,4.773225,9.553696,14.326921,3.050042,0.0,0.0,0.0,646422.0,35524.0,19844.0,10000.0
PC3_dpesc_v3_s3,torus3d_transpose,0.75,3,10000,0,240000.0,239428.0,239179.0,0.9976166666666667,0.9989600213842993,0.3737171875,11.714218,9.666283,21.380502,3.068497,0.0,0.0,0.0,684576.0,49832.0,26879.0,10000.0
PC3_dpesc_v3_s3,torus3d_transpose,0.8,3,10000,0,256000.0,246843.0,246579.0,0.96423046875,0.9989304942817905,0.3852796875,179.872637,9.713191,189.585828,3.070602,0.0,0.0,0.0,701382.0,56260.0,30694.0,10000.0
PC3_dpesc_v3_s3,torus3d_transpose,0.85,3,10000,0,272000.0,247108.0,246839.0,0.9084852941176471,0.9989114071580038,0.3856859375,453.311892,9.707295,463.019187,3.069969,0.0,0.0,0.0,701726.0,56596.0,30582.0,10000.0
PC3_dpesc_v3_s3,torus3d_transpose,0.9,3,10000,0,288000.0,247075.0,246814.0,0.8578993055555556,0.998943640594961,0.385646875,704.416322,9.712229,714.12855,3.070353,0.0,0.0,0.0,701908.0,56414.0,30441.0,10000.0
PC3_dpesc_v3_s3,torus3d_transpose,0.95,3,10000,0,304000.0,247037.0,246771.0,0.8126217105263158,0.998923238219376,0.3855796875,934.883191,9.715473,944.598664,3.070701,0.0,0.0,0.0,701653.0,56624.0,30576.0,10000.0
PC3_dpesc_v3_s3,torus3d_transpose,1.0,3,10000,0,320000.0,247059.0,246797.0,0.772059375,0.9989395245670063,0.3856203125,1134.714138,9.709214,1144.423352,3.070467,0.0,0.0,0.0,701822.0,56483.0,30399.0,10000.0
PC4_dpesc_v3_s4,torus3d_transpose,0.05,3,10000,0,16000.0,15968.0,15949.0,0.998,0.998810120240481,0.0249203125,2.002947,9.044203,11.04715,3.003825,0.0,0.0,0.0,47945.0,0.0,0.0,10000.0
PC4_dpesc_v3_s4,torus3d_transpose,0.1,3,10000,0,32000.0,31948.0,31906.0,0.998375,0.9986853637160386,0.049853125,2.010782,9.076005,11.086786,3.003886,0.0,0.0,0.0,95903.0,24.0,12.0,10000.0
PC4_dpesc_v3_s4,torus3d_transpose,0.15,3,10000,0,48000.0,47759.0,47703.0,0.9949791666666666,0.9988274461358069,0.0745359375,2.024883,9.097541,11.122424,2.999392,0.0,0.0,0.0,143149.0,50.0,34.0,10000.0
PC4_dpesc_v3_s4,torus3d_transpose,0.2,3,10000,0,64000.0,63805.0,63731.0,0.996953125,0.9988402162839903,0.0995796875,2.046994,9.133687,11.180681,3.002809,0.0,0.0,0.0,191327.0,194.0,113.0,10000.0
PC4_dpesc_v3_s4,torus3d_transpose,0.25,3,10000,0,80000.0,79712.0,79625.0,0.9964,0.9989085708550783,0.1244140625,2.072239,9.165815,11.238053,3.005363,0.0,0.0,0.0,239075.0,403.0,263.0,10000.0
PC4_dpesc_v3_s4,torus3d_transpose,0.3,3,10000,0,96000.0,95809.0,95709.0,0.9980104166666667,0.9989562567190974,0.1495453125,2.109227,9.187067,11.296294,3.003793,0.0,0.0,0.0,286922.0,760.0,502.0,10000.0
PC4_dpesc_v3_s4,torus3d_transpose,0.35,3,10000,0,112000.0,111701.0,111592.0,0.9973303571428571,0.9990241806250616,0.1743625,2.154975,9.21368,11.368655,3.005108,0.0,0.0,0.0,334126.0,1430.0,933.0,10000.0
PC4_dpesc_v3_s4,torus3d_transpose,0.4,3,10000,0,128000.0,127635.0,127504.0,0.9971484375,0.9989736357582167,0.199225,2.21706,9.241208,11.458268,3.0064,0.0,0.0,0.0,381177.0,2409.0,1553.0,10000.0
PC4_dpesc_v3_s4,torus3d_transpose,0.45,3,10000,0,144000.0,143550.0,143408.0,0.996875,0.9990107976314873,0.224075,2.305764,9.262865,11.568629,3.006011,0.0,0.0,0.0,427865.0,3500.0,2269.0,10000.0
PC4_dpesc_v3_s4,torus3d_transpose,0.5,3,10000,0,160000.0,159448.0,159287.0,0.99655,0.998990266419146,0.2488859375,2.425044,9.294663,11.719707,3.008858,0.0,0.0,0.0,474224.0,5357.0,3402.0,10000.0
PC4_dpesc_v3_s4,torus3d_transpose,0.55,3,10000,0,176000.0,175628.0,175451.0,0.9978863636363636,0.9989921880337987,0.2741421875,2.600481,9.328228,11.928709,3.01259,0.0,0.0,0.0,521697.0,7210.0,4648.0,10000.0
PC4_dpesc_v3_s4,torus3d_transpose,0.6,3,10000,0,192000.0,191495.0,191294.0,0.9973697916666666,0.9989503642392752,0.298896875,2.884387,9.3709,12.255288,3.017627,0.0,0.0,0.0,567279.0,10364.0,6507.0,10000.0
PC4_dpesc_v3_s4,torus3d_transpose,0.65,3,10000,0,208000.0,207629.0,207415.0,0.9982163461538461,0.998969315461713,0.3240859375,3.422043,9.416257,12.8383,3.022616,0.0,0.0,0.0,613299.0,14059.0,8777.0,10000.0
PC4_dpesc_v3_s4,torus3d_transpose,0.7,3,10000,0,224000.0,223673.0,223438.0,0.9985401785714285,0.9989493591090566,0.349121875,4.700516,9.460544,14.16106,3.024973,0.0,0.0,0.0,658506.0,17858.0,11132.0,10000.0
PC4_dpesc_v3_s4,torus3d_transpose,0.75,3,10000,0,240000.0,239432.0,239180.0,0.9976333333333334,0.9989475091048815,0.37371875,11.477569,9.5304,21.007969,3.031449,0.0,0.0,0.0,702019.0,23538.0,14519.0,10000.0
PC4_dpesc_v3_s4,torus3d_transpose,0.8,3,10000,0,256000.0,247190.0,246921.0,0.9655859375,0.9989117682754157,0.3858140625,174.324569,9.554611,183.87918,3.032063,0.0,0.0,0.0,722775.0,26437.0,16297.0,10000.0
PC4_dpesc_v3_s4,torus3d_transpose,0.85,3,10000,0,272000.0,247450.0,247189.0,0.9097426470588236,0.9989452414629219,0.3862328125,446.852024,9.549426,456.40145,3.02952,0.0,0.0,0.0,723358.0,26011.0,16072.0,10000.0
PC4_dpesc_v3_s4,torus3d_transpose,0.9,3,10000,0,288000.0,247347.0,247094.0,0.85884375,0.9989771454677032,0.386084375,700.238727,9.552518,709.791245,3.030296,0.0,0.0,0.0,722915.0,26363.0,16251.0,10000.0
PC4_dpesc_v3_s4,torus3d_transpose,0.95,3,10000,0,304000.0,247474.0,247213.0,0.8140592105263158,0.9989453437532831,0.3862703125,927.034549,9.552418,936.586968,3.030439,0.0,0.0,0.0,723097.0,26583.0,16410.0,10000.0
PC4_dpesc_v3_s4,torus3d_transpose,1.0,3,10000,0,320000.0,247453.0,247193.0,0.773290625,0.9989492954217568,0.3862390625,1128.225148,9.553398,1137.778546,3.030668,0.0,0.0,0.0,723248.0,26411.0,16336.0,10000.0
PA0_cbs_v4,torus3d_neighbor,0.05,4,10000,0,16000.0,15968.0,15957.0,0.998,0.9993111222444889,0.0249328125,2.0,5.0,7.0,1.0,0.0,0.0,0.0,0.0,0.0,0.0,10000.0
PA0_cbs_v4,torus3d_neighbor,0.1,4,10000,0,32000.0,31948.0,31924.0,0.998375,0.9992487792663077,0.04988125,2.0,5.0,7.0,1.0,0.0,0.0,0.0,0.0,0.0,0.0,10000.0
PA0_cbs_v4,torus3d_neighbor,0.15,4,10000,0,48000.0,47760.0,47729.0,0.995,0.9993509212730318,0.0745765625,2.0,5.0,7.0,1.0,0.0,0.0,0.0,0.0,0.0,0.0,10000.0
PA0_cbs_v4,torus3d_neighbor,0.2,4,10000,0,64000.0,63806.0,63763.0,0.99696875,0.9993260821866282,0.0996296875,2.0,5.0,7.0,1.0,0.0,0.0,0.0,0.0,0.0,0.0,10000.0
PA0_cbs_v4,torus3d_neighbor,0.25,4,10000,0,80000.0,79713.0,79662.0,0.9964125,0.999360204734485,0.124471875,2.0,5.0,7.0,1.0,0.0,0.0,0.0,0.0,0.0,0.0,10000.0
PA0_cbs_v4,torus3d_neighbor,0.3,4,10000,0,96000.0,95810.0,95751.0,0.9980208333333334,0.9993841978916606,0.1496109375,2.0,5.0,7.0,1.0,0.0,0.0,0.0,0.0,0.0,0.0,10000.0
PA0_cbs_v4,torus3d_neighbor,0.35,4,10000,0,112000.0,111703.0,111637.0,0.9973482142857143,0.9994091474714197,0.1744328125,2.0,5.0,7.0,1.0,0.0,0.0,0.0,0.0,0.0,0.0,10000.0
PA0_cbs_v4,torus3d_neighbor,0.4,4,10000,0,128000.0,127637.0,127562.0,0.9971640625,0.9994123960920422,0.199315625,2.0,5.0,7.0,1.0,0.0,0.0,0.0,0.0,0.0,0.0,10000.0
PA0_cbs_v4,torus3d_neighbor,0.45,4,10000,0,144000.0,143553.0,143470.0,0.9968958333333333,0.9994218163326437,0.224171875,2.0,5.0,7.0,1.0,0.0,0.0,0.0,0.0,0.0,0.0,10000.0
PA0_cbs_v4,torus3d_neighbor,0.5,4,10000,0,160000.0,159452.0,159359.0,0.996575,0.9994167523768909,0.2489984375,2.0,5.0,7.0,1.0,0.0,0.0,0.0,0.0,0.0,0.0,10000.0
PA0_cbs_v4,torus3d_neighbor,0.55,4,10000,0,176000.0,175634.0,175531.0,0.9979204545454545,0.9994135531844631,0.2742671875,2.0,5.0,7.0,1.0,0.0,0.0,0.0,0.0,0.0,0.0,10000.0
PA0_cbs_v4,torus3d_neighbor,0.6,4,10000,0,192000.0,191507.0,191396.0,0.9974322916666667,0.9994203867221564,0.29905625,2.0,5.0,7.0,1.0,0.0,0.0,0.0,0.0,0.0,0.0,10000.0
PA0_cbs_v4,torus3d_neighbor,0.65,4,10000,0,208000.0,207649.0,207533.0,0.9983125,0.999441364995738,0.3242703125,2.0,5.0,7.0,1.0,0.0,0.0,0.0,0.0,0.0,0.0,10000.0
PA0_cbs_v4,torus3d_neighbor,0.7,4,10000,0,224000.0,223725.0,223596.0,0.9987723214285714,0.9994233992624875,0.34936875,2.0,5.0,7.0,1.0,0.0,0.0,0.0,0.0,0.0,0.0,10000.0
PA0_cbs_v4,torus3d_neighbor,0.75,4,10000,0,240000.0,239664.0,239523.0,0.9986,0.9994116763468857,0.3742546875,2.0,5.0,7.0,1.0,0.0,0.0,0.0,0.0,0.0,0.0,10000.0
PA0_cbs_v4,torus3d_neighbor,0.8,4,10000,0,256000.0,255852.0,255701.0,0.999421875,0.9994098150493254,0.3995328125,2.0,5.0,7.0,1.0,0.0,0.0,0.0,0.0,0.0,0.0,10000.0
PA0_cbs_v4,torus3d_neighbor,0.85,4,10000,0,272000.0,271674.0,271515.0,0.9988014705882353,0.9994147397248172,0.4242421875,2.0,5.0,7.0,1.0,0.0,0.0,0.0,0.0,0.0,0.0,10000.0
PA0_cbs_v4,torus3d_neighbor,0.9,4,10000,0,288000.0,287669.0,287498.0,0.9988506944444444,0.9994055668146377,0.449215625,2.0,5.0,7.0,1.0,0.0,0.0,0.0,0.0,0.0,0.0,10000.0
PA0_cbs_v4,torus3d_neighbor,0.95,4,10000,0,304000.0,303819.0,303636.0,0.9994046052631579,0.9993976676903025,0.47443125,2.0,5.0,7.0,1.0,0.0,0.0,0.0,0.0,0.0,0.0,10000.0
PA0_cbs_v4,torus3d_neighbor,1.0,4,10000,0,320000.0,319602.0,319411.0,0.99875625,0.9994023817122546,0.4990796875,2.0,5.0,7.0,1.0,0.0,0.0,0.0,0.0,0.0,0.0,10000.0
PA1_dpcbs_v4_s1,torus3d_neighbor,0.05,4,10000,0,16000.0,15968.0,15957.0,0.998,0.9993111222444889,0.0249328125,2.0,5.0,7.0,1.0,0.0,0.0,0.0,15226.0,0.0,0.0,10000.0
PA1_dpcbs_v4_s1,torus3d_neighbor,0.1,4,10000,0,32000.0,31948.0,31924.0,0.998375,0.9992487792663077,0.04988125,2.0,5.0,7.0,1.0,0.0,0.0,0.0,29071.0,0.0,0.0,10000.0
PA1_dpcbs_v4_s1,torus3d_neighbor,0.15,4,10000,0,48000.0,47760.0,47729.0,0.995,0.9993509212730318,0.0745765625,2.0,5.0,7.0,1.0,0.0,0.0,0.0,41506.0,0.0,0.0,10000.0
PA1_dpcbs_v4_s1,torus3d_neighbor,0.2,4,10000,0,64000.0,63806.0,63763.0,0.99696875,0.9993260821866282,0.0996296875,2.0,5.0,7.0,1.0,0.0,0.0,0.0,53145.0,0.0,0.0,10000.0
PA1_dpcbs_v4_s1,torus3d_neighbor,0.25,4,10000,0,80000.0,79713.0,79662.0,0.9964125,0.999360204734485,0.124471875,2.0,5.0,7.0,1.0,0.0,0.0,0.0,63844.0,0.0,0.0,10000.0
PA1_dpcbs_v4_s1,torus3d_neighbor,0.3,4,10000,0,96000.0,95810.0,95751.0,0.9980208333333334,0.9993841978916606,0.1496109375,2.0,5.0,7.0,1.0,0.0,0.0,0.0,73794.0,0.0,0.0,10000.0
PA1_dpcbs_v4_s1,torus3d_neighbor,0.35,4,10000,0,112000.0,111703.0,111637.0,0.9973482142857143,0.9994091474714197,0.1744328125,2.0,5.0,7.0,1.0,0.0,0.0,0.0,82842.0,0.0,0.0,10000.0
PA1_dpcbs_v4_s1,torus3d_neighbor,0.4,4,10000,0,128000.0,127637.0,127562.0,0.9971640625,0.9994123960920422,0.199315625,2.0,5.0,7.0,1.0,0.0,0.0,0.0,91225.0,0.0,0.0,10000.0
PA1_dpcbs_v4_s1,torus3d_neighbor,0.45,4,10000,0,144000.0,143553.0,143470.0,0.9968958333333333,0.9994218163326437,0.224171875,2.0,5.0,7.0,1.0,0.0,0.0,0.0,99084.0,0.0,0.0,10000.0
PA1_dpcbs_v4_s1,torus3d_neighbor,0.5,4,10000,0,160000.0,159452.0,159359.0,0.996575,0.9994167523768909,0.2489984375,2.0,5.0,7.0,1.0,0.0,0.0,0.0,106398.0,0.0,0.0,10000.0
PA1_dpcbs_v4_s1,torus3d_neighbor,0.55,4,10000,0,176000.0,175634.0,175531.0,0.9979204545454545,0.9994135531844631,0.2742671875,2.0,5.0,7.0,1.0,0.0,0.0,0.0,113406.0,0.0,0.0,10000.0
PA1_dpcbs_v4_s1,torus3d_neighbor,0.6,4,10000,0,192000.0,191507.0,191396.0,0.9974322916666667,0.9994203867221564,0.29905625,2.0,5.0,7.0,1.0,0.0,0.0,0.0,119887.0,0.0,0.0,10000.0
PA1_dpcbs_v4_s1,torus3d_neighbor,0.65,4,10000,0,208000.0,207649.0,207533.0,0.9983125,0.999441364995738,0.3242703125,2.0,5.0,7.0,1.0,0.0,0.0,0.0,126016.0,0.0,0.0,10000.0
PA1_dpcbs_v4_s1,torus3d_neighbor,0.7,4,10000,0,224000.0,223725.0,223596.0,0.9987723214285714,0.9994233992624875,0.34936875,2.0,5.0,7.0,1.0,0.0,0.0,0.0,131697.0,0.0,0.0,10000.0
PA1_dpcbs_v4_s1,torus3d_neighbor,0.75,4,10000,0,240000.0,239664.0,239523.0,0.9986,0.9994116763468857,0.3742546875,2.0,5.0,7.0,1.0,0.0,0.0,0.0,136991.0,0.0,0.0,10000.0
PA1_dpcbs_v4_s1,torus3d_neighbor,0.8,4,10000,0,256000.0,255852.0,255701.0,0.999421875,0.9994098150493254,0.3995328125,2.0,5.0,7.0,1.0,0.0,0.0,0.0,142090.0,0.0,0.0,10000.0
PA1_dpcbs_v4_s1,torus3d_neighbor,0.85,4,10000,0,272000.0,271674.0,271515.0,0.9988014705882353,0.9994147397248172,0.4242421875,2.0,5.0,7.0,1.0,0.0,0.0,0.0,146913.0,0.0,0.0,10000.0
PA1_dpcbs_v4_s1,torus3d_neighbor,0.9,4,10000,0,288000.0,287669.0,287498.0,0.9988506944444444,0.9994055668146377,0.449215625,2.0,5.0,7.0,1.0,0.0,0.0,0.0,151475.0,0.0,0.0,10000.0
PA1_dpcbs_v4_s1,torus3d_neighbor,0.95,4,10000,0,304000.0,303819.0,303636.0,0.9994046052631579,0.9993976676903025,0.47443125,2.0,5.0,7.0,1.0,0.0,0.0,0.0,155796.0,0.0,0.0,10000.0
PA1_dpcbs_v4_s1,torus3d_neighbor,1.0,4,10000,0,320000.0,319602.0,319411.0,0.99875625,0.9994023817122546,0.4990796875,2.0,5.0,7.0,1.0,0.0,0.0,0.0,159865.0,0.0,0.0,10000.0
PA2_dpcbs_v4_s2,torus3d_neighbor,0.05,4,10000,0,16000.0,15968.0,15957.0,0.998,0.9993111222444889,0.0249328125,2.0,5.0,7.0,1.0,0.0,0.0,0.0,15963.0,0.0,0.0,10000.0
PA2_dpcbs_v4_s2,torus3d_neighbor,0.1,4,10000,0,32000.0,31948.0,31924.0,0.998375,0.9992487792663077,0.04988125,2.0,5.0,7.0,1.0,0.0,0.0,0.0,31938.0,0.0,0.0,10000.0
PA2_dpcbs_v4_s2,torus3d_neighbor,0.15,4,10000,0,48000.0,47760.0,47729.0,0.995,0.9993509212730318,0.0745765625,2.0,5.0,7.0,1.0,0.0,0.0,0.0,47747.0,0.0,0.0,10000.0
PA2_dpcbs_v4_s2,torus3d_neighbor,0.2,4,10000,0,64000.0,63806.0,63763.0,0.99696875,0.9993260821866282,0.0996296875,2.0,5.0,7.0,1.0,0.0,0.0,0.0,63788.0,0.0,0.0,10000.0
PA2_dpcbs_v4_s2,torus3d_neighbor,0.25,4,10000,0,80000.0,79713.0,79662.0,0.9964125,0.999360204734485,0.124471875,2.0,5.0,7.0,1.0,0.0,0.0,0.0,79693.0,0.0,0.0,10000.0
PA2_dpcbs_v4_s2,torus3d_neighbor,0.3,4,10000,0,96000.0,95810.0,95751.0,0.9980208333333334,0.9993841978916606,0.1496109375,2.0,5.0,7.0,1.0,0.0,0.0,0.0,95785.0,0.0,0.0,10000.0
PA2_dpcbs_v4_s2,torus3d_neighbor,0.35,4,10000,0,112000.0,111703.0,111637.0,0.9973482142857143,0.9994091474714197,0.1744328125,2.0,5.0,7.0,1.0,0.0,0.0,0.0,111676.0,0.0,0.0,10000.0
PA2_dpcbs_v4_s2,torus3d_neighbor,0.4,4,10000,0,128000.0,127637.0,127562.0,0.9971640625,0.9994123960920422,0.199315625,2.0,5.0,7.0,1.0,0.0,0.0,0.0,127608.0,0.0,0.0,10000.0
PA2_dpcbs_v4_s2,torus3d_neighbor,0.45,4,10000,0,144000.0,143553.0,143470.0,0.9968958333333333,0.9994218163326437,0.224171875,2.0,5.0,7.0,1.0,0.0,0.0,0.0,143521.0,0.0,0.0,10000.0
PA2_dpcbs_v4_s2,torus3d_neighbor,0.5,4,10000,0,160000.0,159452.0,159359.0,0.996575,0.9994167523768909,0.2489984375,2.0,5.0,7.0,1.0,0.0,0.0,0.0,159419.0,0.0,0.0,10000.0
PA2_dpcbs_v4_s2,torus3d_neighbor,0.55,4,10000,0,176000.0,175634.0,175531.0,0.9979204545454545,0.9994135531844631,0.2742671875,2.0,5.0,7.0,1.0,0.0,0.0,0.0,175598.0,0.0,0.0,10000.0
PA2_dpcbs_v4_s2,torus3d_neighbor,0.6,4,10000,0,192000.0,191507.0,191396.0,0.9974322916666667,0.9994203867221564,0.29905625,2.0,5.0,7.0,1.0,0.0,0.0,0.0,191469.0,0.0,0.0,10000.0
PA2_dpcbs_v4_s2,torus3d_neighbor,0.65,4,10000,0,208000.0,207649.0,207533.0,0.9983125,0.999441364995738,0.3242703125,2.0,5.0,7.0,1.0,0.0,0.0,0.0,207609.0,0.0,0.0,10000.0
PA2_dpcbs_v4_s2,torus3d_neighbor,0.7,4,10000,0,224000.0,223725.0,223596.0,0.9987723214285714,0.9994233992624875,0.34936875,2.0,5.0,7.0,1.0,0.0,0.0,0.0,223682.0,0.0,0.0,10000.0
PA2_dpcbs_v4_s2,torus3d_neighbor,0.75,4,10000,0,240000.0,239664.0,239523.0,0.9986,0.9994116763468857,0.3742546875,2.0,5.0,7.0,1.0,0.0,0.0,0.0,239618.0,0.0,0.0,10000.0
PA2_dpcbs_v4_s2,torus3d_neighbor,0.8,4,10000,0,256000.0,255852.0,255701.0,0.999421875,0.9994098150493254,0.3995328125,2.0,5.0,7.0,1.0,0.0,0.0,0.0,255800.0,0.0,0.0,10000.0
PA2_dpcbs_v4_s2,torus3d_neighbor,0.85,4,10000,0,272000.0,271674.0,271515.0,0.9988014705882353,0.9994147397248172,0.4242421875,2.0,5.0,7.0,1.0,0.0,0.0,0.0,271619.0,0.0,0.0,10000.0
PA2_dpcbs_v4_s2,torus3d_neighbor,0.9,4,10000,0,288000.0,287669.0,287498.0,0.9988506944444444,0.9994055668146377,0.449215625,2.0,5.0,7.0,1.0,0.0,0.0,0.0,287610.0,0.0,0.0,10000.0
PA2_dpcbs_v4_s2,torus3d_neighbor,0.95,4,10000,0,304000.0,303819.0,303636.0,0.9994046052631579,0.9993976676903025,0.47443125,2.0,5.0,7.0,1.0,0.0,0.0,0.0,303756.0,0.0,0.0,10000.0
PA2_dpcbs_v4_s2,torus3d_neighbor,1.0,4,10000,0,320000.0,319602.0,319411.0,0.99875625,0.9994023817122546,0.4990796875,2.0,5.0,7.0,1.0,0.0,0.0,0.0,319539.0,0.0,0.0,10000.0
PA3_dpcbs_v4_s3,torus3d_neighbor,0.05,4,10000,0,16000.0,15968.0,15957.0,0.998,0.9993111222444889,0.0249328125,2.0,5.0,7.0,1.0,0.0,0.0,0.0,15963.0,0.0,0.0,10000.0
PA3_dpcbs_v4_s3,torus3d_neighbor,0.1,4,10000,0,32000.0,31948.0,31924.0,0.998375,0.9992487792663077,0.04988125,2.0,5.0,7.0,1.0,0.0,0.0,0.0,31938.0,0.0,0.0,10000.0
PA3_dpcbs_v4_s3,torus3d_neighbor,0.15,4,10000,0,48000.0,47760.0,47729.0,0.995,0.9993509212730318,0.0745765625,2.0,5.0,7.0,1.0,0.0,0.0,0.0,47747.0,0.0,0.0,10000.0
PA3_dpcbs_v4_s3,torus3d_neighbor,0.2,4,10000,0,64000.0,63806.0,63763.0,0.99696875,0.9993260821866282,0.0996296875,2.0,5.0,7.0,1.0,0.0,0.0,0.0,63788.0,0.0,0.0,10000.0
PA3_dpcbs_v4_s3,torus3d_neighbor,0.25,4,10000,0,80000.0,79713.0,79662.0,0.9964125,0.999360204734485,0.124471875,2.0,5.0,7.0,1.0,0.0,0.0,0.0,79693.0,0.0,0.0,10000.0
PA3_dpcbs_v4_s3,torus3d_neighbor,0.3,4,10000,0,96000.0,95810.0,95751.0,0.9980208333333334,0.9993841978916606,0.1496109375,2.0,5.0,7.0,1.0,0.0,0.0,0.0,95785.0,0.0,0.0,10000.0
PA3_dpcbs_v4_s3,torus3d_neighbor,0.35,4,10000,0,112000.0,111703.0,111637.0,0.9973482142857143,0.9994091474714197,0.1744328125,2.0,5.0,7.0,1.0,0.0,0.0,0.0,111676.0,0.0,0.0,10000.0
PA3_dpcbs_v4_s3,torus3d_neighbor,0.4,4,10000,0,128000.0,127637.0,127562.0,0.9971640625,0.9994123960920422,0.199315625,2.0,5.0,7.0,1.0,0.0,0.0,0.0,127608.0,0.0,0.0,10000.0
PA3_dpcbs_v4_s3,torus3d_neighbor,0.45,4,10000,0,144000.0,143553.0,143470.0,0.9968958333333333,0.9994218163326437,0.224171875,2.0,5.0,7.0,1.0,0.0,0.0,0.0,143521.0,0.0,0.0,10000.0
PA3_dpcbs_v4_s3,torus3d_neighbor,0.5,4,10000,0,160000.0,159452.0,159359.0,0.996575,0.9994167523768909,0.2489984375,2.0,5.0,7.0,1.0,0.0,0.0,0.0,159419.0,0.0,0.0,10000.0
PA3_dpcbs_v4_s3,torus3d_neighbor,0.55,4,10000,0,176000.0,175634.0,175531.0,0.9979204545454545,0.9994135531844631,0.2742671875,2.0,5.0,7.0,1.0,0.0,0.0,0.0,175598.0,0.0,0.0,10000.0
PA3_dpcbs_v4_s3,torus3d_neighbor,0.6,4,10000,0,192000.0,191507.0,191396.0,0.9974322916666667,0.9994203867221564,0.29905625,2.0,5.0,7.0,1.0,0.0,0.0,0.0,191469.0,0.0,0.0,10000.0
PA3_dpcbs_v4_s3,torus3d_neighbor,0.65,4,10000,0,208000.0,207649.0,207533.0,0.9983125,0.999441364995738,0.3242703125,2.0,5.0,7.0,1.0,0.0,0.0,0.0,207609.0,0.0,0.0,10000.0
PA3_dpcbs_v4_s3,torus3d_neighbor,0.7,4,10000,0,224000.0,223725.0,223596.0,0.9987723214285714,0.9994233992624875,0.34936875,2.0,5.0,7.0,1.0,0.0,0.0,0.0,223682.0,0.0,0.0,10000.0
PA3_dpcbs_v4_s3,torus3d_neighbor,0.75,4,10000,0,240000.0,239664.0,239523.0,0.9986,0.9994116763468857,0.3742546875,2.0,5.0,7.0,1.0,0.0,0.0,0.0,239618.0,0.0,0.0,10000.0
PA3_dpcbs_v4_s3,torus3d_neighbor,0.8,4,10000,0,256000.0,255852.0,255701.0,0.999421875,0.9994098150493254,0.3995328125,2.0,5.0,7.0,1.0,0.0,0.0,0.0,255800.0,0.0,0.0,10000.0
PA3_dpcbs_v4_s3,torus3d_neighbor,0.85,4,10000,0,272000.0,271674.0,271515.0,0.9988014705882353,0.9994147397248172,0.4242421875,2.0,5.0,7.0,1.0,0.0,0.0,0.0,271619.0,0.0,0.0,10000.0
PA3_dpcbs_v4_s3,torus3d_neighbor,0.9,4,10000,0,288000.0,287669.0,287498.0,0.9988506944444444,0.9994055668146377,0.449215625,2.0,5.0,7.0,1.0,0.0,0.0,0.0,287610.0,0.0,0.0,10000.0
PA3_dpcbs_v4_s3,torus3d_neighbor,0.95,4,10000,0,304000.0,303819.0,303636.0,0.9994046052631579,0.9993976676903025,0.47443125,2.0,5.0,7.0,1.0,0.0,0.0,0.0,303756.0,0.0,0.0,10000.0
PA3_dpcbs_v4_s3,torus3d_neighbor,1.0,4,10000,0,320000.0,319602.0,319411.0,0.99875625,0.9994023817122546,0.4990796875,2.0,5.0,7.0,1.0,0.0,0.0,0.0,319539.0,0.0,0.0,10000.0
PA4_dpcbs_v4_s4,torus3d_neighbor,0.05,4,10000,0,16000.0,15968.0,15957.0,0.998,0.9993111222444889,0.0249328125,2.0,5.0,7.0,1.0,0.0,0.0,0.0,15963.0,0.0,0.0,10000.0
PA4_dpcbs_v4_s4,torus3d_neighbor,0.1,4,10000,0,32000.0,31948.0,31924.0,0.998375,0.9992487792663077,0.04988125,2.0,5.0,7.0,1.0,0.0,0.0,0.0,31938.0,0.0,0.0,10000.0
PA4_dpcbs_v4_s4,torus3d_neighbor,0.15,4,10000,0,48000.0,47760.0,47729.0,0.995,0.9993509212730318,0.0745765625,2.0,5.0,7.0,1.0,0.0,0.0,0.0,47747.0,0.0,0.0,10000.0
PA4_dpcbs_v4_s4,torus3d_neighbor,0.2,4,10000,0,64000.0,63806.0,63763.0,0.99696875,0.9993260821866282,0.0996296875,2.0,5.0,7.0,1.0,0.0,0.0,0.0,63788.0,0.0,0.0,10000.0
PA4_dpcbs_v4_s4,torus3d_neighbor,0.25,4,10000,0,80000.0,79713.0,79662.0,0.9964125,0.999360204734485,0.124471875,2.0,5.0,7.0,1.0,0.0,0.0,0.0,79693.0,0.0,0.0,10000.0
PA4_dpcbs_v4_s4,torus3d_neighbor,0.3,4,10000,0,96000.0,95810.0,95751.0,0.9980208333333334,0.9993841978916606,0.1496109375,2.0,5.0,7.0,1.0,0.0,0.0,0.0,95785.0,0.0,0.0,10000.0
PA4_dpcbs_v4_s4,torus3d_neighbor,0.35,4,10000,0,112000.0,111703.0,111637.0,0.9973482142857143,0.9994091474714197,0.1744328125,2.0,5.0,7.0,1.0,0.0,0.0,0.0,111676.0,0.0,0.0,10000.0
PA4_dpcbs_v4_s4,torus3d_neighbor,0.4,4,10000,0,128000.0,127637.0,127562.0,0.9971640625,0.9994123960920422,0.199315625,2.0,5.0,7.0,1.0,0.0,0.0,0.0,127608.0,0.0,0.0,10000.0
PA4_dpcbs_v4_s4,torus3d_neighbor,0.45,4,10000,0,144000.0,143553.0,143470.0,0.9968958333333333,0.9994218163326437,0.224171875,2.0,5.0,7.0,1.0,0.0,0.0,0.0,143521.0,0.0,0.0,10000.0
PA4_dpcbs_v4_s4,torus3d_neighbor,0.5,4,10000,0,160000.0,159452.0,159359.0,0.996575,0.9994167523768909,0.2489984375,2.0,5.0,7.0,1.0,0.0,0.0,0.0,159419.0,0.0,0.0,10000.0
PA4_dpcbs_v4_s4,torus3d_neighbor,0.55,4,10000,0,176000.0,175634.0,175531.0,0.9979204545454545,0.9994135531844631,0.2742671875,2.0,5.0,7.0,1.0,0.0,0.0,0.0,175598.0,0.0,0.0,10000.0
PA4_dpcbs_v4_s4,torus3d_neighbor,0.6,4,10000,0,192000.0,191507.0,191396.0,0.9974322916666667,0.9994203867221564,0.29905625,2.0,5.0,7.0,1.0,0.0,0.0,0.0,191469.0,0.0,0.0,10000.0
PA4_dpcbs_v4_s4,torus3d_neighbor,0.65,4,10000,0,208000.0,207649.0,207533.0,0.9983125,0.999441364995738,0.3242703125,2.0,5.0,7.0,1.0,0.0,0.0,0.0,207609.0,0.0,0.0,10000.0
PA4_dpcbs_v4_s4,torus3d_neighbor,0.7,4,10000,0,224000.0,223725.0,223596.0,0.9987723214285714,0.9994233992624875,0.34936875,2.0,5.0,7.0,1.0,0.0,0.0,0.0,223682.0,0.0,0.0,10000.0
PA4_dpcbs_v4_s4,torus3d_neighbor,0.75,4,10000,0,240000.0,239664.0,239523.0,0.9986,0.9994116763468857,0.3742546875,2.0,5.0,7.0,1.0,0.0,0.0,0.0,239618.0,0.0,0.0,10000.0
PA4_dpcbs_v4_s4,torus3d_neighbor,0.8,4,10000,0,256000.0,255852.0,255701.0,0.999421875,0.9994098150493254,0.3995328125,2.0,5.0,7.0,1.0,0.0,0.0,0.0,255800.0,0.0,0.0,10000.0
PA4_dpcbs_v4_s4,torus3d_neighbor,0.85,4,10000,0,272000.0,271674.0,271515.0,0.9988014705882353,0.9994147397248172,0.4242421875,2.0,5.0,7.0,1.0,0.0,0.0,0.0,271619.0,0.0,0.0,10000.0
PA4_dpcbs_v4_s4,torus3d_neighbor,0.9,4,10000,0,288000.0,287669.0,287498.0,0.9988506944444444,0.9994055668146377,0.449215625,2.0,5.0,7.0,1.0,0.0,0.0,0.0,287610.0,0.0,0.0,10000.0
PA4_dpcbs_v4_s4,torus3d_neighbor,0.95,4,10000,0,304000.0,303819.0,303636.0,0.9994046052631579,0.9993976676903025,0.47443125,2.0,5.0,7.0,1.0,0.0,0.0,0.0,303756.0,0.0,0.0,10000.0
PA4_dpcbs_v4_s4,torus3d_neighbor,1.0,4,10000,0,320000.0,319602.0,319411.0,0.99875625,0.9994023817122546,0.4990796875,2.0,5.0,7.0,1.0,0.0,0.0,0.0,319539.0,0.0,0.0,10000.0
PB0_esc_v4,torus3d_neighbor,0.05,4,10000,0,16000.0,15968.0,15957.0,0.998,0.9993111222444889,0.0249328125,2.0,5.0,7.0,1.0,0.0,0.0,0.0,0.0,0.0,0.0,10000.0
PB0_esc_v4,torus3d_neighbor,0.1,4,10000,0,32000.0,31948.0,31924.0,0.998375,0.9992487792663077,0.04988125,2.0,5.0,7.0,1.0,0.0,0.0,0.0,0.0,0.0,0.0,10000.0
PB0_esc_v4,torus3d_neighbor,0.15,4,10000,0,48000.0,47760.0,47729.0,0.995,0.9993509212730318,0.0745765625,2.0,5.0,7.0,1.0,0.0,0.0,0.0,0.0,0.0,0.0,10000.0
PB0_esc_v4,torus3d_neighbor,0.2,4,10000,0,64000.0,63806.0,63763.0,0.99696875,0.9993260821866282,0.0996296875,2.0,5.0,7.0,1.0,0.0,0.0,0.0,0.0,0.0,0.0,10000.0
PB0_esc_v4,torus3d_neighbor,0.25,4,10000,0,80000.0,79713.0,79662.0,0.9964125,0.999360204734485,0.124471875,2.0,5.0,7.0,1.0,0.0,0.0,0.0,0.0,0.0,0.0,10000.0
PB0_esc_v4,torus3d_neighbor,0.3,4,10000,0,96000.0,95810.0,95751.0,0.9980208333333334,0.9993841978916606,0.1496109375,2.0,5.0,7.0,1.0,0.0,0.0,0.0,0.0,0.0,0.0,10000.0
PB0_esc_v4,torus3d_neighbor,0.35,4,10000,0,112000.0,111703.0,111637.0,0.9973482142857143,0.9994091474714197,0.1744328125,2.0,5.0,7.0,1.0,0.0,0.0,0.0,0.0,0.0,0.0,10000.0
PB0_esc_v4,torus3d_neighbor,0.4,4,10000,0,128000.0,127637.0,127562.0,0.9971640625,0.9994123960920422,0.199315625,2.0,5.0,7.0,1.0,0.0,0.0,0.0,0.0,0.0,0.0,10000.0
PB0_esc_v4,torus3d_neighbor,0.45,4,10000,0,144000.0,143553.0,143470.0,0.9968958333333333,0.9994218163326437,0.224171875,2.0,5.0,7.0,1.0,0.0,0.0,0.0,0.0,0.0,0.0,10000.0
PB0_esc_v4,torus3d_neighbor,0.5,4,10000,0,160000.0,159452.0,159359.0,0.996575,0.9994167523768909,0.2489984375,2.0,5.0,7.0,1.0,0.0,0.0,0.0,0.0,0.0,0.0,10000.0
PB0_esc_v4,torus3d_neighbor,0.55,4,10000,0,176000.0,175634.0,175531.0,0.9979204545454545,0.9994135531844631,0.2742671875,2.0,5.0,7.0,1.0,0.0,0.0,0.0,0.0,0.0,0.0,10000.0
PB0_esc_v4,torus3d_neighbor,0.6,4,10000,0,192000.0,191507.0,191396.0,0.9974322916666667,0.9994203867221564,0.29905625,2.0,5.0,7.0,1.0,0.0,0.0,0.0,0.0,0.0,0.0,10000.0
PB0_esc_v4,torus3d_neighbor,0.65,4,10000,0,208000.0,207649.0,207533.0,0.9983125,0.999441364995738,0.3242703125,2.0,5.0,7.0,1.0,0.0,0.0,0.0,0.0,0.0,0.0,10000.0
PB0_esc_v4,torus3d_neighbor,0.7,4,10000,0,224000.0,223725.0,223596.0,0.9987723214285714,0.9994233992624875,0.34936875,2.0,5.0,7.0,1.0,0.0,0.0,0.0,0.0,0.0,0.0,10000.0
PB0_esc_v4,torus3d_neighbor,0.75,4,10000,0,240000.0,239664.0,239523.0,0.9986,0.9994116763468857,0.3742546875,2.0,5.0,7.0,1.0,0.0,0.0,0.0,0.0,0.0,0.0,10000.0
PB0_esc_v4,torus3d_neighbor,0.8,4,10000,0,256000.0,255852.0,255701.0,0.999421875,0.9994098150493254,0.3995328125,2.0,5.0,7.0,1.0,0.0,0.0,0.0,0.0,0.0,0.0,10000.0
PB0_esc_v4,torus3d_neighbor,0.85,4,10000,0,272000.0,271674.0,271515.0,0.9988014705882353,0.9994147397248172,0.4242421875,2.0,5.0,7.0,1.0,0.0,0.0,0.0,0.0,0.0,0.0,10000.0
PB0_esc_v4,torus3d_neighbor,0.9,4,10000,0,288000.0,287669.0,287498.0,0.9988506944444444,0.9994055668146377,0.449215625,2.0,5.0,7.0,1.0,0.0,0.0,0.0,0.0,0.0,0.0,10000.0
PB0_esc_v4,torus3d_neighbor,0.95,4,10000,0,304000.0,303819.0,303636.0,0.9994046052631579,0.9993976676903025,0.47443125,2.0,5.0,7.0,1.0,0.0,0.0,0.0,0.0,0.0,0.0,10000.0
PB0_esc_v4,torus3d_neighbor,1.0,4,10000,0,320000.0,319602.0,319411.0,0.99875625,0.9994023817122546,0.4990796875,2.0,5.0,7.0,1.0,0.0,0.0,0.0,0.0,0.0,0.0,10000.0
PB1_dpesc_v4_s1,torus3d_neighbor,0.05,4,10000,0,16000.0,15968.0,15957.0,0.998,0.9993111222444889,0.0249328125,2.0,5.044495,7.044495,1.021934,0.0,0.0,0.0,15226.0,1087.0,737.0,10000.0
PB1_dpesc_v4_s1,torus3d_neighbor,0.1,4,10000,0,32000.0,31948.0,31923.0,0.998375,0.9992174784024039,0.0498796875,2.0,5.089121,7.089121,1.043605,0.0,0.0,0.0,29069.0,4264.0,2869.0,10000.0
PB1_dpesc_v4_s1,torus3d_neighbor,0.15,4,10000,0,48000.0,47760.0,47728.0,0.995,0.9993299832495812,0.074575,2.0,5.132459,7.132459,1.064071,0.0,0.0,0.0,41488.0,9320.0,6259.0,10000.0
PB1_dpesc_v4_s1,torus3d_neighbor,0.2,4,10000,0,64000.0,63806.0,63760.0,0.99696875,0.999279064664765,0.099625,2.0,5.174514,7.174514,1.08372,0.0,0.0,0.0,53097.0,16035.0,10691.0,10000.0
PB1_dpesc_v4_s1,torus3d_neighbor,0.25,4,10000,0,80000.0,79713.0,79659.0,0.9964125,0.9993225697188665,0.1244671875,2.0,5.213949,7.213949,1.101784,0.0,0.0,0.0,63750.0,24058.0,15943.0,10000.0
PB1_dpesc_v4_s1,torus3d_neighbor,0.3,4,10000,0,96000.0,95810.0,95748.0,0.9980208333333334,0.9993528859200501,0.14960625,2.0,5.251953,7.251953,1.119167,0.0,0.0,0.0,73616.0,33586.0,22169.0,10000.0
PB1_dpesc_v4_s1,torus3d_neighbor,0.35,4,10000,0,112000.0,111703.0,111631.0,0.9973482142857143,0.9993554336051852,0.1744234375,2.0,5.285172,7.285172,1.134013,0.0,0.0,0.0,82561.0,44088.0,29115.0,10000.0
PB1_dpesc_v4_s1,torus3d_neighbor,0.4,4,10000,0,128000.0,127637.0,127554.0,0.9971640625,0.9993497183418601,0.199303125,2.0,5.31821,7.31821,1.148643,0.0,0.0,0.0,90830.0,55756.0,36778.0,10000.0
PB1_dpesc_v4_s1,torus3d_neighbor,0.45,4,10000,0,144000.0,143553.0,143463.0,0.9968958333333333,0.9993730538546739,0.2241609375,2.0,5.347699,7.347699,1.161756,0.0,0.0,0.0,98609.0,68134.0,44912.0,10000.0
PB1_dpesc_v4_s1,torus3d_neighbor,0.5,4,10000,0,160000.0,159452.0,159352.0,0.996575,0.9993728520181622,0.2489875,2.0,5.373224,7.373224,1.173089,0.0,0.0,0.0,105868.0,81149.0,53551.0,10000.0
PB1_dpesc_v4_s1,torus3d_neighbor,0.55,4,10000,0,176000.0,175634.0,175522.0,0.9979204545454545,0.9993623102588337,0.274253125,2.0,5.400844,7.400844,1.185356,0.0,0.0,0.0,112809.0,95343.0,62789.0,10000.0
PB1_dpesc_v4_s1,torus3d_neighbor,0.6,4,10000,0,192000.0,191507.0,191387.0,0.9974322916666667,0.9993733910509799,0.2990421875,2.0,5.41983,7.41983,1.193973,0.0,0.0,0.0,119297.0,109316.0,72172.0,10000.0
PB1_dpesc_v4_s1,torus3d_neighbor,0.65,4,10000,0,208000.0,207649.0,207523.0,0.9983125,0.9993932068057154,0.3242546875,2.0,5.436535,7.436535,1.202378,0.0,0.0,0.0,125473.0,124156.0,82136.0,10000.0
PB1_dpesc_v4_s1,torus3d_neighbor,0.7,4,10000,0,224000.0,223725.0,223584.0,0.9987723214285714,0.9993697619845793,0.34935,2.0,5.451955,7.451955,1.21048,0.0,0.0,0.0,131220.0,139549.0,92462.0,10000.0
PB1_dpesc_v4_s1,torus3d_neighbor,0.75,4,10000,0,240000.0,239664.0,239510.0,0.9986,0.9993574337405702,0.374234375,2.0,5.465221,7.465221,1.21792,0.0,0.0,0.0,136642.0,155199.0,102976.0,10000.0
PB1_dpesc_v4_s1,torus3d_neighbor,0.8,4,10000,0,256000.0,255852.0,255688.0,0.999421875,0.9993590044244329,0.3995125,2.0,5.475857,7.475857,1.224829,0.0,0.0,0.0,141822.0,171495.0,113978.0,10000.0
PB1_dpesc_v4_s1,torus3d_neighbor,0.85,4,10000,0,272000.0,271674.0,271501.0,0.9988014705882353,0.9993632073735433,0.4242203125,2.0,5.484252,7.484252,1.231145,0.0,0.0,0.0,146740.0,187672.0,124879.0,10000.0
PB1_dpesc_v4_s1,torus3d_neighbor,0.9,4,10000,0,288000.0,287669.0,287484.0,0.9988506944444444,0.999356899770222,0.44919375,2.0,5.490984,7.490984,1.237384,0.0,0.0,0.0,151391.0,204500.0,136219.0,10000.0
PB1_dpesc_v4_s1,torus3d_neighbor,0.95,4,10000,0,304000.0,303819.0,303621.0,0.9994046052631579,0.9993482961895076,0.4744078125,2.0,5.496771,7.496771,1.243461,0.0,0.0,0.0,155771.0,221941.0,147985.0,10000.0
PB1_dpesc_v4_s1,torus3d_neighbor,1.0,4,10000,0,320000.0,319602.0,319395.0,0.99875625,0.9993523194473126,0.4990546875,2.0,5.499632,7.499632,1.24976,0.0,0.0,0.0,159865.0,239486.0,159674.0,10000.0
PB2_dpesc_v4_s2,torus3d_neighbor,0.05,4,10000,0,16000.0,15968.0,15957.0,0.998,0.9993111222444889,0.0249328125,2.0,5.0,7.0,1.0,0.0,0.0,0.0,15963.0,0.0,0.0,10000.0
PB2_dpesc_v4_s2,torus3d_neighbor,0.1,4,10000,0,32000.0,31948.0,31924.0,0.998375,0.9992487792663077,0.04988125,2.0,5.0,7.0,1.0,0.0,0.0,0.0,31938.0,0.0,0.0,10000.0
PB2_dpesc_v4_s2,torus3d_neighbor,0.15,4,10000,0,48000.0,47760.0,47729.0,0.995,0.9993509212730318,0.0745765625,2.0,5.0,7.0,1.0,0.0,0.0,0.0,47747.0,0.0,0.0,10000.0
PB2_dpesc_v4_s2,torus3d_neighbor,0.2,4,10000,0,64000.0,63806.0,63763.0,0.99696875,0.9993260821866282,0.0996296875,2.0,5.0,7.0,1.0,0.0,0.0,0.0,63788.0,0.0,0.0,10000.0
PB2_dpesc_v4_s2,torus3d_neighbor,0.25,4,10000,0,80000.0,79713.0,79662.0,0.9964125,0.999360204734485,0.124471875,2.0,5.0,7.0,1.0,0.0,0.0,0.0,79693.0,0.0,0.0,10000.0
PB2_dpesc_v4_s2,torus3d_neighbor,0.3,4,10000,0,96000.0,95810.0,95751.0,0.9980208333333334,0.9993841978916606,0.1496109375,2.0,5.0,7.0,1.0,0.0,0.0,0.0,95785.0,0.0,0.0,10000.0
PB2_dpesc_v4_s2,torus3d_neighbor,0.35,4,10000,0,112000.0,111703.0,111637.0,0.9973482142857143,0.9994091474714197,0.1744328125,2.0,5.0,7.0,1.0,0.0,0.0,0.0,111676.0,0.0,0.0,10000.0
PB2_dpesc_v4_s2,torus3d_neighbor,0.4,4,10000,0,128000.0,127637.0,127562.0,0.9971640625,0.9994123960920422,0.199315625,2.0,5.0,7.0,1.0,0.0,0.0,0.0,127608.0,0.0,0.0,10000.0
PB2_dpesc_v4_s2,torus3d_neighbor,0.45,4,10000,0,144000.0,143553.0,143470.0,0.9968958333333333,0.9994218163326437,0.224171875,2.0,5.0,7.0,1.0,0.0,0.0,0.0,143521.0,0.0,0.0,10000.0
PB2_dpesc_v4_s2,torus3d_neighbor,0.5,4,10000,0,160000.0,159452.0,159359.0,0.996575,0.9994167523768909,0.2489984375,2.0,5.0,7.0,1.0,0.0,0.0,0.0,159419.0,0.0,0.0,10000.0
PB2_dpesc_v4_s2,torus3d_neighbor,0.55,4,10000,0,176000.0,175634.0,175531.0,0.9979204545454545,0.9994135531844631,0.2742671875,2.0,5.0,7.0,1.0,0.0,0.0,0.0,175598.0,0.0,0.0,10000.0
PB2_dpesc_v4_s2,torus3d_neighbor,0.6,4,10000,0,192000.0,191507.0,191396.0,0.9974322916666667,0.9994203867221564,0.29905625,2.0,5.0,7.0,1.0,0.0,0.0,0.0,191469.0,0.0,0.0,10000.0
PB2_dpesc_v4_s2,torus3d_neighbor,0.65,4,10000,0,208000.0,207649.0,207533.0,0.9983125,0.999441364995738,0.3242703125,2.0,5.0,7.0,1.0,0.0,0.0,0.0,207609.0,0.0,0.0,10000.0
PB2_dpesc_v4_s2,torus3d_neighbor,0.7,4,10000,0,224000.0,223725.0,223596.0,0.9987723214285714,0.9994233992624875,0.34936875,2.0,5.0,7.0,1.0,0.0,0.0,0.0,223682.0,0.0,0.0,10000.0
PB2_dpesc_v4_s2,torus3d_neighbor,0.75,4,10000,0,240000.0,239664.0,239523.0,0.9986,0.9994116763468857,0.3742546875,2.0,5.0,7.0,1.0,0.0,0.0,0.0,239618.0,0.0,0.0,10000.0
PB2_dpesc_v4_s2,torus3d_neighbor,0.8,4,10000,0,256000.0,255852.0,255701.0,0.999421875,0.9994098150493254,0.3995328125,2.0,5.0,7.0,1.0,0.0,0.0,0.0,255800.0,0.0,0.0,10000.0
PB2_dpesc_v4_s2,torus3d_neighbor,0.85,4,10000,0,272000.0,271674.0,271515.0,0.9988014705882353,0.9994147397248172,0.4242421875,2.0,5.0,7.0,1.0,0.0,0.0,0.0,271619.0,0.0,0.0,10000.0
PB2_dpesc_v4_s2,torus3d_neighbor,0.9,4,10000,0,288000.0,287669.0,287498.0,0.9988506944444444,0.9994055668146377,0.449215625,2.0,5.0,7.0,1.0,0.0,0.0,0.0,287610.0,0.0,0.0,10000.0
PB2_dpesc_v4_s2,torus3d_neighbor,0.95,4,10000,0,304000.0,303819.0,303636.0,0.9994046052631579,0.9993976676903025,0.47443125,2.0,5.0,7.0,1.0,0.0,0.0,0.0,303756.0,0.0,0.0,10000.0
PB2_dpesc_v4_s2,torus3d_neighbor,1.0,4,10000,0,320000.0,319602.0,319411.0,0.99875625,0.9994023817122546,0.4990796875,2.0,5.0,7.0,1.0,0.0,0.0,0.0,319539.0,0.0,0.0,10000.0
PB3_dpesc_v4_s3,torus3d_neighbor,0.05,4,10000,0,16000.0,15968.0,15957.0,0.998,0.9993111222444889,0.0249328125,2.0,5.0,7.0,1.0,0.0,0.0,0.0,15963.0,0.0,0.0,10000.0
PB3_dpesc_v4_s3,torus3d_neighbor,0.1,4,10000,0,32000.0,31948.0,31924.0,0.998375,0.9992487792663077,0.04988125,2.0,5.0,7.0,1.0,0.0,0.0,0.0,31938.0,0.0,0.0,10000.0
PB3_dpesc_v4_s3,torus3d_neighbor,0.15,4,10000,0,48000.0,47760.0,47729.0,0.995,0.9993509212730318,0.0745765625,2.0,5.0,7.0,1.0,0.0,0.0,0.0,47747.0,0.0,0.0,10000.0
PB3_dpesc_v4_s3,torus3d_neighbor,0.2,4,10000,0,64000.0,63806.0,63763.0,0.99696875,0.9993260821866282,0.0996296875,2.0,5.0,7.0,1.0,0.0,0.0,0.0,63788.0,0.0,0.0,10000.0
PB3_dpesc_v4_s3,torus3d_neighbor,0.25,4,10000,0,80000.0,79713.0,79662.0,0.9964125,0.999360204734485,0.124471875,2.0,5.0,7.0,1.0,0.0,0.0,0.0,79693.0,0.0,0.0,10000.0
PB3_dpesc_v4_s3,torus3d_neighbor,0.3,4,10000,0,96000.0,95810.0,95751.0,0.9980208333333334,0.9993841978916606,0.1496109375,2.0,5.0,7.0,1.0,0.0,0.0,0.0,95785.0,0.0,0.0,10000.0
PB3_dpesc_v4_s3,torus3d_neighbor,0.35,4,10000,0,112000.0,111703.0,111637.0,0.9973482142857143,0.9994091474714197,0.1744328125,2.0,5.0,7.0,1.0,0.0,0.0,0.0,111676.0,0.0,0.0,10000.0
PB3_dpesc_v4_s3,torus3d_neighbor,0.4,4,10000,0,128000.0,127637.0,127562.0,0.9971640625,0.9994123960920422,0.199315625,2.0,5.0,7.0,1.0,0.0,0.0,0.0,127608.0,0.0,0.0,10000.0
PB3_dpesc_v4_s3,torus3d_neighbor,0.45,4,10000,0,144000.0,143553.0,143470.0,0.9968958333333333,0.9994218163326437,0.224171875,2.0,5.0,7.0,1.0,0.0,0.0,0.0,143521.0,0.0,0.0,10000.0
PB3_dpesc_v4_s3,torus3d_neighbor,0.5,4,10000,0,160000.0,159452.0,159359.0,0.996575,0.9994167523768909,0.2489984375,2.0,5.0,7.0,1.0,0.0,0.0,0.0,159419.0,0.0,0.0,10000.0
PB3_dpesc_v4_s3,torus3d_neighbor,0.55,4,10000,0,176000.0,175634.0,175531.0,0.9979204545454545,0.9994135531844631,0.2742671875,2.0,5.0,7.0,1.0,0.0,0.0,0.0,175598.0,0.0,0.0,10000.0
PB3_dpesc_v4_s3,torus3d_neighbor,0.6,4,10000,0,192000.0,191507.0,191396.0,0.9974322916666667,0.9994203867221564,0.29905625,2.0,5.0,7.0,1.0,0.0,0.0,0.0,191469.0,0.0,0.0,10000.0
PB3_dpesc_v4_s3,torus3d_neighbor,0.65,4,10000,0,208000.0,207649.0,207533.0,0.9983125,0.999441364995738,0.3242703125,2.0,5.0,7.0,1.0,0.0,0.0,0.0,207609.0,0.0,0.0,10000.0
PB3_dpesc_v4_s3,torus3d_neighbor,0.7,4,10000,0,224000.0,223725.0,223596.0,0.9987723214285714,0.9994233992624875,0.34936875,2.0,5.0,7.0,1.0,0.0,0.0,0.0,223682.0,0.0,0.0,10000.0
PB3_dpesc_v4_s3,torus3d_neighbor,0.75,4,10000,0,240000.0,239664.0,239523.0,0.9986,0.9994116763468857,0.3742546875,2.0,5.0,7.0,1.0,0.0,0.0,0.0,239618.0,0.0,0.0,10000.0
PB3_dpesc_v4_s3,torus3d_neighbor,0.8,4,10000,0,256000.0,255852.0,255701.0,0.999421875,0.9994098150493254,0.3995328125,2.0,5.0,7.0,1.0,0.0,0.0,0.0,255800.0,0.0,0.0,10000.0
PB3_dpesc_v4_s3,torus3d_neighbor,0.85,4,10000,0,272000.0,271674.0,271515.0,0.9988014705882353,0.9994147397248172,0.4242421875,2.0,5.0,7.0,1.0,0.0,0.0,0.0,271619.0,0.0,0.0,10000.0
PB3_dpesc_v4_s3,torus3d_neighbor,0.9,4,10000,0,288000.0,287669.0,287498.0,0.9988506944444444,0.9994055668146377,0.449215625,2.0,5.0,7.0,1.0,0.0,0.0,0.0,287610.0,0.0,0.0,10000.0
PB3_dpesc_v4_s3,torus3d_neighbor,0.95,4,10000,0,304000.0,303819.0,303636.0,0.9994046052631579,0.9993976676903025,0.47443125,2.0,5.0,7.0,1.0,0.0,0.0,0.0,303756.0,0.0,0.0,10000.0
PB3_dpesc_v4_s3,torus3d_neighbor,1.0,4,10000,0,320000.0,319602.0,319411.0,0.99875625,0.9994023817122546,0.4990796875,2.0,5.0,7.0,1.0,0.0,0.0,0.0,319539.0,0.0,0.0,10000.0
PB4_dpesc_v4_s4,torus3d_neighbor,0.05,4,10000,0,16000.0,15968.0,15957.0,0.998,0.9993111222444889,0.0249328125,2.0,5.0,7.0,1.0,0.0,0.0,0.0,15963.0,0.0,0.0,10000.0
PB4_dpesc_v4_s4,torus3d_neighbor,0.1,4,10000,0,32000.0,31948.0,31924.0,0.998375,0.9992487792663077,0.04988125,2.0,5.0,7.0,1.0,0.0,0.0,0.0,31938.0,0.0,0.0,10000.0
PB4_dpesc_v4_s4,torus3d_neighbor,0.15,4,10000,0,48000.0,47760.0,47729.0,0.995,0.9993509212730318,0.0745765625,2.0,5.0,7.0,1.0,0.0,0.0,0.0,47747.0,0.0,0.0,10000.0
PB4_dpesc_v4_s4,torus3d_neighbor,0.2,4,10000,0,64000.0,63806.0,63763.0,0.99696875,0.9993260821866282,0.0996296875,2.0,5.0,7.0,1.0,0.0,0.0,0.0,63788.0,0.0,0.0,10000.0
PB4_dpesc_v4_s4,torus3d_neighbor,0.25,4,10000,0,80000.0,79713.0,79662.0,0.9964125,0.999360204734485,0.124471875,2.0,5.0,7.0,1.0,0.0,0.0,0.0,79693.0,0.0,0.0,10000.0
PB4_dpesc_v4_s4,torus3d_neighbor,0.3,4,10000,0,96000.0,95810.0,95751.0,0.9980208333333334,0.9993841978916606,0.1496109375,2.0,5.0,7.0,1.0,0.0,0.0,0.0,95785.0,0.0,0.0,10000.0
PB4_dpesc_v4_s4,torus3d_neighbor,0.35,4,10000,0,112000.0,111703.0,111637.0,0.9973482142857143,0.9994091474714197,0.1744328125,2.0,5.0,7.0,1.0,0.0,0.0,0.0,111676.0,0.0,0.0,10000.0
PB4_dpesc_v4_s4,torus3d_neighbor,0.4,4,10000,0,128000.0,127637.0,127562.0,0.9971640625,0.9994123960920422,0.199315625,2.0,5.0,7.0,1.0,0.0,0.0,0.0,127608.0,0.0,0.0,10000.0
PB4_dpesc_v4_s4,torus3d_neighbor,0.45,4,10000,0,144000.0,143553.0,143470.0,0.9968958333333333,0.9994218163326437,0.224171875,2.0,5.0,7.0,1.0,0.0,0.0,0.0,143521.0,0.0,0.0,10000.0
PB4_dpesc_v4_s4,torus3d_neighbor,0.5,4,10000,0,160000.0,159452.0,159359.0,0.996575,0.9994167523768909,0.2489984375,2.0,5.0,7.0,1.0,0.0,0.0,0.0,159419.0,0.0,0.0,10000.0
PB4_dpesc_v4_s4,torus3d_neighbor,0.55,4,10000,0,176000.0,175634.0,175531.0,0.9979204545454545,0.9994135531844631,0.2742671875,2.0,5.0,7.0,1.0,0.0,0.0,0.0,175598.0,0.0,0.0,10000.0
PB4_dpesc_v4_s4,torus3d_neighbor,0.6,4,10000,0,192000.0,191507.0,191396.0,0.9974322916666667,0.9994203867221564,0.29905625,2.0,5.0,7.0,1.0,0.0,0.0,0.0,191469.0,0.0,0.0,10000.0
PB4_dpesc_v4_s4,torus3d_neighbor,0.65,4,10000,0,208000.0,207649.0,207533.0,0.9983125,0.999441364995738,0.3242703125,2.0,5.0,7.0,1.0,0.0,0.0,0.0,207609.0,0.0,0.0,10000.0
PB4_dpesc_v4_s4,torus3d_neighbor,0.7,4,10000,0,224000.0,223725.0,223596.0,0.9987723214285714,0.9994233992624875,0.34936875,2.0,5.0,7.0,1.0,0.0,0.0,0.0,223682.0,0.0,0.0,10000.0
PB4_dpesc_v4_s4,torus3d_neighbor,0.75,4,10000,0,240000.0,239664.0,239523.0,0.9986,0.9994116763468857,0.3742546875,2.0,5.0,7.0,1.0,0.0,0.0,0.0,239618.0,0.0,0.0,10000.0
PB4_dpesc_v4_s4,torus3d_neighbor,0.8,4,10000,0,256000.0,255852.0,255701.0,0.999421875,0.9994098150493254,0.3995328125,2.0,5.0,7.0,1.0,0.0,0.0,0.0,255800.0,0.0,0.0,10000.0
PB4_dpesc_v4_s4,torus3d_neighbor,0.85,4,10000,0,272000.0,271674.0,271515.0,0.9988014705882353,0.9994147397248172,0.4242421875,2.0,5.0,7.0,1.0,0.0,0.0,0.0,271619.0,0.0,0.0,10000.0
PB4_dpesc_v4_s4,torus3d_neighbor,0.9,4,10000,0,288000.0,287669.0,287498.0,0.9988506944444444,0.9994055668146377,0.449215625,2.0,5.0,7.0,1.0,0.0,0.0,0.0,287610.0,0.0,0.0,10000.0
PB4_dpesc_v4_s4,torus3d_neighbor,0.95,4,10000,0,304000.0,303819.0,303636.0,0.9994046052631579,0.9993976676903025,0.47443125,2.0,5.0,7.0,1.0,0.0,0.0,0.0,303756.0,0.0,0.0,10000.0
PB4_dpesc_v4_s4,torus3d_neighbor,1.0,4,10000,0,320000.0,319602.0,319411.0,0.99875625,0.9994023817122546,0.4990796875,2.0,5.0,7.0,1.0,0.0,0.0,0.0,319539.0,0.0,0.0,10000.0
PB5_dpesc_v4_s5,torus3d_neighbor,0.05,4,10000,0,16000.0,15968.0,15957.0,0.998,0.9993111222444889,0.0249328125,2.0,5.0,7.0,1.0,0.0,0.0,0.0,15963.0,0.0,0.0,10000.0
PB5_dpesc_v4_s5,torus3d_neighbor,0.1,4,10000,0,32000.0,31948.0,31924.0,0.998375,0.9992487792663077,0.04988125,2.0,5.0,7.0,1.0,0.0,0.0,0.0,31938.0,0.0,0.0,10000.0
PB5_dpesc_v4_s5,torus3d_neighbor,0.15,4,10000,0,48000.0,47760.0,47729.0,0.995,0.9993509212730318,0.0745765625,2.0,5.0,7.0,1.0,0.0,0.0,0.0,47747.0,0.0,0.0,10000.0
PB5_dpesc_v4_s5,torus3d_neighbor,0.2,4,10000,0,64000.0,63806.0,63763.0,0.99696875,0.9993260821866282,0.0996296875,2.0,5.0,7.0,1.0,0.0,0.0,0.0,63788.0,0.0,0.0,10000.0
PB5_dpesc_v4_s5,torus3d_neighbor,0.25,4,10000,0,80000.0,79713.0,79662.0,0.9964125,0.999360204734485,0.124471875,2.0,5.0,7.0,1.0,0.0,0.0,0.0,79693.0,0.0,0.0,10000.0
PB5_dpesc_v4_s5,torus3d_neighbor,0.3,4,10000,0,96000.0,95810.0,95751.0,0.9980208333333334,0.9993841978916606,0.1496109375,2.0,5.0,7.0,1.0,0.0,0.0,0.0,95785.0,0.0,0.0,10000.0
PB5_dpesc_v4_s5,torus3d_neighbor,0.35,4,10000,0,112000.0,111703.0,111637.0,0.9973482142857143,0.9994091474714197,0.1744328125,2.0,5.0,7.0,1.0,0.0,0.0,0.0,111676.0,0.0,0.0,10000.0
PB5_dpesc_v4_s5,torus3d_neighbor,0.4,4,10000,0,128000.0,127637.0,127562.0,0.9971640625,0.9994123960920422,0.199315625,2.0,5.0,7.0,1.0,0.0,0.0,0.0,127608.0,0.0,0.0,10000.0
PB5_dpesc_v4_s5,torus3d_neighbor,0.45,4,10000,0,144000.0,143553.0,143470.0,0.9968958333333333,0.9994218163326437,0.224171875,2.0,5.0,7.0,1.0,0.0,0.0,0.0,143521.0,0.0,0.0,10000.0
PB5_dpesc_v4_s5,torus3d_neighbor,0.5,4,10000,0,160000.0,159452.0,159359.0,0.996575,0.9994167523768909,0.2489984375,2.0,5.0,7.0,1.0,0.0,0.0,0.0,159419.0,0.0,0.0,10000.0
PB5_dpesc_v4_s5,torus3d_neighbor,0.55,4,10000,0,176000.0,175634.0,175531.0,0.9979204545454545,0.9994135531844631,0.2742671875,2.0,5.0,7.0,1.0,0.0,0.0,0.0,175598.0,0.0,0.0,10000.0
PB5_dpesc_v4_s5,torus3d_neighbor,0.6,4,10000,0,192000.0,191507.0,191396.0,0.9974322916666667,0.9994203867221564,0.29905625,2.0,5.0,7.0,1.0,0.0,0.0,0.0,191469.0,0.0,0.0,10000.0
PB5_dpesc_v4_s5,torus3d_neighbor,0.65,4,10000,0,208000.0,207649.0,207533.0,0.9983125,0.999441364995738,0.3242703125,2.0,5.0,7.0,1.0,0.0,0.0,0.0,207609.0,0.0,0.0,10000.0
PB5_dpesc_v4_s5,torus3d_neighbor,0.7,4,10000,0,224000.0,223725.0,223596.0,0.9987723214285714,0.9994233992624875,0.34936875,2.0,5.0,7.0,1.0,0.0,0.0,0.0,223682.0,0.0,0.0,10000.0
PB5_dpesc_v4_s5,torus3d_neighbor,0.75,4,10000,0,240000.0,239664.0,239523.0,0.9986,0.9994116763468857,0.3742546875,2.0,5.0,7.0,1.0,0.0,0.0,0.0,239618.0,0.0,0.0,10000.0
PB5_dpesc_v4_s5,torus3d_neighbor,0.8,4,10000,0,256000.0,255852.0,255701.0,0.999421875,0.9994098150493254,0.3995328125,2.0,5.0,7.0,1.0,0.0,0.0,0.0,255800.0,0.0,0.0,10000.0
PB5_dpesc_v4_s5,torus3d_neighbor,0.85,4,10000,0,272000.0,271674.0,271515.0,0.9988014705882353,0.9994147397248172,0.4242421875,2.0,5.0,7.0,1.0,0.0,0.0,0.0,271619.0,0.0,0.0,10000.0
PB5_dpesc_v4_s5,torus3d_neighbor,0.9,4,10000,0,288000.0,287669.0,287498.0,0.9988506944444444,0.9994055668146377,0.449215625,2.0,5.0,7.0,1.0,0.0,0.0,0.0,287610.0,0.0,0.0,10000.0
PB5_dpesc_v4_s5,torus3d_neighbor,0.95,4,10000,0,304000.0,303819.0,303636.0,0.9994046052631579,0.9993976676903025,0.47443125,2.0,5.0,7.0,1.0,0.0,0.0,0.0,303756.0,0.0,0.0,10000.0
PB5_dpesc_v4_s5,torus3d_neighbor,1.0,4,10000,0,320000.0,319602.0,319411.0,0.99875625,0.9994023817122546,0.4990796875,2.0,5.0,7.0,1.0,0.0,0.0,0.0,319539.0,0.0,0.0,10000.0
PB6_dpesc_v4_s6,torus3d_neighbor,0.05,4,10000,0,16000.0,15968.0,15957.0,0.998,0.9993111222444889,0.0249328125,2.0,5.0,7.0,1.0,0.0,0.0,0.0,15963.0,0.0,0.0,10000.0
PB6_dpesc_v4_s6,torus3d_neighbor,0.1,4,10000,0,32000.0,31948.0,31924.0,0.998375,0.9992487792663077,0.04988125,2.0,5.0,7.0,1.0,0.0,0.0,0.0,31938.0,0.0,0.0,10000.0
PB6_dpesc_v4_s6,torus3d_neighbor,0.15,4,10000,0,48000.0,47760.0,47729.0,0.995,0.9993509212730318,0.0745765625,2.0,5.0,7.0,1.0,0.0,0.0,0.0,47747.0,0.0,0.0,10000.0
PB6_dpesc_v4_s6,torus3d_neighbor,0.2,4,10000,0,64000.0,63806.0,63763.0,0.99696875,0.9993260821866282,0.0996296875,2.0,5.0,7.0,1.0,0.0,0.0,0.0,63788.0,0.0,0.0,10000.0
PB6_dpesc_v4_s6,torus3d_neighbor,0.25,4,10000,0,80000.0,79713.0,79662.0,0.9964125,0.999360204734485,0.124471875,2.0,5.0,7.0,1.0,0.0,0.0,0.0,79693.0,0.0,0.0,10000.0
PB6_dpesc_v4_s6,torus3d_neighbor,0.3,4,10000,0,96000.0,95810.0,95751.0,0.9980208333333334,0.9993841978916606,0.1496109375,2.0,5.0,7.0,1.0,0.0,0.0,0.0,95785.0,0.0,0.0,10000.0
PB6_dpesc_v4_s6,torus3d_neighbor,0.35,4,10000,0,112000.0,111703.0,111637.0,0.9973482142857143,0.9994091474714197,0.1744328125,2.0,5.0,7.0,1.0,0.0,0.0,0.0,111676.0,0.0,0.0,10000.0
PB6_dpesc_v4_s6,torus3d_neighbor,0.4,4,10000,0,128000.0,127637.0,127562.0,0.9971640625,0.9994123960920422,0.199315625,2.0,5.0,7.0,1.0,0.0,0.0,0.0,127608.0,0.0,0.0,10000.0
PB6_dpesc_v4_s6,torus3d_neighbor,0.45,4,10000,0,144000.0,143553.0,143470.0,0.9968958333333333,0.9994218163326437,0.224171875,2.0,5.0,7.0,1.0,0.0,0.0,0.0,143521.0,0.0,0.0,10000.0
PB6_dpesc_v4_s6,torus3d_neighbor,0.5,4,10000,0,160000.0,159452.0,159359.0,0.996575,0.9994167523768909,0.2489984375,2.0,5.0,7.0,1.0,0.0,0.0,0.0,159419.0,0.0,0.0,10000.0
PB6_dpesc_v4_s6,torus3d_neighbor,0.55,4,10000,0,176000.0,175634.0,175531.0,0.9979204545454545,0.9994135531844631,0.2742671875,2.0,5.0,7.0,1.0,0.0,0.0,0.0,175598.0,0.0,0.0,10000.0
PB6_dpesc_v4_s6,torus3d_neighbor,0.6,4,10000,0,192000.0,191507.0,191396.0,0.9974322916666667,0.9994203867221564,0.29905625,2.0,5.0,7.0,1.0,0.0,0.0,0.0,191469.0,0.0,0.0,10000.0
PB6_dpesc_v4_s6,torus3d_neighbor,0.65,4,10000,0,208000.0,207649.0,207533.0,0.9983125,0.999441364995738,0.3242703125,2.0,5.0,7.0,1.0,0.0,0.0,0.0,207609.0,0.0,0.0,10000.0
PB6_dpesc_v4_s6,torus3d_neighbor,0.7,4,10000,0,224000.0,223725.0,223596.0,0.9987723214285714,0.9994233992624875,0.34936875,2.0,5.0,7.0,1.0,0.0,0.0,0.0,223682.0,0.0,0.0,10000.0
PB6_dpesc_v4_s6,torus3d_neighbor,0.75,4,10000,0,240000.0,239664.0,239523.0,0.9986,0.9994116763468857,0.3742546875,2.0,5.0,7.0,1.0,0.0,0.0,0.0,239618.0,0.0,0.0,10000.0
PB6_dpesc_v4_s6,torus3d_neighbor,0.8,4,10000,0,256000.0,255852.0,255701.0,0.999421875,0.9994098150493254,0.3995328125,2.0,5.0,7.0,1.0,0.0,0.0,0.0,255800.0,0.0,0.0,10000.0
PB6_dpesc_v4_s6,torus3d_neighbor,0.85,4,10000,0,272000.0,271674.0,271515.0,0.9988014705882353,0.9994147397248172,0.4242421875,2.0,5.0,7.0,1.0,0.0,0.0,0.0,271619.0,0.0,0.0,10000.0
PB6_dpesc_v4_s6,torus3d_neighbor,0.9,4,10000,0,288000.0,287669.0,287498.0,0.9988506944444444,0.9994055668146377,0.449215625,2.0,5.0,7.0,1.0,0.0,0.0,0.0,287610.0,0.0,0.0,10000.0
PB6_dpesc_v4_s6,torus3d_neighbor,0.95,4,10000,0,304000.0,303819.0,303636.0,0.9994046052631579,0.9993976676903025,0.47443125,2.0,5.0,7.0,1.0,0.0,0.0,0.0,303756.0,0.0,0.0,10000.0
PB6_dpesc_v4_s6,torus3d_neighbor,1.0,4,10000,0,320000.0,319602.0,319411.0,0.99875625,0.9994023817122546,0.4990796875,2.0,5.0,7.0,1.0,0.0,0.0,0.0,319539.0,0.0,0.0,10000.0
PC0_esc_v3,torus3d_neighbor,0.05,3,10000,0,16000.0,15968.0,15957.0,0.998,0.9993111222444889,0.0249328125,2.002945,5.0,7.002945,1.0,0.0,0.0,0.0,0.0,0.0,0.0,10000.0
PC0_esc_v3,torus3d_neighbor,0.1,3,10000,0,32000.0,31948.0,31924.0,0.998375,0.9992487792663077,0.04988125,2.010462,5.0,7.010462,1.0,0.0,0.0,0.0,0.0,0.0,0.0,10000.0
PC0_esc_v3,torus3d_neighbor,0.15,3,10000,0,48000.0,47760.0,47729.0,0.995,0.9993509212730318,0.0745765625,2.023927,5.0,7.023927,1.0,0.0,0.0,0.0,0.0,0.0,0.0,10000.0
PC0_esc_v3,torus3d_neighbor,0.2,3,10000,0,64000.0,63805.0,63763.0,0.996953125,0.9993417443773999,0.0996296875,2.044226,5.0,7.044226,1.0,0.0,0.0,0.0,0.0,0.0,0.0,10000.0
PC0_esc_v3,torus3d_neighbor,0.25,3,10000,0,80000.0,79712.0,79662.0,0.9964,0.9993727418707347,0.124471875,2.06815,5.0,7.06815,1.0,0.0,0.0,0.0,0.0,0.0,0.0,10000.0
PC0_esc_v3,torus3d_neighbor,0.3,3,10000,0,96000.0,95809.0,95751.0,0.9980104166666667,0.9993946288970764,0.1496109375,2.100563,5.0,7.100563,1.0,0.0,0.0,0.0,0.0,0.0,0.0,10000.0
PC0_esc_v3,torus3d_neighbor,0.35,3,10000,0,112000.0,111701.0,111637.0,0.9973303571428571,0.9994270418348985,0.1744328125,2.140849,5.0,7.140849,1.0,0.0,0.0,0.0,0.0,0.0,0.0,10000.0
PC0_esc_v3,torus3d_neighbor,0.4,3,10000,0,128000.0,127635.0,127560.0,0.9971484375,0.9994123868844753,0.1993125,2.194693,5.0,7.194693,1.0,0.0,0.0,0.0,0.0,0.0,0.0,10000.0
PC0_esc_v3,torus3d_neighbor,0.45,3,10000,0,144000.0,143550.0,143468.0,0.996875,0.9994287704632532,0.22416875,2.266331,5.0,7.266331,1.0,0.0,0.0,0.0,0.0,0.0,0.0,10000.0
PC0_esc_v3,torus3d_neighbor,0.5,3,10000,0,160000.0,159449.0,159357.0,0.99655625,0.9994230130010223,0.2489953125,2.361616,5.0,7.361616,1.0,0.0,0.0,0.0,0.0,0.0,0.0,10000.0
PC0_esc_v3,torus3d_neighbor,0.55,3,10000,0,176000.0,175631.0,175529.0,0.9979034090909091,0.9994192369228667,0.2742640625,2.493947,5.0,7.493947,1.0,0.0,0.0,0.0,0.0,0.0,0.0,10000.0
PC0_esc_v3,torus3d_neighbor,0.6,3,10000,0,192000.0,191498.0,191388.0,0.9973854166666667,0.9994255814682138,0.29904375,2.696742,5.0,7.696742,1.0,0.0,0.0,0.0,0.0,0.0,0.0,10000.0
PC0_esc_v3,torus3d_neighbor,0.65,3,10000,0,208000.0,207634.0,207522.0,0.9982403846153847,0.999460589306183,0.324253125,3.043485,5.0,8.043485,1.0,0.0,0.0,0.0,0.0,0.0,0.0,10000.0
PC0_esc_v3,torus3d_neighbor,0.7,3,10000,0,224000.0,223690.0,223560.0,0.9986160714285715,0.999418838571237,0.3493125,3.72093,5.0,8.72093,1.0,0.0,0.0,0.0,0.0,0.0,0.0,10000.0
PC0_esc_v3,torus3d_neighbor,0.75,3,10000,0,240000.0,239580.0,239438.0,0.99825,0.999407296101511,0.374121875,5.608926,5.0,10.608926,1.0,0.0,0.0,0.0,0.0,0.0,0.0,10000.0
PC0_esc_v3,torus3d_neighbor,0.8,3,10000,0,256000.0,254536.0,254383.0,0.99428125,0.9993989062450891,0.3974734375,35.95791,5.0,40.95791,1.0,0.0,0.0,0.0,0.0,0.0,0.0,10000.0
PC0_esc_v3,torus3d_neighbor,0.85,3,10000,0,272000.0,255904.0,255745.0,0.9408235294117647,0.9993786732524697,0.3996015625,293.170052,5.0,298.170052,1.0,0.0,0.0,0.0,0.0,0.0,0.0,10000.0
PC0_esc_v3,torus3d_neighbor,0.9,3,10000,0,288000.0,255956.0,255786.0,0.8887361111111111,0.9993358233446373,0.399665625,551.933612,5.0,556.933612,1.0,0.0,0.0,0.0,0.0,0.0,0.0,10000.0
PC0_esc_v3,torus3d_neighbor,0.95,3,10000,0,304000.0,255980.0,255799.0,0.8420394736842105,0.9992929135088678,0.3996859375,788.432441,5.0,793.432441,1.0,0.0,0.0,0.0,0.0,0.0,0.0,10000.0
PC0_esc_v3,torus3d_neighbor,1.0,3,10000,0,320000.0,256000.0,255808.0,0.8,0.99925,0.3997,996.415569,5.0,1001.415569,1.0,0.0,0.0,0.0,0.0,0.0,0.0,10000.0
PC1_dpesc_v3_s1,torus3d_neighbor,0.05,3,10000,0,16000.0,15968.0,15957.0,0.998,0.9993111222444889,0.0249328125,2.002945,5.044495,7.04744,1.021934,0.0,0.0,0.0,15225.0,1088.0,738.0,10000.0
PC1_dpesc_v3_s1,torus3d_neighbor,0.1,3,10000,0,32000.0,31948.0,31923.0,0.998375,0.9992174784024039,0.0498796875,2.010463,5.089622,7.100085,1.043856,0.0,0.0,0.0,29048.0,4293.0,2890.0,10000.0
PC1_dpesc_v3_s1,torus3d_neighbor,0.15,3,10000,0,48000.0,47760.0,47728.0,0.995,0.9993299832495812,0.074575,2.023927,5.134847,7.158775,1.065287,0.0,0.0,0.0,41371.0,9495.0,6376.0,10000.0
PC1_dpesc_v3_s1,torus3d_neighbor,0.2,3,10000,0,64000.0,63805.0,63760.0,0.996953125,0.9992947261186428,0.099625,2.044228,5.178654,7.222883,1.085885,0.0,0.0,0.0,52777.0,16492.0,11010.0,10000.0
PC1_dpesc_v3_s1,torus3d_neighbor,0.25,3,10000,0,80000.0,79712.0,79659.0,0.9964,0.9993351063829787,0.1244671875,2.068153,5.220565,7.288718,1.105449,0.0,0.0,0.0,63149.0,24950.0,16543.0,10000.0
PC1_dpesc_v3_s1,torus3d_neighbor,0.3,3,10000,0,96000.0,95809.0,95748.0,0.9980104166666667,0.9993633165986494,0.14960625,2.100566,5.260872,7.361438,1.124389,0.0,0.0,0.0,72566.0,35135.0,23218.0,10000.0
PC1_dpesc_v3_s1,torus3d_neighbor,0.35,3,10000,0,112000.0,111701.0,111631.0,0.9973303571428571,0.9993733270069203,0.1744234375,2.140857,5.296387,7.437244,1.140947,0.0,0.0,0.0,80878.0,46543.0,30796.0,10000.0
PC1_dpesc_v3_s1,torus3d_neighbor,0.4,3,10000,0,128000.0,127635.0,127551.0,0.9971484375,0.9993418733106123,0.1992984375,2.194699,5.330825,7.525523,1.157098,0.0,0.0,0.0,88344.0,59319.0,39262.0,10000.0
PC1_dpesc_v3_s1,torus3d_neighbor,0.45,3,10000,0,144000.0,143550.0,143460.0,0.996875,0.9993730407523511,0.22415625,2.266339,5.360832,7.627171,1.17163,0.0,0.0,0.0,95190.0,72968.0,48329.0,10000.0
PC1_dpesc_v3_s1,torus3d_neighbor,0.5,3,10000,0,160000.0,159449.0,159349.0,0.99655625,0.9993728402185025,0.2489828125,2.361621,5.387464,7.749085,1.184739,0.0,0.0,0.0,101350.0,87522.0,58067.0,10000.0
PC1_dpesc_v3_s1,torus3d_neighbor,0.55,3,10000,0,176000.0,175631.0,175519.0,0.9979034090909091,0.999362299366285,0.2742484375,2.493958,5.415459,7.909417,1.19893,0.0,0.0,0.0,107085.0,103446.0,68509.0,10000.0
PC1_dpesc_v3_s1,torus3d_neighbor,0.6,3,10000,0,192000.0,191498.0,191378.0,0.9973854166666667,0.9993733616016878,0.299028125,2.696736,5.435782,8.132518,1.209846,0.0,0.0,0.0,112163.0,119476.0,79294.0,10000.0
PC1_dpesc_v3_s1,torus3d_neighbor,0.65,3,10000,0,208000.0,207634.0,207511.0,0.9982403846153847,0.9994076114701831,0.3242359375,3.043496,5.45507,8.498566,1.220817,0.0,0.0,0.0,116750.0,136690.0,90844.0,10000.0
PC1_dpesc_v3_s1,torus3d_neighbor,0.7,3,10000,0,224000.0,223690.0,223550.0,0.9986160714285715,0.9993741338459475,0.349296875,3.720953,5.472713,9.193666,1.231367,0.0,0.0,0.0,120805.0,154590.0,102843.0,10000.0
PC1_dpesc_v3_s1,torus3d_neighbor,0.75,3,10000,0,240000.0,239580.0,239426.0,0.99825,0.9993572084481175,0.374103125,5.60894,5.487378,11.096318,1.24101,0.0,0.0,0.0,124490.0,172778.0,115044.0,10000.0
PC1_dpesc_v3_s1,torus3d_neighbor,0.8,3,10000,0,256000.0,254536.0,254370.0,0.99428125,0.9993478329195085,0.397453125,35.956787,5.499422,41.456209,1.249495,0.0,0.0,0.0,127705.0,190287.0,126790.0,10000.0
PC1_dpesc_v3_s1,torus3d_neighbor,0.85,3,10000,0,272000.0,255904.0,255735.0,0.9408235294117647,0.999339596098537,0.3995859375,293.158211,5.499799,298.658009,1.249891,0.0,0.0,0.0,127971.0,191816.0,127878.0,10000.0
PC1_dpesc_v3_s1,torus3d_neighbor,0.9,3,10000,0,288000.0,255956.0,255782.0,0.8887361111111111,0.9993201956586288,0.399659375,551.924827,5.499851,557.424678,1.249924,0.0,0.0,0.0,127983.0,191865.0,127916.0,10000.0
PC1_dpesc_v3_s1,torus3d_neighbor,0.95,3,10000,0,304000.0,255980.0,255798.0,0.8420394736842105,0.9992890069536683,0.399684375,788.429308,5.499863,793.929171,1.249932,0.0,0.0,0.0,127989.0,191879.0,127929.0,10000.0
PC1_dpesc_v3_s1,torus3d_neighbor,1.0,3,10000,0,320000.0,256000.0,255808.0,0.8,0.99925,0.3997,996.415569,5.499875,1001.915444,1.249937,0.0,0.0,0.0,128000.0,191888.0,127936.0,10000.0
PC2_dpesc_v3_s2,torus3d_neighbor,0.05,3,10000,0,16000.0,15968.0,15957.0,0.998,0.9993111222444889,0.0249328125,2.002945,5.0,7.002945,1.0,0.0,0.0,0.0,15963.0,0.0,0.0,10000.0
PC2_dpesc_v3_s2,torus3d_neighbor,0.1,3,10000,0,32000.0,31948.0,31924.0,0.998375,0.9992487792663077,0.04988125,2.010462,5.0,7.010462,1.0,0.0,0.0,0.0,31938.0,0.0,0.0,10000.0
PC2_dpesc_v3_s2,torus3d_neighbor,0.15,3,10000,0,48000.0,47760.0,47729.0,0.995,0.9993509212730318,0.0745765625,2.023927,5.0,7.023927,1.0,0.0,0.0,0.0,47747.0,0.0,0.0,10000.0
PC2_dpesc_v3_s2,torus3d_neighbor,0.2,3,10000,0,64000.0,63805.0,63763.0,0.996953125,0.9993417443773999,0.0996296875,2.044226,5.0,7.044226,1.0,0.0,0.0,0.0,63787.0,0.0,0.0,10000.0
PC2_dpesc_v3_s2,torus3d_neighbor,0.25,3,10000,0,80000.0,79712.0,79662.0,0.9964,0.9993727418707347,0.124471875,2.06815,5.0,7.06815,1.0,0.0,0.0,0.0,79692.0,0.0,0.0,10000.0
PC2_dpesc_v3_s2,torus3d_neighbor,0.3,3,10000,0,96000.0,95809.0,95751.0,0.9980104166666667,0.9993946288970764,0.1496109375,2.100563,5.0,7.100563,1.0,0.0,0.0,0.0,95784.0,0.0,0.0,10000.0
PC2_dpesc_v3_s2,torus3d_neighbor,0.35,3,10000,0,112000.0,111701.0,111637.0,0.9973303571428571,0.9994270418348985,0.1744328125,2.140849,5.0,7.140849,1.0,0.0,0.0,0.0,111674.0,0.0,0.0,10000.0
PC2_dpesc_v3_s2,torus3d_neighbor,0.4,3,10000,0,128000.0,127635.0,127560.0,0.9971484375,0.9994123868844753,0.1993125,2.194693,5.0,7.194693,1.0,0.0,0.0,0.0,127606.0,0.0,0.0,10000.0
PC2_dpesc_v3_s2,torus3d_neighbor,0.45,3,10000,0,144000.0,143550.0,143468.0,0.996875,0.9994287704632532,0.22416875,2.266331,5.0,7.266331,1.0,0.0,0.0,0.0,143519.0,0.0,0.0,10000.0
PC2_dpesc_v3_s2,torus3d_neighbor,0.5,3,10000,0,160000.0,159449.0,159357.0,0.99655625,0.9994230130010223,0.2489953125,2.361616,5.0,7.361616,1.0,0.0,0.0,0.0,159417.0,0.0,0.0,10000.0
PC2_dpesc_v3_s2,torus3d_neighbor,0.55,3,10000,0,176000.0,175631.0,175529.0,0.9979034090909091,0.9994192369228667,0.2742640625,2.493947,5.0,7.493947,1.0,0.0,0.0,0.0,175594.0,0.0,0.0,10000.0
PC2_dpesc_v3_s2,torus3d_neighbor,0.6,3,10000,0,192000.0,191498.0,191388.0,0.9973854166666667,0.9994255814682138,0.29904375,2.696742,5.0,7.696742,1.0,0.0,0.0,0.0,191457.0,0.0,0.0,10000.0
PC2_dpesc_v3_s2,torus3d_neighbor,0.65,3,10000,0,208000.0,207634.0,207522.0,0.9982403846153847,0.999460589306183,0.324253125,3.043485,5.0,8.043485,1.0,0.0,0.0,0.0,207594.0,0.0,0.0,10000.0
PC2_dpesc_v3_s2,torus3d_neighbor,0.7,3,10000,0,224000.0,223690.0,223560.0,0.9986160714285715,0.999418838571237,0.3493125,3.72093,5.0,8.72093,1.0,0.0,0.0,0.0,223648.0,0.0,0.0,10000.0
PC2_dpesc_v3_s2,torus3d_neighbor,0.75,3,10000,0,240000.0,239580.0,239438.0,0.99825,0.999407296101511,0.374121875,5.608926,5.0,10.608926,1.0,0.0,0.0,0.0,239534.0,0.0,0.0,10000.0
PC2_dpesc_v3_s2,torus3d_neighbor,0.8,3,10000,0,256000.0,254536.0,254383.0,0.99428125,0.9993989062450891,0.3974734375,35.95791,5.0,40.95791,1.0,0.0,0.0,0.0,254495.0,0.0,0.0,10000.0
PC2_dpesc_v3_s2,torus3d_neighbor,0.85,3,10000,0,272000.0,255904.0,255745.0,0.9408235294117647,0.9993786732524697,0.3996015625,293.170052,5.0,298.170052,1.0,0.0,0.0,0.0,255849.0,0.0,0.0,10000.0
PC2_dpesc_v3_s2,torus3d_neighbor,0.9,3,10000,0,288000.0,255956.0,255786.0,0.8887361111111111,0.9993358233446373,0.399665625,551.933612,5.0,556.933612,1.0,0.0,0.0,0.0,255899.0,0.0,0.0,10000.0
PC2_dpesc_v3_s2,torus3d_neighbor,0.95,3,10000,0,304000.0,255980.0,255799.0,0.8420394736842105,0.9992929135088678,0.3996859375,788.432441,5.0,793.432441,1.0,0.0,0.0,0.0,255918.0,0.0,0.0,10000.0
PC2_dpesc_v3_s2,torus3d_neighbor,1.0,3,10000,0,320000.0,256000.0,255808.0,0.8,0.99925,0.3997,996.415569,5.0,1001.415569,1.0,0.0,0.0,0.0,255936.0,0.0,0.0,10000.0
PC3_dpesc_v3_s3,torus3d_neighbor,0.05,3,10000,0,16000.0,15968.0,15957.0,0.998,0.9993111222444889,0.0249328125,2.002945,5.0,7.002945,1.0,0.0,0.0,0.0,15963.0,0.0,0.0,10000.0
PC3_dpesc_v3_s3,torus3d_neighbor,0.1,3,10000,0,32000.0,31948.0,31924.0,0.998375,0.9992487792663077,0.04988125,2.010462,5.0,7.010462,1.0,0.0,0.0,0.0,31938.0,0.0,0.0,10000.0
PC3_dpesc_v3_s3,torus3d_neighbor,0.15,3,10000,0,48000.0,47760.0,47729.0,0.995,0.9993509212730318,0.0745765625,2.023927,5.0,7.023927,1.0,0.0,0.0,0.0,47747.0,0.0,0.0,10000.0
PC3_dpesc_v3_s3,torus3d_neighbor,0.2,3,10000,0,64000.0,63805.0,63763.0,0.996953125,0.9993417443773999,0.0996296875,2.044226,5.0,7.044226,1.0,0.0,0.0,0.0,63787.0,0.0,0.0,10000.0
PC3_dpesc_v3_s3,torus3d_neighbor,0.25,3,10000,0,80000.0,79712.0,79662.0,0.9964,0.9993727418707347,0.124471875,2.06815,5.0,7.06815,1.0,0.0,0.0,0.0,79692.0,0.0,0.0,10000.0
PC3_dpesc_v3_s3,torus3d_neighbor,0.3,3,10000,0,96000.0,95809.0,95751.0,0.9980104166666667,0.9993946288970764,0.1496109375,2.100563,5.0,7.100563,1.0,0.0,0.0,0.0,95784.0,0.0,0.0,10000.0
PC3_dpesc_v3_s3,torus3d_neighbor,0.35,3,10000,0,112000.0,111701.0,111637.0,0.9973303571428571,0.9994270418348985,0.1744328125,2.140849,5.0,7.140849,1.0,0.0,0.0,0.0,111674.0,0.0,0.0,10000.0
PC3_dpesc_v3_s3,torus3d_neighbor,0.4,3,10000,0,128000.0,127635.0,127560.0,0.9971484375,0.9994123868844753,0.1993125,2.194693,5.0,7.194693,1.0,0.0,0.0,0.0,127606.0,0.0,0.0,10000.0
PC3_dpesc_v3_s3,torus3d_neighbor,0.45,3,10000,0,144000.0,143550.0,143468.0,0.996875,0.9994287704632532,0.22416875,2.266331,5.0,7.266331,1.0,0.0,0.0,0.0,143519.0,0.0,0.0,10000.0
PC3_dpesc_v3_s3,torus3d_neighbor,0.5,3,10000,0,160000.0,159449.0,159357.0,0.99655625,0.9994230130010223,0.2489953125,2.361616,5.0,7.361616,1.0,0.0,0.0,0.0,159417.0,0.0,0.0,10000.0
PC3_dpesc_v3_s3,torus3d_neighbor,0.55,3,10000,0,176000.0,175631.0,175529.0,0.9979034090909091,0.9994192369228667,0.2742640625,2.493947,5.0,7.493947,1.0,0.0,0.0,0.0,175594.0,0.0,0.0,10000.0
PC3_dpesc_v3_s3,torus3d_neighbor,0.6,3,10000,0,192000.0,191498.0,191388.0,0.9973854166666667,0.9994255814682138,0.29904375,2.696742,5.0,7.696742,1.0,0.0,0.0,0.0,191457.0,0.0,0.0,10000.0
PC3_dpesc_v3_s3,torus3d_neighbor,0.65,3,10000,0,208000.0,207634.0,207522.0,0.9982403846153847,0.999460589306183,0.324253125,3.043485,5.0,8.043485,1.0,0.0,0.0,0.0,207594.0,0.0,0.0,10000.0
PC3_dpesc_v3_s3,torus3d_neighbor,0.7,3,10000,0,224000.0,223690.0,223560.0,0.9986160714285715,0.999418838571237,0.3493125,3.72093,5.0,8.72093,1.0,0.0,0.0,0.0,223648.0,0.0,0.0,10000.0
PC3_dpesc_v3_s3,torus3d_neighbor,0.75,3,10000,0,240000.0,239580.0,239438.0,0.99825,0.999407296101511,0.374121875,5.608926,5.0,10.608926,1.0,0.0,0.0,0.0,239534.0,0.0,0.0,10000.0
PC3_dpesc_v3_s3,torus3d_neighbor,0.8,3,10000,0,256000.0,254536.0,254383.0,0.99428125,0.9993989062450891,0.3974734375,35.95791,5.0,40.95791,1.0,0.0,0.0,0.0,254495.0,0.0,0.0,10000.0
PC3_dpesc_v3_s3,torus3d_neighbor,0.85,3,10000,0,272000.0,255904.0,255745.0,0.9408235294117647,0.9993786732524697,0.3996015625,293.170052,5.0,298.170052,1.0,0.0,0.0,0.0,255849.0,0.0,0.0,10000.0
PC3_dpesc_v3_s3,torus3d_neighbor,0.9,3,10000,0,288000.0,255956.0,255786.0,0.8887361111111111,0.9993358233446373,0.399665625,551.933612,5.0,556.933612,1.0,0.0,0.0,0.0,255899.0,0.0,0.0,10000.0
PC3_dpesc_v3_s3,torus3d_neighbor,0.95,3,10000,0,304000.0,255980.0,255799.0,0.8420394736842105,0.9992929135088678,0.3996859375,788.432441,5.0,793.432441,1.0,0.0,0.0,0.0,255918.0,0.0,0.0,10000.0
PC3_dpesc_v3_s3,torus3d_neighbor,1.0,3,10000,0,320000.0,256000.0,255808.0,0.8,0.99925,0.3997,996.415569,5.0,1001.415569,1.0,0.0,0.0,0.0,255936.0,0.0,0.0,10000.0
PC4_dpesc_v3_s4,torus3d_neighbor,0.05,3,10000,0,16000.0,15968.0,15957.0,0.998,0.9993111222444889,0.0249328125,2.002945,5.0,7.002945,1.0,0.0,0.0,0.0,15963.0,0.0,0.0,10000.0
PC4_dpesc_v3_s4,torus3d_neighbor,0.1,3,10000,0,32000.0,31948.0,31924.0,0.998375,0.9992487792663077,0.04988125,2.010462,5.0,7.010462,1.0,0.0,0.0,0.0,31938.0,0.0,0.0,10000.0
PC4_dpesc_v3_s4,torus3d_neighbor,0.15,3,10000,0,48000.0,47760.0,47729.0,0.995,0.9993509212730318,0.0745765625,2.023927,5.0,7.023927,1.0,0.0,0.0,0.0,47747.0,0.0,0.0,10000.0
PC4_dpesc_v3_s4,torus3d_neighbor,0.2,3,10000,0,64000.0,63805.0,63763.0,0.996953125,0.9993417443773999,0.0996296875,2.044226,5.0,7.044226,1.0,0.0,0.0,0.0,63787.0,0.0,0.0,10000.0
PC4_dpesc_v3_s4,torus3d_neighbor,0.25,3,10000,0,80000.0,79712.0,79662.0,0.9964,0.9993727418707347,0.124471875,2.06815,5.0,7.06815,1.0,0.0,0.0,0.0,79692.0,0.0,0.0,10000.0
PC4_dpesc_v3_s4,torus3d_neighbor,0.3,3,10000,0,96000.0,95809.0,95751.0,0.9980104166666667,0.9993946288970764,0.1496109375,2.100563,5.0,7.100563,1.0,0.0,0.0,0.0,95784.0,0.0,0.0,10000.0
PC4_dpesc_v3_s4,torus3d_neighbor,0.35,3,10000,0,112000.0,111701.0,111637.0,0.9973303571428571,0.9994270418348985,0.1744328125,2.140849,5.0,7.140849,1.0,0.0,0.0,0.0,111674.0,0.0,0.0,10000.0
PC4_dpesc_v3_s4,torus3d_neighbor,0.4,3,10000,0,128000.0,127635.0,127560.0,0.9971484375,0.9994123868844753,0.1993125,2.194693,5.0,7.194693,1.0,0.0,0.0,0.0,127606.0,0.0,0.0,10000.0
PC4_dpesc_v3_s4,torus3d_neighbor,0.45,3,10000,0,144000.0,143550.0,143468.0,0.996875,0.9994287704632532,0.22416875,2.266331,5.0,7.266331,1.0,0.0,0.0,0.0,143519.0,0.0,0.0,10000.0
PC4_dpesc_v3_s4,torus3d_neighbor,0.5,3,10000,0,160000.0,159449.0,159357.0,0.99655625,0.9994230130010223,0.2489953125,2.361616,5.0,7.361616,1.0,0.0,0.0,0.0,159417.0,0.0,0.0,10000.0
PC4_dpesc_v3_s4,torus3d_neighbor,0.55,3,10000,0,176000.0,175631.0,175529.0,0.9979034090909091,0.9994192369228667,0.2742640625,2.493947,5.0,7.493947,1.0,0.0,0.0,0.0,175594.0,0.0,0.0,10000.0
PC4_dpesc_v3_s4,torus3d_neighbor,0.6,3,10000,0,192000.0,191498.0,191388.0,0.9973854166666667,0.9994255814682138,0.29904375,2.696742,5.0,7.696742,1.0,0.0,0.0,0.0,191457.0,0.0,0.0,10000.0
PC4_dpesc_v3_s4,torus3d_neighbor,0.65,3,10000,0,208000.0,207634.0,207522.0,0.9982403846153847,0.999460589306183,0.324253125,3.043485,5.0,8.043485,1.0,0.0,0.0,0.0,207594.0,0.0,0.0,10000.0
PC4_dpesc_v3_s4,torus3d_neighbor,0.7,3,10000,0,224000.0,223690.0,223560.0,0.9986160714285715,0.999418838571237,0.3493125,3.72093,5.0,8.72093,1.0,0.0,0.0,0.0,223648.0,0.0,0.0,10000.0
PC4_dpesc_v3_s4,torus3d_neighbor,0.75,3,10000,0,240000.0,239580.0,239438.0,0.99825,0.999407296101511,0.374121875,5.608926,5.0,10.608926,1.0,0.0,0.0,0.0,239534.0,0.0,0.0,10000.0
PC4_dpesc_v3_s4,torus3d_neighbor,0.8,3,10000,0,256000.0,254536.0,254383.0,0.99428125,0.9993989062450891,0.3974734375,35.95791,5.0,40.95791,1.0,0.0,0.0,0.0,254495.0,0.0,0.0,10000.0
PC4_dpesc_v3_s4,torus3d_neighbor,0.85,3,10000,0,272000.0,255904.0,255745.0,0.9408235294117647,0.9993786732524697,0.3996015625,293.170052,5.0,298.170052,1.0,0.0,0.0,0.0,255849.0,0.0,0.0,10000.0
PC4_dpesc_v3_s4,torus3d_neighbor,0.9,3,10000,0,288000.0,255956.0,255786.0,0.8887361111111111,0.9993358233446373,0.399665625,551.933612,5.0,556.933612,1.0,0.0,0.0,0.0,255899.0,0.0,0.0,10000.0
PC4_dpesc_v3_s4,torus3d_neighbor,0.95,3,10000,0,304000.0,255980.0,255799.0,0.8420394736842105,0.9992929135088678,0.3996859375,788.432441,5.0,793.432441,1.0,0.0,0.0,0.0,255918.0,0.0,0.0,10000.0
PC4_dpesc_v3_s4,torus3d_neighbor,1.0,3,10000,0,320000.0,256000.0,255808.0,0.8,0.99925,0.3997,996.415569,5.0,1001.415569,1.0,0.0,0.0,0.0,255936.0,0.0,0.0,10000.0
PA0_cbs_v4,uniform_random,0.05,4,10000,0,16000.0,15980.0,15959.0,0.99875,0.998685857321652,0.0249359375,2.0,9.033022,11.033022,2.996804,0.0,0.0,0.0,0.0,0.0,0.0,10000.0
PA0_cbs_v4,uniform_random,0.1,4,10000,0,32000.0,31970.0,31933.0,0.9990625,0.998842664998436,0.0498953125,2.0,9.103842,11.103842,3.008393,1.0,1.0,0.0,0.0,0.0,0.0,10000.0
PA0_cbs_v4,uniform_random,0.15,4,10000,0,48000.0,47716.0,47665.0,0.9940833333333333,0.9989311761254087,0.0744765625,2.0,9.132047,11.132047,3.000399,6.0,3.0,0.0,0.0,0.0,0.0,10000.0
PA0_cbs_v4,uniform_random,0.2,4,10000,0,64000.0,63801.0,63731.0,0.996890625,0.9989028385135029,0.0995796875,2.0,9.168442,11.168442,2.997693,30.0,22.0,0.0,0.0,0.0,0.0,10000.0
PA0_cbs_v4,uniform_random,0.25,4,10000,0,80000.0,79865.0,79780.0,0.9983125,0.9989357040005008,0.12465625,2.0,9.218902,11.218902,3.001617,55.0,27.0,0.0,0.0,0.0,0.0,10000.0
PA0_cbs_v4,uniform_random,0.3,4,10000,0,96000.0,96060.0,95966.0,1.000625,0.9990214449302519,0.149946875,2.0,9.273795,11.273795,3.005929,111.0,49.0,0.0,0.0,0.0,0.0,10000.0
PA0_cbs_v4,uniform_random,0.35,4,10000,0,112000.0,111998.0,111892.0,0.9999821428571428,0.9990535545277595,0.17483125,2.0,9.299762,11.299762,2.997372,219.0,96.0,0.0,0.0,0.0,0.0,10000.0
PA0_cbs_v4,uniform_random,0.4,4,10000,0,128000.0,127850.0,127721.0,0.998828125,0.9989910050840829,0.1995640625,2.0,9.345112,11.345112,2.997181,353.0,169.0,0.0,0.0,0.0,0.0,10000.0
PA0_cbs_v4,uniform_random,0.45,4,10000,0,144000.0,143788.0,143651.0,0.9985277777777778,0.99904720839013,0.2244546875,2.0,9.412333,11.412333,3.004943,548.0,287.0,0.0,0.0,0.0,0.0,10000.0
PA0_cbs_v4,uniform_random,0.5,4,10000,0,160000.0,159529.0,159392.0,0.99705625,0.9991412219721806,0.24905,2.0,9.452043,11.452043,2.998883,830.0,411.0,0.0,0.0,0.0,0.0,10000.0
PA0_cbs_v4,uniform_random,0.55,4,10000,0,176000.0,175585.0,175414.0,0.9976420454545455,0.9990261127089444,0.274084375,2.0,9.505883,11.505883,2.998102,1234.0,632.0,0.0,0.0,0.0,0.0,10000.0
PA0_cbs_v4,uniform_random,0.6,4,10000,0,192000.0,191612.0,191409.0,0.9979791666666666,0.998940567396614,0.2990765625,2.0,9.569179,11.569179,2.998401,1866.0,864.0,0.0,0.0,0.0,0.0,10000.0
PA0_cbs_v4,uniform_random,0.65,4,10000,0,208000.0,207489.0,207277.0,0.9975432692307692,0.9989782590884336,0.3238703125,2.000005,9.640751,11.640756,3.002243,2525.0,1210.0,0.0,0.0,0.0,0.0,10000.0
PA0_cbs_v4,uniform_random,0.7,4,10000,0,224000.0,223803.0,223553.0,0.9991205357142857,0.9988829461624732,0.3493015625,2.000004,9.722978,11.722983,3.006446,3485.0,1568.0,0.0,0.0,0.0,0.0,10000.0
PA0_cbs_v4,uniform_random,0.75,4,10000,0,240000.0,239782.0,239514.0,0.9990916666666667,0.9988823181056126,0.374240625,2.000025,9.78496,11.784985,2.999324,4572.0,2008.0,0.0,0.0,0.0,0.0,10000.0
PA0_cbs_v4,uniform_random,0.8,4,10000,0,256000.0,255570.0,255309.0,0.9983203125,0.9989787533748092,0.3989203125,2.000074,9.881473,11.881547,3.000223,5975.0,2507.0,0.0,0.0,0.0,0.0,10000.0
PA0_cbs_v4,uniform_random,0.85,4,10000,0,272000.0,271616.0,271340.0,0.9985882352941177,0.9989838595664468,0.42396875,2.000092,9.986338,11.98643,3.00387,7817.0,3206.0,0.0,0.0,0.0,0.0,10000.0
PA0_cbs_v4,uniform_random,0.9,4,10000,0,288000.0,287618.0,287311.0,0.9986736111111111,0.9989326120062026,0.4489234375,2.000313,10.083241,12.083554,2.99717,9856.0,3925.0,0.0,0.0,0.0,0.0,10000.0
PA0_cbs_v4,uniform_random,0.95,4,10000,0,304000.0,303677.0,303331.0,0.9989375,0.9988606315262598,0.4739546875,2.000584,10.218243,12.218827,3.000785,12422.0,4902.0,0.0,0.0,0.0,0.0,10000.0
PA0_cbs_v4,uniform_random,1.0,4,10000,0,320000.0,319599.0,319249.0,0.998746875,0.9989048776748363,0.4988265625,2.004918,10.386905,12.391823,2.998844,16176.0,6059.0,0.0,0.0,0.0,0.0,10000.0
PA1_dpcbs_v4_s1,uniform_random,0.05,4,10000,0,16000.0,15980.0,15959.0,0.99875,0.998685857321652,0.0249359375,2.0,9.034275,11.034275,2.996804,18.0,4.0,21.0,44718.0,0.0,0.0,10000.0
PA1_dpcbs_v4_s1,uniform_random,0.1,4,10000,0,32000.0,31970.0,31933.0,0.9990625,0.998842664998436,0.0498953125,2.0,9.111828,11.111828,3.008393,181.0,24.0,243.0,83669.0,0.0,0.0,10000.0
PA1_dpcbs_v4_s1,uniform_random,0.15,4,10000,0,48000.0,47716.0,47665.0,0.9940833333333333,0.9989311761254087,0.0744765625,2.0,9.146774,11.146774,3.000399,519.0,63.0,693.0,116280.0,0.0,0.0,10000.0
PA1_dpcbs_v4_s1,uniform_random,0.2,4,10000,0,64000.0,63801.0,63731.0,0.996890625,0.9989028385135029,0.0995796875,2.0,9.196702,11.196702,2.997693,1199.0,176.0,1699.0,145828.0,0.0,0.0,10000.0
PA1_dpcbs_v4_s1,uniform_random,0.25,4,10000,0,80000.0,79865.0,79780.0,0.9983125,0.9989357040005008,0.12465625,2.0,9.262171,11.262171,3.001617,2383.0,335.0,3276.0,171770.0,0.0,0.0,10000.0
PA1_dpcbs_v4_s1,uniform_random,0.3,4,10000,0,96000.0,96060.0,95966.0,1.000625,0.9990214449302519,0.149946875,2.0,9.337963,11.337963,3.005929,4099.0,563.0,5829.0,195255.0,0.0,0.0,10000.0
PA1_dpcbs_v4_s1,uniform_random,0.35,4,10000,0,112000.0,111998.0,111891.0,0.9999821428571428,0.9990446257968892,0.1748296875,2.000027,9.384937,11.384964,2.997372,6083.0,865.0,9065.0,214940.0,0.0,0.0,10000.0
PA1_dpcbs_v4_s1,uniform_random,0.4,4,10000,0,128000.0,127850.0,127719.0,0.998828125,0.9989753617520531,0.1995609375,2.00011,9.467002,11.467111,2.997158,9307.0,1312.0,14211.0,232662.0,0.0,0.0,10000.0
PA1_dpcbs_v4_s1,uniform_random,0.45,4,10000,0,144000.0,143788.0,143650.0,0.9985277777777778,0.9990402537068462,0.224453125,2.000049,9.568298,11.568347,3.004929,13316.0,1876.0,20683.0,249088.0,0.0,0.0,10000.0
PA1_dpcbs_v4_s1,uniform_random,0.5,4,10000,0,160000.0,159529.0,159389.0,0.99705625,0.9991224166139072,0.2490453125,2.000144,9.649461,11.649606,2.998839,17830.0,2654.0,28823.0,263015.0,0.0,0.0,10000.0
PA1_dpcbs_v4_s1,uniform_random,0.55,4,10000,0,176000.0,175585.0,175409.0,0.9976420454545455,0.9989976364723638,0.2740765625,2.000262,9.752812,11.753074,2.998084,23624.0,3300.0,39348.0,276570.0,0.0,0.0,10000.0
PA1_dpcbs_v4_s1,uniform_random,0.6,4,10000,0,192000.0,191612.0,191404.0,0.9979791666666666,0.9989144729975158,0.29906875,2.000653,9.881596,11.882249,2.998396,31507.0,4320.0,54019.0,287736.0,0.0,0.0,10000.0
PA1_dpcbs_v4_s1,uniform_random,0.65,4,10000,0,208000.0,207489.0,207269.0,0.9975432692307692,0.9989397028276198,0.3238578125,2.001336,10.038438,12.039774,3.002224,40148.0,5530.0,72826.0,298185.0,0.0,0.0,10000.0
PA1_dpcbs_v4_s1,uniform_random,0.7,4,10000,0,224000.0,223802.0,223538.0,0.9991160714285714,0.9988203858768018,0.349278125,2.005158,10.235159,12.240317,3.006424,52990.0,6861.0,99009.0,307574.0,0.0,0.0,10000.0
PA1_dpcbs_v4_s1,uniform_random,0.75,4,10000,0,240000.0,239782.0,239496.0,0.9990916666666667,0.9988072499186761,0.3742125,2.008844,10.424458,12.433302,2.99929,64899.0,8355.0,130269.0,315320.0,0.0,0.0,10000.0
PA1_dpcbs_v4_s1,uniform_random,0.8,4,10000,0,256000.0,255570.0,255300.0,0.9983203125,0.9989435379739406,0.39890625,2.029099,10.695582,12.724681,3.000208,83045.0,10099.0,173196.0,321429.0,0.0,0.0,10000.0
PA1_dpcbs_v4_s1,uniform_random,0.85,4,10000,0,272000.0,271615.0,271294.0,0.9985845588235294,0.9988181801446901,0.423896875,2.06277,11.05884,13.12161,3.003797,104315.0,12218.0,234531.0,326867.0,0.0,0.0,10000.0
PA1_dpcbs_v4_s1,uniform_random,0.9,4,10000,0,288000.0,287617.0,287272.0,0.9986701388888889,0.9988004881491706,0.4488625,2.308074,11.587649,13.895723,2.997121,134846.0,14991.0,334649.0,328899.0,0.0,0.0,10000.0
PA1_dpcbs_v4_s1,uniform_random,0.95,4,10000,0,304000.0,303568.0,303145.0,0.998578947368421,0.99860657249776,0.4736640625,3.72874,12.554622,16.283363,3.000703,180906.0,19084.0,521435.0,328162.0,0.0,0.0,10000.0
PA1_dpcbs_v4_s1,uniform_random,1.0,4,10000,0,320000.0,315467.0,314932.0,0.985834375,0.9983041015383542,0.49208125,60.243538,15.066986,75.310524,2.998631,276964.0,25630.0,1037567.0,315467.0,0.0,0.0,10000.0
PA2_dpcbs_v4_s2,uniform_random,0.05,4,10000,0,16000.0,15980.0,15959.0,0.99875,0.998685857321652,0.0249359375,2.0,9.033022,11.033022,2.996804,0.0,0.0,0.0,47770.0,0.0,0.0,10000.0
PA2_dpcbs_v4_s2,uniform_random,0.1,4,10000,0,32000.0,31970.0,31933.0,0.9990625,0.998842664998436,0.0498953125,2.0,9.104062,11.104062,3.008393,6.0,1.0,5.0,95225.0,0.0,0.0,10000.0
PA2_dpcbs_v4_s2,uniform_random,0.15,4,10000,0,48000.0,47716.0,47665.0,0.9940833333333333,0.9989311761254087,0.0744765625,2.0,9.132949,11.132949,3.000399,34.0,1.0,35.0,140166.0,0.0,0.0,10000.0
PA2_dpcbs_v4_s2,uniform_random,0.2,4,10000,0,64000.0,63801.0,63731.0,0.996890625,0.9989028385135029,0.0995796875,2.0,9.170718,11.170718,2.997693,109.0,13.0,131.0,184669.0,0.0,0.0,10000.0
PA2_dpcbs_v4_s2,uniform_random,0.25,4,10000,0,80000.0,79865.0,79780.0,0.9983125,0.9989357040005008,0.12465625,2.0,9.222023,11.222023,3.001617,210.0,20.0,238.0,227689.0,0.0,0.0,10000.0
PA2_dpcbs_v4_s2,uniform_random,0.3,4,10000,0,96000.0,96060.0,95966.0,1.000625,0.9990214449302519,0.149946875,2.0,9.278203,11.278203,3.005929,375.0,37.0,431.0,268829.0,0.0,0.0,10000.0
PA2_dpcbs_v4_s2,uniform_random,0.35,4,10000,0,112000.0,111998.0,111892.0,0.9999821428571428,0.9990535545277595,0.17483125,2.0,9.307162,11.307162,2.997372,709.0,70.0,839.0,306148.0,0.0,0.0,10000.0
PA2_dpcbs_v4_s2,uniform_random,0.4,4,10000,0,128000.0,127850.0,127721.0,0.998828125,0.9989910050840829,0.1995640625,2.0,9.357576,11.357576,2.997181,1237.0,118.0,1469.0,341608.0,0.0,0.0,10000.0
PA2_dpcbs_v4_s2,uniform_random,0.45,4,10000,0,144000.0,143788.0,143651.0,0.9985277777777778,0.99904720839013,0.2244546875,2.000007,9.428476,11.428483,3.004943,1938.0,182.0,2185.0,376067.0,0.0,0.0,10000.0
PA2_dpcbs_v4_s2,uniform_random,0.5,4,10000,0,160000.0,159529.0,159391.0,0.99705625,0.9991349535194228,0.2490484375,2.0,9.472636,11.472636,2.998864,2724.0,274.0,3189.0,406725.0,0.0,0.0,10000.0
PA2_dpcbs_v4_s2,uniform_random,0.55,4,10000,0,176000.0,175585.0,175414.0,0.9976420454545455,0.9990261127089444,0.274084375,2.0,9.533258,11.533258,2.998096,3892.0,391.0,4513.0,436386.0,0.0,0.0,10000.0
PA2_dpcbs_v4_s2,uniform_random,0.6,4,10000,0,192000.0,191612.0,191409.0,0.9979791666666666,0.998940567396614,0.2990765625,2.000005,9.605672,11.605677,2.998401,5661.0,597.0,6629.0,464060.0,0.0,0.0,10000.0
PA2_dpcbs_v4_s2,uniform_random,0.65,4,10000,0,208000.0,207489.0,207275.0,0.9975432692307692,0.9989686200232302,0.3238671875,2.000029,9.689316,11.689345,3.002248,7519.0,769.0,8714.0,490122.0,0.0,0.0,10000.0
PA2_dpcbs_v4_s2,uniform_random,0.7,4,10000,0,224000.0,223803.0,223553.0,0.9991205357142857,0.9988829461624732,0.3493015625,2.000107,9.785559,11.785666,3.006441,10251.0,1092.0,11649.0,514726.0,0.0,0.0,10000.0
PA2_dpcbs_v4_s2,uniform_random,0.75,4,10000,0,240000.0,239782.0,239517.0,0.9990916666666667,0.998894829470102,0.3742453125,2.00018,9.859714,11.859893,2.999319,13180.0,1418.0,14962.0,536439.0,0.0,0.0,10000.0
PA2_dpcbs_v4_s2,uniform_random,0.8,4,10000,0,256000.0,255570.0,255309.0,0.9983203125,0.9989787533748092,0.3989203125,2.000415,9.972296,11.972711,3.000215,17143.0,1744.0,19410.0,555908.0,0.0,0.0,10000.0
PA2_dpcbs_v4_s2,uniform_random,0.85,4,10000,0,272000.0,271616.0,271335.0,0.9985882352941177,0.9989654512252591,0.4239609375,2.000719,10.102792,12.10351,3.003862,21834.0,2244.0,24201.0,575521.0,0.0,0.0,10000.0
PA2_dpcbs_v4_s2,uniform_random,0.9,4,10000,0,288000.0,287618.0,287310.0,0.9986736111111111,0.9989291351723466,0.448921875,2.0015,10.227455,12.228955,2.997163,27229.0,2797.0,30423.0,591578.0,0.0,0.0,10000.0
PA2_dpcbs_v4_s2,uniform_random,0.95,4,10000,0,304000.0,303677.0,303327.0,0.9989375,0.99884745963639,0.4739484375,2.0033,10.402345,12.405645,3.000785,34687.0,3462.0,39206.0,607103.0,0.0,0.0,10000.0
PA2_dpcbs_v4_s2,uniform_random,1.0,4,10000,0,320000.0,319599.0,319242.0,0.998746875,0.998882975228333,0.498815625,2.015377,10.623452,12.638829,2.998822,44222.0,4404.0,48421.0,618990.0,0.0,0.0,10000.0
PA3_dpcbs_v4_s3,uniform_random,0.05,4,10000,0,16000.0,15980.0,15959.0,0.99875,0.998685857321652,0.0249359375,2.0,9.033022,11.033022,2.996804,0.0,0.0,0.0,47829.0,0.0,0.0,10000.0
PA3_dpcbs_v4_s3,uniform_random,0.1,4,10000,0,32000.0,31970.0,31933.0,0.9990625,0.998842664998436,0.0498953125,2.0,9.103842,11.103842,3.008393,1.0,1.0,0.0,95766.0,0.0,0.0,10000.0
PA3_dpcbs_v4_s3,uniform_random,0.15,4,10000,0,48000.0,47716.0,47665.0,0.9940833333333333,0.9989311761254087,0.0744765625,2.0,9.13213,11.13213,3.000399,6.0,1.0,0.0,141924.0,0.0,0.0,10000.0
PA3_dpcbs_v4_s3,uniform_random,0.2,4,10000,0,64000.0,63801.0,63731.0,0.996890625,0.9989028385135029,0.0995796875,2.0,9.168756,11.168756,2.997693,36.0,9.0,3.0,188536.0,0.0,0.0,10000.0
PA3_dpcbs_v4_s3,uniform_random,0.25,4,10000,0,80000.0,79865.0,79780.0,0.9983125,0.9989357040005008,0.12465625,2.0,9.219165,11.219165,3.001617,54.0,11.0,5.0,234663.0,0.0,0.0,10000.0
PA3_dpcbs_v4_s3,uniform_random,0.3,4,10000,0,96000.0,96060.0,95966.0,1.000625,0.9990214449302519,0.149946875,2.0,9.274222,11.274222,3.005929,112.0,23.0,14.0,280142.0,0.0,0.0,10000.0
PA3_dpcbs_v4_s3,uniform_random,0.35,4,10000,0,112000.0,111998.0,111892.0,0.9999821428571428,0.9990535545277595,0.17483125,2.0,9.300808,11.300808,2.997372,225.0,28.0,32.0,322593.0,0.0,0.0,10000.0
PA3_dpcbs_v4_s3,uniform_random,0.4,4,10000,0,128000.0,127850.0,127721.0,0.998828125,0.9989910050840829,0.1995640625,2.0,9.346803,11.346803,2.997181,367.0,53.0,67.0,364234.0,0.0,0.0,10000.0
PA3_dpcbs_v4_s3,uniform_random,0.45,4,10000,0,144000.0,143788.0,143651.0,0.9985277777777778,0.99904720839013,0.2244546875,2.0,9.415611,11.415611,3.004943,670.0,101.0,95.0,405597.0,0.0,0.0,10000.0
PA3_dpcbs_v4_s3,uniform_random,0.5,4,10000,0,160000.0,159529.0,159391.0,0.99705625,0.9991349535194228,0.2490484375,2.0,9.454988,11.454988,2.998864,955.0,147.0,180.0,443553.0,0.0,0.0,10000.0
PA3_dpcbs_v4_s3,uniform_random,0.55,4,10000,0,176000.0,175585.0,175414.0,0.9976420454545455,0.9990261127089444,0.274084375,2.0,9.509874,11.509874,2.998096,1414.0,204.0,260.0,481601.0,0.0,0.0,10000.0
PA3_dpcbs_v4_s3,uniform_random,0.6,4,10000,0,192000.0,191612.0,191408.0,0.9979791666666666,0.9989353485167943,0.299075,2.000005,9.575164,11.575169,2.998391,2093.0,293.0,386.0,517976.0,0.0,0.0,10000.0
PA3_dpcbs_v4_s3,uniform_random,0.65,4,10000,0,208000.0,207489.0,207277.0,0.9975432692307692,0.9989782590884336,0.3238703125,2.00001,9.64985,11.64986,3.002243,2912.0,429.0,600.0,552983.0,0.0,0.0,10000.0
PA3_dpcbs_v4_s3,uniform_random,0.7,4,10000,0,224000.0,223803.0,223554.0,0.9991205357142857,0.9988874143778234,0.349303125,2.000058,9.734319,11.734377,3.006446,4154.0,632.0,931.0,587194.0,0.0,0.0,10000.0
PA3_dpcbs_v4_s3,uniform_random,0.75,4,10000,0,240000.0,239782.0,239515.0,0.9990916666666667,0.9988864885604424,0.3742421875,2.00005,9.799574,11.799624,2.999324,5563.0,773.0,1226.0,618344.0,0.0,0.0,10000.0
PA3_dpcbs_v4_s3,uniform_random,0.8,4,10000,0,256000.0,255570.0,255311.0,0.9983203125,0.9989865790194468,0.3989234375,2.000098,9.898348,11.898445,3.000227,7314.0,1033.0,1558.0,647607.0,0.0,0.0,10000.0
PA3_dpcbs_v4_s3,uniform_random,0.85,4,10000,0,272000.0,271616.0,271340.0,0.9985882352941177,0.9989838595664468,0.42396875,2.000317,10.011392,12.011709,3.00387,10079.0,1394.0,2290.0,676509.0,0.0,0.0,10000.0
PA3_dpcbs_v4_s3,uniform_random,0.9,4,10000,0,288000.0,287618.0,287310.0,0.9986736111111111,0.9989291351723466,0.448921875,2.000846,10.118624,12.11947,2.99717,12878.0,1686.0,2897.0,702117.0,0.0,0.0,10000.0
PA3_dpcbs_v4_s3,uniform_random,0.95,4,10000,0,304000.0,303677.0,303339.0,0.9989375,0.9988869753059995,0.4739671875,2.002957,10.269962,12.272919,3.000814,16740.0,2140.0,3980.0,727777.0,0.0,0.0,10000.0
PA3_dpcbs_v4_s3,uniform_random,1.0,4,10000,0,320000.0,319599.0,319251.0,0.998746875,0.9989111355166943,0.4988296875,2.008019,10.451159,12.459178,2.998841,22256.0,2758.0,4939.0,749264.0,0.0,0.0,10000.0
PA4_dpcbs_v4_s4,uniform_random,0.05,4,10000,0,16000.0,15980.0,15959.0,0.99875,0.998685857321652,0.0249359375,2.0,9.033022,11.033022,2.996804,0.0,0.0,0.0,47830.0,0.0,0.0,10000.0
PA4_dpcbs_v4_s4,uniform_random,0.1,4,10000,0,32000.0,31970.0,31933.0,0.9990625,0.998842664998436,0.0498953125,2.0,9.103842,11.103842,3.008393,1.0,1.0,0.0,95782.0,0.0,0.0,10000.0
PA4_dpcbs_v4_s4,uniform_random,0.15,4,10000,0,48000.0,47716.0,47665.0,0.9940833333333333,0.9989311761254087,0.0744765625,2.0,9.132089,11.132089,3.000399,6.0,1.0,0.0,141977.0,0.0,0.0,10000.0
PA4_dpcbs_v4_s4,uniform_random,0.2,4,10000,0,64000.0,63801.0,63731.0,0.996890625,0.9989028385135029,0.0995796875,2.0,9.16874,11.16874,2.997693,34.0,9.0,0.0,188711.0,0.0,0.0,10000.0
PA4_dpcbs_v4_s4,uniform_random,0.25,4,10000,0,80000.0,79865.0,79780.0,0.9983125,0.9989357040005008,0.12465625,2.0,9.219077,11.219077,3.001617,50.0,11.0,0.0,235018.0,0.0,0.0,10000.0
PA4_dpcbs_v4_s4,uniform_random,0.3,4,10000,0,96000.0,96060.0,95966.0,1.000625,0.9990214449302519,0.149946875,2.0,9.274118,11.274118,3.005929,102.0,23.0,0.0,280817.0,0.0,0.0,10000.0
PA4_dpcbs_v4_s4,uniform_random,0.35,4,10000,0,112000.0,111998.0,111892.0,0.9999821428571428,0.9990535545277595,0.17483125,2.0,9.300602,11.300602,2.997372,205.0,27.0,0.0,323793.0,0.0,0.0,10000.0
PA4_dpcbs_v4_s4,uniform_random,0.4,4,10000,0,128000.0,127850.0,127721.0,0.998828125,0.9989910050840829,0.1995640625,2.0,9.346372,11.346372,2.997181,327.0,53.0,0.0,366114.0,0.0,0.0,10000.0
PA4_dpcbs_v4_s4,uniform_random,0.45,4,10000,0,144000.0,143788.0,143651.0,0.9985277777777778,0.99904720839013,0.2244546875,2.0,9.415048,11.415048,3.004943,604.0,101.0,0.0,408463.0,0.0,0.0,10000.0
PA4_dpcbs_v4_s4,uniform_random,0.5,4,10000,0,160000.0,159529.0,159392.0,0.99705625,0.9991412219721806,0.24905,2.0,9.454659,11.454659,2.998883,850.0,136.0,0.0,447634.0,0.0,0.0,10000.0
PA4_dpcbs_v4_s4,uniform_random,0.55,4,10000,0,176000.0,175585.0,175414.0,0.9976420454545455,0.9990261127089444,0.274084375,2.0,9.508876,11.508876,2.998096,1247.0,189.0,0.0,487255.0,0.0,0.0,10000.0
PA4_dpcbs_v4_s4,uniform_random,0.6,4,10000,0,192000.0,191612.0,191408.0,0.9979791666666666,0.9989353485167943,0.299075,2.000005,9.574344,11.574349,2.998391,1890.0,279.0,0.0,525238.0,0.0,0.0,10000.0
PA4_dpcbs_v4_s4,uniform_random,0.65,4,10000,0,208000.0,207489.0,207277.0,0.9975432692307692,0.9989782590884336,0.3238703125,2.000005,9.647506,11.64751,3.002243,2527.0,425.0,0.0,562275.0,0.0,0.0,10000.0
PA4_dpcbs_v4_s4,uniform_random,0.7,4,10000,0,224000.0,223803.0,223554.0,0.9991205357142857,0.9988874143778234,0.349303125,2.000036,9.731027,11.731063,3.006446,3606.0,583.0,0.0,599041.0,0.0,0.0,10000.0
PA4_dpcbs_v4_s4,uniform_random,0.75,4,10000,0,240000.0,239782.0,239515.0,0.9990916666666667,0.9988864885604424,0.3742421875,2.000038,9.794873,11.794911,2.999324,4864.0,731.0,0.0,632593.0,0.0,0.0,10000.0
PA4_dpcbs_v4_s4,uniform_random,0.8,4,10000,0,256000.0,255570.0,255311.0,0.9983203125,0.9989865790194468,0.3989234375,2.000106,9.89626,11.896366,3.000227,6644.0,970.0,0.0,665251.0,0.0,0.0,10000.0
PA4_dpcbs_v4_s4,uniform_random,0.85,4,10000,0,272000.0,271616.0,271338.0,0.9985882352941177,0.9989764962299718,0.423965625,2.000155,10.007293,12.007448,3.003873,8739.0,1268.0,0.0,697210.0,0.0,0.0,10000.0
PA4_dpcbs_v4_s4,uniform_random,0.9,4,10000,0,288000.0,287618.0,287310.0,0.9986736111111111,0.9989291351723466,0.448921875,2.000588,10.111952,12.11254,2.997174,11544.0,1616.0,0.0,726483.0,0.0,0.0,10000.0
PA4_dpcbs_v4_s4,uniform_random,0.95,4,10000,0,304000.0,303677.0,303343.0,0.9989375,0.9989001471958693,0.4739734375,2.00212,10.253927,12.256047,3.000824,14593.0,1974.0,0.0,756131.0,0.0,0.0,10000.0
PA4_dpcbs_v4_s4,uniform_random,1.0,4,10000,0,320000.0,319599.0,319252.0,0.998746875,0.9989142644376234,0.49883125,2.004645,10.428141,12.432787,2.99885,19247.0,2537.0,0.0,781963.0,0.0,0.0,10000.0
PB0_esc_v4,uniform_random,0.05,4,10000,0,16000.0,15980.0,15959.0,0.99875,0.998685857321652,0.0249359375,2.0,9.039852,11.039852,2.996804,0.0,0.0,0.0,0.0,0.0,0.0,10000.0
PB0_esc_v4,uniform_random,0.1,4,10000,0,32000.0,31970.0,31933.0,0.9990625,0.998842664998436,0.0498953125,2.0,9.113832,11.113832,3.008393,0.0,0.0,0.0,0.0,0.0,0.0,10000.0
PB0_esc_v4,uniform_random,0.15,4,10000,0,48000.0,47716.0,47665.0,0.9940833333333333,0.9989311761254087,0.0744765625,2.0,9.140606,11.140606,3.000399,0.0,0.0,0.0,0.0,1.0,1.0,10000.0
PB0_esc_v4,uniform_random,0.2,4,10000,0,64000.0,63801.0,63731.0,0.996890625,0.9989028385135029,0.0995796875,2.0,9.179599,11.179599,2.997725,0.0,0.0,0.0,0.0,4.0,2.0,10000.0
PB0_esc_v4,uniform_random,0.25,4,10000,0,80000.0,79865.0,79781.0,0.9983125,0.9989482251299067,0.1246578125,2.000025,9.23112,11.231145,3.00168,0.0,0.0,0.0,0.0,8.0,4.0,10000.0
PB0_esc_v4,uniform_random,0.3,4,10000,0,96000.0,96060.0,95966.0,1.000625,0.9990214449302519,0.149946875,2.000031,9.283142,11.283173,3.00595,0.0,0.0,0.0,0.0,6.0,4.0,10000.0
PB0_esc_v4,uniform_random,0.35,4,10000,0,112000.0,111998.0,111892.0,0.9999821428571428,0.9990535545277595,0.17483125,2.000098,9.307806,11.307904,2.997515,0.0,0.0,0.0,0.0,42.0,26.0,10000.0
PB0_esc_v4,uniform_random,0.4,4,10000,0,128000.0,127850.0,127720.0,0.998828125,0.998983183418068,0.1995625,2.000125,9.353719,11.353844,2.997314,0.0,0.0,0.0,0.0,55.0,37.0,10000.0
PB0_esc_v4,uniform_random,0.45,4,10000,0,144000.0,143788.0,143652.0,0.9985277777777778,0.9990541630734137,0.22445625,2.000202,9.413235,11.413437,3.005158,0.0,0.0,0.0,0.0,102.0,70.0,10000.0
PB0_esc_v4,uniform_random,0.5,4,10000,0,160000.0,159529.0,159391.0,0.99705625,0.9991349535194228,0.2490484375,2.000471,9.448915,11.449385,2.999247,0.0,0.0,0.0,0.0,164.0,106.0,10000.0
PB0_esc_v4,uniform_random,0.55,4,10000,0,176000.0,175585.0,175417.0,0.9976420454545455,0.9990431984508927,0.2740890625,2.000621,9.498441,11.499062,2.998643,0.0,0.0,0.0,0.0,263.0,173.0,10000.0
PB0_esc_v4,uniform_random,0.6,4,10000,0,192000.0,191612.0,191409.0,0.9979791666666666,0.998940567396614,0.2990765625,2.001217,9.553469,11.554687,2.998924,0.0,0.0,0.0,0.0,381.0,283.0,10000.0
PB0_esc_v4,uniform_random,0.65,4,10000,0,208000.0,207489.0,207274.0,0.9975432692307692,0.9989638004906284,0.323865625,2.001693,9.61205,11.613743,3.002953,0.0,0.0,0.0,0.0,480.0,336.0,10000.0
PB0_esc_v4,uniform_random,0.7,4,10000,0,224000.0,223803.0,223557.0,0.9991205357142857,0.9989008190238736,0.3493078125,2.002885,9.683705,11.68659,3.007743,0.0,0.0,0.0,0.0,878.0,592.0,10000.0
PB0_esc_v4,uniform_random,0.75,4,10000,0,240000.0,239782.0,239522.0,0.9990916666666667,0.998915681744251,0.374253125,2.004492,9.731678,11.73617,3.000852,0.0,0.0,0.0,0.0,1083.0,720.0,10000.0
PB0_esc_v4,uniform_random,0.8,4,10000,0,256000.0,255570.0,255313.0,0.9983203125,0.9989944046640842,0.3989265625,2.006639,9.797652,11.804291,3.002334,0.0,0.0,0.0,0.0,1620.0,1081.0,10000.0
PB0_esc_v4,uniform_random,0.85,4,10000,0,272000.0,271616.0,271343.0,0.9985882352941177,0.9989949045711592,0.4239734375,2.010452,9.877517,11.887968,3.006372,0.0,0.0,0.0,0.0,2146.0,1462.0,10000.0
PB0_esc_v4,uniform_random,0.9,4,10000,0,288000.0,287617.0,287315.0,0.9986701388888889,0.9989499925247812,0.4489296875,2.013939,9.946738,11.960677,3.000428,0.0,0.0,0.0,0.0,2933.0,1990.0,10000.0
PB0_esc_v4,uniform_random,0.95,4,10000,0,304000.0,303677.0,303354.0,0.9989375,0.9989363698930114,0.473990625,2.021622,10.036189,12.05781,3.004836,0.0,0.0,0.0,0.0,3836.0,2613.0,10000.0
PB0_esc_v4,uniform_random,1.0,4,10000,0,320000.0,319599.0,319254.0,0.998746875,0.9989205222794815,0.498834375,2.03256,10.128747,12.161307,3.003868,0.0,0.0,0.0,0.0,4954.0,3347.0,10000.0
PB1_dpesc_v4_s1,uniform_random,0.05,4,10000,0,16000.0,15980.0,15959.0,0.99875,0.998685857321652,0.0249359375,2.0,9.114418,11.114418,3.033022,0.0,0.0,0.0,46666.0,1776.0,1119.0,10000.0
PB1_dpesc_v4_s1,uniform_random,0.1,4,10000,0,32000.0,31970.0,31932.0,0.9990625,0.9988113856740695,0.04989375,2.0,9.292778,11.292778,3.090787,0.0,0.0,0.0,90453.0,8291.0,4924.0,10000.0
PB1_dpesc_v4_s1,uniform_random,0.15,4,10000,0,48000.0,47716.0,47664.0,0.9940833333333333,0.9989102187945343,0.074475,2.000021,9.459676,11.459697,3.132406,0.0,0.0,0.0,129526.0,19888.0,11148.0,10000.0
PB1_dpesc_v4_s1,uniform_random,0.2,4,10000,0,64000.0,63801.0,63730.0,0.996890625,0.9988871647779816,0.099578125,2.000063,9.680308,11.68037,3.176102,0.0,0.0,0.0,164680.0,37898.0,20238.0,10000.0
PB1_dpesc_v4_s1,uniform_random,0.25,4,10000,0,80000.0,79865.0,79772.0,0.9983125,0.9988355349652539,0.12464375,2.0001,10.002419,12.00252,3.238592,0.0,0.0,0.0,195995.0,62546.0,31418.0,10000.0
PB1_dpesc_v4_s1,uniform_random,0.3,4,10000,0,96000.0,96060.0,95958.0,1.000625,0.9989381636477201,0.149934375,2.000323,10.385888,12.386211,3.286323,0.0,0.0,0.0,223950.0,91635.0,44305.0,10000.0
PB1_dpesc_v4_s1,uniform_random,0.35,4,10000,0,112000.0,111998.0,111877.0,0.9999821428571428,0.9989196235647065,0.1748078125,2.000992,10.866192,12.867184,3.320164,0.0,0.0,0.0,246539.0,125170.0,57876.0,10000.0
PB1_dpesc_v4_s1,uniform_random,0.4,4,10000,0,128000.0,127850.0,127703.0,0.998828125,0.9988502150958154,0.1995359375,2.002381,11.574936,13.577316,3.352693,0.0,0.0,0.0,267495.0,160985.0,71727.0,10000.0
PB1_dpesc_v4_s1,uniform_random,0.45,4,10000,0,144000.0,143788.0,143599.0,0.9985277777777778,0.9986855648593763,0.2243734375,2.010195,12.697066,14.707261,3.387614,0.0,0.0,0.0,286598.0,200322.0,85902.0,10000.0
PB1_dpesc_v4_s1,uniform_random,0.5,4,10000,0,160000.0,124506.0,123987.0,0.7781625,0.9958315261915088,0.1937296875,699.553252,34.738295,734.291547,3.446458,0.0,0.0,0.0,182650.0,245490.0,97100.0,10000.0
PB1_dpesc_v4_s1,uniform_random,0.55,4,10000,0,176000.0,115327.0,114818.0,0.6552670454545455,0.9955864628404449,0.179403125,1548.65758,42.159644,1590.817224,3.461661,0.0,0.0,0.0,149445.0,248836.0,97086.0,10000.0
PB1_dpesc_v4_s1,uniform_random,0.6,4,10000,0,192000.0,114656.0,114146.0,0.5971666666666666,0.9955519118057494,0.178353125,1854.925867,42.726298,1897.652165,3.465334,0.0,0.0,0.0,147272.0,249103.0,96992.0,10000.0
PB1_dpesc_v4_s1,uniform_random,0.65,4,10000,0,208000.0,114874.0,114377.0,0.5522788461538461,0.9956735205529537,0.1787140625,2116.721649,42.675249,2159.396898,3.462278,0.0,0.0,0.0,147117.0,249654.0,97337.0,10000.0
PB1_dpesc_v4_s1,uniform_random,0.7,4,10000,0,224000.0,114963.0,114468.0,0.5132276785714286,0.9956942668510739,0.17885625,2298.962863,42.654532,2341.617395,3.46862,0.0,0.0,0.0,147275.0,250583.0,97590.0,10000.0
PB1_dpesc_v4_s1,uniform_random,0.75,4,10000,0,240000.0,113607.0,113105.0,0.4733625,0.9955812581971182,0.1767265625,2536.598391,43.190389,2579.78878,3.468626,0.0,0.0,0.0,144128.0,248982.0,96529.0,10000.0
PB1_dpesc_v4_s1,uniform_random,0.8,4,10000,0,256000.0,115002.0,114484.0,0.4492265625,0.9954957305090346,0.17888125,2651.012194,42.640369,2693.652563,3.462807,0.0,0.0,0.0,147269.0,249959.0,97470.0,10000.0
PB1_dpesc_v4_s1,uniform_random,0.85,4,10000,0,272000.0,114077.0,113564.0,0.41940073529411764,0.9955030374220921,0.17744375,2800.118532,43.087757,2843.206289,3.472571,0.0,0.0,0.0,145874.0,249270.0,96780.0,10000.0
PB1_dpesc_v4_s1,uniform_random,0.9,4,10000,0,288000.0,114013.0,113530.0,0.3958784722222222,0.9957636409883084,0.177390625,2922.61855,43.103532,2965.722082,3.467057,0.0,0.0,0.0,145890.0,248508.0,96752.0,10000.0
PB1_dpesc_v4_s1,uniform_random,0.95,4,10000,0,304000.0,113878.0,113376.0,0.37459868421052633,0.9955917736525053,0.17715,3037.275058,43.114328,3080.389386,3.469367,0.0,0.0,0.0,144581.0,249580.0,96868.0,10000.0
PB1_dpesc_v4_s1,uniform_random,1.0,4,10000,0,320000.0,114715.0,114210.0,0.358484375,0.9955977858170248,0.178453125,3110.748306,42.843376,3153.591682,3.463725,0.0,0.0,0.0,146444.0,249933.0,97433.0,10000.0
PB2_dpesc_v4_s2,uniform_random,0.05,4,10000,0,16000.0,15980.0,15959.0,0.99875,0.998685857321652,0.0249359375,2.0,9.042547,11.042547,2.997807,0.0,0.0,0.0,47833.0,47.0,31.0,10000.0
PB2_dpesc_v4_s2,uniform_random,0.1,4,10000,0,32000.0,31970.0,31933.0,0.9990625,0.998842664998436,0.0498953125,2.0,9.120127,11.120127,3.012025,0.0,0.0,0.0,95874.0,354.0,236.0,10000.0
PB2_dpesc_v4_s2,uniform_random,0.15,4,10000,0,48000.0,47716.0,47665.0,0.9940833333333333,0.9989311761254087,0.0744765625,2.0,9.161229,11.161229,3.009965,0.0,0.0,0.0,142238.0,1334.0,858.0,10000.0
PB2_dpesc_v4_s2,uniform_random,0.2,4,10000,0,64000.0,63801.0,63731.0,0.996890625,0.9989028385135029,0.0995796875,2.0,9.213146,11.213146,3.013541,0.0,0.0,0.0,189182.0,3034.0,1972.0,10000.0
PB2_dpesc_v4_s2,uniform_random,0.25,4,10000,0,80000.0,79865.0,79780.0,0.9983125,0.9989357040005008,0.12465625,2.0,9.288243,11.288243,3.027275,0.0,0.0,0.0,235407.0,6263.0,4029.0,10000.0
PB2_dpesc_v4_s2,uniform_random,0.3,4,10000,0,96000.0,96060.0,95965.0,1.000625,0.9990110347699355,0.1499453125,2.000021,9.369979,11.369999,3.041411,0.0,0.0,0.0,281296.0,10776.0,6908.0,10000.0
PB2_dpesc_v4_s2,uniform_random,0.35,4,10000,0,112000.0,111998.0,111889.0,0.9999821428571428,0.9990267683351488,0.1748265625,2.000071,9.440785,11.440857,3.047815,0.0,0.0,0.0,323653.0,17569.0,10978.0,10000.0
PB2_dpesc_v4_s2,uniform_random,0.4,4,10000,0,128000.0,127850.0,127721.0,0.998828125,0.9989910050840829,0.1995640625,2.00018,9.540725,11.540906,3.063811,0.0,0.0,0.0,365024.0,26557.0,16252.0,10000.0
PB2_dpesc_v4_s2,uniform_random,0.45,4,10000,0,144000.0,143788.0,143653.0,0.9985277777777778,0.9990611177566974,0.2244578125,2.000355,9.678426,11.678782,3.08847,0.0,0.0,0.0,405799.0,38135.0,22920.0,10000.0
PB2_dpesc_v4_s2,uniform_random,0.5,4,10000,0,160000.0,159529.0,159389.0,0.99705625,0.9991224166139072,0.2490453125,2.000778,9.808469,11.809247,3.102228,0.0,0.0,0.0,442331.0,52412.0,30699.0,10000.0
PB2_dpesc_v4_s2,uniform_random,0.55,4,10000,0,176000.0,175585.0,175406.0,0.9976420454545455,0.9989805507304155,0.274071875,2.001374,9.986962,11.988336,3.121222,0.0,0.0,0.0,478286.0,69580.0,39979.0,10000.0
PB2_dpesc_v4_s2,uniform_random,0.6,4,10000,0,192000.0,191612.0,191396.0,0.9979791666666666,0.9988727219589587,0.29905625,2.002738,10.203207,12.205945,3.141058,0.0,0.0,0.0,512652.0,89005.0,49917.0,10000.0
PB2_dpesc_v4_s2,uniform_random,0.65,4,10000,0,208000.0,207489.0,207259.0,0.9975432692307692,0.9988915075016025,0.3238421875,2.005037,10.511901,12.516938,3.168379,0.0,0.0,0.0,543954.0,113205.0,61514.0,10000.0
PB2_dpesc_v4_s2,uniform_random,0.7,4,10000,0,224000.0,223803.0,223539.0,0.9991205357142857,0.9988203911475717,0.3492796875,2.0093,10.904214,12.913514,3.192029,0.0,0.0,0.0,575086.0,139019.0,73939.0,10000.0
PB2_dpesc_v4_s2,uniform_random,0.75,4,10000,0,240000.0,239782.0,239470.0,0.9990916666666667,0.9986988180931012,0.374171875,2.018082,11.41634,13.434422,3.204184,0.0,0.0,0.0,602099.0,165890.0,85463.0,10000.0
PB2_dpesc_v4_s2,uniform_random,0.8,4,10000,0,256000.0,255570.0,255266.0,0.9983203125,0.9988105020151035,0.398853125,2.044471,12.183268,14.227739,3.221506,0.0,0.0,0.0,628478.0,194536.0,97370.0,10000.0
PB2_dpesc_v4_s2,uniform_random,0.85,4,10000,0,272000.0,271611.0,271236.0,0.9985698529411765,0.9986193489954384,0.42380625,2.131052,13.617448,15.748499,3.235039,0.0,0.0,0.0,654091.0,224218.0,108352.0,10000.0
PB2_dpesc_v4_s2,uniform_random,0.9,4,10000,0,288000.0,241851.0,241217.0,0.8397604166666667,0.9973785512567656,0.3769015625,764.317432,24.161958,788.47939,3.221929,0.0,0.0,0.0,544477.0,233947.0,113304.0,10000.0
PB2_dpesc_v4_s2,uniform_random,0.95,4,10000,0,304000.0,239351.0,238751.0,0.7873388157894737,0.9974932212524702,0.3730484375,1044.571047,24.546745,1069.117792,3.223815,0.0,0.0,0.0,537544.0,233343.0,112929.0,10000.0
PB2_dpesc_v4_s2,uniform_random,1.0,4,10000,0,320000.0,241688.0,241090.0,0.755275,0.997525735659197,0.376703125,1207.074864,24.274566,1231.34943,3.225264,0.0,0.0,0.0,543802.0,235030.0,113386.0,10000.0
PB3_dpesc_v4_s3,uniform_random,0.05,4,10000,0,16000.0,15980.0,15959.0,0.99875,0.998685857321652,0.0249359375,2.0,9.039852,11.039852,2.996804,0.0,0.0,0.0,47864.0,0.0,0.0,10000.0
PB3_dpesc_v4_s3,uniform_random,0.1,4,10000,0,32000.0,31970.0,31933.0,0.9990625,0.998842664998436,0.0498953125,2.0,9.112517,11.112517,3.008643,0.0,0.0,0.0,96106.0,14.0,6.0,10000.0
PB3_dpesc_v4_s3,uniform_random,0.15,4,10000,0,48000.0,47716.0,47665.0,0.9940833333333333,0.9989311761254087,0.0744765625,2.0,9.141592,11.141592,3.000692,0.0,0.0,0.0,143087.0,43.0,29.0,10000.0
PB3_dpesc_v4_s3,uniform_random,0.2,4,10000,0,64000.0,63801.0,63731.0,0.996890625,0.9989028385135029,0.0995796875,2.000016,9.180571,11.180587,2.998352,0.0,0.0,0.0,191118.0,131.0,89.0,10000.0
PB3_dpesc_v4_s3,uniform_random,0.25,4,10000,0,80000.0,79865.0,79781.0,0.9983125,0.9989482251299067,0.1246578125,2.0,9.233101,11.233101,3.002833,0.0,0.0,0.0,239405.0,313.0,217.0,10000.0
PB3_dpesc_v4_s3,uniform_random,0.3,4,10000,0,96000.0,96060.0,95966.0,1.000625,0.9990214449302519,0.149946875,2.000021,9.288821,11.288842,3.008076,0.0,0.0,0.0,288209.0,661.0,452.0,10000.0
PB3_dpesc_v4_s3,uniform_random,0.35,4,10000,0,112000.0,111998.0,111891.0,0.9999821428571428,0.9990446257968892,0.1748296875,2.000071,9.316683,11.316755,3.001278,0.0,0.0,0.0,334625.0,1389.0,943.0,10000.0
PB3_dpesc_v4_s3,uniform_random,0.4,4,10000,0,128000.0,127850.0,127721.0,0.998828125,0.9989910050840829,0.1995640625,2.000086,9.367551,11.367637,3.003304,0.0,0.0,0.0,381470.0,2385.0,1590.0,10000.0
PB3_dpesc_v4_s3,uniform_random,0.45,4,10000,0,144000.0,143788.0,143652.0,0.9985277777777778,0.9990541630734137,0.22445625,2.000306,9.436778,11.437084,3.013749,0.0,0.0,0.0,429254.0,3948.0,2643.0,10000.0
PB3_dpesc_v4_s3,uniform_random,0.5,4,10000,0,160000.0,159529.0,159391.0,0.99705625,0.9991349535194228,0.2490484375,2.000395,9.480266,11.480661,3.010854,0.0,0.0,0.0,474185.0,5990.0,4003.0,10000.0
PB3_dpesc_v4_s3,uniform_random,0.55,4,10000,0,176000.0,175585.0,175415.0,0.9976420454545455,0.9990318079562605,0.2740859375,2.000678,9.546555,11.547234,3.015734,0.0,0.0,0.0,519938.0,9411.0,6146.0,10000.0
PB3_dpesc_v4_s3,uniform_random,0.6,4,10000,0,192000.0,191612.0,191408.0,0.9979791666666666,0.9989353485167943,0.299075,2.001186,9.617952,11.619138,3.021457,0.0,0.0,0.0,565252.0,13502.0,8796.0,10000.0
PB3_dpesc_v4_s3,uniform_random,0.65,4,10000,0,208000.0,207489.0,207270.0,0.9975432692307692,0.9989445223602215,0.323859375,2.00193,9.705925,11.707854,3.031823,0.0,0.0,0.0,609890.0,18953.0,12293.0,10000.0
PB3_dpesc_v4_s3,uniform_random,0.7,4,10000,0,224000.0,223803.0,223553.0,0.9991205357142857,0.9988829461624732,0.3493015625,2.003382,9.813351,11.816732,3.044146,0.0,0.0,0.0,654826.0,26205.0,16787.0,10000.0
PB3_dpesc_v4_s3,uniform_random,0.75,4,10000,0,240000.0,239782.0,239515.0,0.9990916666666667,0.9988864885604424,0.3742421875,2.004881,9.898946,11.903826,3.044344,0.0,0.0,0.0,695551.0,34145.0,21801.0,10000.0
PB3_dpesc_v4_s3,uniform_random,0.8,4,10000,0,256000.0,255570.0,255313.0,0.9983203125,0.9989944046640842,0.3989265625,2.007975,10.026328,12.034303,3.056018,0.0,0.0,0.0,736026.0,44721.0,28070.0,10000.0
PB3_dpesc_v4_s3,uniform_random,0.85,4,10000,0,272000.0,271616.0,271331.0,0.9985882352941177,0.9989507245523092,0.4239546875,2.01277,10.193874,12.206644,3.071669,0.0,0.0,0.0,776127.0,57892.0,35660.0,10000.0
PB3_dpesc_v4_s3,uniform_random,0.9,4,10000,0,288000.0,287617.0,287303.0,0.9986701388888889,0.998908270373448,0.4489109375,2.019617,10.344855,12.364472,3.074152,0.0,0.0,0.0,812598.0,71247.0,43656.0,10000.0
PB3_dpesc_v4_s3,uniform_random,0.95,4,10000,0,304000.0,303674.0,303334.0,0.9989276315789474,0.9988803783004142,0.473959375,2.031744,10.579651,12.611395,3.091032,0.0,0.0,0.0,849580.0,88734.0,53309.0,10000.0
PB3_dpesc_v4_s3,uniform_random,1.0,4,10000,0,320000.0,319599.0,319231.0,0.998746875,0.9988485570981136,0.4987984375,2.049776,10.860897,12.910673,3.101845,0.0,0.0,0.0,883601.0,107379.0,63433.0,10000.0
PB4_dpesc_v4_s4,uniform_random,0.05,4,10000,0,16000.0,15980.0,15959.0,0.99875,0.998685857321652,0.0249359375,2.0,9.039852,11.039852,2.996804,0.0,0.0,0.0,47864.0,0.0,0.0,10000.0
PB4_dpesc_v4_s4,uniform_random,0.1,4,10000,0,32000.0,31970.0,31933.0,0.9990625,0.998842664998436,0.0498953125,2.0,9.113832,11.113832,3.008393,0.0,0.0,0.0,96112.0,0.0,0.0,10000.0
PB4_dpesc_v4_s4,uniform_random,0.15,4,10000,0,48000.0,47716.0,47665.0,0.9940833333333333,0.9989311761254087,0.0744765625,2.0,9.140816,11.140816,3.000399,0.0,0.0,0.0,143114.0,2.0,2.0,10000.0
PB4_dpesc_v4_s4,uniform_random,0.2,4,10000,0,64000.0,63801.0,63731.0,0.996890625,0.9989028385135029,0.0995796875,2.0,9.178343,11.178343,2.997756,0.0,0.0,0.0,191203.0,8.0,4.0,10000.0
PB4_dpesc_v4_s4,uniform_random,0.25,4,10000,0,80000.0,79865.0,79781.0,0.9983125,0.9989482251299067,0.1246578125,2.0,9.229553,11.229553,3.001705,0.0,0.0,0.0,239611.0,17.0,11.0,10000.0
PB4_dpesc_v4_s4,uniform_random,0.3,4,10000,0,96000.0,96060.0,95966.0,1.000625,0.9990214449302519,0.149946875,2.00001,9.281558,11.281568,3.005971,0.0,0.0,0.0,288645.0,23.0,19.0,10000.0
PB4_dpesc_v4_s4,uniform_random,0.35,4,10000,0,112000.0,111998.0,111891.0,0.9999821428571428,0.9990446257968892,0.1748296875,2.000045,9.308944,11.308988,2.997641,0.0,0.0,0.0,335528.0,78.0,46.0,10000.0
PB4_dpesc_v4_s4,uniform_random,0.4,4,10000,0,128000.0,127850.0,127721.0,0.998828125,0.9989910050840829,0.1995640625,2.00011,9.352761,11.352871,2.997651,0.0,0.0,0.0,382969.0,165.0,105.0,10000.0
PB4_dpesc_v4_s4,uniform_random,0.45,4,10000,0,144000.0,143788.0,143651.0,0.9985277777777778,0.99904720839013,0.2244546875,2.00023,9.414017,11.414247,3.005625,0.0,0.0,0.0,431736.0,304.0,201.0,10000.0
PB4_dpesc_v4_s4,uniform_random,0.5,4,10000,0,160000.0,159529.0,159390.0,0.99705625,0.999128685066665,0.249046875,2.000345,9.452544,11.452889,3.000044,0.0,0.0,0.0,477899.0,552.0,364.0,10000.0
PB4_dpesc_v4_s4,uniform_random,0.55,4,10000,0,176000.0,175585.0,175416.0,0.9976420454545455,0.9990375032035766,0.2740875,2.000747,9.501813,11.50256,3.000029,0.0,0.0,0.0,525623.0,963.0,630.0,10000.0
PB4_dpesc_v4_s4,uniform_random,0.6,4,10000,0,192000.0,191612.0,191411.0,0.9979791666666666,0.9989510051562532,0.2990796875,2.001196,9.556969,11.558165,3.001102,0.0,0.0,0.0,573356.0,1495.0,985.0,10000.0
PB4_dpesc_v4_s4,uniform_random,0.65,4,10000,0,208000.0,207489.0,207271.0,0.9975432692307692,0.9989493418928233,0.3238609375,2.001959,9.619947,11.621906,3.005708,0.0,0.0,0.0,621206.0,2218.0,1497.0,10000.0
PB4_dpesc_v4_s4,uniform_random,0.7,4,10000,0,224000.0,223803.0,223556.0,0.9991205357142857,0.9988963508085236,0.34930625,2.002993,9.695105,11.698098,3.01155,0.0,0.0,0.0,670275.0,3461.0,2299.0,10000.0
PB4_dpesc_v4_s4,uniform_random,0.75,4,10000,0,240000.0,239782.0,239524.0,0.9990916666666667,0.9989240226539107,0.37425625,2.004513,9.748013,11.752526,3.006292,0.0,0.0,0.0,715608.0,4961.0,3273.0,10000.0
PB4_dpesc_v4_s4,uniform_random,0.8,4,10000,0,256000.0,255570.0,255315.0,0.9983203125,0.9990022303087217,0.3989296875,2.006756,9.821209,11.827965,3.00884,0.0,0.0,0.0,761900.0,6800.0,4552.0,10000.0
PB4_dpesc_v4_s4,uniform_random,0.85,4,10000,0,272000.0,271616.0,271342.0,0.9985882352941177,0.9989912229029217,0.423971875,2.010138,9.915476,11.925614,3.01542,0.0,0.0,0.0,809128.0,9610.0,6389.0,10000.0
PB4_dpesc_v4_s4,uniform_random,0.9,4,10000,0,288000.0,287618.0,287317.0,0.9986736111111111,0.9989534730093388,0.4489328125,2.014935,9.987477,12.002412,3.011019,0.0,0.0,0.0,852958.0,12736.0,8595.0,10000.0
PB4_dpesc_v4_s4,uniform_random,0.95,4,10000,0,304000.0,303677.0,303351.0,0.9989375,0.9989264909756089,0.4739859375,2.021925,10.097798,12.119723,3.018892,0.0,0.0,0.0,899194.0,17249.0,11505.0,10000.0
PB4_dpesc_v4_s4,uniform_random,1.0,4,10000,0,320000.0,319599.0,319258.0,0.998746875,0.9989330379631977,0.498840625,2.033518,10.214485,12.248003,3.021011,0.0,0.0,0.0,942380.0,22777.0,15179.0,10000.0
PB5_dpesc_v4_s5,uniform_random,0.05,4,10000,0,16000.0,15980.0,15959.0,0.99875,0.998685857321652,0.0249359375,2.0,9.039852,11.039852,2.996804,0.0,0.0,0.0,47864.0,0.0,0.0,10000.0
PB5_dpesc_v4_s5,uniform_random,0.1,4,10000,0,32000.0,31970.0,31933.0,0.9990625,0.998842664998436,0.0498953125,2.0,9.113832,11.113832,3.008393,0.0,0.0,0.0,96112.0,0.0,0.0,10000.0
PB5_dpesc_v4_s5,uniform_random,0.15,4,10000,0,48000.0,47716.0,47665.0,0.9940833333333333,0.9989311761254087,0.0744765625,2.0,9.140606,11.140606,3.000399,0.0,0.0,0.0,143115.0,1.0,1.0,10000.0
PB5_dpesc_v4_s5,uniform_random,0.2,4,10000,0,64000.0,63801.0,63731.0,0.996890625,0.9989028385135029,0.0995796875,2.0,9.179599,11.179599,2.997725,0.0,0.0,0.0,191205.0,4.0,2.0,10000.0
PB5_dpesc_v4_s5,uniform_random,0.25,4,10000,0,80000.0,79865.0,79781.0,0.9983125,0.9989482251299067,0.1246578125,2.000025,9.23112,11.231145,3.00168,0.0,0.0,0.0,239618.0,8.0,4.0,10000.0
PB5_dpesc_v4_s5,uniform_random,0.3,4,10000,0,96000.0,96060.0,95966.0,1.000625,0.9990214449302519,0.149946875,2.000031,9.283142,11.283173,3.00595,0.0,0.0,0.0,288660.0,6.0,4.0,10000.0
PB5_dpesc_v4_s5,uniform_random,0.35,4,10000,0,112000.0,111998.0,111892.0,0.9999821428571428,0.9990535545277595,0.17483125,2.000098,9.307806,11.307904,2.997515,0.0,0.0,0.0,335548.0,42.0,26.0,10000.0
PB5_dpesc_v4_s5,uniform_random,0.4,4,10000,0,128000.0,127850.0,127721.0,0.998828125,0.9989910050840829,0.1995640625,2.00011,9.353137,11.353247,2.997354,0.0,0.0,0.0,383034.0,62.0,40.0,10000.0
PB5_dpesc_v4_s5,uniform_random,0.45,4,10000,0,144000.0,143788.0,143652.0,0.9985277777777778,0.9990541630734137,0.22445625,2.000188,9.41446,11.414648,3.005263,0.0,0.0,0.0,431866.0,119.0,71.0,10000.0
PB5_dpesc_v4_s5,uniform_random,0.5,4,10000,0,160000.0,159529.0,159392.0,0.99705625,0.9991412219721806,0.24905,2.000452,9.448542,11.448994,2.999097,0.0,0.0,0.0,478153.0,143.0,108.0,10000.0
PB5_dpesc_v4_s5,uniform_random,0.55,4,10000,0,176000.0,175585.0,175417.0,0.9976420454545455,0.9990431984508927,0.2740890625,2.000735,9.497238,11.497973,2.998769,0.0,0.0,0.0,526059.0,311.0,199.0,10000.0
PB5_dpesc_v4_s5,uniform_random,0.6,4,10000,0,192000.0,191612.0,191408.0,0.9979791666666666,0.9989353485167943,0.299075,2.001254,9.551471,11.552725,2.999175,0.0,0.0,0.0,574086.0,410.0,260.0,10000.0
PB5_dpesc_v4_s5,uniform_random,0.65,4,10000,0,208000.0,207489.0,207275.0,0.9975432692307692,0.9989686200232302,0.3238671875,2.0015,9.613166,11.614667,3.003117,0.0,0.0,0.0,622285.0,603.0,423.0,10000.0
PB5_dpesc_v4_s5,uniform_random,0.7,4,10000,0,224000.0,223803.0,223553.0,0.9991205357142857,0.9988829461624732,0.3493015625,2.002706,9.680944,11.68365,3.007792,0.0,0.0,0.0,671934.0,964.0,666.0,10000.0
PB5_dpesc_v4_s5,uniform_random,0.75,4,10000,0,240000.0,239782.0,239524.0,0.9990916666666667,0.9989240226539107,0.37425625,2.004367,9.732085,11.736452,3.001144,0.0,0.0,0.0,717944.0,1392.0,962.0,10000.0
PB5_dpesc_v4_s5,uniform_random,0.8,4,10000,0,256000.0,255570.0,255315.0,0.9983203125,0.9990022303087217,0.3989296875,2.007238,9.802761,11.809999,3.002562,0.0,0.0,0.0,765204.0,1893.0,1296.0,10000.0
PB5_dpesc_v4_s5,uniform_random,0.85,4,10000,0,272000.0,271616.0,271341.0,0.9985882352941177,0.9989875412346843,0.4239703125,2.009729,9.884533,11.894262,3.007168,0.0,0.0,0.0,813834.0,2662.0,1763.0,10000.0
PB5_dpesc_v4_s5,uniform_random,0.9,4,10000,0,288000.0,287618.0,287319.0,0.9986736111111111,0.9989604266770508,0.4489359375,2.014889,9.948117,11.963006,3.001176,0.0,0.0,0.0,859288.0,3577.0,2421.0,10000.0
PB5_dpesc_v4_s5,uniform_random,0.95,4,10000,0,304000.0,303676.0,303346.0,0.9989342105263158,0.998913315507317,0.473978125,2.021665,10.039163,12.060828,3.005749,0.0,0.0,0.0,907785.0,4674.0,3153.0,10000.0
PB5_dpesc_v4_s5,uniform_random,1.0,4,10000,0,320000.0,319598.0,319255.0,0.99874375,0.9989267767633089,0.4988359375,2.031743,10.13171,12.163452,3.005024,0.0,0.0,0.0,953732.0,6315.0,4335.0,10000.0
PB6_dpesc_v4_s6,uniform_random,0.05,4,10000,0,16000.0,15980.0,15959.0,0.99875,0.998685857321652,0.0249359375,2.0,9.039852,11.039852,2.996804,0.0,0.0,0.0,47864.0,0.0,0.0,10000.0
PB6_dpesc_v4_s6,uniform_random,0.1,4,10000,0,32000.0,31970.0,31933.0,0.9990625,0.998842664998436,0.0498953125,2.0,9.113832,11.113832,3.008393,0.0,0.0,0.0,96112.0,0.0,0.0,10000.0
PB6_dpesc_v4_s6,uniform_random,0.15,4,10000,0,48000.0,47716.0,47665.0,0.9940833333333333,0.9989311761254087,0.0744765625,2.0,9.140606,11.140606,3.000399,0.0,0.0,0.0,143115.0,1.0,1.0,10000.0
PB6_dpesc_v4_s6,uniform_random,0.2,4,10000,0,64000.0,63801.0,63731.0,0.996890625,0.9989028385135029,0.0995796875,2.0,9.179599,11.179599,2.997725,0.0,0.0,0.0,191205.0,4.0,2.0,10000.0
PB6_dpesc_v4_s6,uniform_random,0.25,4,10000,0,80000.0,79865.0,79781.0,0.9983125,0.9989482251299067,0.1246578125,2.000025,9.23112,11.231145,3.00168,0.0,0.0,0.0,239618.0,8.0,4.0,10000.0
PB6_dpesc_v4_s6,uniform_random,0.3,4,10000,0,96000.0,96060.0,95966.0,1.000625,0.9990214449302519,0.149946875,2.000031,9.283142,11.283173,3.00595,0.0,0.0,0.0,288660.0,6.0,4.0,10000.0
PB6_dpesc_v4_s6,uniform_random,0.35,4,10000,0,112000.0,111998.0,111892.0,0.9999821428571428,0.9990535545277595,0.17483125,2.000098,9.307806,11.307904,2.997515,0.0,0.0,0.0,335548.0,42.0,26.0,10000.0
PB6_dpesc_v4_s6,uniform_random,0.4,4,10000,0,128000.0,127850.0,127720.0,0.998828125,0.998983183418068,0.1995625,2.000125,9.353719,11.353844,2.997314,0.0,0.0,0.0,383035.0,55.0,37.0,10000.0
PB6_dpesc_v4_s6,uniform_random,0.45,4,10000,0,144000.0,143788.0,143652.0,0.9985277777777778,0.9990541630734137,0.22445625,2.000202,9.413235,11.413437,3.005158,0.0,0.0,0.0,431868.0,102.0,70.0,10000.0
PB6_dpesc_v4_s6,uniform_random,0.5,4,10000,0,160000.0,159529.0,159391.0,0.99705625,0.9991349535194228,0.2490484375,2.000471,9.448915,11.449385,2.999247,0.0,0.0,0.0,478157.0,164.0,106.0,10000.0
PB6_dpesc_v4_s6,uniform_random,0.55,4,10000,0,176000.0,175585.0,175417.0,0.9976420454545455,0.9990431984508927,0.2740890625,2.000621,9.498441,11.499062,2.998643,0.0,0.0,0.0,526083.0,263.0,173.0,10000.0
PB6_dpesc_v4_s6,uniform_random,0.6,4,10000,0,192000.0,191612.0,191409.0,0.9979791666666666,0.998940567396614,0.2990765625,2.001217,9.553469,11.554687,2.998924,0.0,0.0,0.0,574061.0,381.0,283.0,10000.0
PB6_dpesc_v4_s6,uniform_random,0.65,4,10000,0,208000.0,207489.0,207274.0,0.9975432692307692,0.9989638004906284,0.323865625,2.001693,9.61205,11.613743,3.002953,0.0,0.0,0.0,622375.0,480.0,336.0,10000.0
PB6_dpesc_v4_s6,uniform_random,0.7,4,10000,0,224000.0,223803.0,223557.0,0.9991205357142857,0.9989008190238736,0.3493078125,2.002885,9.683705,11.68659,3.007743,0.0,0.0,0.0,672005.0,878.0,592.0,10000.0
PB6_dpesc_v4_s6,uniform_random,0.75,4,10000,0,240000.0,239782.0,239522.0,0.9990916666666667,0.998915681744251,0.374253125,2.004492,9.731678,11.73617,3.000852,0.0,0.0,0.0,718187.0,1083.0,720.0,10000.0
PB6_dpesc_v4_s6,uniform_random,0.8,4,10000,0,256000.0,255570.0,255313.0,0.9983203125,0.9989944046640842,0.3989265625,2.006639,9.797652,11.804291,3.002334,0.0,0.0,0.0,765414.0,1620.0,1081.0,10000.0
PB6_dpesc_v4_s6,uniform_random,0.85,4,10000,0,272000.0,271616.0,271343.0,0.9985882352941177,0.9989949045711592,0.4239734375,2.010452,9.877517,11.887968,3.006372,0.0,0.0,0.0,814139.0,2146.0,1462.0,10000.0
PB6_dpesc_v4_s6,uniform_random,0.9,4,10000,0,288000.0,287617.0,287315.0,0.9986701388888889,0.9989499925247812,0.4489296875,2.013939,9.946738,11.960677,3.000428,0.0,0.0,0.0,859722.0,2933.0,1990.0,10000.0
PB6_dpesc_v4_s6,uniform_random,0.95,4,10000,0,304000.0,303677.0,303354.0,0.9989375,0.9989363698930114,0.473990625,2.021622,10.036189,12.05781,3.004836,0.0,0.0,0.0,908330.0,3836.0,2613.0,10000.0
PB6_dpesc_v4_s6,uniform_random,1.0,4,10000,0,320000.0,319599.0,319254.0,0.998746875,0.9989205222794815,0.498834375,2.03256,10.128747,12.161307,3.003868,0.0,0.0,0.0,954741.0,4954.0,3347.0,10000.0
PC0_esc_v3,uniform_random,0.05,3,10000,0,16000.0,15980.0,15959.0,0.99875,0.998685857321652,0.0249359375,2.00213,9.038975,11.041105,2.996804,0.0,0.0,0.0,0.0,1.0,1.0,10000.0
PC0_esc_v3,uniform_random,0.1,3,10000,0,32000.0,31970.0,31933.0,0.9990625,0.998842664998436,0.0498953125,2.009864,9.111577,11.121442,3.008894,0.0,0.0,0.0,0.0,32.0,16.0,10000.0
PC0_esc_v3,uniform_random,0.15,3,10000,0,48000.0,47716.0,47665.0,0.9940833333333333,0.9989311761254087,0.0744765625,2.022406,9.139012,11.161418,3.001154,0.0,0.0,0.0,0.0,109.0,72.0,10000.0
PC0_esc_v3,uniform_random,0.2,3,10000,0,64000.0,63801.0,63731.0,0.996890625,0.9989028385135029,0.0995796875,2.041926,9.177559,11.219485,2.9992,0.0,0.0,0.0,0.0,297.0,201.0,10000.0
PC0_esc_v3,uniform_random,0.25,3,10000,0,80000.0,79864.0,79781.0,0.9983,0.9989607332465191,0.1246578125,2.070455,9.225643,11.296098,3.004237,0.0,0.0,0.0,0.0,619.0,410.0,10000.0
PC0_esc_v3,uniform_random,0.3,3,10000,0,96000.0,96060.0,95966.0,1.000625,0.9990214449302519,0.149946875,2.107184,9.276504,11.383688,3.009243,0.0,0.0,0.0,0.0,1035.0,713.0,10000.0
PC0_esc_v3,uniform_random,0.35,3,10000,0,112000.0,111997.0,111890.0,0.9999732142857143,0.9990446172665339,0.174828125,2.151694,9.308625,11.460318,3.003146,0.0,0.0,0.0,0.0,1868.0,1214.0,10000.0
PC0_esc_v3,uniform_random,0.4,3,10000,0,128000.0,127850.0,127716.0,0.998828125,0.9989518967540086,0.19955625,2.213975,9.351217,11.565192,3.00404,0.0,0.0,0.0,0.0,2677.0,1785.0,10000.0
PC0_esc_v3,uniform_random,0.45,3,10000,0,144000.0,143786.0,143651.0,0.9985138888888889,0.9990611046972584,0.2244546875,2.299183,9.421918,11.721102,3.01457,0.0,0.0,0.0,0.0,4141.0,2728.0,10000.0
PC0_esc_v3,uniform_random,0.5,3,10000,0,160000.0,159528.0,159384.0,0.99705,0.9990973371445765,0.2490375,2.414088,9.47437,11.888458,3.012009,0.0,0.0,0.0,0.0,6197.0,4045.0,10000.0
PC0_esc_v3,uniform_random,0.55,3,10000,0,176000.0,175582.0,175408.0,0.997625,0.9990090100351973,0.274075,2.585253,9.536549,12.121802,3.013072,0.0,0.0,0.0,0.0,8266.0,5531.0,10000.0
PC0_esc_v3,uniform_random,0.6,3,10000,0,192000.0,191607.0,191393.0,0.997953125,0.9988831305745615,0.2990515625,2.849989,9.622724,12.472713,3.017367,0.0,0.0,0.0,0.0,11210.0,7391.0,10000.0
PC0_esc_v3,uniform_random,0.65,3,10000,0,208000.0,207469.0,207253.0,0.9974471153846154,0.9989588806038493,0.3238328125,3.319643,9.721674,13.041317,3.025795,0.0,0.0,0.0,0.0,15052.0,9898.0,10000.0
PC0_esc_v3,uniform_random,0.7,3,10000,0,224000.0,223760.0,223510.0,0.9989285714285714,0.9988827314980336,0.349234375,4.484327,9.851676,14.336003,3.034916,0.0,0.0,0.0,0.0,19673.0,12905.0,10000.0
PC0_esc_v3,uniform_random,0.75,3,10000,0,240000.0,239595.0,239321.0,0.9983125,0.9988564035142636,0.3739390625,9.667484,9.974202,19.641686,3.031602,0.0,0.0,0.0,0.0,24516.0,16079.0,10000.0
PC0_esc_v3,uniform_random,0.8,3,10000,0,256000.0,248491.0,248223.0,0.97066796875,0.9989214901143301,0.3878484375,146.783505,10.062968,156.846473,3.036141,0.0,0.0,0.0,0.0,28467.0,18487.0,10000.0
PC0_esc_v3,uniform_random,0.85,3,10000,0,272000.0,248715.0,248444.0,0.9143933823529412,0.9989103994531894,0.38819375,423.874523,10.071936,433.946459,3.040363,0.0,0.0,0.0,0.0,28341.0,18589.0,10000.0
PC0_esc_v3,uniform_random,0.9,3,10000,0,288000.0,248697.0,248431.0,0.86353125,0.9989304253770652,0.3881734375,679.65902,10.069854,689.728874,3.035467,0.0,0.0,0.0,0.0,28233.0,18299.0,10000.0
PC0_esc_v3,uniform_random,0.95,3,10000,0,304000.0,248780.0,248512.0,0.8183552631578948,0.9989227429857706,0.3883,907.516643,10.0551,917.571743,3.035519,0.0,0.0,0.0,0.0,28075.0,18281.0,10000.0
PC0_esc_v3,uniform_random,1.0,3,10000,0,320000.0,248778.0,248497.0,0.77743125,0.9988704789008674,0.3882765625,1108.336266,10.061892,1118.398158,3.035489,0.0,0.0,0.0,0.0,28389.0,18501.0,10000.0
PC1_dpesc_v3_s1,uniform_random,0.05,3,10000,0,16000.0,15980.0,15959.0,0.99875,0.998685857321652,0.0249359375,2.00213,9.112037,11.114168,3.031769,0.0,0.0,0.0,46656.0,1766.0,1130.0,10000.0
PC1_dpesc_v3_s1,uniform_random,0.1,3,10000,0,32000.0,31970.0,31933.0,0.9990625,0.998842664998436,0.0498953125,2.009927,9.291986,11.301913,3.092256,0.0,0.0,0.0,90501.0,8289.0,4893.0,10000.0
PC1_dpesc_v3_s1,uniform_random,0.15,3,10000,0,48000.0,47716.0,47663.0,0.9940833333333333,0.99888926146366,0.0744734375,2.02247,9.459455,11.481925,3.133269,0.0,0.0,0.0,129215.0,20237.0,11300.0,10000.0
PC1_dpesc_v3_s1,uniform_random,0.2,3,10000,0,64000.0,63801.0,63727.0,0.996890625,0.9988401435714174,0.0995734375,2.042557,9.687558,11.730114,3.181477,0.0,0.0,0.0,164494.0,38436.0,20420.0,10000.0
PC1_dpesc_v3_s1,uniform_random,0.25,3,10000,0,80000.0,79864.0,79763.0,0.9983,0.9987353500951618,0.1246296875,2.072126,10.007472,12.079598,3.241716,0.0,0.0,0.0,195595.0,63194.0,31678.0,10000.0
PC1_dpesc_v3_s1,uniform_random,0.3,3,10000,0,96000.0,96060.0,95956.0,1.000625,0.9989173433270873,0.14993125,2.114167,10.381477,12.495644,3.289852,0.0,0.0,0.0,223248.0,92670.0,44625.0,10000.0
PC1_dpesc_v3_s1,uniform_random,0.35,3,10000,0,112000.0,111997.0,111870.0,0.9999732142857143,0.9988660410546711,0.174796875,2.168195,10.852713,13.020908,3.320756,0.0,0.0,0.0,246326.0,125434.0,58184.0,10000.0
PC1_dpesc_v3_s1,uniform_random,0.4,3,10000,0,128000.0,127850.0,127689.0,0.998828125,0.9987407117716074,0.1995140625,2.253366,11.547197,13.800562,3.352998,0.0,0.0,0.0,266719.0,161806.0,71975.0,10000.0
PC1_dpesc_v3_s1,uniform_random,0.45,3,10000,0,144000.0,143784.0,143589.0,0.9985,0.9986437990318812,0.2243578125,2.417804,12.72087,15.138674,3.393651,0.0,0.0,0.0,285997.0,201791.0,85992.0,10000.0
PC1_dpesc_v3_s1,uniform_random,0.5,3,10000,0,160000.0,159526.0,159304.0,0.9970375,0.9986083773178039,0.2489125,2.926775,15.005417,17.932193,3.396293,0.0,0.0,0.0,302114.0,239472.0,99279.0,10000.0
PC1_dpesc_v3_s1,uniform_random,0.55,3,10000,0,176000.0,135958.0,135541.0,0.7724886363636364,0.9969328763294547,0.2117828125,1056.955755,29.501553,1086.457308,3.420308,0.0,0.0,0.0,214969.0,249420.0,102295.0,10000.0
PC1_dpesc_v3_s1,uniform_random,0.6,3,10000,0,192000.0,135303.0,134897.0,0.704703125,0.9969993274354597,0.2107765625,1405.541687,29.828958,1435.370646,3.425406,0.0,0.0,0.0,212825.0,250090.0,102153.0,10000.0
PC1_dpesc_v3_s1,uniform_random,0.65,3,10000,0,208000.0,134806.0,134379.0,0.6481057692307692,0.9968324852009555,0.2099671875,1682.215063,29.923016,1712.13808,3.423935,0.0,0.0,0.0,211821.0,249086.0,101664.0,10000.0
PC1_dpesc_v3_s1,uniform_random,0.7,3,10000,0,224000.0,134403.0,134001.0,0.6000133928571428,0.9970089953349256,0.2093765625,1951.917471,30.085447,1982.002918,3.429019,0.0,0.0,0.0,210271.0,250038.0,102147.0,10000.0
PC1_dpesc_v3_s1,uniform_random,0.75,3,10000,0,240000.0,135785.0,135373.0,0.5657708333333333,0.996965791508635,0.2115203125,2133.550353,29.685691,2163.236044,3.41981,0.0,0.0,0.0,212781.0,250972.0,102642.0,10000.0
PC1_dpesc_v3_s1,uniform_random,0.8,3,10000,0,256000.0,136076.0,135637.0,0.531546875,0.9967738616655398,0.2119328125,2295.701475,29.676888,2325.378363,3.425105,0.0,0.0,0.0,214144.0,251249.0,102754.0,10000.0
PC1_dpesc_v3_s1,uniform_random,0.85,3,10000,0,272000.0,135011.0,134586.0,0.4963639705882353,0.9968521083467273,0.210290625,2484.963926,29.928128,2514.892054,3.424375,0.0,0.0,0.0,212009.0,249708.0,102030.0,10000.0
PC1_dpesc_v3_s1,uniform_random,0.9,3,10000,0,288000.0,135164.0,134762.0,0.46931944444444446,0.9970258352815838,0.210565625,2604.67223,29.92397,2634.596199,3.428325,0.0,0.0,0.0,211545.0,251221.0,102465.0,10000.0
PC1_dpesc_v3_s1,uniform_random,0.95,3,10000,0,304000.0,134059.0,133632.0,0.44098355263157896,0.9968148352591023,0.2088,2733.789392,30.166345,2763.955737,3.426851,0.0,0.0,0.0,208767.0,249974.0,101936.0,10000.0
PC1_dpesc_v3_s1,uniform_random,1.0,3,10000,0,320000.0,134139.0,133723.0,0.419184375,0.9968987393673726,0.2089421875,2839.714312,30.134061,2869.848373,3.429275,0.0,0.0,0.0,209805.0,249558.0,101853.0,10000.0
PC2_dpesc_v3_s2,uniform_random,0.05,3,10000,0,16000.0,15980.0,15959.0,0.99875,0.998685857321652,0.0249359375,2.00213,9.040917,11.043048,2.997431,0.0,0.0,0.0,47842.0,32.0,22.0,10000.0
PC2_dpesc_v3_s2,uniform_random,0.1,3,10000,0,32000.0,31970.0,31933.0,0.9990625,0.998842664998436,0.0498953125,2.009896,9.11997,11.129866,3.012213,0.0,0.0,0.0,95863.0,371.0,249.0,10000.0
PC2_dpesc_v3_s2,uniform_random,0.15,3,10000,0,48000.0,47716.0,47665.0,0.9940833333333333,0.9989311761254087,0.0744765625,2.022322,9.159929,11.182251,3.009588,0.0,0.0,0.0,142238.0,1316.0,867.0,10000.0
PC2_dpesc_v3_s2,uniform_random,0.2,3,10000,0,64000.0,63801.0,63729.0,0.996890625,0.9988714910424602,0.0995765625,2.04199,9.212337,11.254327,3.014264,0.0,0.0,0.0,189084.0,3185.0,2055.0,10000.0
PC2_dpesc_v3_s2,uniform_random,0.25,3,10000,0,80000.0,79865.0,79781.0,0.9983125,0.9989482251299067,0.1246578125,2.070067,9.277372,11.347439,3.026422,0.0,0.0,0.0,235509.0,6090.0,3938.0,10000.0
PC2_dpesc_v3_s2,uniform_random,0.3,3,10000,0,96000.0,96060.0,95963.0,1.000625,0.9989902144493025,0.1499421875,2.107302,9.364974,11.472276,3.042193,0.0,0.0,0.0,281120.0,11026.0,7046.0,10000.0
PC2_dpesc_v3_s2,uniform_random,0.35,3,10000,0,112000.0,111998.0,111890.0,0.9999821428571428,0.999035697066019,0.174828125,2.152051,9.439101,11.591152,3.049647,0.0,0.0,0.0,323332.0,18091.0,11258.0,10000.0
PC2_dpesc_v3_s2,uniform_random,0.4,3,10000,0,128000.0,127849.0,127716.0,0.9988203125,0.9989597102832247,0.19955625,2.214773,9.536573,11.751347,3.064667,0.0,0.0,0.0,364614.0,27088.0,16658.0,10000.0
PC2_dpesc_v3_s2,uniform_random,0.45,3,10000,0,144000.0,143786.0,143646.0,0.9985138888888889,0.9990263307971569,0.224446875,2.30289,9.68052,11.983411,3.090939,0.0,0.0,0.0,405292.0,39002.0,23391.0,10000.0
PC2_dpesc_v3_s2,uniform_random,0.5,3,10000,0,160000.0,159528.0,159376.0,0.99705,0.999047189208164,0.249025,2.419373,9.821454,12.240827,3.10265,0.0,0.0,0.0,441799.0,53010.0,31246.0,10000.0
PC2_dpesc_v3_s2,uniform_random,0.55,3,10000,0,176000.0,175582.0,175393.0,0.997625,0.9989235798658177,0.2740515625,2.597823,10.022578,12.620401,3.123905,0.0,0.0,0.0,477640.0,70692.0,40420.0,10000.0
PC2_dpesc_v3_s2,uniform_random,0.6,3,10000,0,192000.0,191607.0,191380.0,0.997953125,0.9988152833664741,0.29903125,2.884993,10.274971,13.159964,3.145067,0.0,0.0,0.0,511301.0,91111.0,50941.0,10000.0
PC2_dpesc_v3_s2,uniform_random,0.65,3,10000,0,208000.0,207467.0,207232.0,0.9974375,0.998867289737645,0.3238,3.420215,10.592085,14.0123,3.167315,0.0,0.0,0.0,543659.0,113206.0,61763.0,10000.0
PC2_dpesc_v3_s2,uniform_random,0.7,3,10000,0,224000.0,223749.0,223472.0,0.9988794642857143,0.9987620056402486,0.349175,4.835715,11.0835,15.919216,3.194208,0.0,0.0,0.0,574539.0,139874.0,74273.0,10000.0
PC2_dpesc_v3_s2,uniform_random,0.75,3,10000,0,240000.0,239484.0,239184.0,0.99785,0.9987473067094252,0.373725,13.598192,11.665044,25.263237,3.20322,0.0,0.0,0.0,601432.0,165401.0,85305.0,10000.0
PC2_dpesc_v3_s2,uniform_random,0.8,3,10000,0,256000.0,244840.0,244538.0,0.95640625,0.9987665414148015,0.382090625,216.692305,11.968516,228.660822,3.210552,0.0,0.0,0.0,610648.0,175122.0,88962.0,10000.0
PC2_dpesc_v3_s2,uniform_random,0.85,3,10000,0,272000.0,245056.0,244731.0,0.9009411764705882,0.9986737725254635,0.3823921875,492.828457,11.985817,504.814274,3.216139,0.0,0.0,0.0,612158.0,175662.0,89242.0,10000.0
PC2_dpesc_v3_s2,uniform_random,0.9,3,10000,0,288000.0,245222.0,244899.0,0.8514652777777778,0.9986828261738343,0.3826546875,739.256604,11.956211,751.212814,3.209335,0.0,0.0,0.0,610906.0,175783.0,89499.0,10000.0
PC2_dpesc_v3_s2,uniform_random,0.95,3,10000,0,304000.0,245083.0,244779.0,0.8061940789473684,0.9987596038892946,0.3824671875,967.511813,11.959866,979.471679,3.208735,0.0,0.0,0.0,611117.0,174969.0,89250.0,10000.0
PC2_dpesc_v3_s2,uniform_random,1.0,3,10000,0,320000.0,245009.0,244693.0,0.765653125,0.9987102514601505,0.3823328125,1166.104776,11.970261,1178.075037,3.208482,0.0,0.0,0.0,610611.0,175176.0,89457.0,10000.0
PC3_dpesc_v3_s3,uniform_random,0.05,3,10000,0,16000.0,15980.0,15959.0,0.99875,0.998685857321652,0.0249359375,2.00213,9.038975,11.041105,2.996804,0.0,0.0,0.0,47863.0,1.0,1.0,10000.0
PC3_dpesc_v3_s3,uniform_random,0.1,3,10000,0,32000.0,31970.0,31933.0,0.9990625,0.998842664998436,0.0498953125,2.009864,9.110888,11.120753,3.008831,0.0,0.0,0.0,96095.0,31.0,17.0,10000.0
PC3_dpesc_v3_s3,uniform_random,0.15,3,10000,0,48000.0,47716.0,47665.0,0.9940833333333333,0.9989311761254087,0.0744765625,2.022113,9.139117,11.161229,3.001657,0.0,0.0,0.0,143023.0,153.0,92.0,10000.0
PC3_dpesc_v3_s3,uniform_random,0.2,3,10000,0,64000.0,63801.0,63731.0,0.996890625,0.9989028385135029,0.0995796875,2.041769,9.179332,11.221101,2.999765,0.0,0.0,0.0,190936.0,403.0,270.0,10000.0
PC3_dpesc_v3_s3,uniform_random,0.25,3,10000,0,80000.0,79865.0,79780.0,0.9983125,0.9989357040005008,0.12465625,2.069779,9.227877,11.297656,3.004951,0.0,0.0,0.0,239090.0,795.0,527.0,10000.0
PC3_dpesc_v3_s3,uniform_random,0.3,3,10000,0,96000.0,96060.0,95965.0,1.000625,0.9990110347699355,0.1499453125,2.108123,9.281353,11.389475,3.011317,0.0,0.0,0.0,287660.0,1519.0,1001.0,10000.0
PC3_dpesc_v3_s3,uniform_random,0.35,3,10000,0,112000.0,111998.0,111889.0,0.9999821428571428,0.9990267683351488,0.1748265625,2.151346,9.309923,11.46127,3.004603,0.0,0.0,0.0,333867.0,2514.0,1692.0,10000.0
PC3_dpesc_v3_s3,uniform_random,0.4,3,10000,0,128000.0,127849.0,127717.0,0.9988203125,0.9989675320104185,0.1995578125,2.213034,9.363859,11.576893,3.007532,0.0,0.0,0.0,380383.0,4009.0,2647.0,10000.0
PC3_dpesc_v3_s3,uniform_random,0.45,3,10000,0,144000.0,143785.0,143651.0,0.9985069444444444,0.9990680529957924,0.2244546875,2.300868,9.437498,11.738366,3.019248,0.0,0.0,0.0,427669.0,6316.0,4186.0,10000.0
PC3_dpesc_v3_s3,uniform_random,0.5,3,10000,0,160000.0,159529.0,159380.0,0.99705625,0.9990660005390869,0.24903125,2.414927,9.497434,11.91236,3.018497,0.0,0.0,0.0,471875.0,9511.0,6205.0,10000.0
PC3_dpesc_v3_s3,uniform_random,0.55,3,10000,0,176000.0,175581.0,175406.0,0.9976193181818181,0.9990033090140733,0.274071875,2.588435,9.570066,12.158501,3.022724,0.0,0.0,0.0,517187.0,13375.0,8757.0,10000.0
PC3_dpesc_v3_s3,uniform_random,0.6,3,10000,0,192000.0,191604.0,191393.0,0.9979375,0.9988987703805766,0.2990515625,2.85129,9.664397,12.515688,3.029614,0.0,0.0,0.0,561888.0,18405.0,11881.0,10000.0
PC3_dpesc_v3_s3,uniform_random,0.65,3,10000,0,208000.0,207471.0,207247.0,0.9974567307692308,0.9989203310342168,0.3238234375,3.327349,9.781637,13.108986,3.04057,0.0,0.0,0.0,605835.0,24763.0,15969.0,10000.0
PC3_dpesc_v3_s3,uniform_random,0.7,3,10000,0,224000.0,223761.0,223500.0,0.9989330357142857,0.9988335768967782,0.34921875,4.488152,9.94026,14.428412,3.054112,0.0,0.0,0.0,650071.0,33069.0,21054.0,10000.0
PC3_dpesc_v3_s3,uniform_random,0.75,3,10000,0,240000.0,239586.0,239327.0,0.998275,0.9989189685540891,0.3739484375,9.642644,10.091603,19.734246,3.054666,0.0,0.0,0.0,689435.0,42152.0,26718.0,10000.0
PC3_dpesc_v3_s3,uniform_random,0.8,3,10000,0,256000.0,248362.0,248073.0,0.9701640625,0.998836375935127,0.3876140625,150.400709,10.21567,160.616379,3.062594,0.0,0.0,0.0,711201.0,49142.0,30710.0,10000.0
PC3_dpesc_v3_s3,uniform_random,0.85,3,10000,0,272000.0,248478.0,248209.0,0.9135220588235294,0.9989174091871312,0.3878265625,429.960263,10.21973,440.179993,3.067177,0.0,0.0,0.0,712521.0,49319.0,30936.0,10000.0
PC3_dpesc_v3_s3,uniform_random,0.9,3,10000,0,288000.0,248509.0,248234.0,0.8628784722222222,0.9988934002390255,0.387865625,682.780675,10.209709,692.990384,3.060149,0.0,0.0,0.0,711599.0,48599.0,30599.0,10000.0
PC3_dpesc_v3_s3,uniform_random,0.95,3,10000,0,304000.0,248553.0,248279.0,0.8176085526315789,0.9988976194212099,0.3879359375,911.082705,10.21902,921.301725,3.061749,0.0,0.0,0.0,711853.0,48884.0,30775.0,10000.0
PC3_dpesc_v3_s3,uniform_random,1.0,3,10000,0,320000.0,248601.0,248318.0,0.776878125,0.9988616296796875,0.387996875,1110.438232,10.205281,1120.643514,3.06126,0.0,0.0,0.0,711866.0,48869.0,30541.0,10000.0
PC4_dpesc_v3_s4,uniform_random,0.05,3,10000,0,16000.0,15980.0,15959.0,0.99875,0.998685857321652,0.0249359375,2.00213,9.038975,11.041105,2.996804,0.0,0.0,0.0,47863.0,1.0,1.0,10000.0
PC4_dpesc_v3_s4,uniform_random,0.1,3,10000,0,32000.0,31970.0,31933.0,0.9990625,0.998842664998436,0.0498953125,2.009864,9.111577,11.121442,3.008894,0.0,0.0,0.0,96096.0,32.0,16.0,10000.0
PC4_dpesc_v3_s4,uniform_random,0.15,3,10000,0,48000.0,47716.0,47665.0,0.9940833333333333,0.9989311761254087,0.0744765625,2.022406,9.139012,11.161418,3.001154,0.0,0.0,0.0,143043.0,109.0,72.0,10000.0
PC4_dpesc_v3_s4,uniform_random,0.2,3,10000,0,64000.0,63801.0,63731.0,0.996890625,0.9989028385135029,0.0995796875,2.041926,9.177559,11.219485,2.9992,0.0,0.0,0.0,191005.0,297.0,201.0,10000.0
PC4_dpesc_v3_s4,uniform_random,0.25,3,10000,0,80000.0,79864.0,79781.0,0.9983,0.9989607332465191,0.1246578125,2.070455,9.225643,11.296098,3.004237,0.0,0.0,0.0,239209.0,619.0,410.0,10000.0
PC4_dpesc_v3_s4,uniform_random,0.3,3,10000,0,96000.0,96060.0,95966.0,1.000625,0.9990214449302519,0.149946875,2.107184,9.276504,11.383688,3.009243,0.0,0.0,0.0,287945.0,1035.0,713.0,10000.0
PC4_dpesc_v3_s4,uniform_random,0.35,3,10000,0,112000.0,111997.0,111890.0,0.9999732142857143,0.9990446172665339,0.174828125,2.151694,9.308625,11.460318,3.003146,0.0,0.0,0.0,334349.0,1868.0,1214.0,10000.0
PC4_dpesc_v3_s4,uniform_random,0.4,3,10000,0,128000.0,127850.0,127716.0,0.998828125,0.9989518967540086,0.19955625,2.213975,9.351217,11.565192,3.00404,0.0,0.0,0.0,381272.0,2677.0,1785.0,10000.0
PC4_dpesc_v3_s4,uniform_random,0.45,3,10000,0,144000.0,143786.0,143651.0,0.9985138888888889,0.9990611046972584,0.2244546875,2.299183,9.421918,11.721102,3.01457,0.0,0.0,0.0,429174.0,4141.0,2728.0,10000.0
PC4_dpesc_v3_s4,uniform_random,0.5,3,10000,0,160000.0,159528.0,159384.0,0.99705,0.9990973371445765,0.2490375,2.414088,9.47437,11.888458,3.012009,0.0,0.0,0.0,474151.0,6197.0,4045.0,10000.0
PC4_dpesc_v3_s4,uniform_random,0.55,3,10000,0,176000.0,175582.0,175408.0,0.997625,0.9990090100351973,0.274075,2.585253,9.536549,12.121802,3.013072,0.0,0.0,0.0,520612.0,8266.0,5531.0,10000.0
PC4_dpesc_v3_s4,uniform_random,0.6,3,10000,0,192000.0,191607.0,191393.0,0.997953125,0.9988831305745615,0.2990515625,2.849989,9.622724,12.472713,3.017367,0.0,0.0,0.0,566736.0,11210.0,7391.0,10000.0
PC4_dpesc_v3_s4,uniform_random,0.65,3,10000,0,208000.0,207469.0,207253.0,0.9974471153846154,0.9989588806038493,0.3238328125,3.319643,9.721674,13.041317,3.025795,0.0,0.0,0.0,612488.0,15052.0,9898.0,10000.0
PC4_dpesc_v3_s4,uniform_random,0.7,3,10000,0,224000.0,223760.0,223510.0,0.9989285714285714,0.9988827314980336,0.349234375,4.484327,9.851676,14.336003,3.034916,0.0,0.0,0.0,659156.0,19673.0,12905.0,10000.0
PC4_dpesc_v3_s4,uniform_random,0.75,3,10000,0,240000.0,239595.0,239321.0,0.9983125,0.9988564035142636,0.3739390625,9.667484,9.974202,19.641686,3.031602,0.0,0.0,0.0,701560.0,24516.0,16079.0,10000.0
PC4_dpesc_v3_s4,uniform_random,0.8,3,10000,0,256000.0,248491.0,248223.0,0.97066796875,0.9989214901143301,0.3878484375,146.783505,10.062968,156.846473,3.036141,0.0,0.0,0.0,725688.0,28467.0,18487.0,10000.0
PC4_dpesc_v3_s4,uniform_random,0.85,3,10000,0,272000.0,248715.0,248444.0,0.9143933823529412,0.9989103994531894,0.38819375,423.874523,10.071936,433.946459,3.040363,0.0,0.0,0.0,727571.0,28341.0,18589.0,10000.0
PC4_dpesc_v3_s4,uniform_random,0.9,3,10000,0,288000.0,248697.0,248431.0,0.86353125,0.9989304253770652,0.3881734375,679.65902,10.069854,689.728874,3.035467,0.0,0.0,0.0,726396.0,28233.0,18299.0,10000.0
PC4_dpesc_v3_s4,uniform_random,0.95,3,10000,0,304000.0,248780.0,248512.0,0.8183552631578948,0.9989227429857706,0.3883,907.516643,10.0551,917.571743,3.035519,0.0,0.0,0.0,726823.0,28075.0,18281.0,10000.0
PC4_dpesc_v3_s4,uniform_random,1.0,3,10000,0,320000.0,248778.0,248497.0,0.77743125,0.9988704789008674,0.3882765625,1108.336266,10.061892,1118.398158,3.035489,0.0,0.0,0.0,726511.0,28389.0,18501.0,10000.0
