experiment,pattern,parameter_value,injection_rate,offered_packet_load,offered_flit_load,inj_vnet,packet_size_bytes,flits_per_packet,vcs_per_vnet,router_latency,link_width_bits,packets_injected,packets_received,flits_injected,flits_received,packet_throughput,flit_throughput,delivery_ratio,queueing_latency,network_latency,packet_latency,flit_queueing_latency,flit_network_latency,flit_latency,average_hops,average_link_utilization,sim_ticks,sim_freq
vcs,uniform_random,1,0.01,0.005,0.005,0,8,1,1,1,128,3165.0,3162.0,3165.0,3162.0,0.004940625,0.004940625,0.9990521327014218,2.039216,13.705566,15.744782,2.039216,13.705566,15.744782,5.26945,2.2996,10000.0,2000000000.0
vcs,uniform_random,1,0.02,0.01,0.01,0,8,1,1,1,128,6387.0,6382.0,6387.0,6382.0,0.009971875,0.009971875,0.9992171598559574,2.088374,13.864463,15.952836,2.088374,13.864463,15.952836,5.271702,4.6424,10000.0,2000000000.0
vcs,uniform_random,1,0.03,0.015,0.015,0,8,1,1,1,128,9483.0,9471.0,9483.0,9471.0,0.0147984375,0.0147984375,0.9987345776652958,2.139373,14.067152,16.206525,2.139373,14.067152,16.206525,5.280857,6.9028,10000.0,2000000000.0
vcs,uniform_random,1,0.04,0.02,0.02,0,8,1,1,1,128,12618.0,12591.0,12618.0,12591.0,0.0196734375,0.0196734375,0.9978601997146933,2.187833,14.230879,16.418712,2.187833,14.230879,16.418712,5.247161,9.1386,10000.0,2000000000.0
vcs,uniform_random,1,0.05,0.025,0.025,0,8,1,1,1,128,15978.0,15954.0,15978.0,15954.0,0.024928125,0.024928125,0.9984979346601577,2.267519,14.451611,16.71913,2.267519,14.451611,16.71913,5.221136,11.5296,10000.0,2000000000.0
vcs,uniform_random,1,0.06,0.03,0.03,0,8,1,1,1,128,19130.0,19103.0,19130.0,19103.0,0.0298484375,0.0298484375,0.998588604286461,2.343087,14.879391,17.222478,2.343087,14.879391,17.222478,5.258336,13.8796,10000.0,2000000000.0
vcs,uniform_random,1,0.07,0.035,0.035,0,8,1,1,1,128,22312.0,22272.0,22312.0,22272.0,0.0348,0.0348,0.9982072427393331,2.437949,15.171516,17.609465,2.437949,15.171516,17.609465,5.236934,16.137,10000.0,2000000000.0
vcs,uniform_random,1,0.08,0.04,0.04,0,8,1,1,1,128,25512.0,25482.0,25512.0,25482.0,0.039815625,0.039815625,0.998824082784572,2.563849,15.731222,18.295071,2.563849,15.731222,18.295071,5.23601,18.4507,10000.0,2000000000.0
vcs,uniform_random,1,0.09,0.045,0.045,0,8,1,1,1,128,28721.0,28672.0,28721.0,28672.0,0.0448,0.0448,0.9982939312698026,2.759731,16.33946,19.099191,2.759731,16.33946,19.099191,5.242118,20.7869,10000.0,2000000000.0
vcs,uniform_random,1,0.1,0.05,0.05,0,8,1,1,1,128,31968.0,31912.0,31968.0,31912.0,0.0498625,0.0498625,0.9982482482482482,3.0319,17.243576,20.275476,3.0319,17.243576,20.275476,5.266295,23.2125,10000.0,2000000000.0
vcs,uniform_random,1,0.11,0.055,0.055,0,8,1,1,1,128,35148.0,35092.0,35148.0,35092.0,0.05483125,0.05483125,0.9984067372254467,3.902941,18.60974,22.512681,3.902941,18.60974,22.512681,5.253106,25.477,10000.0,2000000000.0
vcs,uniform_random,1,0.12,0.06,0.06,0,8,1,1,1,128,38283.0,38198.0,38283.0,38198.0,0.059684375,0.059684375,0.9977796933364679,6.31588,20.691843,27.007723,6.31588,20.691843,27.007723,5.257317,27.7515,10000.0,2000000000.0
vcs,uniform_random,1,0.13,0.065,0.065,0,8,1,1,1,128,41289.0,41182.0,41289.0,41182.0,0.064346875,0.064346875,0.9974085107413597,28.14601,24.594459,52.740469,28.14601,24.594459,52.740469,5.228376,29.804,10000.0,2000000000.0
vcs,uniform_random,1,0.14,0.07,0.07,0,8,1,1,1,128,43158.0,43023.0,43158.0,43023.0,0.0672234375,0.0672234375,0.9968719588488808,161.282012,28.843223,190.125235,161.282012,28.843223,190.125235,5.221812,31.1167,10000.0,2000000000.0
vcs,uniform_random,1,0.15,0.075,0.075,0,8,1,1,1,128,43870.0,43721.0,43870.0,43721.0,0.0683140625,0.0683140625,0.9966036015500342,338.401134,31.488072,369.889207,338.401134,31.488072,369.889207,5.164612,31.3697,10000.0,2000000000.0
vcs,uniform_random,1,0.16,0.08,0.08,0,8,1,1,1,128,44159.0,43998.0,44159.0,43998.0,0.068746875,0.068746875,0.9963540841051655,524.049707,33.158053,557.207759,524.049707,33.158053,557.207759,5.16903,31.5905,10000.0,2000000000.0
vcs,uniform_random,1,0.17,0.085,0.085,0,8,1,1,1,128,44207.0,44057.0,44207.0,44057.0,0.0688390625,0.0688390625,0.9966068722148076,730.992918,33.667612,764.660531,730.992918,33.667612,764.660531,5.116122,31.3967,10000.0,2000000000.0
vcs,uniform_random,1,0.18,0.09,0.09,0,8,1,1,1,128,44231.0,44074.0,44231.0,44074.0,0.068865625,0.068865625,0.9964504533019828,935.056791,34.243409,969.3002,935.056791,34.243409,969.3002,5.098289,31.3332,10000.0,2000000000.0
vcs,uniform_random,1,0.19,0.095,0.095,0,8,1,1,1,128,43944.0,43790.0,43944.0,43790.0,0.068421875,0.068421875,0.9964955397778992,1096.858644,34.743983,1131.602626,1096.858644,34.743983,1131.602626,5.09251,31.1039,10000.0,2000000000.0
vcs,uniform_random,1,0.2,0.1,0.1,0,8,1,1,1,128,44192.0,44029.0,44192.0,44029.0,0.0687953125,0.0687953125,0.9963115496017378,1271.424107,34.793772,1306.217879,1271.424107,34.793772,1306.217879,5.094597,31.2838,10000.0,2000000000.0
vcs,uniform_random,1,0.21,0.105,0.105,0,8,1,1,1,128,44318.0,44163.0,44318.0,44163.0,0.0690046875,0.0690046875,0.9965025497540503,1402.107624,34.953173,1437.060798,1402.107624,34.953173,1437.060798,5.085388,31.337,10000.0,2000000000.0
vcs,uniform_random,1,0.22,0.11,0.11,0,8,1,1,1,128,44415.0,44263.0,44415.0,44263.0,0.0691609375,0.0691609375,0.9965777327479455,1561.078395,35.000316,1596.078711,1561.078395,35.000316,1596.078711,5.071166,31.3411,10000.0,2000000000.0
vcs,uniform_random,1,0.23,0.115,0.115,0,8,1,1,1,128,44199.0,44040.0,44199.0,44040.0,0.0688125,0.0688125,0.9964026335437454,1714.100795,35.02802,1749.128815,1714.100795,35.02802,1749.128815,5.063874,31.1569,10000.0,2000000000.0
vcs,uniform_random,1,0.24,0.12,0.12,0,8,1,1,1,128,44140.0,43979.0,44140.0,43979.0,0.0687171875,0.0687171875,0.9963525147258723,1848.441347,35.206735,1883.648082,1848.441347,35.206735,1883.648082,5.059847,31.0938,10000.0,2000000000.0
vcs,uniform_random,1,0.25,0.125,0.125,0,8,1,1,1,128,44100.0,43940.0,44100.0,43940.0,0.06865625,0.06865625,0.9963718820861678,1944.030155,35.121188,1979.151343,1944.030155,35.121188,1979.151343,5.071256,31.1197,10000.0,2000000000.0
vcs,uniform_random,1,0.26,0.13,0.13,0,8,1,1,1,128,44362.0,44196.0,44362.0,44196.0,0.06905625,0.06905625,0.9962580586988864,2070.513169,34.954362,2105.467531,2070.513169,34.954362,2105.467531,5.061024,31.2575,10000.0,2000000000.0
vcs,uniform_random,1,0.27,0.135,0.135,0,8,1,1,1,128,44465.0,44307.0,44465.0,44307.0,0.0692296875,0.0692296875,0.9964466434274148,2172.387298,34.934525,2207.321823,2172.387298,34.934525,2207.321823,5.077189,31.4038,10000.0,2000000000.0
vcs,uniform_random,1,0.28,0.14,0.14,0,8,1,1,1,128,44048.0,43886.0,44048.0,43886.0,0.068571875,0.068571875,0.9963221939702143,2292.039261,35.206353,2327.245614,2292.039261,35.206353,2327.245614,5.06387,31.0484,10000.0,2000000000.0
vcs,uniform_random,1,0.29,0.145,0.145,0,8,1,1,1,128,44647.0,44491.0,44647.0,44491.0,0.0695171875,0.0695171875,0.9965059242502295,2341.19541,34.831674,2376.027084,2341.19541,34.831674,2376.027084,5.069744,31.4974,10000.0,2000000000.0
vcs,uniform_random,1,0.3,0.15,0.15,0,8,1,1,1,128,43947.0,43792.0,43947.0,43792.0,0.068425,0.068425,0.9964730243247548,2488.328576,35.36856,2523.697136,2488.328576,35.36856,2523.697136,5.076955,31.0342,10000.0,2000000000.0
vcs,uniform_random,1,0.31,0.155,0.155,0,8,1,1,1,128,44537.0,44374.0,44537.0,44374.0,0.069334375,0.069334375,0.9963401216965669,2543.913891,34.979943,2578.893834,2543.913891,34.979943,2578.893834,5.071483,31.4308,10000.0,2000000000.0
vcs,uniform_random,1,0.32,0.16,0.16,0,8,1,1,1,128,44496.0,44328.0,44496.0,44328.0,0.0692625,0.0692625,0.9962243797195254,2586.818422,35.013738,2621.83216,2586.818422,35.013738,2621.83216,5.081935,31.4441,10000.0,2000000000.0
vcs,uniform_random,1,0.33,0.165,0.165,0,8,1,1,1,128,44018.0,43857.0,44018.0,43857.0,0.0685265625,0.0685265625,0.9963424053796174,2690.377819,35.2502,2725.628018,2690.377819,35.2502,2725.628018,5.062521,31.0226,10000.0,2000000000.0
vcs,uniform_random,1,0.34,0.17,0.17,0,8,1,1,1,128,44462.0,44302.0,44462.0,44302.0,0.069221875,0.069221875,0.9964014214385318,2741.618956,34.987111,2776.606067,2741.618956,34.987111,2776.606067,5.052029,31.2862,10000.0,2000000000.0
vcs,uniform_random,1,0.35,0.175,0.175,0,8,1,1,1,128,43967.0,43822.0,43967.0,43822.0,0.068471875,0.068471875,0.9967020720085519,2843.274383,35.28796,2878.562343,2843.274383,35.28796,2878.562343,5.06054,30.9784,10000.0,2000000000.0
vcs,uniform_random,1,0.36,0.18,0.18,0,8,1,1,1,128,44253.0,44098.0,44253.0,44098.0,0.068903125,0.068903125,0.9964974126047952,2865.894326,35.027235,2900.921561,2865.894326,35.027235,2900.921561,5.056896,31.1617,10000.0,2000000000.0
vcs,uniform_random,1,0.37,0.185,0.185,0,8,1,1,1,128,44324.0,44161.0,44324.0,44161.0,0.0690015625,0.0690015625,0.9963225340673224,2922.89373,35.148389,2958.042119,2922.89373,35.148389,2958.042119,5.053509,31.1948,10000.0,2000000000.0
vcs,uniform_random,1,0.38,0.19,0.19,0,8,1,1,1,128,44343.0,44179.0,44343.0,44179.0,0.0690296875,0.0690296875,0.9963015583068353,2957.265579,35.010457,2992.276036,2957.265579,35.010457,2992.276036,5.070644,31.2898,10000.0,2000000000.0
vcs,uniform_random,1,0.39,0.195,0.195,0,8,1,1,1,128,44166.0,44010.0,44166.0,44010.0,0.068765625,0.068765625,0.9964678712131504,3052.746126,35.077301,3087.823426,3052.746126,35.077301,3087.823426,5.072234,31.1722,10000.0,2000000000.0
vcs,uniform_random,1,0.4,0.2,0.2,0,8,1,1,1,128,44560.0,44398.0,44560.0,44398.0,0.069371875,0.069371875,0.9963644524236984,3071.361931,34.967453,3106.329384,3071.361931,34.967453,3106.329384,5.068336,31.4351,10000.0,2000000000.0
vcs,uniform_random,1,0.41,0.205,0.205,0,8,1,1,1,128,44102.0,43930.0,44102.0,43930.0,0.068640625,0.068640625,0.996099950115641,3157.291646,35.348714,3192.64036,3157.291646,35.348714,3192.64036,5.075415,31.136,10000.0,2000000000.0
vcs,uniform_random,1,0.42,0.21,0.21,0,8,1,1,1,128,44335.0,44165.0,44335.0,44165.0,0.0690078125,0.0690078125,0.9961655576858013,3140.927318,35.138413,3176.065731,3140.927318,35.138413,3176.065731,5.083007,31.3347,10000.0,2000000000.0
vcs,uniform_random,1,0.43,0.215,0.215,0,8,1,1,1,128,44203.0,44048.0,44203.0,44048.0,0.068825,0.068825,0.996493450670769,3191.262736,35.184208,3226.446944,3191.262736,35.184208,3226.446944,5.086224,31.2574,10000.0,2000000000.0
vcs,uniform_random,1,0.44,0.22,0.22,0,8,1,1,1,128,44478.0,44320.0,44478.0,44320.0,0.06925,0.06925,0.9964476820000899,3226.226737,34.989959,3261.216697,3226.226737,34.989959,3261.216697,5.080438,31.4313,10000.0,2000000000.0
vcs,uniform_random,1,0.45,0.225,0.225,0,8,1,1,1,128,44564.0,44405.0,44564.0,44405.0,0.0693828125,0.0693828125,0.9964320976573019,3257.703502,34.984326,3292.687828,3257.703502,34.984326,3292.687828,5.077829,31.4747,10000.0,2000000000.0
vcs,uniform_random,1,0.46,0.23,0.23,0,8,1,1,1,128,44234.0,44074.0,44234.0,44074.0,0.068865625,0.068865625,0.9963828729031966,3324.247879,35.198257,3359.446136,3324.247879,35.198257,3359.446136,5.072015,31.2161,10000.0,2000000000.0
vcs,uniform_random,1,0.47,0.235,0.235,0,8,1,1,1,128,43934.0,43776.0,43934.0,43776.0,0.0684,0.0684,0.9964036964537716,3375.990269,35.423428,3411.413697,3375.990269,35.423428,3411.413697,5.08411,31.0561,10000.0,2000000000.0
vcs,uniform_random,1,0.48,0.24,0.24,0,8,1,1,1,128,44480.0,44318.0,44480.0,44318.0,0.069246875,0.069246875,0.9963579136690648,3389.806038,34.997247,3424.803285,3389.806038,34.997247,3424.803285,5.075455,31.4065,10000.0,2000000000.0
vcs,uniform_random,1,0.49,0.245,0.245,0,8,1,1,1,128,44644.0,44471.0,44644.0,44471.0,0.0694859375,0.0694859375,0.9961248992025804,3398.553979,34.866003,3433.419982,3398.553979,34.866003,3433.419982,5.068022,31.4856,10000.0,2000000000.0
vcs,uniform_random,1,0.5,0.25,0.25,0,8,1,1,1,128,44093.0,43939.0,44093.0,43939.0,0.0686546875,0.0686546875,0.9965073821241467,3460.655909,35.212727,3495.868636,3460.655909,35.212727,3495.868636,5.067867,31.0985,10000.0,2000000000.0
vcs,uniform_random,2,0.01,0.005,0.005,0,8,1,2,1,128,3165.0,3162.0,3165.0,3162.0,0.004940625,0.004940625,0.9990521327014218,2.0,13.560089,15.560089,2.0,13.560089,15.560089,5.26945,2.2996,10000.0,2000000000.0
vcs,uniform_random,2,0.02,0.01,0.01,0,8,1,2,1,128,6387.0,6382.0,6387.0,6382.0,0.009971875,0.009971875,0.9992171598559574,2.001097,13.58383,15.584926,2.001097,13.58383,15.584926,5.271702,4.6424,10000.0,2000000000.0
vcs,uniform_random,2,0.03,0.015,0.015,0,8,1,2,1,128,9483.0,9471.0,9483.0,9471.0,0.0147984375,0.0147984375,0.9987345776652958,2.001056,13.625488,15.626544,2.001056,13.625488,15.626544,5.280857,6.9031,10000.0,2000000000.0
vcs,uniform_random,2,0.04,0.02,0.02,0,8,1,2,1,128,12618.0,12593.0,12618.0,12593.0,0.0196765625,0.0196765625,0.9980187034395308,2.001826,13.579925,15.581752,2.001826,13.579925,15.581752,5.24728,9.1395,10000.0,2000000000.0
vcs,uniform_random,2,0.05,0.025,0.025,0,8,1,2,1,128,15980.0,15955.0,15980.0,15955.0,0.0249296875,0.0249296875,0.9984355444305382,2.002194,13.560514,15.562708,2.002194,13.560514,15.562708,5.221122,11.531,10000.0,2000000000.0
vcs,uniform_random,2,0.06,0.03,0.03,0,8,1,2,1,128,19131.0,19109.0,19131.0,19109.0,0.0298578125,0.0298578125,0.9988500339762689,2.003873,13.674604,15.678476,2.003873,13.674604,15.678476,5.258779,13.8817,10000.0,2000000000.0
vcs,uniform_random,2,0.07,0.035,0.035,0,8,1,2,1,128,22313.0,22280.0,22313.0,22280.0,0.0348125,0.0348125,0.9985210415452875,2.004443,13.663016,15.66746,2.004443,13.663016,15.66746,5.237522,16.1399,10000.0,2000000000.0
vcs,uniform_random,2,0.08,0.04,0.04,0,8,1,2,1,128,25513.0,25486.0,25513.0,25486.0,0.039821875,0.039821875,0.9989417159879277,2.006553,13.709174,15.715726,2.006553,13.709174,15.715726,5.236169,18.4527,10000.0,2000000000.0
vcs,uniform_random,2,0.09,0.045,0.045,0,8,1,2,1,128,28723.0,28678.0,28723.0,28678.0,0.044809375,0.044809375,0.9984333112836403,2.007567,13.758177,15.765744,2.007567,13.758177,15.765744,5.242381,20.7913,10000.0,2000000000.0
vcs,uniform_random,2,0.1,0.05,0.05,0,8,1,2,1,128,31970.0,31919.0,31970.0,31919.0,0.0498734375,0.0498734375,0.9984047544573037,2.010433,13.858172,15.868605,2.010433,13.858172,15.868605,5.266832,23.2156,10000.0,2000000000.0
vcs,uniform_random,2,0.11,0.055,0.055,0,8,1,2,1,128,35150.0,35108.0,35150.0,35108.0,0.05485625,0.05485625,0.9988051209103841,2.013473,13.883759,15.897231,2.013473,13.883759,15.897231,5.253589,25.4828,10000.0,2000000000.0
vcs,uniform_random,2,0.12,0.06,0.06,0,8,1,2,1,128,38312.0,38245.0,38312.0,38245.0,0.0597578125,0.0597578125,0.998251200668198,2.015531,13.941247,15.956779,2.015531,13.941247,15.956779,5.257289,27.7853,10000.0,2000000000.0
vcs,uniform_random,2,0.13,0.065,0.065,0,8,1,2,1,128,41441.0,41382.0,41441.0,41382.0,0.064659375,0.064659375,0.9985762891822109,2.018196,13.962012,15.980209,2.018196,13.962012,15.980209,5.232396,29.9572,10000.0,2000000000.0
vcs,uniform_random,2,0.14,0.07,0.07,0,8,1,2,1,128,44515.0,44454.0,44515.0,44454.0,0.069459375,0.069459375,0.9986296753903179,2.022563,14.057903,16.080465,2.022563,14.057903,16.080465,5.251024,32.2625,10000.0,2000000000.0
vcs,uniform_random,2,0.15,0.075,0.075,0,8,1,2,1,128,47716.0,47648.0,47716.0,47648.0,0.07445,0.07445,0.9985749015005448,2.025961,14.098178,16.12414,2.025961,14.098178,16.12414,5.241269,34.5314,10000.0,2000000000.0
vcs,uniform_random,2,0.16,0.08,0.08,0,8,1,2,1,128,50920.0,50839.0,50920.0,50839.0,0.0794359375,0.0794359375,0.9984092694422624,2.030803,14.237239,16.268042,2.030803,14.237239,16.268042,5.263125,36.9613,10000.0,2000000000.0
vcs,uniform_random,2,0.17,0.085,0.085,0,8,1,2,1,128,54190.0,54104.0,54190.0,54104.0,0.0845375,0.0845375,0.998412991326813,2.033935,14.304266,16.338201,2.033935,14.304266,16.338201,5.254898,39.2962,10000.0,2000000000.0
vcs,uniform_random,2,0.18,0.09,0.09,0,8,1,2,1,128,57428.0,57348.0,57428.0,57348.0,0.08960625,0.08960625,0.9986069513129484,2.040838,14.381426,16.422264,2.040838,14.381426,16.422264,5.25286,41.6268,10000.0,2000000000.0
vcs,uniform_random,2,0.19,0.095,0.095,0,8,1,2,1,128,60683.0,60579.0,60683.0,60579.0,0.0946546875,0.0946546875,0.9982861756999489,2.049489,14.513495,16.562984,2.049489,14.513495,16.562984,5.263573,44.0493,10000.0,2000000000.0
vcs,uniform_random,2,0.2,0.1,0.1,0,8,1,2,1,128,63801.0,63698.0,63801.0,63698.0,0.099528125,0.099528125,0.9983856052412972,2.054648,14.666426,16.721074,2.054648,14.666426,16.721074,5.264247,46.3155,10000.0,2000000000.0
vcs,uniform_random,2,0.21,0.105,0.105,0,8,1,2,1,128,67103.0,67003.0,67103.0,67003.0,0.1046921875,0.1046921875,0.9985097536622803,2.06143,14.752011,16.813441,2.06143,14.752011,16.813441,5.253735,48.6447,10000.0,2000000000.0
vcs,uniform_random,2,0.22,0.11,0.11,0,8,1,2,1,128,70205.0,70101.0,70205.0,70101.0,0.1095328125,0.1095328125,0.9985186240296275,2.077745,14.865893,16.943638,2.077745,14.865893,16.943638,5.231423,50.7373,10000.0,2000000000.0
vcs,uniform_random,2,0.23,0.115,0.115,0,8,1,2,1,128,73295.0,73169.0,73295.0,73169.0,0.1143265625,0.1143265625,0.9982809195715943,2.090366,15.109855,17.200221,2.090366,15.109855,17.200221,5.248343,53.0944,10000.0,2000000000.0
vcs,uniform_random,2,0.24,0.12,0.12,0,8,1,2,1,128,76648.0,76540.0,76648.0,76540.0,0.11959375,0.11959375,0.9985909612775284,2.10699,15.320969,17.427959,2.10699,15.320969,17.427959,5.247857,55.5183,10000.0,2000000000.0
vcs,uniform_random,2,0.25,0.125,0.125,0,8,1,2,1,128,79863.0,79717.0,79863.0,79717.0,0.1245578125,0.1245578125,0.9981718693262212,2.148688,15.600813,17.749501,2.148688,15.600813,17.749501,5.255968,57.9054,10000.0,2000000000.0
vcs,uniform_random,2,0.26,0.13,0.13,0,8,1,2,1,128,83161.0,83015.0,83161.0,83015.0,0.1297109375,0.1297109375,0.9982443693558278,2.168114,15.814612,17.982726,2.168114,15.814612,17.982726,5.241559,60.177,10000.0,2000000000.0
vcs,uniform_random,2,0.27,0.135,0.135,0,8,1,2,1,128,86358.0,86205.0,86358.0,86205.0,0.1346953125,0.1346953125,0.9982283054262489,2.352497,16.437469,18.789966,2.352497,16.437469,18.789966,5.248141,62.548,10000.0,2000000000.0
vcs,uniform_random,2,0.28,0.14,0.14,0,8,1,2,1,128,89539.0,89357.0,89539.0,89357.0,0.1396203125,0.1396203125,0.997967366175633,2.48154,16.883546,19.365086,2.48154,16.883546,19.365086,5.245207,64.8157,10000.0,2000000000.0
vcs,uniform_random,2,0.29,0.145,0.145,0,8,1,2,1,128,92813.0,92631.0,92813.0,92631.0,0.1447359375,0.1447359375,0.9980390678030018,3.068238,17.68354,20.751779,3.068238,17.68354,20.751779,5.252151,67.2546,10000.0,2000000000.0
vcs,uniform_random,2,0.3,0.15,0.15,0,8,1,2,1,128,96037.0,95851.0,96037.0,95851.0,0.1497671875,0.1497671875,0.9980632464570947,4.480611,18.99374,23.474351,4.480611,18.99374,23.474351,5.258996,69.65,10000.0,2000000000.0
vcs,uniform_random,2,0.31,0.155,0.155,0,8,1,2,1,128,98925.0,98701.0,98925.0,98701.0,0.1542203125,0.1542203125,0.9977356583270154,12.830741,20.623236,33.453977,12.830741,20.623236,33.453977,5.245398,71.5907,10000.0,2000000000.0
vcs,uniform_random,2,0.32,0.16,0.16,0,8,1,2,1,128,101352.0,101112.0,101352.0,101112.0,0.1579875,0.1579875,0.997632015155103,50.868433,22.941619,73.810052,50.868433,22.941619,73.810052,5.251414,73.4059,10000.0,2000000000.0
vcs,uniform_random,2,0.33,0.165,0.165,0,8,1,2,1,128,102569.0,102289.0,102569.0,102289.0,0.1598265625,0.1598265625,0.9972701303512758,115.246771,24.265493,139.512264,115.246771,24.265493,139.512264,5.21406,73.8839,10000.0,2000000000.0
vcs,uniform_random,2,0.34,0.17,0.17,0,8,1,2,1,128,103421.0,103135.0,103421.0,103135.0,0.1611484375,0.1611484375,0.9972346041906383,196.433034,25.350007,221.783042,196.433034,25.350007,221.783042,5.190362,74.2516,10000.0,2000000000.0
vcs,uniform_random,2,0.35,0.175,0.175,0,8,1,2,1,128,103918.0,103638.0,103918.0,103638.0,0.161934375,0.161934375,0.9973055678515753,263.005789,26.362049,289.367838,263.005789,26.362049,289.367838,5.167689,74.3764,10000.0,2000000000.0
vcs,uniform_random,2,0.36,0.18,0.18,0,8,1,2,1,128,103946.0,103640.0,103946.0,103640.0,0.1619375,0.1619375,0.997056163777346,359.317069,27.324093,386.641162,359.317069,27.324093,386.641162,5.159244,74.2975,10000.0,2000000000.0
vcs,uniform_random,2,0.37,0.185,0.185,0,8,1,2,1,128,104235.0,103938.0,104235.0,103938.0,0.162403125,0.162403125,0.9971506691610303,434.215388,27.696425,461.911813,434.215388,27.696425,461.911813,5.14424,74.3482,10000.0,2000000000.0
vcs,uniform_random,2,0.38,0.19,0.19,0,8,1,2,1,128,103775.0,103461.0,103775.0,103461.0,0.1616578125,0.1616578125,0.9969742230787761,570.78099,28.311489,599.092479,570.78099,28.311489,599.092479,5.131431,73.8811,10000.0,2000000000.0
vcs,uniform_random,2,0.39,0.195,0.195,0,8,1,2,1,128,104925.0,104623.0,104925.0,104623.0,0.1634734375,0.1634734375,0.9971217536335478,604.021907,28.196009,632.217916,604.021907,28.196009,632.217916,5.114401,74.5295,10000.0,2000000000.0
vcs,uniform_random,2,0.4,0.2,0.2,0,8,1,2,1,128,104854.0,104541.0,104854.0,104541.0,0.1633453125,0.1633453125,0.9970148969042669,694.690858,28.52124,723.212099,694.690858,28.52124,723.212099,5.116538,74.4929,10000.0,2000000000.0
vcs,uniform_random,2,0.41,0.205,0.205,0,8,1,2,1,128,103863.0,103564.0,103863.0,103564.0,0.16181875,0.16181875,0.9971212077448177,783.0056,28.994187,811.999788,783.0056,28.994187,811.999788,5.09372,73.554,10000.0,2000000000.0
vcs,uniform_random,2,0.42,0.21,0.21,0,8,1,2,1,128,104401.0,104081.0,104401.0,104081.0,0.1626265625,0.1626265625,0.996934895259624,829.298758,29.027527,858.326284,829.298758,29.027527,858.326284,5.095704,73.9517,10000.0,2000000000.0
vcs,uniform_random,2,0.43,0.215,0.215,0,8,1,2,1,128,104489.0,104178.0,104489.0,104178.0,0.162778125,0.162778125,0.9970236101407803,886.785175,29.161147,915.946323,886.785175,29.161147,915.946323,5.090768,73.9704,10000.0,2000000000.0
vcs,uniform_random,2,0.44,0.22,0.22,0,8,1,2,1,128,105035.0,104712.0,105035.0,104712.0,0.1636125,0.1636125,0.9969248345789499,951.80752,29.13624,980.94376,951.80752,29.13624,980.94376,5.080077,74.2423,10000.0,2000000000.0
vcs,uniform_random,2,0.45,0.225,0.225,0,8,1,2,1,128,103992.0,103672.0,103992.0,103672.0,0.1619875,0.1619875,0.9969228402184783,1037.699736,29.691759,1067.391494,1037.699736,29.691759,1067.391494,5.070299,73.3997,10000.0,2000000000.0
vcs,uniform_random,2,0.46,0.23,0.23,0,8,1,2,1,128,104565.0,104247.0,104565.0,104247.0,0.1628859375,0.1628859375,0.9969588294362358,1074.98893,29.623404,1104.612334,1074.98893,29.623404,1104.612334,5.071753,73.8177,10000.0,2000000000.0
vcs,uniform_random,2,0.47,0.235,0.235,0,8,1,2,1,128,104262.0,103935.0,104262.0,103935.0,0.1623984375,0.1623984375,0.9968636703688784,1129.595642,29.728898,1159.324539,1129.595642,29.728898,1159.324539,5.057497,73.4549,10000.0,2000000000.0
vcs,uniform_random,2,0.48,0.24,0.24,0,8,1,2,1,128,104048.0,103733.0,104048.0,103733.0,0.1620828125,0.1620828125,0.9969725511302476,1223.342755,29.848891,1253.191646,1223.342755,29.848891,1253.191646,5.053107,73.2632,10000.0,2000000000.0
vcs,uniform_random,2,0.49,0.245,0.245,0,8,1,2,1,128,104453.0,104127.0,104453.0,104127.0,0.1626984375,0.1626984375,0.9968789790623535,1263.254679,29.789728,1293.044407,1263.254679,29.789728,1293.044407,5.06299,73.6438,10000.0,2000000000.0
vcs,uniform_random,2,0.5,0.25,0.25,0,8,1,2,1,128,103389.0,103057.0,103389.0,103057.0,0.1610265625,0.1610265625,0.9967888266643453,1355.545659,30.162599,1385.708259,1355.545659,30.162599,1385.708259,5.049342,72.752,10000.0,2000000000.0
vcs,uniform_random,4,0.01,0.005,0.005,0,8,1,4,1,128,3165.0,3162.0,3165.0,3162.0,0.004940625,0.004940625,0.9990521327014218,2.0,13.557559,15.557559,2.0,13.557559,15.557559,5.26945,2.2996,10000.0,2000000000.0
vcs,uniform_random,4,0.02,0.01,0.01,0,8,1,4,1,128,6387.0,6382.0,6387.0,6382.0,0.009971875,0.009971875,0.9992171598559574,2.0,13.579285,15.579285,2.0,13.579285,15.579285,5.271702,4.6424,10000.0,2000000000.0
vcs,uniform_random,4,0.03,0.015,0.015,0,8,1,4,1,128,9483.0,9471.0,9483.0,9471.0,0.0147984375,0.0147984375,0.9987345776652958,2.0,13.614507,15.614507,2.0,13.614507,15.614507,5.280857,6.9031,10000.0,2000000000.0
vcs,uniform_random,4,0.04,0.02,0.02,0,8,1,4,1,128,12618.0,12593.0,12618.0,12593.0,0.0196765625,0.0196765625,0.9980187034395308,2.0,13.560947,15.560947,2.0,13.560947,15.560947,5.24728,9.1395,10000.0,2000000000.0
vcs,uniform_random,4,0.05,0.025,0.025,0,8,1,4,1,128,15980.0,15955.0,15980.0,15955.0,0.0249296875,0.0249296875,0.9984355444305382,2.0,13.526669,15.526669,2.0,13.526669,15.526669,5.221122,11.531,10000.0,2000000000.0
vcs,uniform_random,4,0.06,0.03,0.03,0,8,1,4,1,128,19131.0,19109.0,19131.0,19109.0,0.0298578125,0.0298578125,0.9988500339762689,2.0,13.623738,15.623738,2.0,13.623738,15.623738,5.258779,13.8817,10000.0,2000000000.0
vcs,uniform_random,4,0.07,0.035,0.035,0,8,1,4,1,128,22313.0,22280.0,22313.0,22280.0,0.0348125,0.0348125,0.9985210415452875,2.0,13.597756,15.597756,2.0,13.597756,15.597756,5.237522,16.1401,10000.0,2000000000.0
vcs,uniform_random,4,0.08,0.04,0.04,0,8,1,4,1,128,25513.0,25486.0,25513.0,25486.0,0.039821875,0.039821875,0.9989417159879277,2.0,13.614298,15.614298,2.0,13.614298,15.614298,5.236169,18.4528,10000.0,2000000000.0
vcs,uniform_random,4,0.09,0.045,0.045,0,8,1,4,1,128,28723.0,28679.0,28723.0,28679.0,0.0448109375,0.0448109375,0.9984681265884483,2.0,13.644269,15.644269,2.0,13.644269,15.644269,5.242547,20.7916,10000.0,2000000000.0
vcs,uniform_random,4,0.1,0.05,0.05,0,8,1,4,1,128,31970.0,31919.0,31970.0,31919.0,0.0498734375,0.0498734375,0.9984047544573037,2.0,13.711394,15.711394,2.0,13.711394,15.711394,5.266832,23.2156,10000.0,2000000000.0
vcs,uniform_random,4,0.11,0.055,0.055,0,8,1,4,1,128,35150.0,35109.0,35150.0,35109.0,0.0548578125,0.0548578125,0.9988335704125177,2.0,13.705261,15.705261,2.0,13.705261,15.705261,5.253468,25.4829,10000.0,2000000000.0
vcs,uniform_random,4,0.12,0.06,0.06,0,8,1,4,1,128,38312.0,38245.0,38312.0,38245.0,0.0597578125,0.0597578125,0.998251200668198,2.0,13.728592,15.728592,2.0,13.728592,15.728592,5.257289,27.7862,10000.0,2000000000.0
vcs,uniform_random,4,0.13,0.065,0.065,0,8,1,4,1,128,41441.0,41382.0,41441.0,41382.0,0.064659375,0.064659375,0.9985762891822109,2.0,13.700353,15.700353,2.0,13.700353,15.700353,5.232396,29.9574,10000.0,2000000000.0
vcs,uniform_random,4,0.14,0.07,0.07,0,8,1,4,1,128,44515.0,44455.0,44515.0,44455.0,0.0694609375,0.0694609375,0.9986521397281816,2.0,13.753414,15.753414,2.0,13.753414,15.753414,5.250995,32.2631,10000.0,2000000000.0
vcs,uniform_random,4,0.15,0.075,0.075,0,8,1,4,1,128,47716.0,47649.0,47716.0,47649.0,0.0744515625,0.0744515625,0.9985958588314192,2.0,13.745934,15.745934,2.0,13.745934,15.745934,5.241327,34.5318,10000.0,2000000000.0
vcs,uniform_random,4,0.16,0.08,0.08,0,8,1,4,1,128,50920.0,50840.0,50920.0,50840.0,0.0794375,0.0794375,0.9984289080911233,2.0,13.812077,15.812077,2.0,13.812077,15.812077,5.2631,36.9628,10000.0,2000000000.0
vcs,uniform_random,4,0.17,0.085,0.085,0,8,1,4,1,128,54190.0,54109.0,54190.0,54109.0,0.0845453125,0.0845453125,0.9985052592729285,2.0,13.813913,15.813913,2.0,13.813913,15.813913,5.255041,39.2979,10000.0,2000000000.0
vcs,uniform_random,4,0.18,0.09,0.09,0,8,1,4,1,128,57428.0,57352.0,57428.0,57352.0,0.0896125,0.0896125,0.9986766037473009,2.0,13.827853,15.827853,2.0,13.827853,15.827853,5.252999,41.6291,10000.0,2000000000.0
vcs,uniform_random,4,0.19,0.095,0.095,0,8,1,4,1,128,60683.0,60581.0,60683.0,60581.0,0.0946578125,0.0946578125,0.9983191338595653,2.0,13.869778,15.869778,2.0,13.869778,15.869778,5.26373,44.052,10000.0,2000000000.0
vcs,uniform_random,4,0.2,0.1,0.1,0,8,1,4,1,128,63801.0,63702.0,63801.0,63702.0,0.099534375,0.099534375,0.9984483001833827,2.0,13.890302,15.890302,2.0,13.890302,15.890302,5.264277,46.3196,10000.0,2000000000.0
vcs,uniform_random,4,0.21,0.105,0.105,0,8,1,4,1,128,67103.0,67011.0,67103.0,67011.0,0.1047046875,0.1047046875,0.9986289733692979,2.0,13.892167,15.892167,2.0,13.892167,15.892167,5.254093,48.6481,10000.0,2000000000.0
vcs,uniform_random,4,0.22,0.11,0.11,0,8,1,4,1,128,70205.0,70106.0,70205.0,70106.0,0.109540625,0.109540625,0.9985898440282032,2.0,13.869141,15.869141,2.0,13.869141,15.869141,5.231507,50.7419,10000.0,2000000000.0
vcs,uniform_random,4,0.23,0.115,0.115,0,8,1,4,1,128,73295.0,73185.0,73295.0,73185.0,0.1143515625,0.1143515625,0.9984992154990109,2.0,13.925381,15.925381,2.0,13.925381,15.925381,5.248671,53.0986,10000.0,2000000000.0
vcs,uniform_random,4,0.24,0.12,0.12,0,8,1,4,1,128,76649.0,76545.0,76649.0,76545.0,0.1196015625,0.1196015625,0.9986431655990293,2.0,13.946528,15.946528,2.0,13.946528,15.946528,5.247959,55.5217,10000.0,2000000000.0
vcs,uniform_random,4,0.25,0.125,0.125,0,8,1,4,1,128,79865.0,79728.0,79865.0,79728.0,0.124575,0.124575,0.9982846052713955,2.0,13.979919,15.979919,2.0,13.979919,15.979919,5.256108,57.9146,10000.0,2000000000.0
vcs,uniform_random,4,0.26,0.13,0.13,0,8,1,4,1,128,83161.0,83030.0,83161.0,83030.0,0.129734375,0.129734375,0.9984247423672155,2.0,13.971902,15.971902,2.0,13.971902,15.971902,5.241973,60.1872,10000.0,2000000000.0
vcs,uniform_random,4,0.27,0.135,0.135,0,8,1,4,1,128,86362.0,86233.0,86362.0,86233.0,0.1347390625,0.1347390625,0.9985062874875524,2.0,14.010448,16.010448,2.0,14.010448,16.010448,5.248374,62.5649,10000.0,2000000000.0
vcs,uniform_random,4,0.28,0.14,0.14,0,8,1,4,1,128,89543.0,89406.0,89543.0,89406.0,0.139696875,0.139696875,0.9984700088225769,2.0,14.026106,16.026106,2.0,14.026106,16.026106,5.246068,64.8424,10000.0,2000000000.0
vcs,uniform_random,4,0.29,0.145,0.145,0,8,1,4,1,128,92816.0,92670.0,92816.0,92670.0,0.144796875,0.144796875,0.9984269953456301,2.0,14.066645,16.066645,2.0,14.066645,16.066645,5.252563,67.2784,10000.0,2000000000.0
vcs,uniform_random,4,0.3,0.15,0.15,0,8,1,4,1,128,96060.0,95916.0,96060.0,95916.0,0.14986875,0.14986875,0.9985009369144284,2.0,14.106958,16.106958,2.0,14.106958,16.106958,5.259592,69.6959,10000.0,2000000000.0
vcs,uniform_random,4,0.31,0.155,0.155,0,8,1,4,1,128,99232.0,99095.0,99232.0,99095.0,0.1548359375,0.1548359375,0.9986193969687198,2.0,14.110056,16.110056,2.0,14.110056,16.110056,5.248711,71.8869,10000.0,2000000000.0
vcs,uniform_random,4,0.32,0.16,0.16,0,8,1,4,1,128,102412.0,102256.0,102412.0,102256.0,0.159775,0.159775,0.9984767410069133,2.0,14.161135,16.161135,2.0,14.161135,16.161135,5.260718,74.314,10000.0,2000000000.0
vcs,uniform_random,4,0.33,0.165,0.165,0,8,1,4,1,128,105628.0,105459.0,105628.0,105459.0,0.1647796875,0.1647796875,0.9984000454424963,2.0,14.147527,16.147527,2.0,14.147527,16.147527,5.239354,76.4231,10000.0,2000000000.0
vcs,uniform_random,4,0.34,0.17,0.17,0,8,1,4,1,128,108817.0,108636.0,108817.0,108636.0,0.16974375,0.16974375,0.9983366569561741,2.0,14.181505,16.181505,2.0,14.181505,16.181505,5.241715,78.7566,10000.0,2000000000.0
vcs,uniform_random,4,0.35,0.175,0.175,0,8,1,4,1,128,111998.0,111839.0,111998.0,111839.0,0.1747484375,0.1747484375,0.9985803317916392,2.0,14.199984,16.199984,2.0,14.199984,16.199984,5.24132,81.0546,10000.0,2000000000.0
vcs,uniform_random,4,0.36,0.18,0.18,0,8,1,4,1,128,115134.0,114954.0,115134.0,114954.0,0.179615625,0.179615625,0.9984366043045495,2.0,14.257625,16.257625,2.0,14.257625,16.257625,5.250135,83.4185,10000.0,2000000000.0
vcs,uniform_random,4,0.37,0.185,0.185,0,8,1,4,1,128,118176.0,118001.0,118176.0,118001.0,0.1843765625,0.1843765625,0.9985191578662335,2.0,14.282803,16.282803,2.0,14.282803,16.282803,5.248167,85.6051,10000.0,2000000000.0
vcs,uniform_random,4,0.38,0.19,0.19,0,8,1,4,1,128,121411.0,121207.0,121411.0,121207.0,0.1893859375,0.1893859375,0.9983197568589337,2.0,14.321483,16.321483,2.0,14.321483,16.321483,5.252527,87.9999,10000.0,2000000000.0
vcs,uniform_random,4,0.39,0.195,0.195,0,8,1,4,1,128,124573.0,124367.0,124573.0,124367.0,0.1943234375,0.1943234375,0.9983463511354788,2.0,14.325159,16.325159,2.0,14.325159,16.325159,5.235287,90.0742,10000.0,2000000000.0
vcs,uniform_random,4,0.4,0.2,0.2,0,8,1,4,1,128,127850.0,127645.0,127850.0,127645.0,0.1994453125,0.1994453125,0.9983965584669534,2.0,14.393482,16.393482,2.0,14.393482,16.393482,5.24518,92.5788,10000.0,2000000000.0
vcs,uniform_random,4,0.41,0.205,0.205,0,8,1,4,1,128,130940.0,130735.0,130940.0,130735.0,0.2042734375,0.2042734375,0.9984343974339392,2.0,14.421945,16.421945,2.0,14.421945,16.421945,5.24116,94.761,10000.0,2000000000.0
vcs,uniform_random,4,0.42,0.21,0.21,0,8,1,4,1,128,134152.0,133956.0,134152.0,133956.0,0.20930625,0.20930625,0.9985389707197806,2.0,14.492393,16.492393,2.0,14.492393,16.492393,5.254419,97.2663,10000.0,2000000000.0
vcs,uniform_random,4,0.43,0.215,0.215,0,8,1,4,1,128,137408.0,137192.0,137408.0,137192.0,0.2143625,0.2143625,0.9984280391243596,2.000007,14.55235,16.552357,2.000007,14.55235,16.552357,5.260299,99.6966,10000.0,2000000000.0
vcs,uniform_random,4,0.44,0.22,0.22,0,8,1,4,1,128,140661.0,140451.0,140661.0,140451.0,0.2194546875,0.2194546875,0.9985070488621579,2.0,14.567664,16.567664,2.0,14.567664,16.567664,5.250009,101.9198,10000.0,2000000000.0
vcs,uniform_random,4,0.45,0.225,0.225,0,8,1,4,1,128,143788.0,143576.0,143788.0,143576.0,0.2243375,0.2243375,0.9985256071438506,2.0,14.614727,16.614727,2.0,14.614727,16.614727,5.251936,104.2168,10000.0,2000000000.0
vcs,uniform_random,4,0.46,0.23,0.23,0,8,1,4,1,128,146960.0,146737.0,146960.0,146737.0,0.2292765625,0.2292765625,0.9984825802939575,2.000061,14.680878,16.680939,2.000061,14.680878,16.680939,5.252874,106.5255,10000.0,2000000000.0
vcs,uniform_random,4,0.47,0.235,0.235,0,8,1,4,1,128,150117.0,149898.0,150117.0,149898.0,0.234215625,0.234215625,0.9985411379124283,2.000013,14.721898,16.721911,2.000013,14.721898,16.721911,5.248282,108.7456,10000.0,2000000000.0
vcs,uniform_random,4,0.48,0.24,0.24,0,8,1,4,1,128,153229.0,152997.0,153229.0,152997.0,0.2390578125,0.2390578125,0.9984859262933257,2.000052,14.799512,16.799565,2.000052,14.799512,16.799565,5.25209,111.0577,10000.0,2000000000.0
vcs,uniform_random,4,0.49,0.245,0.245,0,8,1,4,1,128,156386.0,156147.0,156386.0,156147.0,0.2439796875,0.2439796875,0.9984717302060286,2.000026,14.867106,16.867132,2.000026,14.867106,16.867132,5.255535,113.3949,10000.0,2000000000.0
vcs,uniform_random,4,0.5,0.25,0.25,0,8,1,4,1,128,159529.0,159305.0,159529.0,159305.0,0.2489140625,0.2489140625,0.9985958665822515,2.00005,14.905213,16.905263,2.00005,14.905213,16.905263,5.248122,115.5665,10000.0,2000000000.0
vcs,uniform_random,8,0.01,0.005,0.005,0,8,1,8,1,128,3165.0,3162.0,3165.0,3162.0,0.004940625,0.004940625,0.9990521327014218,2.0,13.557559,15.557559,2.0,13.557559,15.557559,5.26945,2.2996,10000.0,2000000000.0
vcs,uniform_random,8,0.02,0.01,0.01,0,8,1,8,1,128,6387.0,6382.0,6387.0,6382.0,0.009971875,0.009971875,0.9992171598559574,2.0,13.579285,15.579285,2.0,13.579285,15.579285,5.271702,4.6424,10000.0,2000000000.0
vcs,uniform_random,8,0.03,0.015,0.015,0,8,1,8,1,128,9483.0,9471.0,9483.0,9471.0,0.0147984375,0.0147984375,0.9987345776652958,2.0,13.614507,15.614507,2.0,13.614507,15.614507,5.280857,6.9031,10000.0,2000000000.0
vcs,uniform_random,8,0.04,0.02,0.02,0,8,1,8,1,128,12618.0,12593.0,12618.0,12593.0,0.0196765625,0.0196765625,0.9980187034395308,2.0,13.560947,15.560947,2.0,13.560947,15.560947,5.24728,9.1395,10000.0,2000000000.0
vcs,uniform_random,8,0.05,0.025,0.025,0,8,1,8,1,128,15980.0,15955.0,15980.0,15955.0,0.0249296875,0.0249296875,0.9984355444305382,2.0,13.526669,15.526669,2.0,13.526669,15.526669,5.221122,11.531,10000.0,2000000000.0
vcs,uniform_random,8,0.06,0.03,0.03,0,8,1,8,1,128,19131.0,19109.0,19131.0,19109.0,0.0298578125,0.0298578125,0.9988500339762689,2.0,13.623738,15.623738,2.0,13.623738,15.623738,5.258779,13.8817,10000.0,2000000000.0
vcs,uniform_random,8,0.07,0.035,0.035,0,8,1,8,1,128,22313.0,22280.0,22313.0,22280.0,0.0348125,0.0348125,0.9985210415452875,2.0,13.597756,15.597756,2.0,13.597756,15.597756,5.237522,16.1401,10000.0,2000000000.0
vcs,uniform_random,8,0.08,0.04,0.04,0,8,1,8,1,128,25513.0,25486.0,25513.0,25486.0,0.039821875,0.039821875,0.9989417159879277,2.0,13.614298,15.614298,2.0,13.614298,15.614298,5.236169,18.4528,10000.0,2000000000.0
vcs,uniform_random,8,0.09,0.045,0.045,0,8,1,8,1,128,28723.0,28679.0,28723.0,28679.0,0.0448109375,0.0448109375,0.9984681265884483,2.0,13.644269,15.644269,2.0,13.644269,15.644269,5.242547,20.7916,10000.0,2000000000.0
vcs,uniform_random,8,0.1,0.05,0.05,0,8,1,8,1,128,31970.0,31919.0,31970.0,31919.0,0.0498734375,0.0498734375,0.9984047544573037,2.0,13.711394,15.711394,2.0,13.711394,15.711394,5.266832,23.2156,10000.0,2000000000.0
vcs,uniform_random,8,0.11,0.055,0.055,0,8,1,8,1,128,35150.0,35109.0,35150.0,35109.0,0.0548578125,0.0548578125,0.9988335704125177,2.0,13.705261,15.705261,2.0,13.705261,15.705261,5.253468,25.4829,10000.0,2000000000.0
vcs,uniform_random,8,0.12,0.06,0.06,0,8,1,8,1,128,38312.0,38245.0,38312.0,38245.0,0.0597578125,0.0597578125,0.998251200668198,2.0,13.728592,15.728592,2.0,13.728592,15.728592,5.257289,27.7862,10000.0,2000000000.0
vcs,uniform_random,8,0.13,0.065,0.065,0,8,1,8,1,128,41441.0,41382.0,41441.0,41382.0,0.064659375,0.064659375,0.9985762891822109,2.0,13.700353,15.700353,2.0,13.700353,15.700353,5.232396,29.9574,10000.0,2000000000.0
vcs,uniform_random,8,0.14,0.07,0.07,0,8,1,8,1,128,44515.0,44455.0,44515.0,44455.0,0.0694609375,0.0694609375,0.9986521397281816,2.0,13.753301,15.753301,2.0,13.753301,15.753301,5.250995,32.2631,10000.0,2000000000.0
vcs,uniform_random,8,0.15,0.075,0.075,0,8,1,8,1,128,47716.0,47649.0,47716.0,47649.0,0.0744515625,0.0744515625,0.9985958588314192,2.0,13.745892,15.745892,2.0,13.745892,15.745892,5.241327,34.5318,10000.0,2000000000.0
vcs,uniform_random,8,0.16,0.08,0.08,0,8,1,8,1,128,50920.0,50840.0,50920.0,50840.0,0.0794375,0.0794375,0.9984289080911233,2.0,13.812057,15.812057,2.0,13.812057,15.812057,5.2631,36.9628,10000.0,2000000000.0
vcs,uniform_random,8,0.17,0.085,0.085,0,8,1,8,1,128,54190.0,54109.0,54190.0,54109.0,0.0845453125,0.0845453125,0.9985052592729285,2.0,13.813894,15.813894,2.0,13.813894,15.813894,5.255041,39.2979,10000.0,2000000000.0
vcs,uniform_random,8,0.18,0.09,0.09,0,8,1,8,1,128,57428.0,57352.0,57428.0,57352.0,0.0896125,0.0896125,0.9986766037473009,2.0,13.827835,15.827835,2.0,13.827835,15.827835,5.252999,41.6291,10000.0,2000000000.0
vcs,uniform_random,8,0.19,0.095,0.095,0,8,1,8,1,128,60683.0,60581.0,60683.0,60581.0,0.0946578125,0.0946578125,0.9983191338595653,2.0,13.869778,15.869778,2.0,13.869778,15.869778,5.26373,44.052,10000.0,2000000000.0
vcs,uniform_random,8,0.2,0.1,0.1,0,8,1,8,1,128,63801.0,63702.0,63801.0,63702.0,0.099534375,0.099534375,0.9984483001833827,2.0,13.890255,15.890255,2.0,13.890255,15.890255,5.264277,46.3196,10000.0,2000000000.0
vcs,uniform_random,8,0.21,0.105,0.105,0,8,1,8,1,128,67103.0,67011.0,67103.0,67011.0,0.1047046875,0.1047046875,0.9986289733692979,2.0,13.892092,15.892092,2.0,13.892092,15.892092,5.254093,48.6481,10000.0,2000000000.0
vcs,uniform_random,8,0.22,0.11,0.11,0,8,1,8,1,128,70205.0,70106.0,70205.0,70106.0,0.109540625,0.109540625,0.9985898440282032,2.0,13.86887,15.86887,2.0,13.86887,15.86887,5.231507,50.7419,10000.0,2000000000.0
vcs,uniform_random,8,0.23,0.115,0.115,0,8,1,8,1,128,73295.0,73186.0,73295.0,73186.0,0.114353125,0.114353125,0.9985128589944744,2.0,13.925259,15.925259,2.0,13.925259,15.925259,5.248722,53.0986,10000.0,2000000000.0
vcs,uniform_random,8,0.24,0.12,0.12,0,8,1,8,1,128,76649.0,76545.0,76649.0,76545.0,0.1196015625,0.1196015625,0.9986431655990293,2.0,13.946371,15.946371,2.0,13.946371,15.946371,5.247959,55.5217,10000.0,2000000000.0
vcs,uniform_random,8,0.25,0.125,0.125,0,8,1,8,1,128,79865.0,79728.0,79865.0,79728.0,0.124575,0.124575,0.9982846052713955,2.0,13.979392,15.979392,2.0,13.979392,15.979392,5.256108,57.9145,10000.0,2000000000.0
vcs,uniform_random,8,0.26,0.13,0.13,0,8,1,8,1,128,83161.0,83030.0,83161.0,83030.0,0.129734375,0.129734375,0.9984247423672155,2.0,13.97142,15.97142,2.0,13.97142,15.97142,5.241973,60.1872,10000.0,2000000000.0
vcs,uniform_random,8,0.27,0.135,0.135,0,8,1,8,1,128,86362.0,86233.0,86362.0,86233.0,0.1347390625,0.1347390625,0.9985062874875524,2.0,14.009776,16.009776,2.0,14.009776,16.009776,5.248374,62.5649,10000.0,2000000000.0
vcs,uniform_random,8,0.28,0.14,0.14,0,8,1,8,1,128,89543.0,89406.0,89543.0,89406.0,0.139696875,0.139696875,0.9984700088225769,2.0,14.025133,16.025133,2.0,14.025133,16.025133,5.246068,64.8424,10000.0,2000000000.0
vcs,uniform_random,8,0.29,0.145,0.145,0,8,1,8,1,128,92816.0,92670.0,92816.0,92670.0,0.144796875,0.144796875,0.9984269953456301,2.0,14.066494,16.066494,2.0,14.066494,16.066494,5.252563,67.2779,10000.0,2000000000.0
vcs,uniform_random,8,0.3,0.15,0.15,0,8,1,8,1,128,96060.0,95916.0,96060.0,95916.0,0.14986875,0.14986875,0.9985009369144284,2.0,14.105592,16.105592,2.0,14.105592,16.105592,5.259592,69.6959,10000.0,2000000000.0
vcs,uniform_random,8,0.31,0.155,0.155,0,8,1,8,1,128,99232.0,99095.0,99232.0,99095.0,0.1548359375,0.1548359375,0.9986193969687198,2.0,14.107937,16.107937,2.0,14.107937,16.107937,5.248711,71.8869,10000.0,2000000000.0
vcs,uniform_random,8,0.32,0.16,0.16,0,8,1,8,1,128,102412.0,102256.0,102412.0,102256.0,0.159775,0.159775,0.9984767410069133,2.0,14.1587,16.1587,2.0,14.1587,16.1587,5.260718,74.3141,10000.0,2000000000.0
vcs,uniform_random,8,0.33,0.165,0.165,0,8,1,8,1,128,105628.0,105459.0,105628.0,105459.0,0.1647796875,0.1647796875,0.9984000454424963,2.0,14.144938,16.144938,2.0,14.144938,16.144938,5.239354,76.4231,10000.0,2000000000.0
vcs,uniform_random,8,0.34,0.17,0.17,0,8,1,8,1,128,108817.0,108636.0,108817.0,108636.0,0.16974375,0.16974375,0.9983366569561741,2.0,14.179047,16.179047,2.0,14.179047,16.179047,5.241725,78.7568,10000.0,2000000000.0
vcs,uniform_random,8,0.35,0.175,0.175,0,8,1,8,1,128,111998.0,111840.0,111998.0,111840.0,0.17475,0.17475,0.9985892605225093,2.0,14.198042,16.198042,2.0,14.198042,16.198042,5.241318,81.0545,10000.0,2000000000.0
vcs,uniform_random,8,0.36,0.18,0.18,0,8,1,8,1,128,115134.0,114955.0,115134.0,114955.0,0.1796171875,0.1796171875,0.9984452898361909,2.0,14.254213,16.254213,2.0,14.254213,16.254213,5.250176,83.4186,10000.0,2000000000.0
vcs,uniform_random,8,0.37,0.185,0.185,0,8,1,8,1,128,118176.0,118001.0,118176.0,118001.0,0.1843765625,0.1843765625,0.9985191578662335,2.0,14.27926,16.27926,2.0,14.27926,16.27926,5.248167,85.6055,10000.0,2000000000.0
vcs,uniform_random,8,0.38,0.19,0.19,0,8,1,8,1,128,121411.0,121205.0,121411.0,121205.0,0.1893828125,0.1893828125,0.9983032838869624,2.0,14.315985,16.315985,2.0,14.315985,16.315985,5.252523,88.0,10000.0,2000000000.0
vcs,uniform_random,8,0.39,0.195,0.195,0,8,1,8,1,128,124573.0,124367.0,124573.0,124367.0,0.1943234375,0.1943234375,0.9983463511354788,2.0,14.318453,16.318453,2.0,14.318453,16.318453,5.235287,90.0743,10000.0,2000000000.0
vcs,uniform_random,8,0.4,0.2,0.2,0,8,1,8,1,128,127850.0,127645.0,127850.0,127645.0,0.1994453125,0.1994453125,0.9983965584669534,2.0,14.382154,16.382154,2.0,14.382154,16.382154,5.245227,92.5786,10000.0,2000000000.0
vcs,uniform_random,8,0.41,0.205,0.205,0,8,1,8,1,128,130940.0,130735.0,130940.0,130735.0,0.2042734375,0.2042734375,0.9984343974339392,2.0,14.41054,16.41054,2.0,14.41054,16.41054,5.24116,94.7609,10000.0,2000000000.0
vcs,uniform_random,8,0.42,0.21,0.21,0,8,1,8,1,128,134152.0,133958.0,134152.0,133958.0,0.209309375,0.209309375,0.9985538791818236,2.0,14.476836,16.476836,2.0,14.476836,16.476836,5.254468,97.2665,10000.0,2000000000.0
vcs,uniform_random,8,0.43,0.215,0.215,0,8,1,8,1,128,137408.0,137192.0,137408.0,137192.0,0.2143625,0.2143625,0.9984280391243596,2.0,14.534849,16.534849,2.0,14.534849,16.534849,5.260299,99.6966,10000.0,2000000000.0
vcs,uniform_random,8,0.44,0.22,0.22,0,8,1,8,1,128,140661.0,140451.0,140661.0,140451.0,0.2194546875,0.2194546875,0.9985070488621579,2.0,14.548974,16.548974,2.0,14.548974,16.548974,5.250009,101.9197,10000.0,2000000000.0
vcs,uniform_random,8,0.45,0.225,0.225,0,8,1,8,1,128,143788.0,143577.0,143788.0,143577.0,0.2243390625,0.2243390625,0.9985325618271343,2.0,14.59839,16.59839,2.0,14.59839,16.59839,5.251914,104.2169,10000.0,2000000000.0
vcs,uniform_random,8,0.46,0.23,0.23,0,8,1,8,1,128,146960.0,146738.0,146960.0,146738.0,0.229278125,0.229278125,0.9984893848666304,2.0,14.655222,16.655222,2.0,14.655222,16.655222,5.252879,106.526,10000.0,2000000000.0
vcs,uniform_random,8,0.47,0.235,0.235,0,8,1,8,1,128,150117.0,149902.0,150117.0,149902.0,0.234221875,0.234221875,0.9985677837953063,2.0,14.692566,16.692566,2.0,14.692566,16.692566,5.248276,108.7472,10000.0,2000000000.0
vcs,uniform_random,8,0.48,0.24,0.24,0,8,1,8,1,128,153229.0,152997.0,153229.0,152997.0,0.2390578125,0.2390578125,0.9984859262933257,2.0,14.756695,16.756695,2.0,14.756695,16.756695,5.252123,111.0582,10000.0,2000000000.0
vcs,uniform_random,8,0.49,0.245,0.245,0,8,1,8,1,128,156386.0,156147.0,156386.0,156147.0,0.2439796875,0.2439796875,0.9984717302060286,2.0,14.818184,16.818184,2.0,14.818184,16.818184,5.255535,113.395,10000.0,2000000000.0
vcs,uniform_random,8,0.5,0.25,0.25,0,8,1,8,1,128,159529.0,159308.0,159529.0,159308.0,0.24891875,0.24891875,0.9986146719405249,2.0,14.84739,16.84739,2.0,14.84739,16.84739,5.248148,115.567,10000.0,2000000000.0
vcs,transpose,1,0.01,0.005,0.005,0,8,1,1,1,128,3151.0,3149.0,3151.0,3149.0,0.0049203125,0.0049203125,0.9993652808632181,2.032709,13.794856,15.827564,2.032709,13.794856,15.827564,5.323595,2.307,10000.0,2000000000.0
vcs,transpose,1,0.02,0.01,0.01,0,8,1,1,1,128,6392.0,6382.0,6392.0,6382.0,0.009971875,0.009971875,0.9984355444305382,2.090411,13.876684,15.967095,2.090411,13.876684,15.967095,5.271075,4.6476,10000.0,2000000000.0
vcs,transpose,1,0.03,0.015,0.015,0,8,1,1,1,128,9506.0,9489.0,9506.0,9489.0,0.0148265625,0.0148265625,0.9982116557963392,2.145221,14.159237,16.304458,2.145221,14.159237,16.304458,5.282538,6.9197,10000.0,2000000000.0
vcs,transpose,1,0.04,0.02,0.02,0,8,1,1,1,128,12607.0,12585.0,12607.0,12585.0,0.0196640625,0.0196640625,0.9982549377330054,2.210489,14.51466,16.725149,2.210489,14.51466,16.725149,5.261502,9.1507,10000.0,2000000000.0
vcs,transpose,1,0.05,0.025,0.025,0,8,1,1,1,128,15967.0,15941.0,15967.0,15941.0,0.0249078125,0.0249078125,0.9983716415106156,2.325889,15.13161,17.4575,2.325889,15.13161,17.4575,5.247099,11.5657,10000.0,2000000000.0
vcs,transpose,1,0.06,0.03,0.03,0,8,1,1,1,128,19103.0,19066.0,19103.0,19066.0,0.029790625,0.029790625,0.9980631314453228,2.608675,16.214675,18.82335,2.608675,16.214675,18.82335,5.244309,13.8285,10000.0,2000000000.0
vcs,transpose,1,0.07,0.035,0.035,0,8,1,1,1,128,22247.0,22197.0,22247.0,22197.0,0.0346828125,0.0346828125,0.9977525059558592,6.665901,18.909943,25.575844,6.665901,18.909943,25.575844,5.244132,16.1006,10000.0,2000000000.0
vcs,transpose,1,0.08,0.04,0.04,0,8,1,1,1,128,24946.0,24885.0,24946.0,24885.0,0.0388828125,0.0388828125,0.9975547181912932,66.533976,21.90661,88.440587,66.533976,21.90661,88.440587,5.083705,17.6496,10000.0,2000000000.0
vcs,transpose,1,0.09,0.045,0.045,0,8,1,1,1,128,27139.0,27068.0,27139.0,27068.0,0.04229375,0.04229375,0.9973838387560338,147.183094,23.602298,170.785392,147.183094,23.602298,170.785392,4.836338,18.5279,10000.0,2000000000.0
vcs,transpose,1,0.1,0.05,0.05,0,8,1,1,1,128,29052.0,28967.0,29052.0,28967.0,0.0452609375,0.0452609375,0.9970742117582266,198.098526,24.546001,222.644527,198.098526,24.546001,222.644527,4.579763,19.0855,10000.0,2000000000.0
vcs,transpose,1,0.11,0.055,0.055,0,8,1,1,1,128,30628.0,30540.0,30628.0,30540.0,0.04771875,0.04771875,0.9971268120673893,281.150819,25.326523,306.477341,281.150819,25.326523,306.477341,4.36313,19.4572,10000.0,2000000000.0
vcs,transpose,1,0.12,0.06,0.06,0,8,1,1,1,128,32009.0,31915.0,32009.0,31915.0,0.0498671875,0.0498671875,0.9970633259395795,339.069278,25.970077,365.039355,339.069278,25.970077,365.039355,4.150525,19.6525,10000.0,2000000000.0
vcs,transpose,1,0.13,0.065,0.065,0,8,1,1,1,128,33059.0,32965.0,33059.0,32965.0,0.0515078125,0.0515078125,0.9971565988081914,404.601608,26.227241,430.828849,404.601608,26.227241,430.828849,3.935507,19.589,10000.0,2000000000.0
vcs,transpose,1,0.14,0.07,0.07,0,8,1,1,1,128,34065.0,33969.0,34065.0,33969.0,0.0530765625,0.0530765625,0.9971818582122413,487.748447,26.158262,513.906709,487.748447,26.158262,513.906709,3.77397,19.6366,10000.0,2000000000.0
vcs,transpose,1,0.15,0.075,0.075,0,8,1,1,1,128,35041.0,34941.0,35041.0,34941.0,0.0545953125,0.0545953125,0.9971462001655204,535.906843,26.135829,562.042672,535.906843,26.135829,562.042672,3.618328,19.6561,10000.0,2000000000.0
vcs,transpose,1,0.16,0.08,0.08,0,8,1,1,1,128,36027.0,35922.0,36027.0,35922.0,0.056128125,0.056128125,0.9970855191939378,565.980875,26.189744,592.17062,565.980875,26.189744,592.17062,3.480207,19.7121,10000.0,2000000000.0
vcs,transpose,1,0.17,0.085,0.085,0,8,1,1,1,128,36912.0,36806.0,36912.0,36806.0,0.057509375,0.057509375,0.9971283051582142,604.792235,26.207711,630.999946,604.792235,26.207711,630.999946,3.3613,19.7562,10000.0,2000000000.0
vcs,transpose,1,0.18,0.09,0.09,0,8,1,1,1,128,37680.0,37573.0,37680.0,37573.0,0.0587078125,0.0587078125,0.9971602972399151,675.856599,26.091821,701.94842,675.856599,26.091821,701.94842,3.259415,19.7872,10000.0,2000000000.0
vcs,transpose,1,0.19,0.095,0.095,0,8,1,1,1,128,38427.0,38318.0,38427.0,38318.0,0.059871875,0.059871875,0.9971634527805969,745.052221,25.854951,770.907172,745.052221,25.854951,770.907172,3.170677,19.8386,10000.0,2000000000.0
vcs,transpose,1,0.2,0.1,0.1,0,8,1,1,1,128,39080.0,38968.0,39080.0,38968.0,0.0608875,0.0608875,0.9971340839303992,805.103777,25.649071,830.752848,805.103777,25.649071,830.752848,3.091716,19.8672,10000.0,2000000000.0
vcs,transpose,1,0.21,0.105,0.105,0,8,1,1,1,128,39785.0,39676.0,39785.0,39676.0,0.06199375,0.06199375,0.9972602739726028,850.343155,25.432503,875.775658,850.343155,25.432503,875.775658,3.013761,19.9172,10000.0,2000000000.0
vcs,transpose,1,0.22,0.11,0.11,0,8,1,1,1,128,40490.0,40378.0,40490.0,40378.0,0.063090625,0.063090625,0.9972338849098543,881.807989,25.241518,907.049507,881.807989,25.241518,907.049507,2.938135,19.9631,10000.0,2000000000.0
vcs,transpose,1,0.23,0.115,0.115,0,8,1,1,1,128,41216.0,41104.0,41216.0,41104.0,0.064225,0.064225,0.9972826086956522,897.207255,25.057634,922.264889,897.207255,25.057634,922.264889,2.863712,20.0159,10000.0,2000000000.0
vcs,transpose,1,0.24,0.12,0.12,0,8,1,1,1,128,41884.0,41770.0,41884.0,41770.0,0.065265625,0.065265625,0.99727819692484,913.199114,24.931243,938.130357,913.199114,24.931243,938.130357,2.792435,20.043,10000.0,2000000000.0
vcs,transpose,1,0.25,0.125,0.125,0,8,1,1,1,128,42506.0,42394.0,42506.0,42394.0,0.066240625,0.066240625,0.9973650778713593,932.642968,24.819904,957.462872,932.642968,24.819904,957.462872,2.730575,20.078,10000.0,2000000000.0
vcs,transpose,1,0.26,0.13,0.13,0,8,1,1,1,128,43051.0,42936.0,43051.0,42936.0,0.0670875,0.0670875,0.9973287496225407,987.36212,24.643656,1012.005776,987.36212,24.643656,1012.005776,2.686976,20.1506,10000.0,2000000000.0
vcs,transpose,1,0.27,0.135,0.135,0,8,1,1,1,128,43545.0,43434.0,43545.0,43434.0,0.067865625,0.067865625,0.9974509128487772,1061.644012,24.429663,1086.073675,1061.644012,24.429663,1086.073675,2.658424,20.2574,10000.0,2000000000.0
vcs,transpose,1,0.28,0.14,0.14,0,8,1,1,1,128,44040.0,43930.0,44040.0,43930.0,0.068640625,0.068640625,0.9975022706630337,1127.713704,24.208081,1151.921785,1127.713704,24.208081,1151.921785,2.631914,20.3722,10000.0,2000000000.0
vcs,transpose,1,0.29,0.145,0.145,0,8,1,1,1,128,44573.0,44458.0,44573.0,44458.0,0.069465625,0.069465625,0.9974199627577233,1191.337779,23.96003,1215.297809,1191.337779,23.96003,1215.297809,2.604256,20.4957,10000.0,2000000000.0
vcs,transpose,1,0.3,0.15,0.15,0,8,1,1,1,128,45074.0,44960.0,45074.0,44960.0,0.07025,0.07025,0.9974708257532059,1249.360743,23.739324,1273.100067,1249.360743,23.739324,1273.100067,2.579849,20.6171,10000.0,2000000000.0
vcs,transpose,1,0.31,0.155,0.155,0,8,1,1,1,128,45550.0,45436.0,45550.0,45436.0,0.07099375,0.07099375,0.9974972557628979,1303.466414,23.535302,1327.001717,1303.466414,23.535302,1327.001717,2.557047,20.7311,10000.0,2000000000.0
vcs,transpose,1,0.32,0.16,0.16,0,8,1,1,1,128,46024.0,45910.0,46024.0,45910.0,0.071734375,0.071734375,0.997523031461846,1352.597713,23.33888,1375.936593,1352.597713,23.33888,1375.936593,2.535308,20.8472,10000.0,2000000000.0
vcs,transpose,1,0.33,0.165,0.165,0,8,1,1,1,128,46520.0,46405.0,46520.0,46405.0,0.0725078125,0.0725078125,0.9975279449699054,1397.0217,23.133542,1420.155242,1397.0217,23.133542,1420.155242,2.5121,20.9629,10000.0,2000000000.0
vcs,transpose,1,0.34,0.17,0.17,0,8,1,1,1,128,47034.0,46919.0,47034.0,46919.0,0.0733109375,0.0733109375,0.9975549602415275,1433.383491,22.922761,1456.306251,1433.383491,22.922761,1456.306251,2.489226,21.0875,10000.0,2000000000.0
vcs,transpose,1,0.35,0.175,0.175,0,8,1,1,1,128,47549.0,47437.0,47549.0,47437.0,0.0741203125,0.0741203125,0.9976445351111485,1464.31819,22.717752,1487.035942,1464.31819,22.717752,1487.035942,2.466471,21.2111,10000.0,2000000000.0
vcs,transpose,1,0.36,0.18,0.18,0,8,1,1,1,128,48039.0,47928.0,48039.0,47928.0,0.0748875,0.0748875,0.997689377380878,1493.011809,22.52702,1515.538829,1493.011809,22.52702,1515.538829,2.445585,21.3301,10000.0,2000000000.0
vcs,transpose,1,0.37,0.185,0.185,0,8,1,1,1,128,48536.0,48423.0,48536.0,48423.0,0.0756609375,0.0756609375,0.9976718312180649,1521.819796,22.335109,1544.154906,1521.819796,22.335109,1544.154906,2.424179,21.4471,10000.0,2000000000.0
vcs,transpose,1,0.38,0.19,0.19,0,8,1,1,1,128,49041.0,48927.0,49041.0,48927.0,0.0764484375,0.0764484375,0.9976754144491344,1550.918102,22.144051,1573.062154,1550.918102,22.144051,1573.062154,2.402845,21.5661,10000.0,2000000000.0
vcs,transpose,1,0.39,0.195,0.195,0,8,1,1,1,128,49499.0,49384.0,49499.0,49384.0,0.0771625,0.0771625,0.9976767207418332,1582.02922,21.97483,1604.00405,1582.02922,21.97483,1604.00405,2.384578,21.6769,10000.0,2000000000.0
vcs,transpose,1,0.4,0.2,0.2,0,8,1,1,1,128,49853.0,49741.0,49853.0,49741.0,0.0777203125,0.0777203125,0.9977533949812448,1626.622404,21.84554,1648.467944,1626.622404,21.84554,1648.467944,2.37064,21.7638,10000.0,2000000000.0
vcs,transpose,1,0.41,0.205,0.205,0,8,1,1,1,128,49955.0,49844.0,49955.0,49844.0,0.07788125,0.07788125,0.9977780002001801,1692.056476,21.814281,1713.870757,1692.056476,21.814281,1713.870757,2.367025,21.7909,10000.0,2000000000.0
vcs,transpose,1,0.42,0.21,0.21,0,8,1,1,1,128,49994.0,49885.0,49994.0,49885.0,0.0779453125,0.0779453125,0.9978197383686043,1763.113762,21.800401,1784.914163,1763.113762,21.800401,1784.914163,2.36528,21.7992,10000.0,2000000000.0
vcs,transpose,1,0.43,0.215,0.215,0,8,1,1,1,128,50010.0,49896.0,50010.0,49896.0,0.0779625,0.0779625,0.9977204559088182,1839.867985,21.797759,1861.665745,1839.867985,21.797759,1861.665745,2.364558,21.8013,10000.0,2000000000.0
vcs,transpose,1,0.44,0.22,0.22,0,8,1,1,1,128,50022.0,49908.0,50022.0,49908.0,0.07798125,0.07798125,0.9977210027587862,1906.701471,21.7934,1928.494871,1906.701471,21.7934,1928.494871,2.36407,21.804,10000.0,2000000000.0
vcs,transpose,1,0.45,0.225,0.225,0,8,1,1,1,128,50038.0,49925.0,50038.0,49925.0,0.0780078125,0.0780078125,0.9977417162956154,1969.501632,21.787161,1991.288793,1969.501632,21.787161,1991.288793,2.363345,21.8076,10000.0,2000000000.0
vcs,transpose,1,0.46,0.23,0.23,0,8,1,1,1,128,50044.0,49930.0,50044.0,49930.0,0.078015625,0.078015625,0.9977220046359204,2031.413759,21.7855,2053.199259,2031.413759,21.7855,2053.199259,2.363108,21.8091,10000.0,2000000000.0
vcs,transpose,1,0.47,0.235,0.235,0,8,1,1,1,128,50047.0,49932.0,50047.0,49932.0,0.07801875,0.07801875,0.9977021599696285,2091.064227,21.785288,2112.849515,2091.064227,21.785288,2112.849515,2.363054,21.8098,10000.0,2000000000.0
vcs,transpose,1,0.48,0.24,0.24,0,8,1,1,1,128,50052.0,49937.0,50052.0,49937.0,0.0780265625,0.0780265625,0.9977023895149045,2150.586599,21.784008,2172.370607,2150.586599,21.784008,2172.370607,2.362977,21.8116,10000.0,2000000000.0
vcs,transpose,1,0.49,0.245,0.245,0,8,1,1,1,128,50057.0,49941.0,50057.0,49941.0,0.0780328125,0.0780328125,0.9976826417883613,2206.249374,21.784025,2228.033399,2206.249374,21.784025,2228.033399,2.362748,21.812,10000.0,2000000000.0
vcs,transpose,1,0.5,0.25,0.25,0,8,1,1,1,128,50058.0,49941.0,50058.0,49941.0,0.0780328125,0.0780328125,0.9976627112549442,2261.233796,21.784386,2283.018181,2261.233796,21.784386,2283.018181,2.362788,21.8122,10000.0,2000000000.0
vcs,transpose,2,0.01,0.005,0.005,0,8,1,2,1,128,3151.0,3149.0,3151.0,3149.0,0.0049203125,0.0049203125,0.9993652808632181,2.0,13.665926,15.665926,2.0,13.665926,15.665926,5.323595,2.307,10000.0,2000000000.0
vcs,transpose,2,0.02,0.01,0.01,0,8,1,2,1,128,6392.0,6384.0,6392.0,6384.0,0.009975,0.009975,0.9987484355444305,2.00094,13.592262,15.593202,2.00094,13.592262,15.593202,5.272556,4.6478,10000.0,2000000000.0
vcs,transpose,2,0.03,0.015,0.015,0,8,1,2,1,128,9506.0,9491.0,9506.0,9491.0,0.0148296875,0.0148296875,0.998422049232064,2.001475,13.645137,15.646613,2.001475,13.645137,15.646613,5.283532,6.9207,10000.0,2000000000.0
vcs,transpose,2,0.04,0.02,0.02,0,8,1,2,1,128,12607.0,12587.0,12607.0,12587.0,0.0196671875,0.0196671875,0.9984135797572777,2.001668,13.643601,15.645269,2.001668,13.643601,15.645269,5.262255,9.152,10000.0,2000000000.0
vcs,transpose,2,0.05,0.025,0.025,0,8,1,2,1,128,15968.0,15943.0,15968.0,15943.0,0.0249109375,0.0249109375,0.9984343687374749,2.003073,13.667817,15.67089,2.003073,13.667817,15.67089,5.247695,11.5682,10000.0,2000000000.0
vcs,transpose,2,0.06,0.03,0.03,0,8,1,2,1,128,19104.0,19069.0,19104.0,19069.0,0.0297953125,0.0297953125,0.9981679229480737,2.003986,13.729246,15.733232,2.003986,13.729246,15.733232,5.245057,13.8332,10000.0,2000000000.0
vcs,transpose,2,0.07,0.035,0.035,0,8,1,2,1,128,22259.0,22219.0,22259.0,22219.0,0.0347171875,0.0347171875,0.998202974077901,2.005671,13.819164,15.824835,2.005671,13.819164,15.824835,5.250461,16.1288,10000.0,2000000000.0
vcs,transpose,2,0.08,0.04,0.04,0,8,1,2,1,128,25466.0,25420.0,25466.0,25420.0,0.03971875,0.03971875,0.998193669991361,2.007828,13.910346,15.918175,2.007828,13.910346,15.918175,5.246499,18.4413,10000.0,2000000000.0
vcs,transpose,2,0.09,0.045,0.045,0,8,1,2,1,128,28697.0,28649.0,28697.0,28649.0,0.0447640625,0.0447640625,0.9983273512910757,2.009948,14.020105,16.030053,2.009948,14.020105,16.030053,5.23739,20.7555,10000.0,2000000000.0
vcs,transpose,2,0.1,0.05,0.05,0,8,1,2,1,128,31948.0,31895.0,31948.0,31895.0,0.0498359375,0.0498359375,0.9983410542130963,2.013639,14.190594,16.204233,2.013639,14.190594,16.204233,5.229409,23.0815,10000.0,2000000000.0
vcs,transpose,2,0.11,0.055,0.055,0,8,1,2,1,128,35122.0,35062.0,35122.0,35062.0,0.054784375,0.054784375,0.9982916690393485,2.019508,14.465033,16.484542,2.019508,14.465033,16.484542,5.230107,25.3755,10000.0,2000000000.0
vcs,transpose,2,0.12,0.06,0.06,0,8,1,2,1,128,38292.0,38227.0,38292.0,38227.0,0.0597296875,0.0597296875,0.9983025174971273,2.039239,14.90491,16.944149,2.039239,14.90491,16.944149,5.231224,27.6704,10000.0,2000000000.0
vcs,transpose,2,0.13,0.065,0.065,0,8,1,2,1,128,41433.0,41364.0,41433.0,41364.0,0.06463125,0.06463125,0.998334660777641,2.136616,15.600498,17.737114,2.136616,15.600498,17.737114,5.223576,29.9081,10000.0,2000000000.0
vcs,transpose,2,0.14,0.07,0.07,0,8,1,2,1,128,44554.0,44469.0,44554.0,44469.0,0.0694828125,0.0694828125,0.9980922027202944,3.20313,17.222605,20.425735,3.20313,17.222605,20.425735,5.219906,32.1393,10000.0,2000000000.0
vcs,transpose,2,0.15,0.075,0.075,0,8,1,2,1,128,47302.0,47203.0,47302.0,47203.0,0.0737546875,0.0737546875,0.9979070652403704,34.583861,19.363579,53.94744,34.583861,19.363579,53.94744,5.148613,33.7811,10000.0,2000000000.0
vcs,transpose,2,0.16,0.08,0.08,0,8,1,2,1,128,49824.0,49713.0,49824.0,49713.0,0.0776765625,0.0776765625,0.9977721579961464,66.156297,20.575423,86.73172,66.156297,20.575423,86.73172,5.05051,35.0926,10000.0,2000000000.0
vcs,transpose,2,0.17,0.085,0.085,0,8,1,2,1,128,52199.0,52071.0,52199.0,52071.0,0.0813609375,0.0813609375,0.9975478457441713,98.763285,22.257149,121.020434,98.763285,22.257149,121.020434,4.95074,36.2398,10000.0,2000000000.0
vcs,transpose,2,0.18,0.09,0.09,0,8,1,2,1,128,54149.0,54019.0,54149.0,54019.0,0.0844046875,0.0844046875,0.9975992169753828,155.713564,22.605491,178.319054,155.713564,22.605491,178.319054,4.816194,36.8639,10000.0,2000000000.0
vcs,transpose,2,0.19,0.095,0.095,0,8,1,2,1,128,56067.0,55931.0,56067.0,55931.0,0.0873921875,0.0873921875,0.9975743307114702,183.924121,23.003004,206.927124,183.924121,23.003004,206.927124,4.688885,37.456,10000.0,2000000000.0
vcs,transpose,2,0.2,0.1,0.1,0,8,1,2,1,128,57887.0,57741.0,57887.0,57741.0,0.0902203125,0.0902203125,0.9974778447665279,200.446667,23.726278,224.172945,200.446667,23.726278,224.172945,4.575951,38.0168,10000.0,2000000000.0
vcs,transpose,2,0.21,0.105,0.105,0,8,1,2,1,128,59492.0,59341.0,59492.0,59341.0,0.0927203125,0.0927203125,0.9974618436092247,249.91928,24.326772,274.246052,249.91928,24.326772,274.246052,4.464131,38.4049,10000.0,2000000000.0
vcs,transpose,2,0.22,0.11,0.11,0,8,1,2,1,128,60938.0,60779.0,60938.0,60779.0,0.0949671875,0.0949671875,0.9973907906396665,290.511509,24.48678,314.998289,290.511509,24.48678,314.998289,4.349594,38.6406,10000.0,2000000000.0
vcs,transpose,2,0.23,0.115,0.115,0,8,1,2,1,128,62311.0,62152.0,62311.0,62152.0,0.0971125,0.0971125,0.9974482836096356,322.78699,24.627253,347.414243,322.78699,24.627253,347.414243,4.23996,38.8296,10000.0,2000000000.0
vcs,transpose,2,0.24,0.12,0.12,0,8,1,2,1,128,63751.0,63583.0,63751.0,63583.0,0.0993484375,0.0993484375,0.9973647472196514,342.075083,24.9573,367.032383,342.075083,24.9573,367.032383,4.134564,39.0533,10000.0,2000000000.0
vcs,transpose,2,0.25,0.125,0.125,0,8,1,2,1,128,65055.0,64882.0,65055.0,64882.0,0.101378125,0.101378125,0.99734071170548,355.017447,25.583829,380.601276,355.017447,25.583829,380.601276,4.03363,39.1938,10000.0,2000000000.0
vcs,transpose,2,0.26,0.13,0.13,0,8,1,2,1,128,66105.0,65922.0,66105.0,65922.0,0.103003125,0.103003125,0.9972316768776945,398.626983,25.684885,424.311869,398.626983,25.684885,424.311869,3.937745,39.1911,10000.0,2000000000.0
vcs,transpose,2,0.27,0.135,0.135,0,8,1,2,1,128,67098.0,66911.0,67098.0,66911.0,0.1045484375,0.1045484375,0.9972130316849981,447.541211,25.621826,473.163037,447.541211,25.621826,473.163037,3.852042,39.2053,10000.0,2000000000.0
vcs,transpose,2,0.28,0.14,0.14,0,8,1,2,1,128,68100.0,67910.0,68100.0,67910.0,0.106109375,0.106109375,0.9972099853157121,489.060374,25.586732,514.647106,489.060374,25.586732,514.647106,3.772611,39.2533,10000.0,2000000000.0
vcs,transpose,2,0.29,0.145,0.145,0,8,1,2,1,128,69175.0,68984.0,69175.0,68984.0,0.1077875,0.1077875,0.9972388868810986,520.319871,25.616897,545.936768,520.319871,25.616897,545.936768,3.695756,39.3415,10000.0,2000000000.0
vcs,transpose,2,0.3,0.15,0.15,0,8,1,2,1,128,70169.0,69974.0,70169.0,69974.0,0.109334375,0.109334375,0.9972209950262937,538.593806,25.634378,564.228185,538.593806,25.634378,564.228185,3.618458,39.3661,10000.0,2000000000.0
vcs,transpose,2,0.31,0.155,0.155,0,8,1,2,1,128,71148.0,70948.0,71148.0,70948.0,0.11085625,0.11085625,0.9971889582279193,549.538366,25.704262,575.242628,549.538366,25.704262,575.242628,3.54344,39.3815,10000.0,2000000000.0
vcs,transpose,2,0.32,0.16,0.16,0,8,1,2,1,128,72130.0,71929.0,72130.0,71929.0,0.1123890625,0.1123890625,0.9972133647580756,553.883719,25.824647,579.708365,553.883719,25.824647,579.708365,3.471785,39.4068,10000.0,2000000000.0
vcs,transpose,2,0.33,0.165,0.165,0,8,1,2,1,128,73075.0,72875.0,73075.0,72875.0,0.1138671875,0.1138671875,0.9972630858706808,564.928,26.030134,590.958134,564.928,26.030134,590.958134,3.405091,39.4387,10000.0,2000000000.0
vcs,transpose,2,0.34,0.17,0.17,0,8,1,2,1,128,73879.0,73678.0,73879.0,73678.0,0.115121875,0.115121875,0.9972793351290624,594.770067,26.085222,620.855289,594.770067,26.085222,620.855289,3.349819,39.464,10000.0,2000000000.0
vcs,transpose,2,0.35,0.175,0.175,0,8,1,2,1,128,74608.0,74405.0,74608.0,74405.0,0.1162578125,0.1162578125,0.9972791121595539,634.028466,26.014246,660.042712,634.028466,26.014246,660.042712,3.29994,39.4819,10000.0,2000000000.0
vcs,transpose,2,0.36,0.18,0.18,0,8,1,2,1,128,75324.0,75117.0,75324.0,75117.0,0.1173703125,0.1173703125,0.9972518719133344,676.221242,25.896894,702.118136,676.221242,25.896894,702.118136,3.255828,39.5278,10000.0,2000000000.0
vcs,transpose,2,0.37,0.185,0.185,0,8,1,2,1,128,76030.0,75821.0,76030.0,75821.0,0.1184703125,0.1184703125,0.9972510850979877,715.068029,25.754646,740.822674,715.068029,25.754646,740.822674,3.212619,39.5731,10000.0,2000000000.0
vcs,transpose,2,0.38,0.19,0.19,0,8,1,2,1,128,76739.0,76534.0,76739.0,76534.0,0.119584375,0.119584375,0.9973286073574062,749.138919,25.625892,774.76481,749.138919,25.625892,774.76481,3.168056,39.6018,10000.0,2000000000.0
vcs,transpose,2,0.39,0.195,0.195,0,8,1,2,1,128,77417.0,77209.0,77417.0,77209.0,0.1206390625,0.1206390625,0.9973132516114032,780.840239,25.535093,806.375332,780.840239,25.535093,806.375332,3.127692,39.639,10000.0,2000000000.0
vcs,transpose,2,0.4,0.2,0.2,0,8,1,2,1,128,78101.0,77891.0,78101.0,77891.0,0.1217046875,0.1217046875,0.9973111739926506,806.770949,25.446046,832.216996,806.770949,25.446046,832.216996,3.084901,39.6562,10000.0,2000000000.0
vcs,transpose,2,0.41,0.205,0.205,0,8,1,2,1,128,78783.0,78573.0,78783.0,78573.0,0.1227703125,0.1227703125,0.9973344503255779,829.932916,25.354829,855.287745,829.932916,25.354829,855.287745,3.04387,39.6811,10000.0,2000000000.0
vcs,transpose,2,0.42,0.21,0.21,0,8,1,2,1,128,79468.0,79257.0,79468.0,79257.0,0.1238390625,0.1238390625,0.9973448432073287,849.258841,25.265163,874.524004,849.258841,25.265163,874.524004,3.004731,39.7143,10000.0,2000000000.0
vcs,transpose,2,0.43,0.215,0.215,0,8,1,2,1,128,80188.0,79978.0,80188.0,79978.0,0.124965625,0.124965625,0.9973811542874246,867.049914,25.169984,892.219898,867.049914,25.169984,892.219898,2.966741,39.7721,10000.0,2000000000.0
vcs,transpose,2,0.44,0.22,0.22,0,8,1,2,1,128,80894.0,80683.0,80894.0,80683.0,0.1260671875,0.1260671875,0.9973916483299132,878.722407,25.093911,903.816318,878.722407,25.093911,903.816318,2.929217,39.8173,10000.0,2000000000.0
vcs,transpose,2,0.45,0.225,0.225,0,8,1,2,1,128,81579.0,81367.0,81579.0,81367.0,0.1271359375,0.1271359375,0.9974012919991665,886.370347,25.031561,911.401907,886.370347,25.031561,911.401907,2.892106,39.8527,10000.0,2000000000.0
vcs,transpose,2,0.46,0.23,0.23,0,8,1,2,1,128,82276.0,82059.0,82276.0,82059.0,0.1282171875,0.1282171875,0.9973625358549273,893.108154,24.973568,918.081722,893.108154,24.973568,918.081722,2.855701,39.8935,10000.0,2000000000.0
vcs,transpose,2,0.47,0.235,0.235,0,8,1,2,1,128,82941.0,82721.0,82941.0,82721.0,0.1292515625,0.1292515625,0.9973475120869052,896.98501,24.935216,921.920226,896.98501,24.935216,921.920226,2.820759,39.9268,10000.0,2000000000.0
vcs,transpose,2,0.48,0.24,0.24,0,8,1,2,1,128,83645.0,83423.0,83645.0,83423.0,0.1303484375,0.1303484375,0.9973459262358778,900.590485,24.89745,925.487935,900.590485,24.89745,925.487935,2.787265,39.9848,10000.0,2000000000.0
vcs,transpose,2,0.49,0.245,0.245,0,8,1,2,1,128,84321.0,84095.0,84321.0,84095.0,0.1313984375,0.1313984375,0.9973197661318058,908.031167,24.879184,932.910351,908.031167,24.879184,932.910351,2.756597,40.0502,10000.0,2000000000.0
vcs,transpose,2,0.5,0.25,0.25,0,8,1,2,1,128,84931.0,84708.0,84931.0,84708.0,0.13235625,0.13235625,0.9973743391694434,918.846803,24.877532,943.724335,918.846803,24.877532,943.724335,2.727251,40.0927,10000.0,2000000000.0
vcs,transpose,4,0.01,0.005,0.005,0,8,1,4,1,128,3151.0,3149.0,3151.0,3149.0,0.0049203125,0.0049203125,0.9993652808632181,2.0,13.662433,15.662433,2.0,13.662433,15.662433,5.323595,2.307,10000.0,2000000000.0
vcs,transpose,4,0.02,0.01,0.01,0,8,1,4,1,128,6392.0,6384.0,6392.0,6384.0,0.009975,0.009975,0.9987484355444305,2.0,13.579731,15.579731,2.0,13.579731,15.579731,5.272556,4.6478,10000.0,2000000000.0
vcs,transpose,4,0.03,0.015,0.015,0,8,1,4,1,128,9506.0,9491.0,9506.0,9491.0,0.0148296875,0.0148296875,0.998422049232064,2.0,13.619007,15.619007,2.0,13.619007,15.619007,5.283532,6.9207,10000.0,2000000000.0
vcs,transpose,4,0.04,0.02,0.02,0,8,1,4,1,128,12607.0,12587.0,12607.0,12587.0,0.0196671875,0.0196671875,0.9984135797572777,2.0,13.59339,15.59339,2.0,13.59339,15.59339,5.262255,9.152,10000.0,2000000000.0
vcs,transpose,4,0.05,0.025,0.025,0,8,1,4,1,128,15968.0,15943.0,15968.0,15943.0,0.0249109375,0.0249109375,0.9984343687374749,2.0,13.582325,15.582325,2.0,13.582325,15.582325,5.247695,11.5682,10000.0,2000000000.0
vcs,transpose,4,0.06,0.03,0.03,0,8,1,4,1,128,19104.0,19069.0,19104.0,19069.0,0.0297953125,0.0297953125,0.9981679229480737,2.0,13.594053,15.594053,2.0,13.594053,15.594053,5.245057,13.8334,10000.0,2000000000.0
vcs,transpose,4,0.07,0.035,0.035,0,8,1,4,1,128,22259.0,22219.0,22259.0,22219.0,0.0347171875,0.0347171875,0.998202974077901,2.0,13.624781,15.624781,2.0,13.624781,15.624781,5.250461,16.129,10000.0,2000000000.0
vcs,transpose,4,0.08,0.04,0.04,0,8,1,4,1,128,25466.0,25421.0,25466.0,25421.0,0.0397203125,0.0397203125,0.9982329380350271,2.0,13.636324,15.636324,2.0,13.636324,15.636324,5.24645,18.4418,10000.0,2000000000.0
vcs,transpose,4,0.09,0.045,0.045,0,8,1,4,1,128,28697.0,28650.0,28697.0,28650.0,0.044765625,0.044765625,0.9983621981391783,2.0,13.637382,15.637382,2.0,13.637382,15.637382,5.237347,20.756,10000.0,2000000000.0
vcs,transpose,4,0.1,0.05,0.05,0,8,1,4,1,128,31948.0,31897.0,31948.0,31897.0,0.0498390625,0.0498390625,0.998403655940904,2.0,13.642662,15.642662,2.0,13.642662,15.642662,5.229395,23.0823,10000.0,2000000000.0
vcs,transpose,4,0.11,0.055,0.055,0,8,1,4,1,128,35122.0,35065.0,35122.0,35065.0,0.0547890625,0.0547890625,0.9983770855873811,2.0,13.666391,15.666391,2.0,13.666391,15.666391,5.230058,25.3773,10000.0,2000000000.0
vcs,transpose,4,0.12,0.06,0.06,0,8,1,4,1,128,38292.0,38230.0,38292.0,38230.0,0.059734375,0.059734375,0.9983808628434138,2.0,13.692179,15.692179,2.0,13.692179,15.692179,5.23118,27.6724,10000.0,2000000000.0
vcs,transpose,4,0.13,0.065,0.065,0,8,1,4,1,128,41433.0,41368.0,41433.0,41368.0,0.0646375,0.0646375,0.9984312021818358,2.0,13.701363,15.701363,2.0,13.701363,15.701363,5.223603,29.9118,10000.0,2000000000.0
vcs,transpose,4,0.14,0.07,0.07,0,8,1,4,1,128,44569.0,44500.0,44569.0,44500.0,0.06953125,0.06953125,0.9984518387219816,2.0,13.727213,15.727213,2.0,13.727213,15.727213,5.224404,32.1788,10000.0,2000000000.0
vcs,transpose,4,0.15,0.075,0.075,0,8,1,4,1,128,47760.0,47687.0,47760.0,47687.0,0.0745109375,0.0745109375,0.9984715242881071,2.0,13.761717,15.761717,2.0,13.761717,15.761717,5.227169,34.4973,10000.0,2000000000.0
vcs,transpose,4,0.16,0.08,0.08,0,8,1,4,1,128,50975.0,50894.0,50975.0,50894.0,0.079521875,0.079521875,0.9984109857773419,2.0,13.805733,15.805733,2.0,13.805733,15.805733,5.232365,36.846,10000.0,2000000000.0
vcs,transpose,4,0.17,0.085,0.085,0,8,1,4,1,128,54179.0,54093.0,54179.0,54093.0,0.0845203125,0.0845203125,0.9984126691153399,2.0,13.842142,15.842142,2.0,13.842142,15.842142,5.234984,39.1767,10000.0,2000000000.0
vcs,transpose,4,0.18,0.09,0.09,0,8,1,4,1,128,57392.0,57301.0,57392.0,57301.0,0.0895328125,0.0895328125,0.9984144131586283,2.0,13.87913,15.87913,2.0,13.87913,15.87913,5.233556,41.4929,10000.0,2000000000.0
vcs,transpose,4,0.19,0.095,0.095,0,8,1,4,1,128,60619.0,60520.0,60619.0,60520.0,0.0945625,0.0945625,0.9983668486778073,2.0,13.927049,15.927049,2.0,13.927049,15.927049,5.234997,43.8338,10000.0,2000000000.0
vcs,transpose,4,0.2,0.1,0.1,0,8,1,4,1,128,63806.0,63702.0,63806.0,63702.0,0.099534375,0.099534375,0.9983700592420776,2.0,14.000345,16.000345,2.0,14.000345,16.000345,5.245455,46.2045,10000.0,2000000000.0
vcs,transpose,4,0.21,0.105,0.105,0,8,1,4,1,128,66989.0,66881.0,66989.0,66881.0,0.1045015625,0.1045015625,0.9983877950111212,2.0,14.055217,16.055217,2.0,14.055217,16.055217,5.243851,48.4999,10000.0,2000000000.0
vcs,transpose,4,0.22,0.11,0.11,0,8,1,4,1,128,70137.0,70025.0,70137.0,70025.0,0.1094140625,0.1094140625,0.9984031253118896,2.0,14.120914,16.120914,2.0,14.120914,16.120914,5.242613,50.7693,10000.0,2000000000.0
vcs,transpose,4,0.23,0.115,0.115,0,8,1,4,1,128,73254.0,73136.0,73254.0,73136.0,0.114275,0.114275,0.9983891664618997,2.000014,14.204441,16.204455,2.000014,14.204441,16.204455,5.242234,53.0217,10000.0,2000000000.0
vcs,transpose,4,0.24,0.12,0.12,0,8,1,4,1,128,76496.0,76375.0,76496.0,76375.0,0.1193359375,0.1193359375,0.9984182179460364,2.000013,14.305178,16.305191,2.000013,14.305178,16.305191,5.241087,55.3602,10000.0,2000000000.0
vcs,transpose,4,0.25,0.125,0.125,0,8,1,4,1,128,79713.0,79582.0,79713.0,79582.0,0.124346875,0.124346875,0.9983566043179908,2.000025,14.455668,16.455693,2.000025,14.455668,16.455693,5.243246,57.7035,10000.0,2000000000.0
vcs,transpose,4,0.26,0.13,0.13,0,8,1,4,1,128,82939.0,82807.0,82939.0,82807.0,0.1293859375,0.1293859375,0.9984084688747151,2.000302,14.709747,16.710049,2.000302,14.709747,16.710049,5.246368,60.0641,10000.0,2000000000.0
vcs,transpose,4,0.27,0.135,0.135,0,8,1,4,1,128,86166.0,86024.0,86166.0,86024.0,0.1344125,0.1344125,0.9983520181974329,2.019006,15.222403,17.241409,2.019006,15.222403,17.241409,5.248326,62.4155,10000.0,2000000000.0
vcs,transpose,4,0.28,0.14,0.14,0,8,1,4,1,128,89310.0,89149.0,89310.0,89149.0,0.1392953125,0.1392953125,0.9981972903370283,3.003208,16.312241,19.315449,3.003208,16.312241,19.315449,5.244523,64.6488,10000.0,2000000000.0
vcs,transpose,4,0.29,0.145,0.145,0,8,1,4,1,128,92398.0,92217.0,92398.0,92217.0,0.1440890625,0.1440890625,0.9980410831403277,10.569342,18.047334,28.616676,10.569342,18.047334,28.616676,5.228624,66.7308,10000.0,2000000000.0
vcs,transpose,4,0.3,0.15,0.15,0,8,1,4,1,128,94906.0,94721.0,94906.0,94721.0,0.1480015625,0.1480015625,0.9980507028006659,41.77818,18.575216,60.353396,41.77818,18.575216,60.353396,5.171293,67.999,10000.0,2000000000.0
vcs,transpose,4,0.31,0.155,0.155,0,8,1,4,1,128,97381.0,97188.0,97381.0,97188.0,0.15185625,0.15185625,0.9980180938786827,60.867854,18.816953,79.684807,60.867854,18.816953,79.684807,5.11771,69.2514,10000.0,2000000000.0
vcs,transpose,4,0.32,0.16,0.16,0,8,1,4,1,128,99884.0,99685.0,99884.0,99685.0,0.1557578125,0.1557578125,0.9980076889191463,72.33007,19.356924,91.686994,72.33007,19.356924,91.686994,5.064453,70.4991,10000.0,2000000000.0
vcs,transpose,4,0.33,0.165,0.165,0,8,1,4,1,128,102346.0,102124.0,102346.0,102124.0,0.15956875,0.15956875,0.9978308873820179,79.625171,20.32675,99.951921,79.625171,20.32675,99.951921,5.010419,71.6769,10000.0,2000000000.0
vcs,transpose,4,0.34,0.17,0.17,0,8,1,4,1,128,104504.0,104275.0,104504.0,104275.0,0.1629296875,0.1629296875,0.9978086963178443,103.743237,21.365581,125.108818,103.743237,21.365581,125.108818,4.952136,72.5777,10000.0,2000000000.0
vcs,transpose,4,0.35,0.175,0.175,0,8,1,4,1,128,106412.0,106183.0,106412.0,106183.0,0.1659109375,0.1659109375,0.9978479870691276,132.157219,21.454254,153.611473,132.157219,21.454254,153.611473,4.884322,73.1819,10000.0,2000000000.0
vcs,transpose,4,0.36,0.18,0.18,0,8,1,4,1,128,108277.0,108043.0,108277.0,108043.0,0.1688171875,0.1688171875,0.9978388762156322,156.333534,21.512296,177.84583,156.333534,21.512296,177.84583,4.817563,73.7415,10000.0,2000000000.0
vcs,transpose,4,0.37,0.185,0.185,0,8,1,4,1,128,110166.0,109928.0,110166.0,109928.0,0.1717625,0.1717625,0.9978396238403864,173.920384,21.675278,195.595663,173.920384,21.675278,195.595663,4.753584,74.3223,10000.0,2000000000.0
vcs,transpose,4,0.38,0.19,0.19,0,8,1,4,1,128,112059.0,111811.0,112059.0,111811.0,0.1747046875,0.1747046875,0.9977868801256481,184.626423,21.901745,206.528168,184.626423,21.901745,206.528168,4.689861,74.8848,10000.0,2000000000.0
vcs,transpose,4,0.39,0.195,0.195,0,8,1,4,1,128,113947.0,113694.0,113947.0,113694.0,0.177646875,0.177646875,0.9977796694954671,190.093074,22.313332,212.406407,190.093074,22.313332,212.406407,4.633666,75.5033,10000.0,2000000000.0
vcs,transpose,4,0.4,0.2,0.2,0,8,1,4,1,128,115853.0,115573.0,115853.0,115573.0,0.1805828125,0.1805828125,0.9975831441568194,195.273983,23.151567,218.425549,195.273983,23.151567,218.425549,4.575031,76.0762,10000.0,2000000000.0
vcs,transpose,4,0.41,0.205,0.205,0,8,1,4,1,128,117413.0,117128.0,117413.0,117128.0,0.1830125,0.1830125,0.9975726708286136,221.159979,23.587818,244.747797,221.159979,23.587818,244.747797,4.51378,76.3851,10000.0,2000000000.0
vcs,transpose,4,0.42,0.21,0.21,0,8,1,4,1,128,118827.0,118539.0,118827.0,118539.0,0.1852171875,0.1852171875,0.9975763084147542,249.267169,23.59771,272.86488,249.267169,23.59771,272.86488,4.454213,76.5963,10000.0,2000000000.0
vcs,transpose,4,0.43,0.215,0.215,0,8,1,4,1,128,120330.0,120039.0,120330.0,120039.0,0.1875609375,0.1875609375,0.9975816504612316,274.343105,23.612068,297.955173,274.343105,23.612068,297.955173,4.397871,76.8907,10000.0,2000000000.0
vcs,transpose,4,0.44,0.22,0.22,0,8,1,4,1,128,121747.0,121450.0,121747.0,121450.0,0.189765625,0.189765625,0.997560514838148,294.75846,23.60839,318.366851,294.75846,23.60839,318.366851,4.339201,77.0831,10000.0,2000000000.0
vcs,transpose,4,0.45,0.225,0.225,0,8,1,4,1,128,123098.0,122804.0,123098.0,122804.0,0.19188125,0.19188125,0.9976116590033957,309.89844,23.645606,333.544046,309.89844,23.645606,333.544046,4.282857,77.2479,10000.0,2000000000.0
vcs,transpose,4,0.46,0.23,0.23,0,8,1,4,1,128,124532.0,124232.0,124532.0,124232.0,0.1941125,0.1941125,0.9975909806314843,322.140777,23.696133,345.83691,322.140777,23.696133,345.83691,4.23052,77.4932,10000.0,2000000000.0
vcs,transpose,4,0.47,0.235,0.235,0,8,1,4,1,128,125859.0,125553.0,125859.0,125553.0,0.1961765625,0.1961765625,0.9975687078397254,329.432216,23.816372,353.248588,329.432216,23.816372,353.248588,4.175639,77.6298,10000.0,2000000000.0
vcs,transpose,4,0.48,0.24,0.24,0,8,1,4,1,128,127200.0,126890.0,127200.0,126890.0,0.198265625,0.198265625,0.997562893081761,333.320656,23.965726,357.286382,333.320656,23.965726,357.286382,4.122169,77.7767,10000.0,2000000000.0
vcs,transpose,4,0.49,0.245,0.245,0,8,1,4,1,128,128588.0,128261.0,128588.0,128261.0,0.2004078125,0.2004078125,0.9974569944318288,335.191633,24.220285,359.411918,335.191633,24.220285,359.411918,4.072056,77.975,10000.0,2000000000.0
vcs,transpose,4,0.5,0.25,0.25,0,8,1,4,1,128,129903.0,129573.0,129903.0,129573.0,0.2024578125,0.2024578125,0.9974596429643657,343.439142,24.758275,368.197418,343.439142,24.758275,368.197418,4.02553,78.1652,10000.0,2000000000.0
vcs,transpose,8,0.01,0.005,0.005,0,8,1,8,1,128,3151.0,3149.0,3151.0,3149.0,0.0049203125,0.0049203125,0.9993652808632181,2.0,13.662433,15.662433,2.0,13.662433,15.662433,5.323595,2.307,10000.0,2000000000.0
vcs,transpose,8,0.02,0.01,0.01,0,8,1,8,1,128,6392.0,6384.0,6392.0,6384.0,0.009975,0.009975,0.9987484355444305,2.0,13.579731,15.579731,2.0,13.579731,15.579731,5.272556,4.6478,10000.0,2000000000.0
vcs,transpose,8,0.03,0.015,0.015,0,8,1,8,1,128,9506.0,9491.0,9506.0,9491.0,0.0148296875,0.0148296875,0.998422049232064,2.0,13.619007,15.619007,2.0,13.619007,15.619007,5.283532,6.9207,10000.0,2000000000.0
vcs,transpose,8,0.04,0.02,0.02,0,8,1,8,1,128,12607.0,12587.0,12607.0,12587.0,0.0196671875,0.0196671875,0.9984135797572777,2.0,13.59339,15.59339,2.0,13.59339,15.59339,5.262255,9.152,10000.0,2000000000.0
vcs,transpose,8,0.05,0.025,0.025,0,8,1,8,1,128,15968.0,15943.0,15968.0,15943.0,0.0249109375,0.0249109375,0.9984343687374749,2.0,13.582325,15.582325,2.0,13.582325,15.582325,5.247695,11.5682,10000.0,2000000000.0
vcs,transpose,8,0.06,0.03,0.03,0,8,1,8,1,128,19104.0,19069.0,19104.0,19069.0,0.0297953125,0.0297953125,0.9981679229480737,2.0,13.594053,15.594053,2.0,13.594053,15.594053,5.245057,13.8334,10000.0,2000000000.0
vcs,transpose,8,0.07,0.035,0.035,0,8,1,8,1,128,22259.0,22219.0,22259.0,22219.0,0.0347171875,0.0347171875,0.998202974077901,2.0,13.624781,15.624781,2.0,13.624781,15.624781,5.250461,16.129,10000.0,2000000000.0
vcs,transpose,8,0.08,0.04,0.04,0,8,1,8,1,128,25466.0,25421.0,25466.0,25421.0,0.0397203125,0.0397203125,0.9982329380350271,2.0,13.636324,15.636324,2.0,13.636324,15.636324,5.24645,18.4418,10000.0,2000000000.0
vcs,transpose,8,0.09,0.045,0.045,0,8,1,8,1,128,28697.0,28650.0,28697.0,28650.0,0.044765625,0.044765625,0.9983621981391783,2.0,13.637382,15.637382,2.0,13.637382,15.637382,5.237347,20.756,10000.0,2000000000.0
vcs,transpose,8,0.1,0.05,0.05,0,8,1,8,1,128,31948.0,31897.0,31948.0,31897.0,0.0498390625,0.0498390625,0.998403655940904,2.0,13.642662,15.642662,2.0,13.642662,15.642662,5.229395,23.0823,10000.0,2000000000.0
vcs,transpose,8,0.11,0.055,0.055,0,8,1,8,1,128,35122.0,35065.0,35122.0,35065.0,0.0547890625,0.0547890625,0.9983770855873811,2.0,13.666391,15.666391,2.0,13.666391,15.666391,5.230058,25.3773,10000.0,2000000000.0
vcs,transpose,8,0.12,0.06,0.06,0,8,1,8,1,128,38292.0,38230.0,38292.0,38230.0,0.059734375,0.059734375,0.9983808628434138,2.0,13.692179,15.692179,2.0,13.692179,15.692179,5.23118,27.6724,10000.0,2000000000.0
vcs,transpose,8,0.13,0.065,0.065,0,8,1,8,1,128,41433.0,41368.0,41433.0,41368.0,0.0646375,0.0646375,0.9984312021818358,2.0,13.701363,15.701363,2.0,13.701363,15.701363,5.223603,29.9118,10000.0,2000000000.0
vcs,transpose,8,0.14,0.07,0.07,0,8,1,8,1,128,44569.0,44500.0,44569.0,44500.0,0.06953125,0.06953125,0.9984518387219816,2.0,13.727213,15.727213,2.0,13.727213,15.727213,5.224404,32.1788,10000.0,2000000000.0
vcs,transpose,8,0.15,0.075,0.075,0,8,1,8,1,128,47760.0,47687.0,47760.0,47687.0,0.0745109375,0.0745109375,0.9984715242881071,2.0,13.761717,15.761717,2.0,13.761717,15.761717,5.227169,34.4973,10000.0,2000000000.0
vcs,transpose,8,0.16,0.08,0.08,0,8,1,8,1,128,50975.0,50894.0,50975.0,50894.0,0.079521875,0.079521875,0.9984109857773419,2.0,13.805733,15.805733,2.0,13.805733,15.805733,5.232365,36.846,10000.0,2000000000.0
vcs,transpose,8,0.17,0.085,0.085,0,8,1,8,1,128,54179.0,54093.0,54179.0,54093.0,0.0845203125,0.0845203125,0.9984126691153399,2.0,13.842142,15.842142,2.0,13.842142,15.842142,5.234984,39.1767,10000.0,2000000000.0
vcs,transpose,8,0.18,0.09,0.09,0,8,1,8,1,128,57392.0,57301.0,57392.0,57301.0,0.0895328125,0.0895328125,0.9984144131586283,2.0,13.879147,15.879147,2.0,13.879147,15.879147,5.233556,41.493,10000.0,2000000000.0
vcs,transpose,8,0.19,0.095,0.095,0,8,1,8,1,128,60619.0,60520.0,60619.0,60520.0,0.0945625,0.0945625,0.9983668486778073,2.0,13.927065,15.927065,2.0,13.927065,15.927065,5.234997,43.8339,10000.0,2000000000.0
vcs,transpose,8,0.2,0.1,0.1,0,8,1,8,1,128,63806.0,63702.0,63806.0,63702.0,0.099534375,0.099534375,0.9983700592420776,2.0,14.000377,16.000377,2.0,14.000377,16.000377,5.245455,46.2046,10000.0,2000000000.0
vcs,transpose,8,0.21,0.105,0.105,0,8,1,8,1,128,66989.0,66881.0,66989.0,66881.0,0.1045015625,0.1045015625,0.9983877950111212,2.0,14.055247,16.055247,2.0,14.055247,16.055247,5.243851,48.5,10000.0,2000000000.0
vcs,transpose,8,0.22,0.11,0.11,0,8,1,8,1,128,70137.0,70024.0,70137.0,70024.0,0.1094125,0.1094125,0.9983888675021744,2.0,14.120973,16.120973,2.0,14.120973,16.120973,5.24266,50.7697,10000.0,2000000000.0
vcs,transpose,8,0.23,0.115,0.115,0,8,1,8,1,128,73254.0,73135.0,73254.0,73135.0,0.1142734375,0.1142734375,0.9983755153302208,2.0,14.204512,16.204512,2.0,14.204512,16.204512,5.242278,53.0221,10000.0,2000000000.0
vcs,transpose,8,0.24,0.12,0.12,0,8,1,8,1,128,76496.0,76374.0,76496.0,76374.0,0.119334375,0.119334375,0.998405145367078,2.0,14.305235,16.305235,2.0,14.305235,16.305235,5.241103,55.3605,10000.0,2000000000.0
vcs,transpose,8,0.25,0.125,0.125,0,8,1,8,1,128,79713.0,79580.0,79713.0,79580.0,0.12434375,0.12434375,0.9983315143075784,2.0,14.455516,16.455516,2.0,14.455516,16.455516,5.243177,57.7047,10000.0,2000000000.0
vcs,transpose,8,0.26,0.13,0.13,0,8,1,8,1,128,82939.0,82805.0,82939.0,82805.0,0.1293828125,0.1293828125,0.9983843547667562,2.0,14.71003,16.71003,2.0,14.71003,16.71003,5.246374,60.0656,10000.0,2000000000.0
vcs,transpose,8,0.27,0.135,0.135,0,8,1,8,1,128,86166.0,86026.0,86166.0,86026.0,0.134415625,0.134415625,0.9983752292087367,2.0,15.242252,17.242252,2.0,15.242252,17.242252,5.248553,62.4184,10000.0,2000000000.0
vcs,transpose,8,0.28,0.14,0.14,0,8,1,8,1,128,89320.0,89151.0,89320.0,89151.0,0.1392984375,0.1392984375,0.9981079265562024,2.128546,17.196689,19.325235,2.128546,17.196689,19.325235,5.245168,64.6615,10000.0,2000000000.0
vcs,transpose,8,0.29,0.145,0.145,0,8,1,8,1,128,92463.0,92216.0,92463.0,92216.0,0.1440875,0.1440875,0.9973286611942074,6.829596,21.848096,28.677692,6.829596,21.848096,28.677692,5.22944,66.7563,10000.0,2000000000.0
vcs,transpose,8,0.3,0.15,0.15,0,8,1,8,1,128,94970.0,94719.0,94970.0,94719.0,0.1479984375,0.1479984375,0.9973570601242497,35.729526,24.924429,60.653955,35.729526,24.924429,60.653955,5.172204,68.0262,10000.0,2000000000.0
vcs,transpose,8,0.31,0.155,0.155,0,8,1,8,1,128,97445.0,97189.0,97445.0,97189.0,0.1518578125,0.1518578125,0.9973728770075427,55.014796,25.219366,80.234162,55.014796,25.219366,80.234162,5.118686,69.278,10000.0,2000000000.0
vcs,transpose,8,0.32,0.16,0.16,0,8,1,8,1,128,99952.0,99685.0,99952.0,99685.0,0.1557578125,0.1557578125,0.9973287177845366,66.54921,25.867252,92.416462,66.54921,25.867252,92.416462,5.065376,70.5272,10000.0,2000000000.0
vcs,transpose,8,0.33,0.165,0.165,0,8,1,8,1,128,102423.0,102124.0,102423.0,102124.0,0.15956875,0.15956875,0.9970807338195522,72.986183,27.928146,100.91433,72.986183,27.928146,100.91433,5.011535,71.7122,10000.0,2000000000.0
vcs,transpose,8,0.34,0.17,0.17,0,8,1,8,1,128,104632.0,104276.0,104632.0,104276.0,0.16293125,0.16293125,0.9965975992048322,93.499904,32.514184,126.014088,93.499904,32.514184,126.014088,4.953489,72.6222,10000.0,2000000000.0
vcs,transpose,8,0.35,0.175,0.175,0,8,1,8,1,128,106540.0,106184.0,106540.0,106184.0,0.1659125,0.1659125,0.996658532006758,121.638505,32.993577,154.632082,121.638505,32.993577,154.632082,4.885727,73.2272,10000.0,2000000000.0
vcs,transpose,8,0.36,0.18,0.18,0,8,1,8,1,128,108409.0,108045.0,108409.0,108045.0,0.1688203125,0.1688203125,0.9966423451927423,145.941339,32.994789,178.936128,145.941339,32.994789,178.936128,4.818863,73.7861,10000.0,2000000000.0
vcs,transpose,8,0.37,0.185,0.185,0,8,1,8,1,128,110300.0,109930.0,110300.0,109930.0,0.171765625,0.171765625,0.9966455122393473,163.623433,33.143382,196.766815,163.623433,33.143382,196.766815,4.754826,74.3672,10000.0,2000000000.0
vcs,transpose,8,0.38,0.19,0.19,0,8,1,8,1,128,112194.0,111814.0,112194.0,111814.0,0.174709375,0.174709375,0.996613009608357,174.31691,33.465997,207.782907,174.31691,33.465997,207.782907,4.691112,74.9299,10000.0,2000000000.0
vcs,transpose,8,0.39,0.195,0.195,0,8,1,8,1,128,114081.0,113697.0,114081.0,113697.0,0.1776515625,0.1776515625,0.9966339705998369,179.468121,34.263604,213.731726,179.468121,34.263604,213.731726,4.634968,75.5502,10000.0,2000000000.0
vcs,transpose,8,0.4,0.2,0.2,0,8,1,8,1,128,116026.0,115575.0,116026.0,115575.0,0.1805859375,0.1805859375,0.996112940203058,183.637733,36.374328,220.012061,183.637733,36.374328,220.012061,4.576491,76.1339,10000.0,2000000000.0
vcs,transpose,8,0.41,0.205,0.205,0,8,1,8,1,128,117604.0,117134.0,117604.0,117134.0,0.183021875,0.183021875,0.9960035372946499,207.52597,38.958483,246.484454,207.52597,38.958483,246.484454,4.515478,76.4453,10000.0,2000000000.0
vcs,transpose,8,0.42,0.21,0.21,0,8,1,8,1,128,119017.0,118542.0,119017.0,118542.0,0.185221875,0.185221875,0.9960089735079862,235.352162,38.950102,274.302264,235.352162,38.950102,274.302264,4.455535,76.654,10000.0,2000000000.0
vcs,transpose,8,0.43,0.215,0.215,0,8,1,8,1,128,120520.0,120044.0,120520.0,120044.0,0.18756875,0.18756875,0.9960504480584136,260.518268,39.028515,299.546783,260.518268,39.028515,299.546783,4.399387,76.9498,10000.0,2000000000.0
vcs,transpose,8,0.44,0.22,0.22,0,8,1,8,1,128,121940.0,121456.0,121940.0,121456.0,0.189775,0.189775,0.996030834836805,280.973908,38.945824,319.919732,280.973908,38.945824,319.919732,4.34065,77.1415,10000.0,2000000000.0
vcs,transpose,8,0.45,0.225,0.225,0,8,1,8,1,128,123292.0,122807.0,123292.0,122807.0,0.1918859375,0.1918859375,0.9960662492294715,296.067464,38.908507,334.97597,296.067464,38.908507,334.97597,4.284251,77.3069,10000.0,2000000000.0
vcs,transpose,8,0.46,0.23,0.23,0,8,1,8,1,128,124725.0,124236.0,124725.0,124236.0,0.19411875,0.19411875,0.9960793746241732,308.357932,38.901526,347.259458,308.357932,38.901526,347.259458,4.232026,77.553,10000.0,2000000000.0
vcs,transpose,8,0.47,0.235,0.235,0,8,1,8,1,128,126055.0,125557.0,126055.0,125557.0,0.1961828125,0.1961828125,0.996049343540518,315.716686,39.046322,354.763008,315.716686,39.046322,354.763008,4.177226,77.69,10000.0,2000000000.0
vcs,transpose,8,0.48,0.24,0.24,0,8,1,8,1,128,127393.0,126895.0,127393.0,126895.0,0.1982734375,0.1982734375,0.9960908370161626,319.584617,39.302573,358.88719,319.584617,39.302573,358.88719,4.123787,77.8368,10000.0,2000000000.0
vcs,transpose,8,0.49,0.245,0.245,0,8,1,8,1,128,128795.0,128263.0,128795.0,128263.0,0.2004109375,0.2004109375,0.9958694048682014,321.263911,39.879147,361.143058,321.263911,39.879147,361.143058,4.073692,78.0377,10000.0,2000000000.0
vcs,transpose,8,0.5,0.25,0.25,0,8,1,8,1,128,130133.0,129572.0,130133.0,129572.0,0.20245625,0.20245625,0.9956890258427916,328.22342,41.490438,369.713858,328.22342,41.490438,369.713858,4.026827,78.2286,10000.0,2000000000.0
router_latency,uniform_random,1,0.01,0.005,0.005,0,8,1,4,1,128,3165.0,3162.0,3165.0,3162.0,0.004940625,0.004940625,0.9990521327014218,2.0,13.557559,15.557559,2.0,13.557559,15.557559,5.26945,2.2996,10000.0,2000000000.0
router_latency,uniform_random,1,0.02,0.01,0.01,0,8,1,4,1,128,6387.0,6382.0,6387.0,6382.0,0.009971875,0.009971875,0.9992171598559574,2.0,13.579285,15.579285,2.0,13.579285,15.579285,5.271702,4.6424,10000.0,2000000000.0
router_latency,uniform_random,1,0.03,0.015,0.015,0,8,1,4,1,128,9483.0,9471.0,9483.0,9471.0,0.0147984375,0.0147984375,0.9987345776652958,2.0,13.614507,15.614507,2.0,13.614507,15.614507,5.280857,6.9031,10000.0,2000000000.0
router_latency,uniform_random,1,0.04,0.02,0.02,0,8,1,4,1,128,12618.0,12593.0,12618.0,12593.0,0.0196765625,0.0196765625,0.9980187034395308,2.0,13.560947,15.560947,2.0,13.560947,15.560947,5.24728,9.1395,10000.0,2000000000.0
router_latency,uniform_random,1,0.05,0.025,0.025,0,8,1,4,1,128,15980.0,15955.0,15980.0,15955.0,0.0249296875,0.0249296875,0.9984355444305382,2.0,13.526669,15.526669,2.0,13.526669,15.526669,5.221122,11.531,10000.0,2000000000.0
router_latency,uniform_random,1,0.06,0.03,0.03,0,8,1,4,1,128,19131.0,19109.0,19131.0,19109.0,0.0298578125,0.0298578125,0.9988500339762689,2.0,13.623738,15.623738,2.0,13.623738,15.623738,5.258779,13.8817,10000.0,2000000000.0
router_latency,uniform_random,1,0.07,0.035,0.035,0,8,1,4,1,128,22313.0,22280.0,22313.0,22280.0,0.0348125,0.0348125,0.9985210415452875,2.0,13.597756,15.597756,2.0,13.597756,15.597756,5.237522,16.1401,10000.0,2000000000.0
router_latency,uniform_random,1,0.08,0.04,0.04,0,8,1,4,1,128,25513.0,25486.0,25513.0,25486.0,0.039821875,0.039821875,0.9989417159879277,2.0,13.614298,15.614298,2.0,13.614298,15.614298,5.236169,18.4528,10000.0,2000000000.0
router_latency,uniform_random,1,0.09,0.045,0.045,0,8,1,4,1,128,28723.0,28679.0,28723.0,28679.0,0.0448109375,0.0448109375,0.9984681265884483,2.0,13.644269,15.644269,2.0,13.644269,15.644269,5.242547,20.7916,10000.0,2000000000.0
router_latency,uniform_random,1,0.1,0.05,0.05,0,8,1,4,1,128,31970.0,31919.0,31970.0,31919.0,0.0498734375,0.0498734375,0.9984047544573037,2.0,13.711394,15.711394,2.0,13.711394,15.711394,5.266832,23.2156,10000.0,2000000000.0
router_latency,uniform_random,1,0.11,0.055,0.055,0,8,1,4,1,128,35150.0,35109.0,35150.0,35109.0,0.0548578125,0.0548578125,0.9988335704125177,2.0,13.705261,15.705261,2.0,13.705261,15.705261,5.253468,25.4829,10000.0,2000000000.0
router_latency,uniform_random,1,0.12,0.06,0.06,0,8,1,4,1,128,38312.0,38245.0,38312.0,38245.0,0.0597578125,0.0597578125,0.998251200668198,2.0,13.728592,15.728592,2.0,13.728592,15.728592,5.257289,27.7862,10000.0,2000000000.0
router_latency,uniform_random,1,0.13,0.065,0.065,0,8,1,4,1,128,41441.0,41382.0,41441.0,41382.0,0.064659375,0.064659375,0.9985762891822109,2.0,13.700353,15.700353,2.0,13.700353,15.700353,5.232396,29.9574,10000.0,2000000000.0
router_latency,uniform_random,1,0.14,0.07,0.07,0,8,1,4,1,128,44515.0,44455.0,44515.0,44455.0,0.0694609375,0.0694609375,0.9986521397281816,2.0,13.753414,15.753414,2.0,13.753414,15.753414,5.250995,32.2631,10000.0,2000000000.0
router_latency,uniform_random,1,0.15,0.075,0.075,0,8,1,4,1,128,47716.0,47649.0,47716.0,47649.0,0.0744515625,0.0744515625,0.9985958588314192,2.0,13.745934,15.745934,2.0,13.745934,15.745934,5.241327,34.5318,10000.0,2000000000.0
router_latency,uniform_random,1,0.16,0.08,0.08,0,8,1,4,1,128,50920.0,50840.0,50920.0,50840.0,0.0794375,0.0794375,0.9984289080911233,2.0,13.812077,15.812077,2.0,13.812077,15.812077,5.2631,36.9628,10000.0,2000000000.0
router_latency,uniform_random,1,0.17,0.085,0.085,0,8,1,4,1,128,54190.0,54109.0,54190.0,54109.0,0.0845453125,0.0845453125,0.9985052592729285,2.0,13.813913,15.813913,2.0,13.813913,15.813913,5.255041,39.2979,10000.0,2000000000.0
router_latency,uniform_random,1,0.18,0.09,0.09,0,8,1,4,1,128,57428.0,57352.0,57428.0,57352.0,0.0896125,0.0896125,0.9986766037473009,2.0,13.827853,15.827853,2.0,13.827853,15.827853,5.252999,41.6291,10000.0,2000000000.0
router_latency,uniform_random,1,0.19,0.095,0.095,0,8,1,4,1,128,60683.0,60581.0,60683.0,60581.0,0.0946578125,0.0946578125,0.9983191338595653,2.0,13.869778,15.869778,2.0,13.869778,15.869778,5.26373,44.052,10000.0,2000000000.0
router_latency,uniform_random,1,0.2,0.1,0.1,0,8,1,4,1,128,63801.0,63702.0,63801.0,63702.0,0.099534375,0.099534375,0.9984483001833827,2.0,13.890302,15.890302,2.0,13.890302,15.890302,5.264277,46.3196,10000.0,2000000000.0
router_latency,uniform_random,1,0.21,0.105,0.105,0,8,1,4,1,128,67103.0,67011.0,67103.0,67011.0,0.1047046875,0.1047046875,0.9986289733692979,2.0,13.892167,15.892167,2.0,13.892167,15.892167,5.254093,48.6481,10000.0,2000000000.0
router_latency,uniform_random,1,0.22,0.11,0.11,0,8,1,4,1,128,70205.0,70106.0,70205.0,70106.0,0.109540625,0.109540625,0.9985898440282032,2.0,13.869141,15.869141,2.0,13.869141,15.869141,5.231507,50.7419,10000.0,2000000000.0
router_latency,uniform_random,1,0.23,0.115,0.115,0,8,1,4,1,128,73295.0,73185.0,73295.0,73185.0,0.1143515625,0.1143515625,0.9984992154990109,2.0,13.925381,15.925381,2.0,13.925381,15.925381,5.248671,53.0986,10000.0,2000000000.0
router_latency,uniform_random,1,0.24,0.12,0.12,0,8,1,4,1,128,76649.0,76545.0,76649.0,76545.0,0.1196015625,0.1196015625,0.9986431655990293,2.0,13.946528,15.946528,2.0,13.946528,15.946528,5.247959,55.5217,10000.0,2000000000.0
router_latency,uniform_random,1,0.25,0.125,0.125,0,8,1,4,1,128,79865.0,79728.0,79865.0,79728.0,0.124575,0.124575,0.9982846052713955,2.0,13.979919,15.979919,2.0,13.979919,15.979919,5.256108,57.9146,10000.0,2000000000.0
router_latency,uniform_random,1,0.26,0.13,0.13,0,8,1,4,1,128,83161.0,83030.0,83161.0,83030.0,0.129734375,0.129734375,0.9984247423672155,2.0,13.971902,15.971902,2.0,13.971902,15.971902,5.241973,60.1872,10000.0,2000000000.0
router_latency,uniform_random,1,0.27,0.135,0.135,0,8,1,4,1,128,86362.0,86233.0,86362.0,86233.0,0.1347390625,0.1347390625,0.9985062874875524,2.0,14.010448,16.010448,2.0,14.010448,16.010448,5.248374,62.5649,10000.0,2000000000.0
router_latency,uniform_random,1,0.28,0.14,0.14,0,8,1,4,1,128,89543.0,89406.0,89543.0,89406.0,0.139696875,0.139696875,0.9984700088225769,2.0,14.026106,16.026106,2.0,14.026106,16.026106,5.246068,64.8424,10000.0,2000000000.0
router_latency,uniform_random,1,0.29,0.145,0.145,0,8,1,4,1,128,92816.0,92670.0,92816.0,92670.0,0.144796875,0.144796875,0.9984269953456301,2.0,14.066645,16.066645,2.0,14.066645,16.066645,5.252563,67.2784,10000.0,2000000000.0
router_latency,uniform_random,1,0.3,0.15,0.15,0,8,1,4,1,128,96060.0,95916.0,96060.0,95916.0,0.14986875,0.14986875,0.9985009369144284,2.0,14.106958,16.106958,2.0,14.106958,16.106958,5.259592,69.6959,10000.0,2000000000.0
router_latency,uniform_random,1,0.31,0.155,0.155,0,8,1,4,1,128,99232.0,99095.0,99232.0,99095.0,0.1548359375,0.1548359375,0.9986193969687198,2.0,14.110056,16.110056,2.0,14.110056,16.110056,5.248711,71.8869,10000.0,2000000000.0
router_latency,uniform_random,1,0.32,0.16,0.16,0,8,1,4,1,128,102412.0,102256.0,102412.0,102256.0,0.159775,0.159775,0.9984767410069133,2.0,14.161135,16.161135,2.0,14.161135,16.161135,5.260718,74.314,10000.0,2000000000.0
router_latency,uniform_random,1,0.33,0.165,0.165,0,8,1,4,1,128,105628.0,105459.0,105628.0,105459.0,0.1647796875,0.1647796875,0.9984000454424963,2.0,14.147527,16.147527,2.0,14.147527,16.147527,5.239354,76.4231,10000.0,2000000000.0
router_latency,uniform_random,1,0.34,0.17,0.17,0,8,1,4,1,128,108817.0,108636.0,108817.0,108636.0,0.16974375,0.16974375,0.9983366569561741,2.0,14.181505,16.181505,2.0,14.181505,16.181505,5.241715,78.7566,10000.0,2000000000.0
router_latency,uniform_random,1,0.35,0.175,0.175,0,8,1,4,1,128,111998.0,111839.0,111998.0,111839.0,0.1747484375,0.1747484375,0.9985803317916392,2.0,14.199984,16.199984,2.0,14.199984,16.199984,5.24132,81.0546,10000.0,2000000000.0
router_latency,uniform_random,1,0.36,0.18,0.18,0,8,1,4,1,128,115134.0,114954.0,115134.0,114954.0,0.179615625,0.179615625,0.9984366043045495,2.0,14.257625,16.257625,2.0,14.257625,16.257625,5.250135,83.4185,10000.0,2000000000.0
router_latency,uniform_random,1,0.37,0.185,0.185,0,8,1,4,1,128,118176.0,118001.0,118176.0,118001.0,0.1843765625,0.1843765625,0.9985191578662335,2.0,14.282803,16.282803,2.0,14.282803,16.282803,5.248167,85.6051,10000.0,2000000000.0
router_latency,uniform_random,1,0.38,0.19,0.19,0,8,1,4,1,128,121411.0,121207.0,121411.0,121207.0,0.1893859375,0.1893859375,0.9983197568589337,2.0,14.321483,16.321483,2.0,14.321483,16.321483,5.252527,87.9999,10000.0,2000000000.0
router_latency,uniform_random,1,0.39,0.195,0.195,0,8,1,4,1,128,124573.0,124367.0,124573.0,124367.0,0.1943234375,0.1943234375,0.9983463511354788,2.0,14.325159,16.325159,2.0,14.325159,16.325159,5.235287,90.0742,10000.0,2000000000.0
router_latency,uniform_random,1,0.4,0.2,0.2,0,8,1,4,1,128,127850.0,127645.0,127850.0,127645.0,0.1994453125,0.1994453125,0.9983965584669534,2.0,14.393482,16.393482,2.0,14.393482,16.393482,5.24518,92.5788,10000.0,2000000000.0
router_latency,uniform_random,1,0.41,0.205,0.205,0,8,1,4,1,128,130940.0,130735.0,130940.0,130735.0,0.2042734375,0.2042734375,0.9984343974339392,2.0,14.421945,16.421945,2.0,14.421945,16.421945,5.24116,94.761,10000.0,2000000000.0
router_latency,uniform_random,1,0.42,0.21,0.21,0,8,1,4,1,128,134152.0,133956.0,134152.0,133956.0,0.20930625,0.20930625,0.9985389707197806,2.0,14.492393,16.492393,2.0,14.492393,16.492393,5.254419,97.2663,10000.0,2000000000.0
router_latency,uniform_random,1,0.43,0.215,0.215,0,8,1,4,1,128,137408.0,137192.0,137408.0,137192.0,0.2143625,0.2143625,0.9984280391243596,2.000007,14.55235,16.552357,2.000007,14.55235,16.552357,5.260299,99.6966,10000.0,2000000000.0
router_latency,uniform_random,1,0.44,0.22,0.22,0,8,1,4,1,128,140661.0,140451.0,140661.0,140451.0,0.2194546875,0.2194546875,0.9985070488621579,2.0,14.567664,16.567664,2.0,14.567664,16.567664,5.250009,101.9198,10000.0,2000000000.0
router_latency,uniform_random,1,0.45,0.225,0.225,0,8,1,4,1,128,143788.0,143576.0,143788.0,143576.0,0.2243375,0.2243375,0.9985256071438506,2.0,14.614727,16.614727,2.0,14.614727,16.614727,5.251936,104.2168,10000.0,2000000000.0
router_latency,uniform_random,1,0.46,0.23,0.23,0,8,1,4,1,128,146960.0,146737.0,146960.0,146737.0,0.2292765625,0.2292765625,0.9984825802939575,2.000061,14.680878,16.680939,2.000061,14.680878,16.680939,5.252874,106.5255,10000.0,2000000000.0
router_latency,uniform_random,1,0.47,0.235,0.235,0,8,1,4,1,128,150117.0,149898.0,150117.0,149898.0,0.234215625,0.234215625,0.9985411379124283,2.000013,14.721898,16.721911,2.000013,14.721898,16.721911,5.248282,108.7456,10000.0,2000000000.0
router_latency,uniform_random,1,0.48,0.24,0.24,0,8,1,4,1,128,153229.0,152997.0,153229.0,152997.0,0.2390578125,0.2390578125,0.9984859262933257,2.000052,14.799512,16.799565,2.000052,14.799512,16.799565,5.25209,111.0577,10000.0,2000000000.0
router_latency,uniform_random,1,0.49,0.245,0.245,0,8,1,4,1,128,156386.0,156147.0,156386.0,156147.0,0.2439796875,0.2439796875,0.9984717302060286,2.000026,14.867106,16.867132,2.000026,14.867106,16.867132,5.255535,113.3949,10000.0,2000000000.0
router_latency,uniform_random,1,0.5,0.25,0.25,0,8,1,4,1,128,159529.0,159305.0,159529.0,159305.0,0.2489140625,0.2489140625,0.9985958665822515,2.00005,14.905213,16.905263,2.00005,14.905213,16.905263,5.248122,115.5665,10000.0,2000000000.0
router_latency,uniform_random,2,0.01,0.005,0.005,0,8,1,4,2,128,3165.0,3162.0,3165.0,3162.0,0.004940625,0.004940625,0.9990521327014218,2.0,19.819102,21.819102,2.0,19.819102,21.819102,5.26945,2.2992,10000.0,2000000000.0
router_latency,uniform_random,2,0.02,0.01,0.01,0,8,1,4,2,128,6387.0,6378.0,6387.0,6378.0,0.009965625,0.009965625,0.9985908877407234,2.0,19.826748,21.826748,2.0,19.826748,21.826748,5.270147,4.6412,10000.0,2000000000.0
router_latency,uniform_random,2,0.03,0.015,0.015,0,8,1,4,2,128,9483.0,9469.0,9483.0,9469.0,0.0147953125,0.0147953125,0.9985236739428451,2.0,19.865033,21.865033,2.0,19.865033,21.865033,5.280072,6.9001,10000.0,2000000000.0
router_latency,uniform_random,2,0.04,0.02,0.02,0,8,1,4,2,128,12618.0,12584.0,12618.0,12584.0,0.0196625,0.0196625,0.997305436677762,2.0,19.770423,21.770423,2.0,19.770423,21.770423,5.246424,9.1341,10000.0,2000000000.0
router_latency,uniform_random,2,0.05,0.025,0.025,0,8,1,4,2,128,15980.0,15946.0,15980.0,15946.0,0.024915625,0.024915625,0.997872340425532,2.0,19.703499,21.703499,2.0,19.703499,21.703499,5.220494,11.5265,10000.0,2000000000.0
router_latency,uniform_random,2,0.06,0.03,0.03,0,8,1,4,2,128,19131.0,19098.0,19131.0,19098.0,0.029840625,0.029840625,0.9982750509644033,2.0,19.828045,21.828045,2.0,19.828045,21.828045,5.257514,13.8769,10000.0,2000000000.0
router_latency,uniform_random,2,0.07,0.035,0.035,0,8,1,4,2,128,22313.0,22259.0,22313.0,22259.0,0.0347796875,0.0347796875,0.9975798861650159,2.0,19.768858,21.768858,2.0,19.768858,21.768858,5.236534,16.1324,10000.0,2000000000.0
router_latency,uniform_random,2,0.08,0.04,0.04,0,8,1,4,2,128,25513.0,25474.0,25513.0,25474.0,0.039803125,0.039803125,0.9984713675381178,2.0,19.780835,21.780835,2.0,19.780835,21.780835,5.235652,18.4486,10000.0,2000000000.0
router_latency,uniform_random,2,0.09,0.045,0.045,0,8,1,4,2,128,28723.0,28665.0,28723.0,28665.0,0.0447890625,0.0447890625,0.9979807123211364,2.0,19.809454,21.809454,2.0,19.809454,21.809454,5.242107,20.7834,10000.0,2000000000.0
router_latency,uniform_random,2,0.1,0.05,0.05,0,8,1,4,2,128,31970.0,31904.0,31970.0,31904.0,0.04985,0.04985,0.9979355645918048,2.0,19.894496,21.894496,2.0,19.894496,21.894496,5.266174,23.2073,10000.0,2000000000.0
router_latency,uniform_random,2,0.11,0.055,0.055,0,8,1,4,2,128,35150.0,35092.0,35150.0,35092.0,0.05483125,0.05483125,0.9983499288762446,2.0,19.872962,21.872962,2.0,19.872962,21.872962,5.253249,25.4754,10000.0,2000000000.0
router_latency,uniform_random,2,0.12,0.06,0.06,0,8,1,4,2,128,38312.0,38224.0,38312.0,38224.0,0.059725,0.059725,0.9977030695343495,2.0,19.893156,21.893156,2.0,19.893156,21.893156,5.256828,27.7742,10000.0,2000000000.0
router_latency,uniform_random,2,0.13,0.065,0.065,0,8,1,4,2,128,41441.0,41361.0,41441.0,41361.0,0.0646265625,0.0646265625,0.9980695446538452,2.0,19.829501,21.829501,2.0,19.829501,21.829501,5.231547,29.9454,10000.0,2000000000.0
router_latency,uniform_random,2,0.14,0.07,0.07,0,8,1,4,2,128,44515.0,44434.0,44515.0,44434.0,0.069428125,0.069428125,0.998180388633045,2.0,19.899514,21.899514,2.0,19.899514,21.899514,5.250506,32.2511,10000.0,2000000000.0
router_latency,uniform_random,2,0.15,0.075,0.075,0,8,1,4,2,128,47716.0,47621.0,47716.0,47621.0,0.0744078125,0.0744078125,0.9980090535669377,2.0,19.881502,21.881502,2.0,19.881502,21.881502,5.240482,34.5197,10000.0,2000000000.0
router_latency,uniform_random,2,0.16,0.08,0.08,0,8,1,4,2,128,50920.0,50819.0,50920.0,50819.0,0.0794046875,0.0794046875,0.9980164964650432,2.0,19.96212,21.96212,2.0,19.96212,21.96212,5.262795,36.9481,10000.0,2000000000.0
router_latency,uniform_random,2,0.17,0.085,0.085,0,8,1,4,2,128,54190.0,54078.0,54190.0,54078.0,0.084496875,0.084496875,0.9979331980070124,2.0,19.953844,21.953844,2.0,19.953844,21.953844,5.254003,39.2802,10000.0,2000000000.0
router_latency,uniform_random,2,0.18,0.09,0.09,0,8,1,4,2,128,57428.0,57317.0,57428.0,57317.0,0.0895578125,0.0895578125,0.9980671449467159,2.0,19.962524,21.962524,2.0,19.962524,21.962524,5.252438,41.6157,10000.0,2000000000.0
router_latency,uniform_random,2,0.19,0.095,0.095,0,8,1,4,2,128,60683.0,60554.0,60683.0,60554.0,0.094615625,0.094615625,0.9978741987047444,2.0,20.013575,22.013575,2.0,20.013575,22.013575,5.263599,44.035,10000.0,2000000000.0
router_latency,uniform_random,2,0.2,0.1,0.1,0,8,1,4,2,128,63801.0,63671.0,63801.0,63671.0,0.0994859375,0.0994859375,0.9979624143822197,2.0,20.033139,22.033139,2.0,20.033139,22.033139,5.263778,46.3016,10000.0,2000000000.0
router_latency,uniform_random,2,0.21,0.105,0.105,0,8,1,4,2,128,67103.0,66972.0,67103.0,66972.0,0.10464375,0.10464375,0.9980477772975873,2.0,20.019769,22.019769,2.0,20.019769,22.019769,5.253061,48.6307,10000.0,2000000000.0
router_latency,uniform_random,2,0.22,0.11,0.11,0,8,1,4,2,128,70205.0,70062.0,70205.0,70062.0,0.109471875,0.109471875,0.9979631080407378,2.0,19.974009,21.974009,2.0,19.974009,21.974009,5.230581,50.7223,10000.0,2000000000.0
router_latency,uniform_random,2,0.23,0.115,0.115,0,8,1,4,2,128,73295.0,73150.0,73295.0,73150.0,0.114296875,0.114296875,0.998021693157787,2.0,20.043705,22.043705,2.0,20.043705,22.043705,5.248066,53.0796,10000.0,2000000000.0
router_latency,uniform_random,2,0.24,0.12,0.12,0,8,1,4,2,128,76649.0,76499.0,76649.0,76499.0,0.1195296875,0.1195296875,0.9980430273062924,2.0,20.065661,22.065661,2.0,20.065661,22.065661,5.247467,55.5023,10000.0,2000000000.0
router_latency,uniform_random,2,0.25,0.125,0.125,0,8,1,4,2,128,79865.0,79680.0,79865.0,79680.0,0.1245,0.1245,0.9976835910599136,2.000025,20.111973,22.111998,2.000025,20.111973,22.111998,5.255422,57.8895,10000.0,2000000000.0
router_latency,uniform_random,2,0.26,0.13,0.13,0,8,1,4,2,128,83161.0,82995.0,83161.0,82995.0,0.1296796875,0.1296796875,0.9980038720073111,2.0,20.087596,22.087596,2.0,20.087596,22.087596,5.241207,60.166,10000.0,2000000000.0
router_latency,uniform_random,2,0.27,0.135,0.135,0,8,1,4,2,128,86362.0,86189.0,86362.0,86189.0,0.1346703125,0.1346703125,0.9979968041499734,2.0,20.149926,22.149926,2.0,20.149926,22.149926,5.247839,62.5406,10000.0,2000000000.0
router_latency,uniform_random,2,0.28,0.14,0.14,0,8,1,4,2,128,89543.0,89334.0,89543.0,89334.0,0.139584375,0.139584375,0.9976659258680187,2.0,20.156413,22.156413,2.0,20.156413,22.156413,5.245024,64.8146,10000.0,2000000000.0
router_latency,uniform_random,2,0.29,0.145,0.145,0,8,1,4,2,128,92816.0,92613.0,92816.0,92613.0,0.1447078125,0.1447078125,0.9978128770901569,2.0,20.206105,22.206105,2.0,20.206105,22.206105,5.251768,67.2505,10000.0,2000000000.0
router_latency,uniform_random,2,0.3,0.15,0.15,0,8,1,4,2,128,96060.0,95853.0,96060.0,95853.0,0.1497703125,0.1497703125,0.997845096814491,2.0,20.267639,22.267639,2.0,20.267639,22.267639,5.25849,69.6681,10000.0,2000000000.0
router_latency,uniform_random,2,0.31,0.155,0.155,0,8,1,4,2,128,99232.0,99043.0,99232.0,99043.0,0.1547546875,0.1547546875,0.9980953724604966,2.0,20.263986,22.263986,2.0,20.263986,22.263986,5.248024,71.8634,10000.0,2000000000.0
router_latency,uniform_random,2,0.32,0.16,0.16,0,8,1,4,2,128,102412.0,102197.0,102412.0,102197.0,0.1596828125,0.1596828125,0.9979006366441433,2.0,20.340245,22.340245,2.0,20.340245,22.340245,5.260037,74.2857,10000.0,2000000000.0
router_latency,uniform_random,2,0.33,0.165,0.165,0,8,1,4,2,128,105628.0,105410.0,105628.0,105410.0,0.164703125,0.164703125,0.9979361532926876,2.0,20.31442,22.31442,2.0,20.31442,22.31442,5.238753,76.3947,10000.0,2000000000.0
router_latency,uniform_random,2,0.34,0.17,0.17,0,8,1,4,2,128,108817.0,108567.0,108817.0,108567.0,0.1696359375,0.1696359375,0.9977025648565941,2.000018,20.365277,22.365295,2.000018,20.365277,22.365295,5.241261,78.7241,10000.0,2000000000.0
router_latency,uniform_random,2,0.35,0.175,0.175,0,8,1,4,2,128,111998.0,111769.0,111998.0,111769.0,0.1746390625,0.1746390625,0.9979553206307256,2.0,20.381582,22.381582,2.0,20.381582,22.381582,5.240478,81.027,10000.0,2000000000.0
router_latency,uniform_random,2,0.36,0.18,0.18,0,8,1,4,2,128,115134.0,114882.0,115134.0,114882.0,0.179503125,0.179503125,0.9978112460263693,2.000009,20.470805,22.470814,2.000009,20.470805,22.470814,5.249247,83.3855,10000.0,2000000000.0
router_latency,uniform_random,2,0.37,0.185,0.185,0,8,1,4,2,128,118176.0,117927.0,118176.0,117927.0,0.1842609375,0.1842609375,0.9978929731925265,2.000025,20.515802,22.515828,2.000025,20.515802,22.515828,5.247577,85.5734,10000.0,2000000000.0
router_latency,uniform_random,2,0.38,0.19,0.19,0,8,1,4,2,128,121411.0,121126.0,121411.0,121126.0,0.189259375,0.189259375,0.9976526014940985,2.000074,20.580173,22.580247,2.000074,20.580173,22.580247,5.251911,87.9619,10000.0,2000000000.0
router_latency,uniform_random,2,0.39,0.195,0.195,0,8,1,4,2,128,124573.0,124295.0,124573.0,124295.0,0.1942109375,0.1942109375,0.9977683767750636,2.0,20.578953,22.578953,2.0,20.578953,22.578953,5.234659,90.039,10000.0,2000000000.0
router_latency,uniform_random,2,0.4,0.2,0.2,0,8,1,4,2,128,127850.0,127578.0,127850.0,127578.0,0.199340625,0.199340625,0.9978725068439578,2.0,20.70045,22.70045,2.0,20.70045,22.70045,5.244501,92.5418,10000.0,2000000000.0
router_latency,uniform_random,2,0.41,0.205,0.205,0,8,1,4,2,128,130940.0,130661.0,130940.0,130661.0,0.2041578125,0.2041578125,0.9978692530930197,2.000015,20.739639,22.739655,2.000015,20.739639,22.739655,5.240263,94.7223,10000.0,2000000000.0
router_latency,uniform_random,2,0.42,0.21,0.21,0,8,1,4,2,128,134152.0,133860.0,134152.0,133860.0,0.20915625,0.20915625,0.9978233645417138,2.000239,20.859286,22.859525,2.000239,20.859286,22.859525,5.253459,97.2254,10000.0,2000000000.0
router_latency,uniform_random,2,0.43,0.215,0.215,0,8,1,4,2,128,137408.0,137109.0,137408.0,137109.0,0.2142328125,0.2142328125,0.9978239986027014,2.000204,20.984137,22.984341,2.000204,20.984137,22.984341,5.259691,99.6589,10000.0,2000000000.0
router_latency,uniform_random,2,0.44,0.22,0.22,0,8,1,4,2,128,140661.0,140361.0,140661.0,140361.0,0.2193140625,0.2193140625,0.9978672126602256,2.001332,21.035038,23.036371,2.001332,21.035038,23.036371,5.249051,101.8808,10000.0,2000000000.0
router_latency,uniform_random,2,0.45,0.225,0.225,0,8,1,4,2,128,143788.0,143473.0,143788.0,143473.0,0.2241765625,0.2241765625,0.9978092747656272,2.003603,21.180564,23.184167,2.003603,21.180564,23.184167,5.251058,104.1746,10000.0,2000000000.0
router_latency,uniform_random,2,0.46,0.23,0.23,0,8,1,4,2,128,146960.0,146644.0,146960.0,146644.0,0.22913125,0.22913125,0.9978497550353838,2.002666,21.319358,23.322025,2.002666,21.319358,23.322025,5.251937,106.4834,10000.0,2000000000.0
router_latency,uniform_random,2,0.47,0.235,0.235,0,8,1,4,2,128,150117.0,149796.0,150117.0,149796.0,0.23405625,0.23405625,0.9978616678990387,2.003391,21.393662,23.397053,2.003391,21.393662,23.397053,5.247376,108.7001,10000.0,2000000000.0
router_latency,uniform_random,2,0.48,0.24,0.24,0,8,1,4,2,128,153229.0,152899.0,153229.0,152899.0,0.2389046875,0.2389046875,0.9978463606758512,2.005474,21.598192,23.603666,2.005474,21.598192,23.603666,5.251264,111.0151,10000.0,2000000000.0
router_latency,uniform_random,2,0.49,0.245,0.245,0,8,1,4,2,128,156386.0,156054.0,156386.0,156054.0,0.243834375,0.243834375,0.9978770478175796,2.006075,21.788426,23.794501,2.006075,21.788426,23.794501,5.255021,113.3516,10000.0,2000000000.0
router_latency,uniform_random,2,0.5,0.25,0.25,0,8,1,4,2,128,159529.0,159193.0,159529.0,159193.0,0.2487390625,0.2487390625,0.9978937998733772,2.022872,22.009862,24.032734,2.022872,22.009862,24.032734,5.247033,115.5169,10000.0,2000000000.0
router_latency,uniform_random,4,0.01,0.005,0.005,0,8,1,4,4,128,3165.0,3157.0,3165.0,3157.0,0.0049328125,0.0049328125,0.9974723538704582,2.0,32.348432,34.348432,2.0,32.348432,34.348432,5.267976,2.2979,10000.0,2000000000.0
router_latency,uniform_random,4,0.02,0.01,0.01,0,8,1,4,4,128,6387.0,6371.0,6387.0,6371.0,0.0099546875,0.0099546875,0.9974949115390638,2.0,32.358342,34.358342,2.0,32.358342,34.358342,5.268875,4.638,10000.0,2000000000.0
router_latency,uniform_random,4,0.03,0.015,0.015,0,8,1,4,4,128,9483.0,9457.0,9483.0,9457.0,0.0147765625,0.0147765625,0.9972582516081409,2.0,32.422121,34.422121,2.0,32.422121,34.422121,5.278947,6.8957,10000.0,2000000000.0
router_latency,uniform_random,4,0.04,0.02,0.02,0,8,1,4,4,128,12618.0,12562.0,12618.0,12562.0,0.019628125,0.019628125,0.995561895704549,2.0,32.252189,34.252189,2.0,32.252189,34.252189,5.24391,9.1251,10000.0,2000000000.0
router_latency,uniform_random,4,0.05,0.025,0.025,0,8,1,4,4,128,15980.0,15923.0,15980.0,15923.0,0.0248796875,0.0248796875,0.996433041301627,2.0,32.137223,34.137223,2.0,32.137223,34.137223,5.218552,11.5183,10000.0,2000000000.0
router_latency,uniform_random,4,0.06,0.03,0.03,0,8,1,4,4,128,19131.0,19076.0,19131.0,19076.0,0.02980625,0.02980625,0.9971250849406722,2.0,32.336811,34.336811,2.0,32.336811,34.336811,5.255819,13.8673,10000.0,2000000000.0
router_latency,uniform_random,4,0.07,0.035,0.035,0,8,1,4,4,128,22313.0,22231.0,22313.0,22231.0,0.0347359375,0.0347359375,0.9963250123246538,2.0,32.243264,34.243264,2.0,32.243264,34.243264,5.235167,16.1196,10000.0,2000000000.0
router_latency,uniform_random,4,0.08,0.04,0.04,0,8,1,4,4,128,25513.0,25434.0,25513.0,25434.0,0.039740625,0.039740625,0.9969035393720849,2.0,32.248644,34.248644,2.0,32.248644,34.248644,5.234882,18.4359,10000.0,2000000000.0
router_latency,uniform_random,4,0.09,0.045,0.045,0,8,1,4,4,128,28723.0,28636.0,28723.0,28636.0,0.04474375,0.04474375,0.9969710684817046,2.0,32.296829,34.296829,2.0,32.296829,34.296829,5.24099,20.7707,10000.0,2000000000.0
router_latency,uniform_random,4,0.1,0.05,0.05,0,8,1,4,4,128,31970.0,31877.0,31970.0,31877.0,0.0498078125,0.0498078125,0.9970910228339068,2.0,32.434702,34.434702,2.0,32.434702,34.434702,5.265521,23.1938,10000.0,2000000000.0
router_latency,uniform_random,4,0.11,0.055,0.055,0,8,1,4,4,128,35150.0,35045.0,35150.0,35045.0,0.0547578125,0.0547578125,0.9970128022759601,2.0,32.385932,34.385932,2.0,32.385932,34.385932,5.251705,25.46,10000.0,2000000000.0
router_latency,uniform_random,4,0.12,0.06,0.06,0,8,1,4,4,128,38312.0,38180.0,38312.0,38180.0,0.05965625,0.05965625,0.9965546043015243,2.0,32.419382,34.419382,2.0,32.419382,34.419382,5.256338,27.7541,10000.0,2000000000.0
router_latency,uniform_random,4,0.13,0.065,0.065,0,8,1,4,4,128,41441.0,41310.0,41441.0,41310.0,0.064546875,0.064546875,0.9968388793706715,2.000048,32.306923,34.306972,2.000048,32.306923,34.306972,5.229726,29.9227,10000.0,2000000000.0
router_latency,uniform_random,4,0.14,0.07,0.07,0,8,1,4,4,128,44515.0,44374.0,44515.0,44374.0,0.069334375,0.069334375,0.9968325283612266,2.000023,32.428494,34.428517,2.000023,32.428494,34.428517,5.248997,32.2295,10000.0,2000000000.0
router_latency,uniform_random,4,0.15,0.075,0.075,0,8,1,4,4,128,47716.0,47566.0,47716.0,47566.0,0.074321875,0.074321875,0.996856400368849,2.0,32.397174,34.397174,2.0,32.397174,34.397174,5.239289,34.4968,10000.0,2000000000.0
router_latency,uniform_random,4,0.16,0.08,0.08,0,8,1,4,4,128,50920.0,50757.0,50920.0,50757.0,0.0793078125,0.0793078125,0.9967989002356638,2.0,32.537463,34.537463,2.0,32.537463,34.537463,5.26091,36.9239,10000.0,2000000000.0
router_latency,uniform_random,4,0.17,0.085,0.085,0,8,1,4,4,128,54190.0,53999.0,54190.0,53999.0,0.0843734375,0.0843734375,0.9964753644583871,2.0,32.512454,34.512454,2.0,32.512454,34.512454,5.252171,39.2479,10000.0,2000000000.0
router_latency,uniform_random,4,0.18,0.09,0.09,0,8,1,4,4,128,57428.0,57255.0,57428.0,57255.0,0.0894609375,0.0894609375,0.9969875322142508,2.000087,32.543551,34.543638,2.000087,32.543551,34.543638,5.251052,41.5889,10000.0,2000000000.0
router_latency,uniform_random,4,0.19,0.095,0.095,0,8,1,4,4,128,60683.0,60485.0,60683.0,60485.0,0.0945078125,0.0945078125,0.9967371421979797,2.000132,32.641961,34.642093,2.000132,32.641961,34.642093,5.262594,44.0078,10000.0,2000000000.0
router_latency,uniform_random,4,0.2,0.1,0.1,0,8,1,4,4,128,63801.0,63596.0,63801.0,63596.0,0.09936875,0.09936875,0.9967868842181157,2.000063,32.677338,34.677401,2.000063,32.677338,34.677401,5.262532,46.2708,10000.0,2000000000.0
router_latency,uniform_random,4,0.21,0.105,0.105,0,8,1,4,4,128,67103.0,66885.0,67103.0,66885.0,0.1045078125,0.1045078125,0.9967512629837713,2.000269,32.666383,34.666652,2.000269,32.666383,34.666652,5.251447,48.5951,10000.0,2000000000.0
router_latency,uniform_random,4,0.22,0.11,0.11,0,8,1,4,4,128,70205.0,69990.0,70205.0,69990.0,0.109359375,0.109359375,0.9969375400612492,2.000271,32.592227,34.592499,2.000271,32.592227,34.592499,5.229104,50.6861,10000.0,2000000000.0
router_latency,uniform_random,4,0.23,0.115,0.115,0,8,1,4,4,128,73295.0,73047.0,73295.0,73047.0,0.1141359375,0.1141359375,0.9966164131250427,2.000123,32.724588,34.724711,2.000123,32.724588,34.724711,5.246006,53.0392,10000.0,2000000000.0
router_latency,uniform_random,4,0.24,0.12,0.12,0,8,1,4,4,128,76649.0,76404.0,76649.0,76404.0,0.11938125,0.11938125,0.9968036112669442,2.00038,32.792982,34.793362,2.00038,32.792982,34.793362,5.245995,55.4642,10000.0,2000000000.0
router_latency,uniform_random,4,0.25,0.125,0.125,0,8,1,4,4,128,79865.0,79584.0,79865.0,79584.0,0.12435,0.12435,0.9964815626369499,2.000641,32.89567,34.896311,2.000641,32.89567,34.896311,5.253996,57.8462,10000.0,2000000000.0
router_latency,uniform_random,4,0.26,0.13,0.13,0,8,1,4,4,128,83161.0,82871.0,83161.0,82871.0,0.1294859375,0.1294859375,0.9965127884465074,2.000483,32.890541,34.891023,2.000483,32.890541,34.891023,5.239239,60.1195,10000.0,2000000000.0
router_latency,uniform_random,4,0.27,0.135,0.135,0,8,1,4,4,128,86362.0,86084.0,86362.0,86084.0,0.13450625,0.13450625,0.9967809916398416,2.000407,33.02853,35.028937,2.000407,33.02853,35.028937,5.246887,62.4986,10000.0,2000000000.0
router_latency,uniform_random,4,0.28,0.14,0.14,0,8,1,4,4,128,89543.0,89232.0,89543.0,89232.0,0.139425,0.139425,0.9965268083490614,2.000695,33.09222,35.092915,2.000695,33.09222,35.092915,5.243668,64.7608,10000.0,2000000000.0
router_latency,uniform_random,4,0.29,0.145,0.145,0,8,1,4,4,128,92816.0,92493.0,92816.0,92493.0,0.1445203125,0.1445203125,0.9965199965523186,2.00093,33.205118,35.206048,2.00093,33.205118,35.206048,5.249943,67.1948,10000.0,2000000000.0
router_latency,uniform_random,4,0.3,0.15,0.15,0,8,1,4,4,128,96060.0,95728.0,96060.0,95728.0,0.149575,0.149575,0.9965438267749324,2.001661,33.387462,35.389123,2.001661,33.387462,35.389123,5.256989,69.6119,10000.0,2000000000.0
router_latency,uniform_random,4,0.31,0.155,0.155,0,8,1,4,4,128,99232.0,98910.0,99232.0,98910.0,0.154546875,0.154546875,0.996755079006772,2.00186,33.438227,35.440087,2.00186,33.438227,35.440087,5.246679,71.8106,10000.0,2000000000.0
router_latency,uniform_random,4,0.32,0.16,0.16,0,8,1,4,4,128,102412.0,102044.0,102412.0,102044.0,0.15944375,0.15944375,0.9964066710932312,2.002568,33.680442,35.683009,2.002568,33.680442,35.683009,5.258359,74.2227,10000.0,2000000000.0
router_latency,uniform_random,4,0.33,0.165,0.165,0,8,1,4,4,128,105628.0,105278.0,105628.0,105278.0,0.164496875,0.164496875,0.9966864846442232,2.003771,33.776563,35.780334,2.003771,33.776563,35.780334,5.237647,76.3362,10000.0,2000000000.0
router_latency,uniform_random,4,0.34,0.17,0.17,0,8,1,4,4,128,108817.0,108428.0,108817.0,108428.0,0.16941875,0.16941875,0.9964251909168604,2.008918,33.990427,35.999345,2.008918,33.990427,35.999345,5.239689,78.6562,10000.0,2000000000.0
router_latency,uniform_random,4,0.35,0.175,0.175,0,8,1,4,4,128,111998.0,111624.0,111998.0,111624.0,0.1744125,0.1744125,0.9966606546545475,2.022594,34.245825,36.268419,2.022594,34.245825,36.268419,5.239053,80.9624,10000.0,2000000000.0
router_latency,uniform_random,4,0.36,0.18,0.18,0,8,1,4,4,128,115134.0,114726.0,115134.0,114726.0,0.179259375,0.179259375,0.9964563030903122,2.051418,34.621455,36.672873,2.051418,34.621455,36.672873,5.247337,83.3169,10000.0,2000000000.0
router_latency,uniform_random,4,0.37,0.185,0.185,0,8,1,4,4,128,118176.0,117774.0,118176.0,117774.0,0.184021875,0.184021875,0.9965982940698619,2.083609,34.992545,37.076154,2.083609,34.992545,37.076154,5.246251,85.5075,10000.0,2000000000.0
router_latency,uniform_random,4,0.38,0.19,0.19,0,8,1,4,4,128,121411.0,120954.0,121411.0,120954.0,0.188990625,0.188990625,0.9962359259045721,2.111894,35.438754,37.550647,2.111894,35.438754,37.550647,5.249897,87.8807,10000.0,2000000000.0
router_latency,uniform_random,4,0.39,0.195,0.195,0,8,1,4,4,128,124573.0,124118.0,124573.0,124118.0,0.193934375,0.193934375,0.996347523139043,2.523244,36.289491,38.812735,2.523244,36.289491,38.812735,5.232545,89.9601,10000.0,2000000000.0
router_latency,uniform_random,4,0.4,0.2,0.2,0,8,1,4,4,128,127844.0,127367.0,127844.0,127367.0,0.1990109375,0.1990109375,0.9962688902099434,3.24237,37.339358,40.581728,3.24237,37.339358,40.581728,5.241947,92.4443,10000.0,2000000000.0
router_latency,uniform_random,4,0.41,0.205,0.205,0,8,1,4,4,128,130929.0,130409.0,130929.0,130409.0,0.2037640625,0.2037640625,0.9960283817947132,6.072457,39.367229,45.439686,6.072457,39.367229,45.439686,5.237798,94.5998,10000.0,2000000000.0
router_latency,uniform_random,4,0.42,0.21,0.21,0,8,1,4,4,128,132967.0,132338.0,132967.0,132338.0,0.206778125,0.206778125,0.9952695029593809,31.344451,42.282836,73.627288,31.344451,42.282836,73.627288,5.241798,96.0727,10000.0,2000000000.0
router_latency,uniform_random,4,0.43,0.215,0.215,0,8,1,4,4,128,134394.0,133770.0,134394.0,133770.0,0.209015625,0.209015625,0.9953569355774812,88.593676,45.225439,133.819115,88.593676,45.225439,133.819115,5.234036,96.991,10000.0,2000000000.0
router_latency,uniform_random,4,0.44,0.22,0.22,0,8,1,4,4,128,136455.0,135804.0,136455.0,135804.0,0.21219375,0.21219375,0.9952291964383863,124.146373,46.358487,170.50486,124.146373,46.358487,170.50486,5.217843,98.2601,10000.0,2000000000.0
router_latency,uniform_random,4,0.45,0.225,0.225,0,8,1,4,4,128,136457.0,135769.0,136457.0,135769.0,0.2121390625,0.2121390625,0.9949581186747474,195.666529,48.19243,243.858959,195.666529,48.19243,243.858959,5.202115,98.0299,10000.0,2000000000.0
router_latency,uniform_random,4,0.46,0.23,0.23,0,8,1,4,4,128,136932.0,136222.0,136932.0,136222.0,0.212846875,0.212846875,0.994814944644057,252.285578,49.784,302.069578,252.285578,49.784,302.069578,5.187092,98.1553,10000.0,2000000000.0
router_latency,uniform_random,4,0.47,0.235,0.235,0,8,1,4,4,128,136133.0,135460.0,136133.0,135460.0,0.21165625,0.21165625,0.9950563052309139,350.173114,50.508814,400.681928,350.173114,50.508814,400.681928,5.163288,97.2658,10000.0,2000000000.0
router_latency,uniform_random,4,0.48,0.24,0.24,0,8,1,4,4,128,137915.0,137240.0,137915.0,137240.0,0.2144375,0.2144375,0.9951056810354204,390.258598,50.406784,440.665382,390.258598,50.406784,440.665382,5.171481,98.6539,10000.0,2000000000.0
router_latency,uniform_random,4,0.49,0.245,0.245,0,8,1,4,4,128,136884.0,136160.0,136884.0,136160.0,0.21275,0.21275,0.9947108500628269,461.80271,51.261729,513.064439,461.80271,51.261729,513.064439,5.14859,97.5782,10000.0,2000000000.0
router_latency,uniform_random,4,0.5,0.25,0.25,0,8,1,4,4,128,136873.0,136144.0,136873.0,136144.0,0.212725,0.212725,0.9946738947783712,543.244234,51.745321,594.989555,543.244234,51.745321,594.989555,5.126124,97.2649,10000.0,2000000000.0
router_latency,transpose,1,0.01,0.005,0.005,0,8,1,4,1,128,3151.0,3149.0,3151.0,3149.0,0.0049203125,0.0049203125,0.9993652808632181,2.0,13.662433,15.662433,2.0,13.662433,15.662433,5.323595,2.307,10000.0,2000000000.0
router_latency,transpose,1,0.02,0.01,0.01,0,8,1,4,1,128,6392.0,6384.0,6392.0,6384.0,0.009975,0.009975,0.9987484355444305,2.0,13.579731,15.579731,2.0,13.579731,15.579731,5.272556,4.6478,10000.0,2000000000.0
router_latency,transpose,1,0.03,0.015,0.015,0,8,1,4,1,128,9506.0,9491.0,9506.0,9491.0,0.0148296875,0.0148296875,0.998422049232064,2.0,13.619007,15.619007,2.0,13.619007,15.619007,5.283532,6.9207,10000.0,2000000000.0
router_latency,transpose,1,0.04,0.02,0.02,0,8,1,4,1,128,12607.0,12587.0,12607.0,12587.0,0.0196671875,0.0196671875,0.9984135797572777,2.0,13.59339,15.59339,2.0,13.59339,15.59339,5.262255,9.152,10000.0,2000000000.0
router_latency,transpose,1,0.05,0.025,0.025,0,8,1,4,1,128,15968.0,15943.0,15968.0,15943.0,0.0249109375,0.0249109375,0.9984343687374749,2.0,13.582325,15.582325,2.0,13.582325,15.582325,5.247695,11.5682,10000.0,2000000000.0
router_latency,transpose,1,0.06,0.03,0.03,0,8,1,4,1,128,19104.0,19069.0,19104.0,19069.0,0.0297953125,0.0297953125,0.9981679229480737,2.0,13.594053,15.594053,2.0,13.594053,15.594053,5.245057,13.8334,10000.0,2000000000.0
router_latency,transpose,1,0.07,0.035,0.035,0,8,1,4,1,128,22259.0,22219.0,22259.0,22219.0,0.0347171875,0.0347171875,0.998202974077901,2.0,13.624781,15.624781,2.0,13.624781,15.624781,5.250461,16.129,10000.0,2000000000.0
router_latency,transpose,1,0.08,0.04,0.04,0,8,1,4,1,128,25466.0,25421.0,25466.0,25421.0,0.0397203125,0.0397203125,0.9982329380350271,2.0,13.636324,15.636324,2.0,13.636324,15.636324,5.24645,18.4418,10000.0,2000000000.0
router_latency,transpose,1,0.09,0.045,0.045,0,8,1,4,1,128,28697.0,28650.0,28697.0,28650.0,0.044765625,0.044765625,0.9983621981391783,2.0,13.637382,15.637382,2.0,13.637382,15.637382,5.237347,20.756,10000.0,2000000000.0
router_latency,transpose,1,0.1,0.05,0.05,0,8,1,4,1,128,31948.0,31897.0,31948.0,31897.0,0.0498390625,0.0498390625,0.998403655940904,2.0,13.642662,15.642662,2.0,13.642662,15.642662,5.229395,23.0823,10000.0,2000000000.0
router_latency,transpose,1,0.11,0.055,0.055,0,8,1,4,1,128,35122.0,35065.0,35122.0,35065.0,0.0547890625,0.0547890625,0.9983770855873811,2.0,13.666391,15.666391,2.0,13.666391,15.666391,5.230058,25.3773,10000.0,2000000000.0
router_latency,transpose,1,0.12,0.06,0.06,0,8,1,4,1,128,38292.0,38230.0,38292.0,38230.0,0.059734375,0.059734375,0.9983808628434138,2.0,13.692179,15.692179,2.0,13.692179,15.692179,5.23118,27.6724,10000.0,2000000000.0
router_latency,transpose,1,0.13,0.065,0.065,0,8,1,4,1,128,41433.0,41368.0,41433.0,41368.0,0.0646375,0.0646375,0.9984312021818358,2.0,13.701363,15.701363,2.0,13.701363,15.701363,5.223603,29.9118,10000.0,2000000000.0
router_latency,transpose,1,0.14,0.07,0.07,0,8,1,4,1,128,44569.0,44500.0,44569.0,44500.0,0.06953125,0.06953125,0.9984518387219816,2.0,13.727213,15.727213,2.0,13.727213,15.727213,5.224404,32.1788,10000.0,2000000000.0
router_latency,transpose,1,0.15,0.075,0.075,0,8,1,4,1,128,47760.0,47687.0,47760.0,47687.0,0.0745109375,0.0745109375,0.9984715242881071,2.0,13.761717,15.761717,2.0,13.761717,15.761717,5.227169,34.4973,10000.0,2000000000.0
router_latency,transpose,1,0.16,0.08,0.08,0,8,1,4,1,128,50975.0,50894.0,50975.0,50894.0,0.079521875,0.079521875,0.9984109857773419,2.0,13.805733,15.805733,2.0,13.805733,15.805733,5.232365,36.846,10000.0,2000000000.0
router_latency,transpose,1,0.17,0.085,0.085,0,8,1,4,1,128,54179.0,54093.0,54179.0,54093.0,0.0845203125,0.0845203125,0.9984126691153399,2.0,13.842142,15.842142,2.0,13.842142,15.842142,5.234984,39.1767,10000.0,2000000000.0
router_latency,transpose,1,0.18,0.09,0.09,0,8,1,4,1,128,57392.0,57301.0,57392.0,57301.0,0.0895328125,0.0895328125,0.9984144131586283,2.0,13.87913,15.87913,2.0,13.87913,15.87913,5.233556,41.4929,10000.0,2000000000.0
router_latency,transpose,1,0.19,0.095,0.095,0,8,1,4,1,128,60619.0,60520.0,60619.0,60520.0,0.0945625,0.0945625,0.9983668486778073,2.0,13.927049,15.927049,2.0,13.927049,15.927049,5.234997,43.8338,10000.0,2000000000.0
router_latency,transpose,1,0.2,0.1,0.1,0,8,1,4,1,128,63806.0,63702.0,63806.0,63702.0,0.099534375,0.099534375,0.9983700592420776,2.0,14.000345,16.000345,2.0,14.000345,16.000345,5.245455,46.2045,10000.0,2000000000.0
router_latency,transpose,1,0.21,0.105,0.105,0,8,1,4,1,128,66989.0,66881.0,66989.0,66881.0,0.1045015625,0.1045015625,0.9983877950111212,2.0,14.055217,16.055217,2.0,14.055217,16.055217,5.243851,48.4999,10000.0,2000000000.0
router_latency,transpose,1,0.22,0.11,0.11,0,8,1,4,1,128,70137.0,70025.0,70137.0,70025.0,0.1094140625,0.1094140625,0.9984031253118896,2.0,14.120914,16.120914,2.0,14.120914,16.120914,5.242613,50.7693,10000.0,2000000000.0
router_latency,transpose,1,0.23,0.115,0.115,0,8,1,4,1,128,73254.0,73136.0,73254.0,73136.0,0.114275,0.114275,0.9983891664618997,2.000014,14.204441,16.204455,2.000014,14.204441,16.204455,5.242234,53.0217,10000.0,2000000000.0
router_latency,transpose,1,0.24,0.12,0.12,0,8,1,4,1,128,76496.0,76375.0,76496.0,76375.0,0.1193359375,0.1193359375,0.9984182179460364,2.000013,14.305178,16.305191,2.000013,14.305178,16.305191,5.241087,55.3602,10000.0,2000000000.0
router_latency,transpose,1,0.25,0.125,0.125,0,8,1,4,1,128,79713.0,79582.0,79713.0,79582.0,0.124346875,0.124346875,0.9983566043179908,2.000025,14.455668,16.455693,2.000025,14.455668,16.455693,5.243246,57.7035,10000.0,2000000000.0
router_latency,transpose,1,0.26,0.13,0.13,0,8,1,4,1,128,82939.0,82807.0,82939.0,82807.0,0.1293859375,0.1293859375,0.9984084688747151,2.000302,14.709747,16.710049,2.000302,14.709747,16.710049,5.246368,60.0641,10000.0,2000000000.0
router_latency,transpose,1,0.27,0.135,0.135,0,8,1,4,1,128,86166.0,86024.0,86166.0,86024.0,0.1344125,0.1344125,0.9983520181974329,2.019006,15.222403,17.241409,2.019006,15.222403,17.241409,5.248326,62.4155,10000.0,2000000000.0
router_latency,transpose,1,0.28,0.14,0.14,0,8,1,4,1,128,89310.0,89149.0,89310.0,89149.0,0.1392953125,0.1392953125,0.9981972903370283,3.003208,16.312241,19.315449,3.003208,16.312241,19.315449,5.244523,64.6488,10000.0,2000000000.0
router_latency,transpose,1,0.29,0.145,0.145,0,8,1,4,1,128,92398.0,92217.0,92398.0,92217.0,0.1440890625,0.1440890625,0.9980410831403277,10.569342,18.047334,28.616676,10.569342,18.047334,28.616676,5.228624,66.7308,10000.0,2000000000.0
router_latency,transpose,1,0.3,0.15,0.15,0,8,1,4,1,128,94906.0,94721.0,94906.0,94721.0,0.1480015625,0.1480015625,0.9980507028006659,41.77818,18.575216,60.353396,41.77818,18.575216,60.353396,5.171293,67.999,10000.0,2000000000.0
router_latency,transpose,1,0.31,0.155,0.155,0,8,1,4,1,128,97381.0,97188.0,97381.0,97188.0,0.15185625,0.15185625,0.9980180938786827,60.867854,18.816953,79.684807,60.867854,18.816953,79.684807,5.11771,69.2514,10000.0,2000000000.0
router_latency,transpose,1,0.32,0.16,0.16,0,8,1,4,1,128,99884.0,99685.0,99884.0,99685.0,0.1557578125,0.1557578125,0.9980076889191463,72.33007,19.356924,91.686994,72.33007,19.356924,91.686994,5.064453,70.4991,10000.0,2000000000.0
router_latency,transpose,1,0.33,0.165,0.165,0,8,1,4,1,128,102346.0,102124.0,102346.0,102124.0,0.15956875,0.15956875,0.9978308873820179,79.625171,20.32675,99.951921,79.625171,20.32675,99.951921,5.010419,71.6769,10000.0,2000000000.0
router_latency,transpose,1,0.34,0.17,0.17,0,8,1,4,1,128,104504.0,104275.0,104504.0,104275.0,0.1629296875,0.1629296875,0.9978086963178443,103.743237,21.365581,125.108818,103.743237,21.365581,125.108818,4.952136,72.5777,10000.0,2000000000.0
router_latency,transpose,1,0.35,0.175,0.175,0,8,1,4,1,128,106412.0,106183.0,106412.0,106183.0,0.1659109375,0.1659109375,0.9978479870691276,132.157219,21.454254,153.611473,132.157219,21.454254,153.611473,4.884322,73.1819,10000.0,2000000000.0
router_latency,transpose,1,0.36,0.18,0.18,0,8,1,4,1,128,108277.0,108043.0,108277.0,108043.0,0.1688171875,0.1688171875,0.9978388762156322,156.333534,21.512296,177.84583,156.333534,21.512296,177.84583,4.817563,73.7415,10000.0,2000000000.0
router_latency,transpose,1,0.37,0.185,0.185,0,8,1,4,1,128,110166.0,109928.0,110166.0,109928.0,0.1717625,0.1717625,0.9978396238403864,173.920384,21.675278,195.595663,173.920384,21.675278,195.595663,4.753584,74.3223,10000.0,2000000000.0
router_latency,transpose,1,0.38,0.19,0.19,0,8,1,4,1,128,112059.0,111811.0,112059.0,111811.0,0.1747046875,0.1747046875,0.9977868801256481,184.626423,21.901745,206.528168,184.626423,21.901745,206.528168,4.689861,74.8848,10000.0,2000000000.0
router_latency,transpose,1,0.39,0.195,0.195,0,8,1,4,1,128,113947.0,113694.0,113947.0,113694.0,0.177646875,0.177646875,0.9977796694954671,190.093074,22.313332,212.406407,190.093074,22.313332,212.406407,4.633666,75.5033,10000.0,2000000000.0
router_latency,transpose,1,0.4,0.2,0.2,0,8,1,4,1,128,115853.0,115573.0,115853.0,115573.0,0.1805828125,0.1805828125,0.9975831441568194,195.273983,23.151567,218.425549,195.273983,23.151567,218.425549,4.575031,76.0762,10000.0,2000000000.0
router_latency,transpose,1,0.41,0.205,0.205,0,8,1,4,1,128,117413.0,117128.0,117413.0,117128.0,0.1830125,0.1830125,0.9975726708286136,221.159979,23.587818,244.747797,221.159979,23.587818,244.747797,4.51378,76.3851,10000.0,2000000000.0
router_latency,transpose,1,0.42,0.21,0.21,0,8,1,4,1,128,118827.0,118539.0,118827.0,118539.0,0.1852171875,0.1852171875,0.9975763084147542,249.267169,23.59771,272.86488,249.267169,23.59771,272.86488,4.454213,76.5963,10000.0,2000000000.0
router_latency,transpose,1,0.43,0.215,0.215,0,8,1,4,1,128,120330.0,120039.0,120330.0,120039.0,0.1875609375,0.1875609375,0.9975816504612316,274.343105,23.612068,297.955173,274.343105,23.612068,297.955173,4.397871,76.8907,10000.0,2000000000.0
router_latency,transpose,1,0.44,0.22,0.22,0,8,1,4,1,128,121747.0,121450.0,121747.0,121450.0,0.189765625,0.189765625,0.997560514838148,294.75846,23.60839,318.366851,294.75846,23.60839,318.366851,4.339201,77.0831,10000.0,2000000000.0
router_latency,transpose,1,0.45,0.225,0.225,0,8,1,4,1,128,123098.0,122804.0,123098.0,122804.0,0.19188125,0.19188125,0.9976116590033957,309.89844,23.645606,333.544046,309.89844,23.645606,333.544046,4.282857,77.2479,10000.0,2000000000.0
router_latency,transpose,1,0.46,0.23,0.23,0,8,1,4,1,128,124532.0,124232.0,124532.0,124232.0,0.1941125,0.1941125,0.9975909806314843,322.140777,23.696133,345.83691,322.140777,23.696133,345.83691,4.23052,77.4932,10000.0,2000000000.0
router_latency,transpose,1,0.47,0.235,0.235,0,8,1,4,1,128,125859.0,125553.0,125859.0,125553.0,0.1961765625,0.1961765625,0.9975687078397254,329.432216,23.816372,353.248588,329.432216,23.816372,353.248588,4.175639,77.6298,10000.0,2000000000.0
router_latency,transpose,1,0.48,0.24,0.24,0,8,1,4,1,128,127200.0,126890.0,127200.0,126890.0,0.198265625,0.198265625,0.997562893081761,333.320656,23.965726,357.286382,333.320656,23.965726,357.286382,4.122169,77.7767,10000.0,2000000000.0
router_latency,transpose,1,0.49,0.245,0.245,0,8,1,4,1,128,128588.0,128261.0,128588.0,128261.0,0.2004078125,0.2004078125,0.9974569944318288,335.191633,24.220285,359.411918,335.191633,24.220285,359.411918,4.072056,77.975,10000.0,2000000000.0
router_latency,transpose,1,0.5,0.25,0.25,0,8,1,4,1,128,129903.0,129573.0,129903.0,129573.0,0.2024578125,0.2024578125,0.9974596429643657,343.439142,24.758275,368.197418,343.439142,24.758275,368.197418,4.02553,78.1652,10000.0,2000000000.0
router_latency,transpose,2,0.01,0.005,0.005,0,8,1,4,2,128,3151.0,3149.0,3151.0,3149.0,0.0049203125,0.0049203125,0.9993652808632181,2.0,19.977771,21.977771,2.0,19.977771,21.977771,5.323595,2.3068,10000.0,2000000000.0
router_latency,transpose,2,0.02,0.01,0.01,0,8,1,4,2,128,6392.0,6380.0,6392.0,6380.0,0.00996875,0.00996875,0.9981226533166458,2.0,19.819436,21.819436,2.0,19.819436,21.819436,5.269279,4.6449,10000.0,2000000000.0
router_latency,transpose,2,0.03,0.015,0.015,0,8,1,4,2,128,9506.0,9487.0,9506.0,9487.0,0.0148234375,0.0148234375,0.9980012623606144,2.0,19.860441,21.860441,2.0,19.860441,21.860441,5.281332,6.9169,10000.0,2000000000.0
router_latency,transpose,2,0.04,0.02,0.02,0,8,1,4,2,128,12607.0,12581.0,12607.0,12581.0,0.0196578125,0.0196578125,0.997937653684461,2.0,19.808441,21.808441,2.0,19.808441,21.808441,5.259995,9.147,10000.0,2000000000.0
router_latency,transpose,2,0.05,0.025,0.025,0,8,1,4,2,128,15968.0,15934.0,15968.0,15934.0,0.024896875,0.024896875,0.997870741482966,2.0,19.774758,21.774758,2.0,19.774758,21.774758,5.245638,11.5623,10000.0,2000000000.0
router_latency,transpose,2,0.06,0.03,0.03,0,8,1,4,2,128,19104.0,19059.0,19104.0,19059.0,0.0297796875,0.0297796875,0.9976444723618091,2.0,19.779946,21.779946,2.0,19.779946,21.779946,5.243297,13.826,10000.0,2000000000.0
router_latency,transpose,2,0.07,0.035,0.035,0,8,1,4,2,128,22259.0,22206.0,22259.0,22206.0,0.034696875,0.034696875,0.9976189406532189,2.0,19.809916,21.809916,2.0,19.809916,21.809916,5.248581,16.1207,10000.0,2000000000.0
router_latency,transpose,2,0.08,0.04,0.04,0,8,1,4,2,128,25466.0,25405.0,25466.0,25405.0,0.0396953125,0.0396953125,0.99760464933637,2.0,19.814328,21.814328,2.0,19.814328,21.814328,5.244637,18.4326,10000.0,2000000000.0
router_latency,transpose,2,0.09,0.045,0.045,0,8,1,4,2,128,28697.0,28633.0,28697.0,28633.0,0.0447390625,0.0447390625,0.9977698017214343,2.0,19.804736,21.804736,2.0,19.804736,21.804736,5.235777,20.7466,10000.0,2000000000.0
router_latency,transpose,2,0.1,0.05,0.05,0,8,1,4,2,128,31948.0,31879.0,31948.0,31879.0,0.0498109375,0.0498109375,0.9978402403906348,2.0,19.802252,21.802252,2.0,19.802252,21.802252,5.228081,23.0723,10000.0,2000000000.0
router_latency,transpose,2,0.11,0.055,0.055,0,8,1,4,2,128,35122.0,35046.0,35122.0,35046.0,0.054759375,0.054759375,0.9978361141165082,2.0,19.828055,21.828055,2.0,19.828055,21.828055,5.228785,25.3665,10000.0,2000000000.0
router_latency,transpose,2,0.12,0.06,0.06,0,8,1,4,2,128,38292.0,38210.0,38292.0,38210.0,0.059703125,0.059703125,0.9978585605348376,2.0,19.860403,21.860403,2.0,19.860403,21.860403,5.229887,27.6607,10000.0,2000000000.0
router_latency,transpose,2,0.13,0.065,0.065,0,8,1,4,2,128,41433.0,41347.0,41433.0,41347.0,0.0646046875,0.0646046875,0.9979243598098134,2.0,19.869785,21.869785,2.0,19.869785,21.869785,5.222338,29.8994,10000.0,2000000000.0
router_latency,transpose,2,0.14,0.07,0.07,0,8,1,4,2,128,44569.0,44478.0,44569.0,44478.0,0.069496875,0.069496875,0.9979582220826134,2.0,19.910742,21.910742,2.0,19.910742,21.910742,5.223122,32.1658,10000.0,2000000000.0
router_latency,transpose,2,0.15,0.075,0.075,0,8,1,4,2,128,47760.0,47664.0,47760.0,47664.0,0.074475,0.074475,0.9979899497487437,2.0,19.971173,21.971173,2.0,19.971173,21.971173,5.225999,34.4831,10000.0,2000000000.0
router_latency,transpose,2,0.16,0.08,0.08,0,8,1,4,2,128,50975.0,50867.0,50975.0,50867.0,0.0794796875,0.0794796875,0.9978813143697891,2.0,20.049325,22.049325,2.0,20.049325,22.049325,5.230936,36.83,10000.0,2000000000.0
router_latency,transpose,2,0.17,0.085,0.085,0,8,1,4,2,128,54179.0,54065.0,54179.0,54065.0,0.0844765625,0.0844765625,0.997895863711032,2.0,20.133487,22.133487,2.0,20.133487,22.133487,5.233552,39.1594,10000.0,2000000000.0
router_latency,transpose,2,0.18,0.09,0.09,0,8,1,4,2,128,57392.0,57271.0,57392.0,57271.0,0.0894859375,0.0894859375,0.9978916922219124,2.0,20.24192,22.24192,2.0,20.24192,22.24192,5.231932,41.4739,10000.0,2000000000.0
router_latency,transpose,2,0.19,0.095,0.095,0,8,1,4,2,128,60619.0,60487.0,60619.0,60487.0,0.0945109375,0.0945109375,0.997822464903743,2.000017,20.39997,22.399987,2.000017,20.39997,22.399987,5.233389,43.813,10000.0,2000000000.0
router_latency,transpose,2,0.2,0.1,0.1,0,8,1,4,2,128,63806.0,63667.0,63806.0,63667.0,0.0994796875,0.0994796875,0.9978215214870075,2.000204,20.676332,22.676536,2.000204,20.676332,22.676536,5.243847,46.1826,10000.0,2000000000.0
router_latency,transpose,2,0.21,0.105,0.105,0,8,1,4,2,128,66989.0,66841.0,66989.0,66841.0,0.1044390625,0.1044390625,0.9977906820522773,2.011759,21.12253,23.134289,2.011759,21.12253,23.134289,5.241932,48.4758,10000.0,2000000000.0
router_latency,transpose,2,0.22,0.11,0.11,0,8,1,4,2,128,70137.0,69967.0,70137.0,69967.0,0.1093234375,0.1093234375,0.9975761723484038,2.08444,21.978275,24.062715,2.08444,21.978275,24.062715,5.239327,50.7246,10000.0,2000000000.0
router_latency,transpose,2,0.23,0.115,0.115,0,8,1,4,2,128,73191.0,72995.0,73191.0,72995.0,0.1140546875,0.1140546875,0.9973220751185256,6.063566,24.086115,30.149681,6.063566,24.086115,30.149681,5.230276,52.8546,10000.0,2000000000.0
router_latency,transpose,2,0.24,0.12,0.12,0,8,1,4,2,128,75860.0,75659.0,75860.0,75659.0,0.1182171875,0.1182171875,0.9973503822831532,37.419038,25.897474,63.316512,37.419038,25.897474,63.316512,5.170727,54.3309,10000.0,2000000000.0
router_latency,transpose,2,0.25,0.125,0.125,0,8,1,4,2,128,78420.0,78200.0,78420.0,78200.0,0.1221875,0.1221875,0.9971945932160163,59.830652,26.361355,86.192008,59.830652,26.361355,86.192008,5.109974,55.687,10000.0,2000000000.0
router_latency,transpose,2,0.26,0.13,0.13,0,8,1,4,2,128,80905.0,80665.0,80905.0,80665.0,0.1260390625,0.1260390625,0.9970335578765218,73.994967,27.90313,101.898097,73.994967,27.90313,101.898097,5.045509,56.9218,10000.0,2000000000.0
router_latency,transpose,2,0.27,0.135,0.135,0,8,1,4,2,128,83155.0,82903.0,83155.0,82903.0,0.1295359375,0.1295359375,0.9969695147615898,101.308831,29.35936,130.668191,101.308831,29.35936,130.668191,4.972221,57.8959,10000.0,2000000000.0
router_latency,transpose,2,0.28,0.14,0.14,0,8,1,4,2,128,85098.0,84843.0,85098.0,84843.0,0.1325671875,0.1325671875,0.9970034548403017,136.429134,29.467711,165.896845,136.429134,29.467711,165.896845,4.888087,58.5315,10000.0,2000000000.0
router_latency,transpose,2,0.29,0.145,0.145,0,8,1,4,2,128,87092.0,86830.0,87092.0,86830.0,0.135671875,0.135671875,0.9969916869517292,164.725567,29.484878,194.210446,164.725567,29.484878,194.210446,4.805482,59.1845,10000.0,2000000000.0
router_latency,transpose,2,0.3,0.15,0.15,0,8,1,4,2,128,88956.0,88692.0,88956.0,88692.0,0.13858125,0.13858125,0.997032240658303,183.49823,29.70428,213.20251,183.49823,29.70428,213.20251,4.721666,59.7073,10000.0,2000000000.0
router_latency,transpose,2,0.31,0.155,0.155,0,8,1,4,2,128,90821.0,90542.0,90821.0,90542.0,0.141471875,0.141471875,0.9969280232545337,191.212509,30.156568,221.369077,191.212509,30.156568,221.369077,4.644033,60.2558,10000.0,2000000000.0
router_latency,transpose,2,0.32,0.16,0.16,0,8,1,4,2,128,92749.0,92464.0,92749.0,92464.0,0.144475,0.144475,0.996927190589656,195.211834,31.328009,226.539843,195.211834,31.328009,226.539843,4.573715,60.8802,10000.0,2000000000.0
router_latency,transpose,2,0.33,0.165,0.165,0,8,1,4,2,128,94354.0,94049.0,94354.0,94049.0,0.1469515625,0.1469515625,0.9967674926341226,223.721549,32.024041,255.74559,223.721549,32.024041,255.74559,4.497188,61.2043,10000.0,2000000000.0
router_latency,transpose,2,0.34,0.17,0.17,0,8,1,4,2,128,95767.0,95460.0,95767.0,95460.0,0.14915625,0.14915625,0.9967943028391826,259.05418,32.002284,291.056463,259.05418,32.002284,291.056463,4.424429,61.4273,10000.0,2000000000.0
router_latency,transpose,2,0.35,0.175,0.175,0,8,1,4,2,128,97158.0,96851.0,97158.0,96851.0,0.1513296875,0.1513296875,0.996840198439655,286.907435,31.960837,318.868272,286.907435,31.960837,318.868272,4.352872,61.6286,10000.0,2000000000.0
router_latency,transpose,2,0.36,0.18,0.18,0,8,1,4,2,128,98542.0,98226.0,98542.0,98226.0,0.153478125,0.153478125,0.9967932455196769,306.826675,31.95211,338.778786,306.826675,31.95211,338.778786,4.283408,61.8203,10000.0,2000000000.0
router_latency,transpose,2,0.37,0.185,0.185,0,8,1,4,2,128,99903.0,99586.0,99903.0,99586.0,0.155603125,0.155603125,0.996826922114451,323.479987,32.018386,355.498373,323.479987,32.018386,355.498373,4.214769,61.9888,10000.0,2000000000.0
router_latency,transpose,2,0.38,0.19,0.19,0,8,1,4,2,128,101287.0,100960.0,101287.0,100960.0,0.15775,0.15775,0.996771550149575,330.976644,32.173128,363.149772,330.976644,32.173128,363.149772,4.146236,62.1504,10000.0,2000000000.0
router_latency,transpose,2,0.39,0.195,0.195,0,8,1,4,2,128,102669.0,102332.0,102669.0,102332.0,0.15989375,0.15989375,0.9967176070673719,334.905259,32.452302,367.357562,334.905259,32.452302,367.357562,4.085135,62.3691,10000.0,2000000000.0
router_latency,transpose,2,0.4,0.2,0.2,0,8,1,4,2,128,104073.0,103713.0,104073.0,103713.0,0.1620515625,0.1620515625,0.9965408895678994,341.26637,33.298121,374.56449,341.26637,33.298121,374.56449,4.024799,62.5845,10000.0,2000000000.0
router_latency,transpose,2,0.41,0.205,0.205,0,8,1,4,2,128,105163.0,104798.0,105163.0,104798.0,0.163746875,0.163746875,0.9965291975314512,366.62526,33.747285,400.372545,366.62526,33.747285,400.372545,3.965591,62.6204,10000.0,2000000000.0
router_latency,transpose,2,0.42,0.21,0.21,0,8,1,4,2,128,106168.0,105796.0,106168.0,105796.0,0.16530625,0.16530625,0.9964961193579986,399.391262,33.715925,433.107187,399.391262,33.715925,433.107187,3.911093,62.6421,10000.0,2000000000.0
router_latency,transpose,2,0.43,0.215,0.215,0,8,1,4,2,128,107218.0,106854.0,107218.0,106854.0,0.166959375,0.166959375,0.9966050476599079,433.596899,33.607221,467.20412,433.596899,33.607221,467.20412,3.860688,62.7239,10000.0,2000000000.0
router_latency,transpose,2,0.44,0.22,0.22,0,8,1,4,2,128,108253.0,107882.0,108253.0,107882.0,0.168565625,0.168565625,0.9965728432468385,461.165486,33.489785,494.655272,461.165486,33.489785,494.655272,3.810608,62.7849,10000.0,2000000000.0
router_latency,transpose,2,0.45,0.225,0.225,0,8,1,4,2,128,109211.0,108839.0,109211.0,108839.0,0.1700609375,0.1700609375,0.9965937497138566,484.438804,33.394528,517.833332,484.438804,33.394528,517.833332,3.76163,62.8101,10000.0,2000000000.0
router_latency,transpose,2,0.46,0.23,0.23,0,8,1,4,2,128,110226.0,109854.0,110226.0,109854.0,0.171646875,0.171646875,0.9966251156714386,503.46012,33.323129,536.783249,503.46012,33.323129,536.783249,3.71433,62.8729,10000.0,2000000000.0
router_latency,transpose,2,0.47,0.235,0.235,0,8,1,4,2,128,111179.0,110806.0,111179.0,110806.0,0.173134375,0.173134375,0.9966450498745266,518.025793,33.279994,551.305787,518.025793,33.279994,551.305787,3.666679,62.8887,10000.0,2000000000.0
router_latency,transpose,2,0.48,0.24,0.24,0,8,1,4,2,128,112179.0,111799.0,112179.0,111799.0,0.1746859375,0.1746859375,0.9966125567173891,528.688414,33.240101,561.928515,528.688414,33.240101,561.928515,3.620372,62.9343,10000.0,2000000000.0
router_latency,transpose,2,0.49,0.245,0.245,0,8,1,4,2,128,113185.0,112801.0,113185.0,112801.0,0.1762515625,0.1762515625,0.9966073242920882,536.369279,33.25982,569.629099,536.369279,33.25982,569.629099,3.575819,62.993,10000.0,2000000000.0
router_latency,transpose,2,0.5,0.25,0.25,0,8,1,4,2,128,114140.0,113752.0,114140.0,113752.0,0.1777375,0.1777375,0.9966006658489575,542.440713,33.326702,575.767415,542.440713,33.326702,575.767415,3.530276,63.0049,10000.0,2000000000.0
router_latency,transpose,4,0.01,0.005,0.005,0,8,1,4,4,128,3151.0,3146.0,3151.0,3146.0,0.004915625,0.004915625,0.9984132021580451,2.0,32.61602,34.61602,2.0,32.61602,34.61602,5.321678,2.3058,10000.0,2000000000.0
router_latency,transpose,4,0.02,0.01,0.01,0,8,1,4,4,128,6392.0,6372.0,6392.0,6372.0,0.00995625,0.00995625,0.9968710888610763,2.0,32.352009,34.352009,2.0,32.352009,34.352009,5.26742,4.6405,10000.0,2000000000.0
router_latency,transpose,4,0.03,0.015,0.015,0,8,1,4,4,128,9506.0,9474.0,9506.0,9474.0,0.014803125,0.014803125,0.9966337050284031,2.0,32.424847,34.424847,2.0,32.424847,34.424847,5.280135,6.9107,10000.0,2000000000.0
router_latency,transpose,4,0.04,0.02,0.02,0,8,1,4,4,128,12607.0,12563.0,12607.0,12563.0,0.0196296875,0.0196296875,0.996509875466011,2.0,32.328982,34.328982,2.0,32.328982,34.328982,5.258617,9.1385,10000.0,2000000000.0
router_latency,transpose,4,0.05,0.025,0.025,0,8,1,4,4,128,15968.0,15910.0,15968.0,15910.0,0.024859375,0.024859375,0.9963677354709419,2.0,32.27203,34.27203,2.0,32.27203,34.27203,5.243746,11.5514,10000.0,2000000000.0
router_latency,transpose,4,0.06,0.03,0.03,0,8,1,4,4,128,19104.0,19031.0,19104.0,19031.0,0.0297359375,0.0297359375,0.996178810720268,2.0,32.278283,34.278283,2.0,32.278283,34.278283,5.241133,13.813,10000.0,2000000000.0
router_latency,transpose,4,0.07,0.035,0.035,0,8,1,4,4,128,22259.0,22174.0,22259.0,22174.0,0.034646875,0.034646875,0.9961813199155398,2.0,32.329169,34.329169,2.0,32.329169,34.329169,5.246144,16.105,10000.0,2000000000.0
router_latency,transpose,4,0.08,0.04,0.04,0,8,1,4,4,128,25466.0,25366.0,25466.0,25366.0,0.039634375,0.039634375,0.9960731956333936,2.0,32.344437,34.344437,2.0,32.344437,34.344437,5.241977,18.4144,10000.0,2000000000.0
router_latency,transpose,4,0.09,0.045,0.045,0,8,1,4,4,128,28697.0,28590.0,28697.0,28590.0,0.044671875,0.044671875,0.996271387253023,2.0,32.352956,34.352956,2.0,32.352956,34.352956,5.233019,20.7273,10000.0,2000000000.0
router_latency,transpose,4,0.1,0.05,0.05,0,8,1,4,4,128,31948.0,31830.0,31948.0,31830.0,0.049734375,0.049734375,0.9963064980593465,2.0,32.387653,34.387653,2.0,32.387653,34.387653,5.225511,23.0514,10000.0,2000000000.0
router_latency,transpose,4,0.11,0.055,0.055,0,8,1,4,4,128,35122.0,34993.0,35122.0,34993.0,0.0546765625,0.0546765625,0.9963270884345994,2.0,32.496642,34.496642,2.0,32.496642,34.496642,5.225959,25.3439,10000.0,2000000000.0
router_latency,transpose,4,0.12,0.06,0.06,0,8,1,4,4,128,38292.0,38152.0,38292.0,38152.0,0.0596125,0.0596125,0.9963438838399665,2.000026,32.655903,34.655929,2.000026,32.655903,34.655929,5.227354,27.636,10000.0,2000000000.0
router_latency,transpose,4,0.13,0.065,0.065,0,8,1,4,4,128,41433.0,41287.0,41433.0,41287.0,0.0645109375,0.0645109375,0.9964762387468926,2.000024,32.861821,34.861845,2.000024,32.861821,34.861845,5.2199,29.8738,10000.0,2000000000.0
router_latency,transpose,4,0.14,0.07,0.07,0,8,1,4,4,128,44569.0,44413.0,44569.0,44413.0,0.0693953125,0.0693953125,0.9964998092844802,2.000946,33.255151,35.256096,2.000946,33.255151,35.256096,5.220499,32.1385,10000.0,2000000000.0
router_latency,transpose,4,0.15,0.075,0.075,0,8,1,4,4,128,47760.0,47594.0,47760.0,47594.0,0.074365625,0.074365625,0.9965242881072027,2.004727,34.032462,36.03719,2.004727,34.032462,36.03719,5.223053,34.4518,10000.0,2000000000.0
router_latency,transpose,4,0.16,0.08,0.08,0,8,1,4,4,128,50975.0,50775.0,50975.0,50775.0,0.0793359375,0.0793359375,0.996076508092202,2.284037,36.260364,38.544402,2.284037,36.260364,38.544402,5.22513,36.7682,10000.0,2000000000.0
router_latency,transpose,4,0.17,0.085,0.085,0,8,1,4,4,128,53781.0,53548.0,53781.0,53548.0,0.08366875,0.08366875,0.9956676149569551,26.388324,40.419045,66.807369,26.388324,40.419045,66.807369,5.167289,38.4744,10000.0,2000000000.0
router_latency,transpose,4,0.18,0.09,0.09,0,8,1,4,4,128,56316.0,56080.0,56316.0,56080.0,0.087625,0.087625,0.9958093614603309,57.021202,41.442225,98.463427,57.021202,41.442225,98.463427,5.075892,39.7756,10000.0,2000000000.0
router_latency,transpose,4,0.19,0.095,0.095,0,8,1,4,4,128,58831.0,58547.0,58831.0,58547.0,0.0914796875,0.0914796875,0.9951726130781391,78.122261,44.438759,122.561019,78.122261,44.438759,122.561019,4.991579,41.0406,10000.0,2000000000.0
router_latency,transpose,4,0.2,0.1,0.1,0,8,1,4,4,128,60789.0,60501.0,60789.0,60501.0,0.0945328125,0.0945328125,0.9952623007452006,129.018396,45.679361,174.697757,129.018396,45.679361,174.697757,4.882333,41.7464,10000.0,2000000000.0
router_latency,transpose,4,0.21,0.105,0.105,0,8,1,4,4,128,62721.0,62423.0,62721.0,62423.0,0.0975359375,0.0975359375,0.9952488002423431,165.195985,45.811255,211.007241,165.195985,45.811255,211.007241,4.769428,42.3654,10000.0,2000000000.0
router_latency,transpose,4,0.22,0.11,0.11,0,8,1,4,4,128,64603.0,64294.0,64603.0,64294.0,0.100459375,0.100459375,0.9952169403897652,182.027203,46.424161,228.451364,182.027203,46.424161,228.451364,4.661555,42.9398,10000.0,2000000000.0
router_latency,transpose,4,0.23,0.115,0.115,0,8,1,4,4,128,66448.0,66130.0,66448.0,66130.0,0.103328125,0.103328125,0.9952143029135565,194.435597,47.887207,242.322804,194.435597,47.887207,242.322804,4.563647,43.5157,10000.0,2000000000.0
router_latency,transpose,4,0.24,0.12,0.12,0,8,1,4,4,128,68069.0,67723.0,68069.0,67723.0,0.1058171875,0.1058171875,0.994916922534487,240.145726,48.792301,288.938027,240.145726,48.792301,288.938027,4.461439,43.873,10000.0,2000000000.0
router_latency,transpose,4,0.25,0.125,0.125,0,8,1,4,4,128,69468.0,69118.0,69468.0,69118.0,0.107996875,0.107996875,0.9949617089883112,283.133207,48.887034,332.020241,283.133207,48.887034,332.020241,4.359125,44.0663,10000.0,2000000000.0
router_latency,transpose,4,0.26,0.13,0.13,0,8,1,4,4,128,70856.0,70503.0,70856.0,70503.0,0.1101609375,0.1101609375,0.9950180648074969,313.552615,48.908373,362.460987,313.552615,48.908373,362.460987,4.260585,44.2513,10000.0,2000000000.0
router_latency,transpose,4,0.27,0.135,0.135,0,8,1,4,4,128,72238.0,71877.0,72238.0,71877.0,0.1123078125,0.1123078125,0.9950026301946344,328.867051,49.059017,377.926068,328.867051,49.059017,377.926068,4.165421,44.428,10000.0,2000000000.0
router_latency,transpose,4,0.28,0.14,0.14,0,8,1,4,4,128,73636.0,73260.0,73636.0,73260.0,0.11446875,0.11446875,0.994893801944701,337.949836,49.679115,387.628952,337.949836,49.679115,387.628952,4.078023,44.6398,10000.0,2000000000.0
router_latency,transpose,4,0.29,0.145,0.145,0,8,1,4,4,128,74964.0,74568.0,74964.0,74568.0,0.1165125,0.1165125,0.9947174643829038,357.105649,51.004533,408.110181,357.105649,51.004533,408.110181,3.99359,44.8058,10000.0,2000000000.0
router_latency,transpose,4,0.3,0.15,0.15,0,8,1,4,4,128,75977.0,75576.0,75977.0,75576.0,0.1180875,0.1180875,0.9947220869473656,400.351871,50.948462,451.300333,400.351871,50.948462,451.300333,3.913015,44.7994,10000.0,2000000000.0
router_latency,transpose,4,0.31,0.155,0.155,0,8,1,4,4,128,76961.0,76554.0,76961.0,76554.0,0.119615625,0.119615625,0.9947116071776614,440.889516,50.727604,491.61712,440.889516,50.727604,491.61712,3.837892,44.806,10000.0,2000000000.0
router_latency,transpose,4,0.32,0.16,0.16,0,8,1,4,4,128,77959.0,77548.0,77959.0,77548.0,0.12116875,0.12116875,0.9947279980502571,474.362434,50.550472,524.912906,474.362434,50.550472,524.912906,3.766596,44.8333,10000.0,2000000000.0
router_latency,transpose,4,0.33,0.165,0.165,0,8,1,4,4,128,78977.0,78567.0,78977.0,78567.0,0.1227609375,0.1227609375,0.9948086151664408,498.261153,50.367763,548.628915,498.261153,50.367763,548.628915,3.69575,44.8613,10000.0,2000000000.0
router_latency,transpose,4,0.34,0.17,0.17,0,8,1,4,4,128,79959.0,79544.0,79959.0,79544.0,0.1242875,0.1242875,0.9948098400430221,516.482123,50.225234,566.707357,516.482123,50.225234,566.707357,3.629689,44.8933,10000.0,2000000000.0
router_latency,transpose,4,0.35,0.175,0.175,0,8,1,4,4,128,80972.0,80550.0,80972.0,80550.0,0.125859375,0.125859375,0.9947883218890481,526.570366,50.166319,576.736685,526.570366,50.166319,576.736685,3.565934,44.9437,10000.0,2000000000.0
router_latency,transpose,4,0.36,0.18,0.18,0,8,1,4,4,128,81968.0,81536.0,81968.0,81536.0,0.1274,0.1274,0.9947296505953542,532.037971,50.263086,582.301057,532.037971,50.263086,582.301057,3.50444,44.9921,10000.0,2000000000.0
router_latency,transpose,4,0.37,0.185,0.185,0,8,1,4,4,128,82958.0,82518.0,82958.0,82518.0,0.128934375,0.128934375,0.9946961112852287,537.278085,50.551322,587.829407,537.278085,50.551322,587.829407,3.446278,45.0535,10000.0,2000000000.0
router_latency,transpose,4,0.38,0.19,0.19,0,8,1,4,4,128,83878.0,83434.0,83878.0,83434.0,0.130365625,0.130365625,0.9947065976775793,546.467435,50.974411,597.441846,546.467435,50.974411,597.441846,3.388666,45.07,10000.0,2000000000.0
router_latency,transpose,4,0.39,0.195,0.195,0,8,1,4,4,128,84654.0,84203.0,84654.0,84203.0,0.1315671875,0.1315671875,0.9946724313086209,574.434866,51.097502,625.532368,574.434866,51.097502,625.532368,3.342185,45.0957,10000.0,2000000000.0
router_latency,transpose,4,0.4,0.2,0.2,0,8,1,4,4,128,85353.0,84896.0,85353.0,84896.0,0.13265,0.13265,0.9946457652337938,613.398358,50.995842,664.3942,613.398358,50.995842,664.3942,3.297729,45.0872,10000.0,2000000000.0
router_latency,transpose,4,0.41,0.205,0.205,0,8,1,4,4,128,86043.0,85586.0,86043.0,85586.0,0.133728125,0.133728125,0.9946887021605476,653.459643,50.782348,704.241991,653.459643,50.782348,704.241991,3.257098,45.105,10000.0,2000000000.0
router_latency,transpose,4,0.42,0.21,0.21,0,8,1,4,4,128,86728.0,86274.0,86728.0,86274.0,0.134803125,0.134803125,0.9947652430587585,689.481512,50.528363,740.009876,689.481512,50.528363,740.009876,3.218629,45.1359,10000.0,2000000000.0
router_latency,transpose,4,0.43,0.215,0.215,0,8,1,4,4,128,87458.0,87002.0,87458.0,87002.0,0.135940625,0.135940625,0.9947860687415674,724.794246,50.293821,775.088067,724.794246,50.293821,775.088067,3.181858,45.1939,10000.0,2000000000.0
router_latency,transpose,4,0.44,0.22,0.22,0,8,1,4,4,128,88164.0,87704.0,88164.0,87704.0,0.1370375,0.1370375,0.9947824508869834,753.818241,50.057591,803.875832,753.818241,50.057591,803.875832,3.145193,45.2379,10000.0,2000000000.0
router_latency,transpose,4,0.45,0.225,0.225,0,8,1,4,4,128,88854.0,88390.0,88854.0,88390.0,0.138109375,0.138109375,0.9947779503455106,777.476751,49.833375,827.310126,777.476751,49.833375,827.310126,3.109062,45.2713,10000.0,2000000000.0
router_latency,transpose,4,0.46,0.23,0.23,0,8,1,4,4,128,89547.0,89084.0,89547.0,89084.0,0.13919375,0.13919375,0.9948295308608887,799.963158,49.617013,849.580172,799.963158,49.617013,849.580172,3.073751,45.3113,10000.0,2000000000.0
router_latency,transpose,4,0.47,0.235,0.235,0,8,1,4,4,128,90215.0,89753.0,90215.0,89753.0,0.1402390625,0.1402390625,0.994878900404589,818.32068,49.440732,867.761412,818.32068,49.440732,867.761412,3.039742,45.3448,10000.0,2000000000.0
router_latency,transpose,4,0.48,0.24,0.24,0,8,1,4,4,128,90921.0,90461.0,90921.0,90461.0,0.1413453125,0.1413453125,0.9949406627731767,834.512221,49.233614,883.745835,834.512221,49.233614,883.745835,3.006489,45.3984,10000.0,2000000000.0
router_latency,transpose,4,0.49,0.245,0.245,0,8,1,4,4,128,91602.0,91142.0,91602.0,91142.0,0.142409375,0.142409375,0.9949782755835025,848.667409,49.048068,897.715477,848.667409,49.048068,897.715477,2.973316,45.4362,10000.0,2000000000.0
router_latency,transpose,4,0.5,0.25,0.25,0,8,1,4,4,128,92287.0,91826.0,92287.0,91826.0,0.143478125,0.143478125,0.9950047135566222,859.785605,48.891186,908.676791,859.785605,48.891186,908.676791,2.940061,45.4707,10000.0,2000000000.0
link_width_control,uniform_random,64,0.01,0.005,0.005,0,8,1,4,1,64,3165.0,3162.0,3165.0,3162.0,0.004940625,0.004940625,0.9990521327014218,2.0,13.557559,15.557559,2.0,13.557559,15.557559,5.26945,2.2996,10000.0,2000000000.0
link_width_control,uniform_random,64,0.02,0.01,0.01,0,8,1,4,1,64,6387.0,6382.0,6387.0,6382.0,0.009971875,0.009971875,0.9992171598559574,2.0,13.579285,15.579285,2.0,13.579285,15.579285,5.271702,4.6424,10000.0,2000000000.0
link_width_control,uniform_random,64,0.03,0.015,0.015,0,8,1,4,1,64,9483.0,9471.0,9483.0,9471.0,0.0147984375,0.0147984375,0.9987345776652958,2.0,13.614507,15.614507,2.0,13.614507,15.614507,5.280857,6.9031,10000.0,2000000000.0
link_width_control,uniform_random,64,0.04,0.02,0.02,0,8,1,4,1,64,12618.0,12593.0,12618.0,12593.0,0.0196765625,0.0196765625,0.9980187034395308,2.0,13.560947,15.560947,2.0,13.560947,15.560947,5.24728,9.1395,10000.0,2000000000.0
link_width_control,uniform_random,64,0.05,0.025,0.025,0,8,1,4,1,64,15980.0,15955.0,15980.0,15955.0,0.0249296875,0.0249296875,0.9984355444305382,2.0,13.526669,15.526669,2.0,13.526669,15.526669,5.221122,11.531,10000.0,2000000000.0
link_width_control,uniform_random,64,0.06,0.03,0.03,0,8,1,4,1,64,19131.0,19109.0,19131.0,19109.0,0.0298578125,0.0298578125,0.9988500339762689,2.0,13.623738,15.623738,2.0,13.623738,15.623738,5.258779,13.8817,10000.0,2000000000.0
link_width_control,uniform_random,64,0.07,0.035,0.035,0,8,1,4,1,64,22313.0,22280.0,22313.0,22280.0,0.0348125,0.0348125,0.9985210415452875,2.0,13.597756,15.597756,2.0,13.597756,15.597756,5.237522,16.1401,10000.0,2000000000.0
link_width_control,uniform_random,64,0.08,0.04,0.04,0,8,1,4,1,64,25513.0,25486.0,25513.0,25486.0,0.039821875,0.039821875,0.9989417159879277,2.0,13.614298,15.614298,2.0,13.614298,15.614298,5.236169,18.4528,10000.0,2000000000.0
link_width_control,uniform_random,64,0.09,0.045,0.045,0,8,1,4,1,64,28723.0,28679.0,28723.0,28679.0,0.0448109375,0.0448109375,0.9984681265884483,2.0,13.644269,15.644269,2.0,13.644269,15.644269,5.242547,20.7916,10000.0,2000000000.0
link_width_control,uniform_random,64,0.1,0.05,0.05,0,8,1,4,1,64,31970.0,31919.0,31970.0,31919.0,0.0498734375,0.0498734375,0.9984047544573037,2.0,13.711394,15.711394,2.0,13.711394,15.711394,5.266832,23.2156,10000.0,2000000000.0
link_width_control,uniform_random,64,0.11,0.055,0.055,0,8,1,4,1,64,35150.0,35109.0,35150.0,35109.0,0.0548578125,0.0548578125,0.9988335704125177,2.0,13.705261,15.705261,2.0,13.705261,15.705261,5.253468,25.4829,10000.0,2000000000.0
link_width_control,uniform_random,64,0.12,0.06,0.06,0,8,1,4,1,64,38312.0,38245.0,38312.0,38245.0,0.0597578125,0.0597578125,0.998251200668198,2.0,13.728592,15.728592,2.0,13.728592,15.728592,5.257289,27.7862,10000.0,2000000000.0
link_width_control,uniform_random,64,0.13,0.065,0.065,0,8,1,4,1,64,41441.0,41382.0,41441.0,41382.0,0.064659375,0.064659375,0.9985762891822109,2.0,13.700353,15.700353,2.0,13.700353,15.700353,5.232396,29.9574,10000.0,2000000000.0
link_width_control,uniform_random,64,0.14,0.07,0.07,0,8,1,4,1,64,44515.0,44455.0,44515.0,44455.0,0.0694609375,0.0694609375,0.9986521397281816,2.0,13.753414,15.753414,2.0,13.753414,15.753414,5.250995,32.2631,10000.0,2000000000.0
link_width_control,uniform_random,64,0.15,0.075,0.075,0,8,1,4,1,64,47716.0,47649.0,47716.0,47649.0,0.0744515625,0.0744515625,0.9985958588314192,2.0,13.745934,15.745934,2.0,13.745934,15.745934,5.241327,34.5318,10000.0,2000000000.0
link_width_control,uniform_random,64,0.16,0.08,0.08,0,8,1,4,1,64,50920.0,50840.0,50920.0,50840.0,0.0794375,0.0794375,0.9984289080911233,2.0,13.812077,15.812077,2.0,13.812077,15.812077,5.2631,36.9628,10000.0,2000000000.0
link_width_control,uniform_random,64,0.17,0.085,0.085,0,8,1,4,1,64,54190.0,54109.0,54190.0,54109.0,0.0845453125,0.0845453125,0.9985052592729285,2.0,13.813913,15.813913,2.0,13.813913,15.813913,5.255041,39.2979,10000.0,2000000000.0
link_width_control,uniform_random,64,0.18,0.09,0.09,0,8,1,4,1,64,57428.0,57352.0,57428.0,57352.0,0.0896125,0.0896125,0.9986766037473009,2.0,13.827853,15.827853,2.0,13.827853,15.827853,5.252999,41.6291,10000.0,2000000000.0
link_width_control,uniform_random,64,0.19,0.095,0.095,0,8,1,4,1,64,60683.0,60581.0,60683.0,60581.0,0.0946578125,0.0946578125,0.9983191338595653,2.0,13.869778,15.869778,2.0,13.869778,15.869778,5.26373,44.052,10000.0,2000000000.0
link_width_control,uniform_random,64,0.2,0.1,0.1,0,8,1,4,1,64,63801.0,63702.0,63801.0,63702.0,0.099534375,0.099534375,0.9984483001833827,2.0,13.890302,15.890302,2.0,13.890302,15.890302,5.264277,46.3196,10000.0,2000000000.0
link_width_control,uniform_random,64,0.21,0.105,0.105,0,8,1,4,1,64,67103.0,67011.0,67103.0,67011.0,0.1047046875,0.1047046875,0.9986289733692979,2.0,13.892167,15.892167,2.0,13.892167,15.892167,5.254093,48.6481,10000.0,2000000000.0
link_width_control,uniform_random,64,0.22,0.11,0.11,0,8,1,4,1,64,70205.0,70106.0,70205.0,70106.0,0.109540625,0.109540625,0.9985898440282032,2.0,13.869141,15.869141,2.0,13.869141,15.869141,5.231507,50.7419,10000.0,2000000000.0
link_width_control,uniform_random,64,0.23,0.115,0.115,0,8,1,4,1,64,73295.0,73185.0,73295.0,73185.0,0.1143515625,0.1143515625,0.9984992154990109,2.0,13.925381,15.925381,2.0,13.925381,15.925381,5.248671,53.0986,10000.0,2000000000.0
link_width_control,uniform_random,64,0.24,0.12,0.12,0,8,1,4,1,64,76649.0,76545.0,76649.0,76545.0,0.1196015625,0.1196015625,0.9986431655990293,2.0,13.946528,15.946528,2.0,13.946528,15.946528,5.247959,55.5217,10000.0,2000000000.0
link_width_control,uniform_random,64,0.25,0.125,0.125,0,8,1,4,1,64,79865.0,79728.0,79865.0,79728.0,0.124575,0.124575,0.9982846052713955,2.0,13.979919,15.979919,2.0,13.979919,15.979919,5.256108,57.9146,10000.0,2000000000.0
link_width_control,uniform_random,64,0.26,0.13,0.13,0,8,1,4,1,64,83161.0,83030.0,83161.0,83030.0,0.129734375,0.129734375,0.9984247423672155,2.0,13.971902,15.971902,2.0,13.971902,15.971902,5.241973,60.1872,10000.0,2000000000.0
link_width_control,uniform_random,64,0.27,0.135,0.135,0,8,1,4,1,64,86362.0,86233.0,86362.0,86233.0,0.1347390625,0.1347390625,0.9985062874875524,2.0,14.010448,16.010448,2.0,14.010448,16.010448,5.248374,62.5649,10000.0,2000000000.0
link_width_control,uniform_random,64,0.28,0.14,0.14,0,8,1,4,1,64,89543.0,89406.0,89543.0,89406.0,0.139696875,0.139696875,0.9984700088225769,2.0,14.026106,16.026106,2.0,14.026106,16.026106,5.246068,64.8424,10000.0,2000000000.0
link_width_control,uniform_random,64,0.29,0.145,0.145,0,8,1,4,1,64,92816.0,92670.0,92816.0,92670.0,0.144796875,0.144796875,0.9984269953456301,2.0,14.066645,16.066645,2.0,14.066645,16.066645,5.252563,67.2784,10000.0,2000000000.0
link_width_control,uniform_random,64,0.3,0.15,0.15,0,8,1,4,1,64,96060.0,95916.0,96060.0,95916.0,0.14986875,0.14986875,0.9985009369144284,2.0,14.106958,16.106958,2.0,14.106958,16.106958,5.259592,69.6959,10000.0,2000000000.0
link_width_control,uniform_random,64,0.31,0.155,0.155,0,8,1,4,1,64,99232.0,99095.0,99232.0,99095.0,0.1548359375,0.1548359375,0.9986193969687198,2.0,14.110056,16.110056,2.0,14.110056,16.110056,5.248711,71.8869,10000.0,2000000000.0
link_width_control,uniform_random,64,0.32,0.16,0.16,0,8,1,4,1,64,102412.0,102256.0,102412.0,102256.0,0.159775,0.159775,0.9984767410069133,2.0,14.161135,16.161135,2.0,14.161135,16.161135,5.260718,74.314,10000.0,2000000000.0
link_width_control,uniform_random,64,0.33,0.165,0.165,0,8,1,4,1,64,105628.0,105459.0,105628.0,105459.0,0.1647796875,0.1647796875,0.9984000454424963,2.0,14.147527,16.147527,2.0,14.147527,16.147527,5.239354,76.4231,10000.0,2000000000.0
link_width_control,uniform_random,64,0.34,0.17,0.17,0,8,1,4,1,64,108817.0,108636.0,108817.0,108636.0,0.16974375,0.16974375,0.9983366569561741,2.0,14.181505,16.181505,2.0,14.181505,16.181505,5.241715,78.7566,10000.0,2000000000.0
link_width_control,uniform_random,64,0.35,0.175,0.175,0,8,1,4,1,64,111998.0,111839.0,111998.0,111839.0,0.1747484375,0.1747484375,0.9985803317916392,2.0,14.199984,16.199984,2.0,14.199984,16.199984,5.24132,81.0546,10000.0,2000000000.0
link_width_control,uniform_random,64,0.36,0.18,0.18,0,8,1,4,1,64,115134.0,114954.0,115134.0,114954.0,0.179615625,0.179615625,0.9984366043045495,2.0,14.257625,16.257625,2.0,14.257625,16.257625,5.250135,83.4185,10000.0,2000000000.0
link_width_control,uniform_random,64,0.37,0.185,0.185,0,8,1,4,1,64,118176.0,118001.0,118176.0,118001.0,0.1843765625,0.1843765625,0.9985191578662335,2.0,14.282803,16.282803,2.0,14.282803,16.282803,5.248167,85.6051,10000.0,2000000000.0
link_width_control,uniform_random,64,0.38,0.19,0.19,0,8,1,4,1,64,121411.0,121207.0,121411.0,121207.0,0.1893859375,0.1893859375,0.9983197568589337,2.0,14.321483,16.321483,2.0,14.321483,16.321483,5.252527,87.9999,10000.0,2000000000.0
link_width_control,uniform_random,64,0.39,0.195,0.195,0,8,1,4,1,64,124573.0,124367.0,124573.0,124367.0,0.1943234375,0.1943234375,0.9983463511354788,2.0,14.325159,16.325159,2.0,14.325159,16.325159,5.235287,90.0742,10000.0,2000000000.0
link_width_control,uniform_random,64,0.4,0.2,0.2,0,8,1,4,1,64,127850.0,127645.0,127850.0,127645.0,0.1994453125,0.1994453125,0.9983965584669534,2.0,14.393482,16.393482,2.0,14.393482,16.393482,5.24518,92.5788,10000.0,2000000000.0
link_width_control,uniform_random,64,0.41,0.205,0.205,0,8,1,4,1,64,130940.0,130735.0,130940.0,130735.0,0.2042734375,0.2042734375,0.9984343974339392,2.0,14.421945,16.421945,2.0,14.421945,16.421945,5.24116,94.761,10000.0,2000000000.0
link_width_control,uniform_random,64,0.42,0.21,0.21,0,8,1,4,1,64,134152.0,133956.0,134152.0,133956.0,0.20930625,0.20930625,0.9985389707197806,2.0,14.492393,16.492393,2.0,14.492393,16.492393,5.254419,97.2663,10000.0,2000000000.0
link_width_control,uniform_random,64,0.43,0.215,0.215,0,8,1,4,1,64,137408.0,137192.0,137408.0,137192.0,0.2143625,0.2143625,0.9984280391243596,2.000007,14.55235,16.552357,2.000007,14.55235,16.552357,5.260299,99.6966,10000.0,2000000000.0
link_width_control,uniform_random,64,0.44,0.22,0.22,0,8,1,4,1,64,140661.0,140451.0,140661.0,140451.0,0.2194546875,0.2194546875,0.9985070488621579,2.0,14.567664,16.567664,2.0,14.567664,16.567664,5.250009,101.9198,10000.0,2000000000.0
link_width_control,uniform_random,64,0.45,0.225,0.225,0,8,1,4,1,64,143788.0,143576.0,143788.0,143576.0,0.2243375,0.2243375,0.9985256071438506,2.0,14.614727,16.614727,2.0,14.614727,16.614727,5.251936,104.2168,10000.0,2000000000.0
link_width_control,uniform_random,64,0.46,0.23,0.23,0,8,1,4,1,64,146960.0,146737.0,146960.0,146737.0,0.2292765625,0.2292765625,0.9984825802939575,2.000061,14.680878,16.680939,2.000061,14.680878,16.680939,5.252874,106.5255,10000.0,2000000000.0
link_width_control,uniform_random,64,0.47,0.235,0.235,0,8,1,4,1,64,150117.0,149898.0,150117.0,149898.0,0.234215625,0.234215625,0.9985411379124283,2.000013,14.721898,16.721911,2.000013,14.721898,16.721911,5.248282,108.7456,10000.0,2000000000.0
link_width_control,uniform_random,64,0.48,0.24,0.24,0,8,1,4,1,64,153229.0,152997.0,153229.0,152997.0,0.2390578125,0.2390578125,0.9984859262933257,2.000052,14.799512,16.799565,2.000052,14.799512,16.799565,5.25209,111.0577,10000.0,2000000000.0
link_width_control,uniform_random,64,0.49,0.245,0.245,0,8,1,4,1,64,156386.0,156147.0,156386.0,156147.0,0.2439796875,0.2439796875,0.9984717302060286,2.000026,14.867106,16.867132,2.000026,14.867106,16.867132,5.255535,113.3949,10000.0,2000000000.0
link_width_control,uniform_random,64,0.5,0.25,0.25,0,8,1,4,1,64,159529.0,159305.0,159529.0,159305.0,0.2489140625,0.2489140625,0.9985958665822515,2.00005,14.905213,16.905263,2.00005,14.905213,16.905263,5.248122,115.5665,10000.0,2000000000.0
link_width_control,uniform_random,128,0.01,0.005,0.005,0,8,1,4,1,128,3165.0,3162.0,3165.0,3162.0,0.004940625,0.004940625,0.9990521327014218,2.0,13.557559,15.557559,2.0,13.557559,15.557559,5.26945,2.2996,10000.0,2000000000.0
link_width_control,uniform_random,128,0.02,0.01,0.01,0,8,1,4,1,128,6387.0,6382.0,6387.0,6382.0,0.009971875,0.009971875,0.9992171598559574,2.0,13.579285,15.579285,2.0,13.579285,15.579285,5.271702,4.6424,10000.0,2000000000.0
link_width_control,uniform_random,128,0.03,0.015,0.015,0,8,1,4,1,128,9483.0,9471.0,9483.0,9471.0,0.0147984375,0.0147984375,0.9987345776652958,2.0,13.614507,15.614507,2.0,13.614507,15.614507,5.280857,6.9031,10000.0,2000000000.0
link_width_control,uniform_random,128,0.04,0.02,0.02,0,8,1,4,1,128,12618.0,12593.0,12618.0,12593.0,0.0196765625,0.0196765625,0.9980187034395308,2.0,13.560947,15.560947,2.0,13.560947,15.560947,5.24728,9.1395,10000.0,2000000000.0
link_width_control,uniform_random,128,0.05,0.025,0.025,0,8,1,4,1,128,15980.0,15955.0,15980.0,15955.0,0.0249296875,0.0249296875,0.9984355444305382,2.0,13.526669,15.526669,2.0,13.526669,15.526669,5.221122,11.531,10000.0,2000000000.0
link_width_control,uniform_random,128,0.06,0.03,0.03,0,8,1,4,1,128,19131.0,19109.0,19131.0,19109.0,0.0298578125,0.0298578125,0.9988500339762689,2.0,13.623738,15.623738,2.0,13.623738,15.623738,5.258779,13.8817,10000.0,2000000000.0
link_width_control,uniform_random,128,0.07,0.035,0.035,0,8,1,4,1,128,22313.0,22280.0,22313.0,22280.0,0.0348125,0.0348125,0.9985210415452875,2.0,13.597756,15.597756,2.0,13.597756,15.597756,5.237522,16.1401,10000.0,2000000000.0
link_width_control,uniform_random,128,0.08,0.04,0.04,0,8,1,4,1,128,25513.0,25486.0,25513.0,25486.0,0.039821875,0.039821875,0.9989417159879277,2.0,13.614298,15.614298,2.0,13.614298,15.614298,5.236169,18.4528,10000.0,2000000000.0
link_width_control,uniform_random,128,0.09,0.045,0.045,0,8,1,4,1,128,28723.0,28679.0,28723.0,28679.0,0.0448109375,0.0448109375,0.9984681265884483,2.0,13.644269,15.644269,2.0,13.644269,15.644269,5.242547,20.7916,10000.0,2000000000.0
link_width_control,uniform_random,128,0.1,0.05,0.05,0,8,1,4,1,128,31970.0,31919.0,31970.0,31919.0,0.0498734375,0.0498734375,0.9984047544573037,2.0,13.711394,15.711394,2.0,13.711394,15.711394,5.266832,23.2156,10000.0,2000000000.0
link_width_control,uniform_random,128,0.11,0.055,0.055,0,8,1,4,1,128,35150.0,35109.0,35150.0,35109.0,0.0548578125,0.0548578125,0.9988335704125177,2.0,13.705261,15.705261,2.0,13.705261,15.705261,5.253468,25.4829,10000.0,2000000000.0
link_width_control,uniform_random,128,0.12,0.06,0.06,0,8,1,4,1,128,38312.0,38245.0,38312.0,38245.0,0.0597578125,0.0597578125,0.998251200668198,2.0,13.728592,15.728592,2.0,13.728592,15.728592,5.257289,27.7862,10000.0,2000000000.0
link_width_control,uniform_random,128,0.13,0.065,0.065,0,8,1,4,1,128,41441.0,41382.0,41441.0,41382.0,0.064659375,0.064659375,0.9985762891822109,2.0,13.700353,15.700353,2.0,13.700353,15.700353,5.232396,29.9574,10000.0,2000000000.0
link_width_control,uniform_random,128,0.14,0.07,0.07,0,8,1,4,1,128,44515.0,44455.0,44515.0,44455.0,0.0694609375,0.0694609375,0.9986521397281816,2.0,13.753414,15.753414,2.0,13.753414,15.753414,5.250995,32.2631,10000.0,2000000000.0
link_width_control,uniform_random,128,0.15,0.075,0.075,0,8,1,4,1,128,47716.0,47649.0,47716.0,47649.0,0.0744515625,0.0744515625,0.9985958588314192,2.0,13.745934,15.745934,2.0,13.745934,15.745934,5.241327,34.5318,10000.0,2000000000.0
link_width_control,uniform_random,128,0.16,0.08,0.08,0,8,1,4,1,128,50920.0,50840.0,50920.0,50840.0,0.0794375,0.0794375,0.9984289080911233,2.0,13.812077,15.812077,2.0,13.812077,15.812077,5.2631,36.9628,10000.0,2000000000.0
link_width_control,uniform_random,128,0.17,0.085,0.085,0,8,1,4,1,128,54190.0,54109.0,54190.0,54109.0,0.0845453125,0.0845453125,0.9985052592729285,2.0,13.813913,15.813913,2.0,13.813913,15.813913,5.255041,39.2979,10000.0,2000000000.0
link_width_control,uniform_random,128,0.18,0.09,0.09,0,8,1,4,1,128,57428.0,57352.0,57428.0,57352.0,0.0896125,0.0896125,0.9986766037473009,2.0,13.827853,15.827853,2.0,13.827853,15.827853,5.252999,41.6291,10000.0,2000000000.0
link_width_control,uniform_random,128,0.19,0.095,0.095,0,8,1,4,1,128,60683.0,60581.0,60683.0,60581.0,0.0946578125,0.0946578125,0.9983191338595653,2.0,13.869778,15.869778,2.0,13.869778,15.869778,5.26373,44.052,10000.0,2000000000.0
link_width_control,uniform_random,128,0.2,0.1,0.1,0,8,1,4,1,128,63801.0,63702.0,63801.0,63702.0,0.099534375,0.099534375,0.9984483001833827,2.0,13.890302,15.890302,2.0,13.890302,15.890302,5.264277,46.3196,10000.0,2000000000.0
link_width_control,uniform_random,128,0.21,0.105,0.105,0,8,1,4,1,128,67103.0,67011.0,67103.0,67011.0,0.1047046875,0.1047046875,0.9986289733692979,2.0,13.892167,15.892167,2.0,13.892167,15.892167,5.254093,48.6481,10000.0,2000000000.0
link_width_control,uniform_random,128,0.22,0.11,0.11,0,8,1,4,1,128,70205.0,70106.0,70205.0,70106.0,0.109540625,0.109540625,0.9985898440282032,2.0,13.869141,15.869141,2.0,13.869141,15.869141,5.231507,50.7419,10000.0,2000000000.0
link_width_control,uniform_random,128,0.23,0.115,0.115,0,8,1,4,1,128,73295.0,73185.0,73295.0,73185.0,0.1143515625,0.1143515625,0.9984992154990109,2.0,13.925381,15.925381,2.0,13.925381,15.925381,5.248671,53.0986,10000.0,2000000000.0
link_width_control,uniform_random,128,0.24,0.12,0.12,0,8,1,4,1,128,76649.0,76545.0,76649.0,76545.0,0.1196015625,0.1196015625,0.9986431655990293,2.0,13.946528,15.946528,2.0,13.946528,15.946528,5.247959,55.5217,10000.0,2000000000.0
link_width_control,uniform_random,128,0.25,0.125,0.125,0,8,1,4,1,128,79865.0,79728.0,79865.0,79728.0,0.124575,0.124575,0.9982846052713955,2.0,13.979919,15.979919,2.0,13.979919,15.979919,5.256108,57.9146,10000.0,2000000000.0
link_width_control,uniform_random,128,0.26,0.13,0.13,0,8,1,4,1,128,83161.0,83030.0,83161.0,83030.0,0.129734375,0.129734375,0.9984247423672155,2.0,13.971902,15.971902,2.0,13.971902,15.971902,5.241973,60.1872,10000.0,2000000000.0
link_width_control,uniform_random,128,0.27,0.135,0.135,0,8,1,4,1,128,86362.0,86233.0,86362.0,86233.0,0.1347390625,0.1347390625,0.9985062874875524,2.0,14.010448,16.010448,2.0,14.010448,16.010448,5.248374,62.5649,10000.0,2000000000.0
link_width_control,uniform_random,128,0.28,0.14,0.14,0,8,1,4,1,128,89543.0,89406.0,89543.0,89406.0,0.139696875,0.139696875,0.9984700088225769,2.0,14.026106,16.026106,2.0,14.026106,16.026106,5.246068,64.8424,10000.0,2000000000.0
link_width_control,uniform_random,128,0.29,0.145,0.145,0,8,1,4,1,128,92816.0,92670.0,92816.0,92670.0,0.144796875,0.144796875,0.9984269953456301,2.0,14.066645,16.066645,2.0,14.066645,16.066645,5.252563,67.2784,10000.0,2000000000.0
link_width_control,uniform_random,128,0.3,0.15,0.15,0,8,1,4,1,128,96060.0,95916.0,96060.0,95916.0,0.14986875,0.14986875,0.9985009369144284,2.0,14.106958,16.106958,2.0,14.106958,16.106958,5.259592,69.6959,10000.0,2000000000.0
link_width_control,uniform_random,128,0.31,0.155,0.155,0,8,1,4,1,128,99232.0,99095.0,99232.0,99095.0,0.1548359375,0.1548359375,0.9986193969687198,2.0,14.110056,16.110056,2.0,14.110056,16.110056,5.248711,71.8869,10000.0,2000000000.0
link_width_control,uniform_random,128,0.32,0.16,0.16,0,8,1,4,1,128,102412.0,102256.0,102412.0,102256.0,0.159775,0.159775,0.9984767410069133,2.0,14.161135,16.161135,2.0,14.161135,16.161135,5.260718,74.314,10000.0,2000000000.0
link_width_control,uniform_random,128,0.33,0.165,0.165,0,8,1,4,1,128,105628.0,105459.0,105628.0,105459.0,0.1647796875,0.1647796875,0.9984000454424963,2.0,14.147527,16.147527,2.0,14.147527,16.147527,5.239354,76.4231,10000.0,2000000000.0
link_width_control,uniform_random,128,0.34,0.17,0.17,0,8,1,4,1,128,108817.0,108636.0,108817.0,108636.0,0.16974375,0.16974375,0.9983366569561741,2.0,14.181505,16.181505,2.0,14.181505,16.181505,5.241715,78.7566,10000.0,2000000000.0
link_width_control,uniform_random,128,0.35,0.175,0.175,0,8,1,4,1,128,111998.0,111839.0,111998.0,111839.0,0.1747484375,0.1747484375,0.9985803317916392,2.0,14.199984,16.199984,2.0,14.199984,16.199984,5.24132,81.0546,10000.0,2000000000.0
link_width_control,uniform_random,128,0.36,0.18,0.18,0,8,1,4,1,128,115134.0,114954.0,115134.0,114954.0,0.179615625,0.179615625,0.9984366043045495,2.0,14.257625,16.257625,2.0,14.257625,16.257625,5.250135,83.4185,10000.0,2000000000.0
link_width_control,uniform_random,128,0.37,0.185,0.185,0,8,1,4,1,128,118176.0,118001.0,118176.0,118001.0,0.1843765625,0.1843765625,0.9985191578662335,2.0,14.282803,16.282803,2.0,14.282803,16.282803,5.248167,85.6051,10000.0,2000000000.0
link_width_control,uniform_random,128,0.38,0.19,0.19,0,8,1,4,1,128,121411.0,121207.0,121411.0,121207.0,0.1893859375,0.1893859375,0.9983197568589337,2.0,14.321483,16.321483,2.0,14.321483,16.321483,5.252527,87.9999,10000.0,2000000000.0
link_width_control,uniform_random,128,0.39,0.195,0.195,0,8,1,4,1,128,124573.0,124367.0,124573.0,124367.0,0.1943234375,0.1943234375,0.9983463511354788,2.0,14.325159,16.325159,2.0,14.325159,16.325159,5.235287,90.0742,10000.0,2000000000.0
link_width_control,uniform_random,128,0.4,0.2,0.2,0,8,1,4,1,128,127850.0,127645.0,127850.0,127645.0,0.1994453125,0.1994453125,0.9983965584669534,2.0,14.393482,16.393482,2.0,14.393482,16.393482,5.24518,92.5788,10000.0,2000000000.0
link_width_control,uniform_random,128,0.41,0.205,0.205,0,8,1,4,1,128,130940.0,130735.0,130940.0,130735.0,0.2042734375,0.2042734375,0.9984343974339392,2.0,14.421945,16.421945,2.0,14.421945,16.421945,5.24116,94.761,10000.0,2000000000.0
link_width_control,uniform_random,128,0.42,0.21,0.21,0,8,1,4,1,128,134152.0,133956.0,134152.0,133956.0,0.20930625,0.20930625,0.9985389707197806,2.0,14.492393,16.492393,2.0,14.492393,16.492393,5.254419,97.2663,10000.0,2000000000.0
link_width_control,uniform_random,128,0.43,0.215,0.215,0,8,1,4,1,128,137408.0,137192.0,137408.0,137192.0,0.2143625,0.2143625,0.9984280391243596,2.000007,14.55235,16.552357,2.000007,14.55235,16.552357,5.260299,99.6966,10000.0,2000000000.0
link_width_control,uniform_random,128,0.44,0.22,0.22,0,8,1,4,1,128,140661.0,140451.0,140661.0,140451.0,0.2194546875,0.2194546875,0.9985070488621579,2.0,14.567664,16.567664,2.0,14.567664,16.567664,5.250009,101.9198,10000.0,2000000000.0
link_width_control,uniform_random,128,0.45,0.225,0.225,0,8,1,4,1,128,143788.0,143576.0,143788.0,143576.0,0.2243375,0.2243375,0.9985256071438506,2.0,14.614727,16.614727,2.0,14.614727,16.614727,5.251936,104.2168,10000.0,2000000000.0
link_width_control,uniform_random,128,0.46,0.23,0.23,0,8,1,4,1,128,146960.0,146737.0,146960.0,146737.0,0.2292765625,0.2292765625,0.9984825802939575,2.000061,14.680878,16.680939,2.000061,14.680878,16.680939,5.252874,106.5255,10000.0,2000000000.0
link_width_control,uniform_random,128,0.47,0.235,0.235,0,8,1,4,1,128,150117.0,149898.0,150117.0,149898.0,0.234215625,0.234215625,0.9985411379124283,2.000013,14.721898,16.721911,2.000013,14.721898,16.721911,5.248282,108.7456,10000.0,2000000000.0
link_width_control,uniform_random,128,0.48,0.24,0.24,0,8,1,4,1,128,153229.0,152997.0,153229.0,152997.0,0.2390578125,0.2390578125,0.9984859262933257,2.000052,14.799512,16.799565,2.000052,14.799512,16.799565,5.25209,111.0577,10000.0,2000000000.0
link_width_control,uniform_random,128,0.49,0.245,0.245,0,8,1,4,1,128,156386.0,156147.0,156386.0,156147.0,0.2439796875,0.2439796875,0.9984717302060286,2.000026,14.867106,16.867132,2.000026,14.867106,16.867132,5.255535,113.3949,10000.0,2000000000.0
link_width_control,uniform_random,128,0.5,0.25,0.25,0,8,1,4,1,128,159529.0,159305.0,159529.0,159305.0,0.2489140625,0.2489140625,0.9985958665822515,2.00005,14.905213,16.905263,2.00005,14.905213,16.905263,5.248122,115.5665,10000.0,2000000000.0
link_width_control,uniform_random,256,0.01,0.005,0.005,0,8,1,4,1,256,3165.0,3162.0,3165.0,3162.0,0.004940625,0.004940625,0.9990521327014218,2.0,13.557559,15.557559,2.0,13.557559,15.557559,5.26945,2.2996,10000.0,2000000000.0
link_width_control,uniform_random,256,0.02,0.01,0.01,0,8,1,4,1,256,6387.0,6382.0,6387.0,6382.0,0.009971875,0.009971875,0.9992171598559574,2.0,13.579285,15.579285,2.0,13.579285,15.579285,5.271702,4.6424,10000.0,2000000000.0
link_width_control,uniform_random,256,0.03,0.015,0.015,0,8,1,4,1,256,9483.0,9471.0,9483.0,9471.0,0.0147984375,0.0147984375,0.9987345776652958,2.0,13.614507,15.614507,2.0,13.614507,15.614507,5.280857,6.9031,10000.0,2000000000.0
link_width_control,uniform_random,256,0.04,0.02,0.02,0,8,1,4,1,256,12618.0,12593.0,12618.0,12593.0,0.0196765625,0.0196765625,0.9980187034395308,2.0,13.560947,15.560947,2.0,13.560947,15.560947,5.24728,9.1395,10000.0,2000000000.0
link_width_control,uniform_random,256,0.05,0.025,0.025,0,8,1,4,1,256,15980.0,15955.0,15980.0,15955.0,0.0249296875,0.0249296875,0.9984355444305382,2.0,13.526669,15.526669,2.0,13.526669,15.526669,5.221122,11.531,10000.0,2000000000.0
link_width_control,uniform_random,256,0.06,0.03,0.03,0,8,1,4,1,256,19131.0,19109.0,19131.0,19109.0,0.0298578125,0.0298578125,0.9988500339762689,2.0,13.623738,15.623738,2.0,13.623738,15.623738,5.258779,13.8817,10000.0,2000000000.0
link_width_control,uniform_random,256,0.07,0.035,0.035,0,8,1,4,1,256,22313.0,22280.0,22313.0,22280.0,0.0348125,0.0348125,0.9985210415452875,2.0,13.597756,15.597756,2.0,13.597756,15.597756,5.237522,16.1401,10000.0,2000000000.0
link_width_control,uniform_random,256,0.08,0.04,0.04,0,8,1,4,1,256,25513.0,25486.0,25513.0,25486.0,0.039821875,0.039821875,0.9989417159879277,2.0,13.614298,15.614298,2.0,13.614298,15.614298,5.236169,18.4528,10000.0,2000000000.0
link_width_control,uniform_random,256,0.09,0.045,0.045,0,8,1,4,1,256,28723.0,28679.0,28723.0,28679.0,0.0448109375,0.0448109375,0.9984681265884483,2.0,13.644269,15.644269,2.0,13.644269,15.644269,5.242547,20.7916,10000.0,2000000000.0
link_width_control,uniform_random,256,0.1,0.05,0.05,0,8,1,4,1,256,31970.0,31919.0,31970.0,31919.0,0.0498734375,0.0498734375,0.9984047544573037,2.0,13.711394,15.711394,2.0,13.711394,15.711394,5.266832,23.2156,10000.0,2000000000.0
link_width_control,uniform_random,256,0.11,0.055,0.055,0,8,1,4,1,256,35150.0,35109.0,35150.0,35109.0,0.0548578125,0.0548578125,0.9988335704125177,2.0,13.705261,15.705261,2.0,13.705261,15.705261,5.253468,25.4829,10000.0,2000000000.0
link_width_control,uniform_random,256,0.12,0.06,0.06,0,8,1,4,1,256,38312.0,38245.0,38312.0,38245.0,0.0597578125,0.0597578125,0.998251200668198,2.0,13.728592,15.728592,2.0,13.728592,15.728592,5.257289,27.7862,10000.0,2000000000.0
link_width_control,uniform_random,256,0.13,0.065,0.065,0,8,1,4,1,256,41441.0,41382.0,41441.0,41382.0,0.064659375,0.064659375,0.9985762891822109,2.0,13.700353,15.700353,2.0,13.700353,15.700353,5.232396,29.9574,10000.0,2000000000.0
link_width_control,uniform_random,256,0.14,0.07,0.07,0,8,1,4,1,256,44515.0,44455.0,44515.0,44455.0,0.0694609375,0.0694609375,0.9986521397281816,2.0,13.753414,15.753414,2.0,13.753414,15.753414,5.250995,32.2631,10000.0,2000000000.0
link_width_control,uniform_random,256,0.15,0.075,0.075,0,8,1,4,1,256,47716.0,47649.0,47716.0,47649.0,0.0744515625,0.0744515625,0.9985958588314192,2.0,13.745934,15.745934,2.0,13.745934,15.745934,5.241327,34.5318,10000.0,2000000000.0
link_width_control,uniform_random,256,0.16,0.08,0.08,0,8,1,4,1,256,50920.0,50840.0,50920.0,50840.0,0.0794375,0.0794375,0.9984289080911233,2.0,13.812077,15.812077,2.0,13.812077,15.812077,5.2631,36.9628,10000.0,2000000000.0
link_width_control,uniform_random,256,0.17,0.085,0.085,0,8,1,4,1,256,54190.0,54109.0,54190.0,54109.0,0.0845453125,0.0845453125,0.9985052592729285,2.0,13.813913,15.813913,2.0,13.813913,15.813913,5.255041,39.2979,10000.0,2000000000.0
link_width_control,uniform_random,256,0.18,0.09,0.09,0,8,1,4,1,256,57428.0,57352.0,57428.0,57352.0,0.0896125,0.0896125,0.9986766037473009,2.0,13.827853,15.827853,2.0,13.827853,15.827853,5.252999,41.6291,10000.0,2000000000.0
link_width_control,uniform_random,256,0.19,0.095,0.095,0,8,1,4,1,256,60683.0,60581.0,60683.0,60581.0,0.0946578125,0.0946578125,0.9983191338595653,2.0,13.869778,15.869778,2.0,13.869778,15.869778,5.26373,44.052,10000.0,2000000000.0
link_width_control,uniform_random,256,0.2,0.1,0.1,0,8,1,4,1,256,63801.0,63702.0,63801.0,63702.0,0.099534375,0.099534375,0.9984483001833827,2.0,13.890302,15.890302,2.0,13.890302,15.890302,5.264277,46.3196,10000.0,2000000000.0
link_width_control,uniform_random,256,0.21,0.105,0.105,0,8,1,4,1,256,67103.0,67011.0,67103.0,67011.0,0.1047046875,0.1047046875,0.9986289733692979,2.0,13.892167,15.892167,2.0,13.892167,15.892167,5.254093,48.6481,10000.0,2000000000.0
link_width_control,uniform_random,256,0.22,0.11,0.11,0,8,1,4,1,256,70205.0,70106.0,70205.0,70106.0,0.109540625,0.109540625,0.9985898440282032,2.0,13.869141,15.869141,2.0,13.869141,15.869141,5.231507,50.7419,10000.0,2000000000.0
link_width_control,uniform_random,256,0.23,0.115,0.115,0,8,1,4,1,256,73295.0,73185.0,73295.0,73185.0,0.1143515625,0.1143515625,0.9984992154990109,2.0,13.925381,15.925381,2.0,13.925381,15.925381,5.248671,53.0986,10000.0,2000000000.0
link_width_control,uniform_random,256,0.24,0.12,0.12,0,8,1,4,1,256,76649.0,76545.0,76649.0,76545.0,0.1196015625,0.1196015625,0.9986431655990293,2.0,13.946528,15.946528,2.0,13.946528,15.946528,5.247959,55.5217,10000.0,2000000000.0
link_width_control,uniform_random,256,0.25,0.125,0.125,0,8,1,4,1,256,79865.0,79728.0,79865.0,79728.0,0.124575,0.124575,0.9982846052713955,2.0,13.979919,15.979919,2.0,13.979919,15.979919,5.256108,57.9146,10000.0,2000000000.0
link_width_control,uniform_random,256,0.26,0.13,0.13,0,8,1,4,1,256,83161.0,83030.0,83161.0,83030.0,0.129734375,0.129734375,0.9984247423672155,2.0,13.971902,15.971902,2.0,13.971902,15.971902,5.241973,60.1872,10000.0,2000000000.0
link_width_control,uniform_random,256,0.27,0.135,0.135,0,8,1,4,1,256,86362.0,86233.0,86362.0,86233.0,0.1347390625,0.1347390625,0.9985062874875524,2.0,14.010448,16.010448,2.0,14.010448,16.010448,5.248374,62.5649,10000.0,2000000000.0
link_width_control,uniform_random,256,0.28,0.14,0.14,0,8,1,4,1,256,89543.0,89406.0,89543.0,89406.0,0.139696875,0.139696875,0.9984700088225769,2.0,14.026106,16.026106,2.0,14.026106,16.026106,5.246068,64.8424,10000.0,2000000000.0
link_width_control,uniform_random,256,0.29,0.145,0.145,0,8,1,4,1,256,92816.0,92670.0,92816.0,92670.0,0.144796875,0.144796875,0.9984269953456301,2.0,14.066645,16.066645,2.0,14.066645,16.066645,5.252563,67.2784,10000.0,2000000000.0
link_width_control,uniform_random,256,0.3,0.15,0.15,0,8,1,4,1,256,96060.0,95916.0,96060.0,95916.0,0.14986875,0.14986875,0.9985009369144284,2.0,14.106958,16.106958,2.0,14.106958,16.106958,5.259592,69.6959,10000.0,2000000000.0
link_width_control,uniform_random,256,0.31,0.155,0.155,0,8,1,4,1,256,99232.0,99095.0,99232.0,99095.0,0.1548359375,0.1548359375,0.9986193969687198,2.0,14.110056,16.110056,2.0,14.110056,16.110056,5.248711,71.8869,10000.0,2000000000.0
link_width_control,uniform_random,256,0.32,0.16,0.16,0,8,1,4,1,256,102412.0,102256.0,102412.0,102256.0,0.159775,0.159775,0.9984767410069133,2.0,14.161135,16.161135,2.0,14.161135,16.161135,5.260718,74.314,10000.0,2000000000.0
link_width_control,uniform_random,256,0.33,0.165,0.165,0,8,1,4,1,256,105628.0,105459.0,105628.0,105459.0,0.1647796875,0.1647796875,0.9984000454424963,2.0,14.147527,16.147527,2.0,14.147527,16.147527,5.239354,76.4231,10000.0,2000000000.0
link_width_control,uniform_random,256,0.34,0.17,0.17,0,8,1,4,1,256,108817.0,108636.0,108817.0,108636.0,0.16974375,0.16974375,0.9983366569561741,2.0,14.181505,16.181505,2.0,14.181505,16.181505,5.241715,78.7566,10000.0,2000000000.0
link_width_control,uniform_random,256,0.35,0.175,0.175,0,8,1,4,1,256,111998.0,111839.0,111998.0,111839.0,0.1747484375,0.1747484375,0.9985803317916392,2.0,14.199984,16.199984,2.0,14.199984,16.199984,5.24132,81.0546,10000.0,2000000000.0
link_width_control,uniform_random,256,0.36,0.18,0.18,0,8,1,4,1,256,115134.0,114954.0,115134.0,114954.0,0.179615625,0.179615625,0.9984366043045495,2.0,14.257625,16.257625,2.0,14.257625,16.257625,5.250135,83.4185,10000.0,2000000000.0
link_width_control,uniform_random,256,0.37,0.185,0.185,0,8,1,4,1,256,118176.0,118001.0,118176.0,118001.0,0.1843765625,0.1843765625,0.9985191578662335,2.0,14.282803,16.282803,2.0,14.282803,16.282803,5.248167,85.6051,10000.0,2000000000.0
link_width_control,uniform_random,256,0.38,0.19,0.19,0,8,1,4,1,256,121411.0,121207.0,121411.0,121207.0,0.1893859375,0.1893859375,0.9983197568589337,2.0,14.321483,16.321483,2.0,14.321483,16.321483,5.252527,87.9999,10000.0,2000000000.0
link_width_control,uniform_random,256,0.39,0.195,0.195,0,8,1,4,1,256,124573.0,124367.0,124573.0,124367.0,0.1943234375,0.1943234375,0.9983463511354788,2.0,14.325159,16.325159,2.0,14.325159,16.325159,5.235287,90.0742,10000.0,2000000000.0
link_width_control,uniform_random,256,0.4,0.2,0.2,0,8,1,4,1,256,127850.0,127645.0,127850.0,127645.0,0.1994453125,0.1994453125,0.9983965584669534,2.0,14.393482,16.393482,2.0,14.393482,16.393482,5.24518,92.5788,10000.0,2000000000.0
link_width_control,uniform_random,256,0.41,0.205,0.205,0,8,1,4,1,256,130940.0,130735.0,130940.0,130735.0,0.2042734375,0.2042734375,0.9984343974339392,2.0,14.421945,16.421945,2.0,14.421945,16.421945,5.24116,94.761,10000.0,2000000000.0
link_width_control,uniform_random,256,0.42,0.21,0.21,0,8,1,4,1,256,134152.0,133956.0,134152.0,133956.0,0.20930625,0.20930625,0.9985389707197806,2.0,14.492393,16.492393,2.0,14.492393,16.492393,5.254419,97.2663,10000.0,2000000000.0
link_width_control,uniform_random,256,0.43,0.215,0.215,0,8,1,4,1,256,137408.0,137192.0,137408.0,137192.0,0.2143625,0.2143625,0.9984280391243596,2.000007,14.55235,16.552357,2.000007,14.55235,16.552357,5.260299,99.6966,10000.0,2000000000.0
link_width_control,uniform_random,256,0.44,0.22,0.22,0,8,1,4,1,256,140661.0,140451.0,140661.0,140451.0,0.2194546875,0.2194546875,0.9985070488621579,2.0,14.567664,16.567664,2.0,14.567664,16.567664,5.250009,101.9198,10000.0,2000000000.0
link_width_control,uniform_random,256,0.45,0.225,0.225,0,8,1,4,1,256,143788.0,143576.0,143788.0,143576.0,0.2243375,0.2243375,0.9985256071438506,2.0,14.614727,16.614727,2.0,14.614727,16.614727,5.251936,104.2168,10000.0,2000000000.0
link_width_control,uniform_random,256,0.46,0.23,0.23,0,8,1,4,1,256,146960.0,146737.0,146960.0,146737.0,0.2292765625,0.2292765625,0.9984825802939575,2.000061,14.680878,16.680939,2.000061,14.680878,16.680939,5.252874,106.5255,10000.0,2000000000.0
link_width_control,uniform_random,256,0.47,0.235,0.235,0,8,1,4,1,256,150117.0,149898.0,150117.0,149898.0,0.234215625,0.234215625,0.9985411379124283,2.000013,14.721898,16.721911,2.000013,14.721898,16.721911,5.248282,108.7456,10000.0,2000000000.0
link_width_control,uniform_random,256,0.48,0.24,0.24,0,8,1,4,1,256,153229.0,152997.0,153229.0,152997.0,0.2390578125,0.2390578125,0.9984859262933257,2.000052,14.799512,16.799565,2.000052,14.799512,16.799565,5.25209,111.0577,10000.0,2000000000.0
link_width_control,uniform_random,256,0.49,0.245,0.245,0,8,1,4,1,256,156386.0,156147.0,156386.0,156147.0,0.2439796875,0.2439796875,0.9984717302060286,2.000026,14.867106,16.867132,2.000026,14.867106,16.867132,5.255535,113.3949,10000.0,2000000000.0
link_width_control,uniform_random,256,0.5,0.25,0.25,0,8,1,4,1,256,159529.0,159305.0,159529.0,159305.0,0.2489140625,0.2489140625,0.9985958665822515,2.00005,14.905213,16.905263,2.00005,14.905213,16.905263,5.248122,115.5665,10000.0,2000000000.0
link_width_control,transpose,64,0.01,0.005,0.005,0,8,1,4,1,64,3151.0,3149.0,3151.0,3149.0,0.0049203125,0.0049203125,0.9993652808632181,2.0,13.662433,15.662433,2.0,13.662433,15.662433,5.323595,2.307,10000.0,2000000000.0
link_width_control,transpose,64,0.02,0.01,0.01,0,8,1,4,1,64,6392.0,6384.0,6392.0,6384.0,0.009975,0.009975,0.9987484355444305,2.0,13.579731,15.579731,2.0,13.579731,15.579731,5.272556,4.6478,10000.0,2000000000.0
link_width_control,transpose,64,0.03,0.015,0.015,0,8,1,4,1,64,9506.0,9491.0,9506.0,9491.0,0.0148296875,0.0148296875,0.998422049232064,2.0,13.619007,15.619007,2.0,13.619007,15.619007,5.283532,6.9207,10000.0,2000000000.0
link_width_control,transpose,64,0.04,0.02,0.02,0,8,1,4,1,64,12607.0,12587.0,12607.0,12587.0,0.0196671875,0.0196671875,0.9984135797572777,2.0,13.59339,15.59339,2.0,13.59339,15.59339,5.262255,9.152,10000.0,2000000000.0
link_width_control,transpose,64,0.05,0.025,0.025,0,8,1,4,1,64,15968.0,15943.0,15968.0,15943.0,0.0249109375,0.0249109375,0.9984343687374749,2.0,13.582325,15.582325,2.0,13.582325,15.582325,5.247695,11.5682,10000.0,2000000000.0
link_width_control,transpose,64,0.06,0.03,0.03,0,8,1,4,1,64,19104.0,19069.0,19104.0,19069.0,0.0297953125,0.0297953125,0.9981679229480737,2.0,13.594053,15.594053,2.0,13.594053,15.594053,5.245057,13.8334,10000.0,2000000000.0
link_width_control,transpose,64,0.07,0.035,0.035,0,8,1,4,1,64,22259.0,22219.0,22259.0,22219.0,0.0347171875,0.0347171875,0.998202974077901,2.0,13.624781,15.624781,2.0,13.624781,15.624781,5.250461,16.129,10000.0,2000000000.0
link_width_control,transpose,64,0.08,0.04,0.04,0,8,1,4,1,64,25466.0,25421.0,25466.0,25421.0,0.0397203125,0.0397203125,0.9982329380350271,2.0,13.636324,15.636324,2.0,13.636324,15.636324,5.24645,18.4418,10000.0,2000000000.0
link_width_control,transpose,64,0.09,0.045,0.045,0,8,1,4,1,64,28697.0,28650.0,28697.0,28650.0,0.044765625,0.044765625,0.9983621981391783,2.0,13.637382,15.637382,2.0,13.637382,15.637382,5.237347,20.756,10000.0,2000000000.0
link_width_control,transpose,64,0.1,0.05,0.05,0,8,1,4,1,64,31948.0,31897.0,31948.0,31897.0,0.0498390625,0.0498390625,0.998403655940904,2.0,13.642662,15.642662,2.0,13.642662,15.642662,5.229395,23.0823,10000.0,2000000000.0
link_width_control,transpose,64,0.11,0.055,0.055,0,8,1,4,1,64,35122.0,35065.0,35122.0,35065.0,0.0547890625,0.0547890625,0.9983770855873811,2.0,13.666391,15.666391,2.0,13.666391,15.666391,5.230058,25.3773,10000.0,2000000000.0
link_width_control,transpose,64,0.12,0.06,0.06,0,8,1,4,1,64,38292.0,38230.0,38292.0,38230.0,0.059734375,0.059734375,0.9983808628434138,2.0,13.692179,15.692179,2.0,13.692179,15.692179,5.23118,27.6724,10000.0,2000000000.0
link_width_control,transpose,64,0.13,0.065,0.065,0,8,1,4,1,64,41433.0,41368.0,41433.0,41368.0,0.0646375,0.0646375,0.9984312021818358,2.0,13.701363,15.701363,2.0,13.701363,15.701363,5.223603,29.9118,10000.0,2000000000.0
link_width_control,transpose,64,0.14,0.07,0.07,0,8,1,4,1,64,44569.0,44500.0,44569.0,44500.0,0.06953125,0.06953125,0.9984518387219816,2.0,13.727213,15.727213,2.0,13.727213,15.727213,5.224404,32.1788,10000.0,2000000000.0
link_width_control,transpose,64,0.15,0.075,0.075,0,8,1,4,1,64,47760.0,47687.0,47760.0,47687.0,0.0745109375,0.0745109375,0.9984715242881071,2.0,13.761717,15.761717,2.0,13.761717,15.761717,5.227169,34.4973,10000.0,2000000000.0
link_width_control,transpose,64,0.16,0.08,0.08,0,8,1,4,1,64,50975.0,50894.0,50975.0,50894.0,0.079521875,0.079521875,0.9984109857773419,2.0,13.805733,15.805733,2.0,13.805733,15.805733,5.232365,36.846,10000.0,2000000000.0
link_width_control,transpose,64,0.17,0.085,0.085,0,8,1,4,1,64,54179.0,54093.0,54179.0,54093.0,0.0845203125,0.0845203125,0.9984126691153399,2.0,13.842142,15.842142,2.0,13.842142,15.842142,5.234984,39.1767,10000.0,2000000000.0
link_width_control,transpose,64,0.18,0.09,0.09,0,8,1,4,1,64,57392.0,57301.0,57392.0,57301.0,0.0895328125,0.0895328125,0.9984144131586283,2.0,13.87913,15.87913,2.0,13.87913,15.87913,5.233556,41.4929,10000.0,2000000000.0
link_width_control,transpose,64,0.19,0.095,0.095,0,8,1,4,1,64,60619.0,60520.0,60619.0,60520.0,0.0945625,0.0945625,0.9983668486778073,2.0,13.927049,15.927049,2.0,13.927049,15.927049,5.234997,43.8338,10000.0,2000000000.0
link_width_control,transpose,64,0.2,0.1,0.1,0,8,1,4,1,64,63806.0,63702.0,63806.0,63702.0,0.099534375,0.099534375,0.9983700592420776,2.0,14.000345,16.000345,2.0,14.000345,16.000345,5.245455,46.2045,10000.0,2000000000.0
link_width_control,transpose,64,0.21,0.105,0.105,0,8,1,4,1,64,66989.0,66881.0,66989.0,66881.0,0.1045015625,0.1045015625,0.9983877950111212,2.0,14.055217,16.055217,2.0,14.055217,16.055217,5.243851,48.4999,10000.0,2000000000.0
link_width_control,transpose,64,0.22,0.11,0.11,0,8,1,4,1,64,70137.0,70025.0,70137.0,70025.0,0.1094140625,0.1094140625,0.9984031253118896,2.0,14.120914,16.120914,2.0,14.120914,16.120914,5.242613,50.7693,10000.0,2000000000.0
link_width_control,transpose,64,0.23,0.115,0.115,0,8,1,4,1,64,73254.0,73136.0,73254.0,73136.0,0.114275,0.114275,0.9983891664618997,2.000014,14.204441,16.204455,2.000014,14.204441,16.204455,5.242234,53.0217,10000.0,2000000000.0
link_width_control,transpose,64,0.24,0.12,0.12,0,8,1,4,1,64,76496.0,76375.0,76496.0,76375.0,0.1193359375,0.1193359375,0.9984182179460364,2.000013,14.305178,16.305191,2.000013,14.305178,16.305191,5.241087,55.3602,10000.0,2000000000.0
link_width_control,transpose,64,0.25,0.125,0.125,0,8,1,4,1,64,79713.0,79582.0,79713.0,79582.0,0.124346875,0.124346875,0.9983566043179908,2.000025,14.455668,16.455693,2.000025,14.455668,16.455693,5.243246,57.7035,10000.0,2000000000.0
link_width_control,transpose,64,0.26,0.13,0.13,0,8,1,4,1,64,82939.0,82807.0,82939.0,82807.0,0.1293859375,0.1293859375,0.9984084688747151,2.000302,14.709747,16.710049,2.000302,14.709747,16.710049,5.246368,60.0641,10000.0,2000000000.0
link_width_control,transpose,64,0.27,0.135,0.135,0,8,1,4,1,64,86166.0,86024.0,86166.0,86024.0,0.1344125,0.1344125,0.9983520181974329,2.019006,15.222403,17.241409,2.019006,15.222403,17.241409,5.248326,62.4155,10000.0,2000000000.0
link_width_control,transpose,64,0.28,0.14,0.14,0,8,1,4,1,64,89310.0,89149.0,89310.0,89149.0,0.1392953125,0.1392953125,0.9981972903370283,3.003208,16.312241,19.315449,3.003208,16.312241,19.315449,5.244523,64.6488,10000.0,2000000000.0
link_width_control,transpose,64,0.29,0.145,0.145,0,8,1,4,1,64,92398.0,92217.0,92398.0,92217.0,0.1440890625,0.1440890625,0.9980410831403277,10.569342,18.047334,28.616676,10.569342,18.047334,28.616676,5.228624,66.7308,10000.0,2000000000.0
link_width_control,transpose,64,0.3,0.15,0.15,0,8,1,4,1,64,94906.0,94721.0,94906.0,94721.0,0.1480015625,0.1480015625,0.9980507028006659,41.77818,18.575216,60.353396,41.77818,18.575216,60.353396,5.171293,67.999,10000.0,2000000000.0
link_width_control,transpose,64,0.31,0.155,0.155,0,8,1,4,1,64,97381.0,97188.0,97381.0,97188.0,0.15185625,0.15185625,0.9980180938786827,60.867854,18.816953,79.684807,60.867854,18.816953,79.684807,5.11771,69.2514,10000.0,2000000000.0
link_width_control,transpose,64,0.32,0.16,0.16,0,8,1,4,1,64,99884.0,99685.0,99884.0,99685.0,0.1557578125,0.1557578125,0.9980076889191463,72.33007,19.356924,91.686994,72.33007,19.356924,91.686994,5.064453,70.4991,10000.0,2000000000.0
link_width_control,transpose,64,0.33,0.165,0.165,0,8,1,4,1,64,102346.0,102124.0,102346.0,102124.0,0.15956875,0.15956875,0.9978308873820179,79.625171,20.32675,99.951921,79.625171,20.32675,99.951921,5.010419,71.6769,10000.0,2000000000.0
link_width_control,transpose,64,0.34,0.17,0.17,0,8,1,4,1,64,104504.0,104275.0,104504.0,104275.0,0.1629296875,0.1629296875,0.9978086963178443,103.743237,21.365581,125.108818,103.743237,21.365581,125.108818,4.952136,72.5777,10000.0,2000000000.0
link_width_control,transpose,64,0.35,0.175,0.175,0,8,1,4,1,64,106412.0,106183.0,106412.0,106183.0,0.1659109375,0.1659109375,0.9978479870691276,132.157219,21.454254,153.611473,132.157219,21.454254,153.611473,4.884322,73.1819,10000.0,2000000000.0
link_width_control,transpose,64,0.36,0.18,0.18,0,8,1,4,1,64,108277.0,108043.0,108277.0,108043.0,0.1688171875,0.1688171875,0.9978388762156322,156.333534,21.512296,177.84583,156.333534,21.512296,177.84583,4.817563,73.7415,10000.0,2000000000.0
link_width_control,transpose,64,0.37,0.185,0.185,0,8,1,4,1,64,110166.0,109928.0,110166.0,109928.0,0.1717625,0.1717625,0.9978396238403864,173.920384,21.675278,195.595663,173.920384,21.675278,195.595663,4.753584,74.3223,10000.0,2000000000.0
link_width_control,transpose,64,0.38,0.19,0.19,0,8,1,4,1,64,112059.0,111811.0,112059.0,111811.0,0.1747046875,0.1747046875,0.9977868801256481,184.626423,21.901745,206.528168,184.626423,21.901745,206.528168,4.689861,74.8848,10000.0,2000000000.0
link_width_control,transpose,64,0.39,0.195,0.195,0,8,1,4,1,64,113947.0,113694.0,113947.0,113694.0,0.177646875,0.177646875,0.9977796694954671,190.093074,22.313332,212.406407,190.093074,22.313332,212.406407,4.633666,75.5033,10000.0,2000000000.0
link_width_control,transpose,64,0.4,0.2,0.2,0,8,1,4,1,64,115853.0,115573.0,115853.0,115573.0,0.1805828125,0.1805828125,0.9975831441568194,195.273983,23.151567,218.425549,195.273983,23.151567,218.425549,4.575031,76.0762,10000.0,2000000000.0
link_width_control,transpose,64,0.41,0.205,0.205,0,8,1,4,1,64,117413.0,117128.0,117413.0,117128.0,0.1830125,0.1830125,0.9975726708286136,221.159979,23.587818,244.747797,221.159979,23.587818,244.747797,4.51378,76.3851,10000.0,2000000000.0
link_width_control,transpose,64,0.42,0.21,0.21,0,8,1,4,1,64,118827.0,118539.0,118827.0,118539.0,0.1852171875,0.1852171875,0.9975763084147542,249.267169,23.59771,272.86488,249.267169,23.59771,272.86488,4.454213,76.5963,10000.0,2000000000.0
link_width_control,transpose,64,0.43,0.215,0.215,0,8,1,4,1,64,120330.0,120039.0,120330.0,120039.0,0.1875609375,0.1875609375,0.9975816504612316,274.343105,23.612068,297.955173,274.343105,23.612068,297.955173,4.397871,76.8907,10000.0,2000000000.0
link_width_control,transpose,64,0.44,0.22,0.22,0,8,1,4,1,64,121747.0,121450.0,121747.0,121450.0,0.189765625,0.189765625,0.997560514838148,294.75846,23.60839,318.366851,294.75846,23.60839,318.366851,4.339201,77.0831,10000.0,2000000000.0
link_width_control,transpose,64,0.45,0.225,0.225,0,8,1,4,1,64,123098.0,122804.0,123098.0,122804.0,0.19188125,0.19188125,0.9976116590033957,309.89844,23.645606,333.544046,309.89844,23.645606,333.544046,4.282857,77.2479,10000.0,2000000000.0
link_width_control,transpose,64,0.46,0.23,0.23,0,8,1,4,1,64,124532.0,124232.0,124532.0,124232.0,0.1941125,0.1941125,0.9975909806314843,322.140777,23.696133,345.83691,322.140777,23.696133,345.83691,4.23052,77.4932,10000.0,2000000000.0
link_width_control,transpose,64,0.47,0.235,0.235,0,8,1,4,1,64,125859.0,125553.0,125859.0,125553.0,0.1961765625,0.1961765625,0.9975687078397254,329.432216,23.816372,353.248588,329.432216,23.816372,353.248588,4.175639,77.6298,10000.0,2000000000.0
link_width_control,transpose,64,0.48,0.24,0.24,0,8,1,4,1,64,127200.0,126890.0,127200.0,126890.0,0.198265625,0.198265625,0.997562893081761,333.320656,23.965726,357.286382,333.320656,23.965726,357.286382,4.122169,77.7767,10000.0,2000000000.0
link_width_control,transpose,64,0.49,0.245,0.245,0,8,1,4,1,64,128588.0,128261.0,128588.0,128261.0,0.2004078125,0.2004078125,0.9974569944318288,335.191633,24.220285,359.411918,335.191633,24.220285,359.411918,4.072056,77.975,10000.0,2000000000.0
link_width_control,transpose,64,0.5,0.25,0.25,0,8,1,4,1,64,129903.0,129573.0,129903.0,129573.0,0.2024578125,0.2024578125,0.9974596429643657,343.439142,24.758275,368.197418,343.439142,24.758275,368.197418,4.02553,78.1652,10000.0,2000000000.0
link_width_control,transpose,128,0.01,0.005,0.005,0,8,1,4,1,128,3151.0,3149.0,3151.0,3149.0,0.0049203125,0.0049203125,0.9993652808632181,2.0,13.662433,15.662433,2.0,13.662433,15.662433,5.323595,2.307,10000.0,2000000000.0
link_width_control,transpose,128,0.02,0.01,0.01,0,8,1,4,1,128,6392.0,6384.0,6392.0,6384.0,0.009975,0.009975,0.9987484355444305,2.0,13.579731,15.579731,2.0,13.579731,15.579731,5.272556,4.6478,10000.0,2000000000.0
link_width_control,transpose,128,0.03,0.015,0.015,0,8,1,4,1,128,9506.0,9491.0,9506.0,9491.0,0.0148296875,0.0148296875,0.998422049232064,2.0,13.619007,15.619007,2.0,13.619007,15.619007,5.283532,6.9207,10000.0,2000000000.0
link_width_control,transpose,128,0.04,0.02,0.02,0,8,1,4,1,128,12607.0,12587.0,12607.0,12587.0,0.0196671875,0.0196671875,0.9984135797572777,2.0,13.59339,15.59339,2.0,13.59339,15.59339,5.262255,9.152,10000.0,2000000000.0
link_width_control,transpose,128,0.05,0.025,0.025,0,8,1,4,1,128,15968.0,15943.0,15968.0,15943.0,0.0249109375,0.0249109375,0.9984343687374749,2.0,13.582325,15.582325,2.0,13.582325,15.582325,5.247695,11.5682,10000.0,2000000000.0
link_width_control,transpose,128,0.06,0.03,0.03,0,8,1,4,1,128,19104.0,19069.0,19104.0,19069.0,0.0297953125,0.0297953125,0.9981679229480737,2.0,13.594053,15.594053,2.0,13.594053,15.594053,5.245057,13.8334,10000.0,2000000000.0
link_width_control,transpose,128,0.07,0.035,0.035,0,8,1,4,1,128,22259.0,22219.0,22259.0,22219.0,0.0347171875,0.0347171875,0.998202974077901,2.0,13.624781,15.624781,2.0,13.624781,15.624781,5.250461,16.129,10000.0,2000000000.0
link_width_control,transpose,128,0.08,0.04,0.04,0,8,1,4,1,128,25466.0,25421.0,25466.0,25421.0,0.0397203125,0.0397203125,0.9982329380350271,2.0,13.636324,15.636324,2.0,13.636324,15.636324,5.24645,18.4418,10000.0,2000000000.0
link_width_control,transpose,128,0.09,0.045,0.045,0,8,1,4,1,128,28697.0,28650.0,28697.0,28650.0,0.044765625,0.044765625,0.9983621981391783,2.0,13.637382,15.637382,2.0,13.637382,15.637382,5.237347,20.756,10000.0,2000000000.0
link_width_control,transpose,128,0.1,0.05,0.05,0,8,1,4,1,128,31948.0,31897.0,31948.0,31897.0,0.0498390625,0.0498390625,0.998403655940904,2.0,13.642662,15.642662,2.0,13.642662,15.642662,5.229395,23.0823,10000.0,2000000000.0
link_width_control,transpose,128,0.11,0.055,0.055,0,8,1,4,1,128,35122.0,35065.0,35122.0,35065.0,0.0547890625,0.0547890625,0.9983770855873811,2.0,13.666391,15.666391,2.0,13.666391,15.666391,5.230058,25.3773,10000.0,2000000000.0
link_width_control,transpose,128,0.12,0.06,0.06,0,8,1,4,1,128,38292.0,38230.0,38292.0,38230.0,0.059734375,0.059734375,0.9983808628434138,2.0,13.692179,15.692179,2.0,13.692179,15.692179,5.23118,27.6724,10000.0,2000000000.0
link_width_control,transpose,128,0.13,0.065,0.065,0,8,1,4,1,128,41433.0,41368.0,41433.0,41368.0,0.0646375,0.0646375,0.9984312021818358,2.0,13.701363,15.701363,2.0,13.701363,15.701363,5.223603,29.9118,10000.0,2000000000.0
link_width_control,transpose,128,0.14,0.07,0.07,0,8,1,4,1,128,44569.0,44500.0,44569.0,44500.0,0.06953125,0.06953125,0.9984518387219816,2.0,13.727213,15.727213,2.0,13.727213,15.727213,5.224404,32.1788,10000.0,2000000000.0
link_width_control,transpose,128,0.15,0.075,0.075,0,8,1,4,1,128,47760.0,47687.0,47760.0,47687.0,0.0745109375,0.0745109375,0.9984715242881071,2.0,13.761717,15.761717,2.0,13.761717,15.761717,5.227169,34.4973,10000.0,2000000000.0
link_width_control,transpose,128,0.16,0.08,0.08,0,8,1,4,1,128,50975.0,50894.0,50975.0,50894.0,0.079521875,0.079521875,0.9984109857773419,2.0,13.805733,15.805733,2.0,13.805733,15.805733,5.232365,36.846,10000.0,2000000000.0
link_width_control,transpose,128,0.17,0.085,0.085,0,8,1,4,1,128,54179.0,54093.0,54179.0,54093.0,0.0845203125,0.0845203125,0.9984126691153399,2.0,13.842142,15.842142,2.0,13.842142,15.842142,5.234984,39.1767,10000.0,2000000000.0
link_width_control,transpose,128,0.18,0.09,0.09,0,8,1,4,1,128,57392.0,57301.0,57392.0,57301.0,0.0895328125,0.0895328125,0.9984144131586283,2.0,13.87913,15.87913,2.0,13.87913,15.87913,5.233556,41.4929,10000.0,2000000000.0
link_width_control,transpose,128,0.19,0.095,0.095,0,8,1,4,1,128,60619.0,60520.0,60619.0,60520.0,0.0945625,0.0945625,0.9983668486778073,2.0,13.927049,15.927049,2.0,13.927049,15.927049,5.234997,43.8338,10000.0,2000000000.0
link_width_control,transpose,128,0.2,0.1,0.1,0,8,1,4,1,128,63806.0,63702.0,63806.0,63702.0,0.099534375,0.099534375,0.9983700592420776,2.0,14.000345,16.000345,2.0,14.000345,16.000345,5.245455,46.2045,10000.0,2000000000.0
link_width_control,transpose,128,0.21,0.105,0.105,0,8,1,4,1,128,66989.0,66881.0,66989.0,66881.0,0.1045015625,0.1045015625,0.9983877950111212,2.0,14.055217,16.055217,2.0,14.055217,16.055217,5.243851,48.4999,10000.0,2000000000.0
link_width_control,transpose,128,0.22,0.11,0.11,0,8,1,4,1,128,70137.0,70025.0,70137.0,70025.0,0.1094140625,0.1094140625,0.9984031253118896,2.0,14.120914,16.120914,2.0,14.120914,16.120914,5.242613,50.7693,10000.0,2000000000.0
link_width_control,transpose,128,0.23,0.115,0.115,0,8,1,4,1,128,73254.0,73136.0,73254.0,73136.0,0.114275,0.114275,0.9983891664618997,2.000014,14.204441,16.204455,2.000014,14.204441,16.204455,5.242234,53.0217,10000.0,2000000000.0
link_width_control,transpose,128,0.24,0.12,0.12,0,8,1,4,1,128,76496.0,76375.0,76496.0,76375.0,0.1193359375,0.1193359375,0.9984182179460364,2.000013,14.305178,16.305191,2.000013,14.305178,16.305191,5.241087,55.3602,10000.0,2000000000.0
link_width_control,transpose,128,0.25,0.125,0.125,0,8,1,4,1,128,79713.0,79582.0,79713.0,79582.0,0.124346875,0.124346875,0.9983566043179908,2.000025,14.455668,16.455693,2.000025,14.455668,16.455693,5.243246,57.7035,10000.0,2000000000.0
link_width_control,transpose,128,0.26,0.13,0.13,0,8,1,4,1,128,82939.0,82807.0,82939.0,82807.0,0.1293859375,0.1293859375,0.9984084688747151,2.000302,14.709747,16.710049,2.000302,14.709747,16.710049,5.246368,60.0641,10000.0,2000000000.0
link_width_control,transpose,128,0.27,0.135,0.135,0,8,1,4,1,128,86166.0,86024.0,86166.0,86024.0,0.1344125,0.1344125,0.9983520181974329,2.019006,15.222403,17.241409,2.019006,15.222403,17.241409,5.248326,62.4155,10000.0,2000000000.0
link_width_control,transpose,128,0.28,0.14,0.14,0,8,1,4,1,128,89310.0,89149.0,89310.0,89149.0,0.1392953125,0.1392953125,0.9981972903370283,3.003208,16.312241,19.315449,3.003208,16.312241,19.315449,5.244523,64.6488,10000.0,2000000000.0
link_width_control,transpose,128,0.29,0.145,0.145,0,8,1,4,1,128,92398.0,92217.0,92398.0,92217.0,0.1440890625,0.1440890625,0.9980410831403277,10.569342,18.047334,28.616676,10.569342,18.047334,28.616676,5.228624,66.7308,10000.0,2000000000.0
link_width_control,transpose,128,0.3,0.15,0.15,0,8,1,4,1,128,94906.0,94721.0,94906.0,94721.0,0.1480015625,0.1480015625,0.9980507028006659,41.77818,18.575216,60.353396,41.77818,18.575216,60.353396,5.171293,67.999,10000.0,2000000000.0
link_width_control,transpose,128,0.31,0.155,0.155,0,8,1,4,1,128,97381.0,97188.0,97381.0,97188.0,0.15185625,0.15185625,0.9980180938786827,60.867854,18.816953,79.684807,60.867854,18.816953,79.684807,5.11771,69.2514,10000.0,2000000000.0
link_width_control,transpose,128,0.32,0.16,0.16,0,8,1,4,1,128,99884.0,99685.0,99884.0,99685.0,0.1557578125,0.1557578125,0.9980076889191463,72.33007,19.356924,91.686994,72.33007,19.356924,91.686994,5.064453,70.4991,10000.0,2000000000.0
link_width_control,transpose,128,0.33,0.165,0.165,0,8,1,4,1,128,102346.0,102124.0,102346.0,102124.0,0.15956875,0.15956875,0.9978308873820179,79.625171,20.32675,99.951921,79.625171,20.32675,99.951921,5.010419,71.6769,10000.0,2000000000.0
link_width_control,transpose,128,0.34,0.17,0.17,0,8,1,4,1,128,104504.0,104275.0,104504.0,104275.0,0.1629296875,0.1629296875,0.9978086963178443,103.743237,21.365581,125.108818,103.743237,21.365581,125.108818,4.952136,72.5777,10000.0,2000000000.0
link_width_control,transpose,128,0.35,0.175,0.175,0,8,1,4,1,128,106412.0,106183.0,106412.0,106183.0,0.1659109375,0.1659109375,0.9978479870691276,132.157219,21.454254,153.611473,132.157219,21.454254,153.611473,4.884322,73.1819,10000.0,2000000000.0
link_width_control,transpose,128,0.36,0.18,0.18,0,8,1,4,1,128,108277.0,108043.0,108277.0,108043.0,0.1688171875,0.1688171875,0.9978388762156322,156.333534,21.512296,177.84583,156.333534,21.512296,177.84583,4.817563,73.7415,10000.0,2000000000.0
link_width_control,transpose,128,0.37,0.185,0.185,0,8,1,4,1,128,110166.0,109928.0,110166.0,109928.0,0.1717625,0.1717625,0.9978396238403864,173.920384,21.675278,195.595663,173.920384,21.675278,195.595663,4.753584,74.3223,10000.0,2000000000.0
link_width_control,transpose,128,0.38,0.19,0.19,0,8,1,4,1,128,112059.0,111811.0,112059.0,111811.0,0.1747046875,0.1747046875,0.9977868801256481,184.626423,21.901745,206.528168,184.626423,21.901745,206.528168,4.689861,74.8848,10000.0,2000000000.0
link_width_control,transpose,128,0.39,0.195,0.195,0,8,1,4,1,128,113947.0,113694.0,113947.0,113694.0,0.177646875,0.177646875,0.9977796694954671,190.093074,22.313332,212.406407,190.093074,22.313332,212.406407,4.633666,75.5033,10000.0,2000000000.0
link_width_control,transpose,128,0.4,0.2,0.2,0,8,1,4,1,128,115853.0,115573.0,115853.0,115573.0,0.1805828125,0.1805828125,0.9975831441568194,195.273983,23.151567,218.425549,195.273983,23.151567,218.425549,4.575031,76.0762,10000.0,2000000000.0
link_width_control,transpose,128,0.41,0.205,0.205,0,8,1,4,1,128,117413.0,117128.0,117413.0,117128.0,0.1830125,0.1830125,0.9975726708286136,221.159979,23.587818,244.747797,221.159979,23.587818,244.747797,4.51378,76.3851,10000.0,2000000000.0
link_width_control,transpose,128,0.42,0.21,0.21,0,8,1,4,1,128,118827.0,118539.0,118827.0,118539.0,0.1852171875,0.1852171875,0.9975763084147542,249.267169,23.59771,272.86488,249.267169,23.59771,272.86488,4.454213,76.5963,10000.0,2000000000.0
link_width_control,transpose,128,0.43,0.215,0.215,0,8,1,4,1,128,120330.0,120039.0,120330.0,120039.0,0.1875609375,0.1875609375,0.9975816504612316,274.343105,23.612068,297.955173,274.343105,23.612068,297.955173,4.397871,76.8907,10000.0,2000000000.0
link_width_control,transpose,128,0.44,0.22,0.22,0,8,1,4,1,128,121747.0,121450.0,121747.0,121450.0,0.189765625,0.189765625,0.997560514838148,294.75846,23.60839,318.366851,294.75846,23.60839,318.366851,4.339201,77.0831,10000.0,2000000000.0
link_width_control,transpose,128,0.45,0.225,0.225,0,8,1,4,1,128,123098.0,122804.0,123098.0,122804.0,0.19188125,0.19188125,0.9976116590033957,309.89844,23.645606,333.544046,309.89844,23.645606,333.544046,4.282857,77.2479,10000.0,2000000000.0
link_width_control,transpose,128,0.46,0.23,0.23,0,8,1,4,1,128,124532.0,124232.0,124532.0,124232.0,0.1941125,0.1941125,0.9975909806314843,322.140777,23.696133,345.83691,322.140777,23.696133,345.83691,4.23052,77.4932,10000.0,2000000000.0
link_width_control,transpose,128,0.47,0.235,0.235,0,8,1,4,1,128,125859.0,125553.0,125859.0,125553.0,0.1961765625,0.1961765625,0.9975687078397254,329.432216,23.816372,353.248588,329.432216,23.816372,353.248588,4.175639,77.6298,10000.0,2000000000.0
link_width_control,transpose,128,0.48,0.24,0.24,0,8,1,4,1,128,127200.0,126890.0,127200.0,126890.0,0.198265625,0.198265625,0.997562893081761,333.320656,23.965726,357.286382,333.320656,23.965726,357.286382,4.122169,77.7767,10000.0,2000000000.0
link_width_control,transpose,128,0.49,0.245,0.245,0,8,1,4,1,128,128588.0,128261.0,128588.0,128261.0,0.2004078125,0.2004078125,0.9974569944318288,335.191633,24.220285,359.411918,335.191633,24.220285,359.411918,4.072056,77.975,10000.0,2000000000.0
link_width_control,transpose,128,0.5,0.25,0.25,0,8,1,4,1,128,129903.0,129573.0,129903.0,129573.0,0.2024578125,0.2024578125,0.9974596429643657,343.439142,24.758275,368.197418,343.439142,24.758275,368.197418,4.02553,78.1652,10000.0,2000000000.0
link_width_control,transpose,256,0.01,0.005,0.005,0,8,1,4,1,256,3151.0,3149.0,3151.0,3149.0,0.0049203125,0.0049203125,0.9993652808632181,2.0,13.662433,15.662433,2.0,13.662433,15.662433,5.323595,2.307,10000.0,2000000000.0
link_width_control,transpose,256,0.02,0.01,0.01,0,8,1,4,1,256,6392.0,6384.0,6392.0,6384.0,0.009975,0.009975,0.9987484355444305,2.0,13.579731,15.579731,2.0,13.579731,15.579731,5.272556,4.6478,10000.0,2000000000.0
link_width_control,transpose,256,0.03,0.015,0.015,0,8,1,4,1,256,9506.0,9491.0,9506.0,9491.0,0.0148296875,0.0148296875,0.998422049232064,2.0,13.619007,15.619007,2.0,13.619007,15.619007,5.283532,6.9207,10000.0,2000000000.0
link_width_control,transpose,256,0.04,0.02,0.02,0,8,1,4,1,256,12607.0,12587.0,12607.0,12587.0,0.0196671875,0.0196671875,0.9984135797572777,2.0,13.59339,15.59339,2.0,13.59339,15.59339,5.262255,9.152,10000.0,2000000000.0
link_width_control,transpose,256,0.05,0.025,0.025,0,8,1,4,1,256,15968.0,15943.0,15968.0,15943.0,0.0249109375,0.0249109375,0.9984343687374749,2.0,13.582325,15.582325,2.0,13.582325,15.582325,5.247695,11.5682,10000.0,2000000000.0
link_width_control,transpose,256,0.06,0.03,0.03,0,8,1,4,1,256,19104.0,19069.0,19104.0,19069.0,0.0297953125,0.0297953125,0.9981679229480737,2.0,13.594053,15.594053,2.0,13.594053,15.594053,5.245057,13.8334,10000.0,2000000000.0
link_width_control,transpose,256,0.07,0.035,0.035,0,8,1,4,1,256,22259.0,22219.0,22259.0,22219.0,0.0347171875,0.0347171875,0.998202974077901,2.0,13.624781,15.624781,2.0,13.624781,15.624781,5.250461,16.129,10000.0,2000000000.0
link_width_control,transpose,256,0.08,0.04,0.04,0,8,1,4,1,256,25466.0,25421.0,25466.0,25421.0,0.0397203125,0.0397203125,0.9982329380350271,2.0,13.636324,15.636324,2.0,13.636324,15.636324,5.24645,18.4418,10000.0,2000000000.0
link_width_control,transpose,256,0.09,0.045,0.045,0,8,1,4,1,256,28697.0,28650.0,28697.0,28650.0,0.044765625,0.044765625,0.9983621981391783,2.0,13.637382,15.637382,2.0,13.637382,15.637382,5.237347,20.756,10000.0,2000000000.0
link_width_control,transpose,256,0.1,0.05,0.05,0,8,1,4,1,256,31948.0,31897.0,31948.0,31897.0,0.0498390625,0.0498390625,0.998403655940904,2.0,13.642662,15.642662,2.0,13.642662,15.642662,5.229395,23.0823,10000.0,2000000000.0
link_width_control,transpose,256,0.11,0.055,0.055,0,8,1,4,1,256,35122.0,35065.0,35122.0,35065.0,0.0547890625,0.0547890625,0.9983770855873811,2.0,13.666391,15.666391,2.0,13.666391,15.666391,5.230058,25.3773,10000.0,2000000000.0
link_width_control,transpose,256,0.12,0.06,0.06,0,8,1,4,1,256,38292.0,38230.0,38292.0,38230.0,0.059734375,0.059734375,0.9983808628434138,2.0,13.692179,15.692179,2.0,13.692179,15.692179,5.23118,27.6724,10000.0,2000000000.0
link_width_control,transpose,256,0.13,0.065,0.065,0,8,1,4,1,256,41433.0,41368.0,41433.0,41368.0,0.0646375,0.0646375,0.9984312021818358,2.0,13.701363,15.701363,2.0,13.701363,15.701363,5.223603,29.9118,10000.0,2000000000.0
link_width_control,transpose,256,0.14,0.07,0.07,0,8,1,4,1,256,44569.0,44500.0,44569.0,44500.0,0.06953125,0.06953125,0.9984518387219816,2.0,13.727213,15.727213,2.0,13.727213,15.727213,5.224404,32.1788,10000.0,2000000000.0
link_width_control,transpose,256,0.15,0.075,0.075,0,8,1,4,1,256,47760.0,47687.0,47760.0,47687.0,0.0745109375,0.0745109375,0.9984715242881071,2.0,13.761717,15.761717,2.0,13.761717,15.761717,5.227169,34.4973,10000.0,2000000000.0
link_width_control,transpose,256,0.16,0.08,0.08,0,8,1,4,1,256,50975.0,50894.0,50975.0,50894.0,0.079521875,0.079521875,0.9984109857773419,2.0,13.805733,15.805733,2.0,13.805733,15.805733,5.232365,36.846,10000.0,2000000000.0
link_width_control,transpose,256,0.17,0.085,0.085,0,8,1,4,1,256,54179.0,54093.0,54179.0,54093.0,0.0845203125,0.0845203125,0.9984126691153399,2.0,13.842142,15.842142,2.0,13.842142,15.842142,5.234984,39.1767,10000.0,2000000000.0
link_width_control,transpose,256,0.18,0.09,0.09,0,8,1,4,1,256,57392.0,57301.0,57392.0,57301.0,0.0895328125,0.0895328125,0.9984144131586283,2.0,13.87913,15.87913,2.0,13.87913,15.87913,5.233556,41.4929,10000.0,2000000000.0
link_width_control,transpose,256,0.19,0.095,0.095,0,8,1,4,1,256,60619.0,60520.0,60619.0,60520.0,0.0945625,0.0945625,0.9983668486778073,2.0,13.927049,15.927049,2.0,13.927049,15.927049,5.234997,43.8338,10000.0,2000000000.0
link_width_control,transpose,256,0.2,0.1,0.1,0,8,1,4,1,256,63806.0,63702.0,63806.0,63702.0,0.099534375,0.099534375,0.9983700592420776,2.0,14.000345,16.000345,2.0,14.000345,16.000345,5.245455,46.2045,10000.0,2000000000.0
link_width_control,transpose,256,0.21,0.105,0.105,0,8,1,4,1,256,66989.0,66881.0,66989.0,66881.0,0.1045015625,0.1045015625,0.9983877950111212,2.0,14.055217,16.055217,2.0,14.055217,16.055217,5.243851,48.4999,10000.0,2000000000.0
link_width_control,transpose,256,0.22,0.11,0.11,0,8,1,4,1,256,70137.0,70025.0,70137.0,70025.0,0.1094140625,0.1094140625,0.9984031253118896,2.0,14.120914,16.120914,2.0,14.120914,16.120914,5.242613,50.7693,10000.0,2000000000.0
link_width_control,transpose,256,0.23,0.115,0.115,0,8,1,4,1,256,73254.0,73136.0,73254.0,73136.0,0.114275,0.114275,0.9983891664618997,2.000014,14.204441,16.204455,2.000014,14.204441,16.204455,5.242234,53.0217,10000.0,2000000000.0
link_width_control,transpose,256,0.24,0.12,0.12,0,8,1,4,1,256,76496.0,76375.0,76496.0,76375.0,0.1193359375,0.1193359375,0.9984182179460364,2.000013,14.305178,16.305191,2.000013,14.305178,16.305191,5.241087,55.3602,10000.0,2000000000.0
link_width_control,transpose,256,0.25,0.125,0.125,0,8,1,4,1,256,79713.0,79582.0,79713.0,79582.0,0.124346875,0.124346875,0.9983566043179908,2.000025,14.455668,16.455693,2.000025,14.455668,16.455693,5.243246,57.7035,10000.0,2000000000.0
link_width_control,transpose,256,0.26,0.13,0.13,0,8,1,4,1,256,82939.0,82807.0,82939.0,82807.0,0.1293859375,0.1293859375,0.9984084688747151,2.000302,14.709747,16.710049,2.000302,14.709747,16.710049,5.246368,60.0641,10000.0,2000000000.0
link_width_control,transpose,256,0.27,0.135,0.135,0,8,1,4,1,256,86166.0,86024.0,86166.0,86024.0,0.1344125,0.1344125,0.9983520181974329,2.019006,15.222403,17.241409,2.019006,15.222403,17.241409,5.248326,62.4155,10000.0,2000000000.0
link_width_control,transpose,256,0.28,0.14,0.14,0,8,1,4,1,256,89310.0,89149.0,89310.0,89149.0,0.1392953125,0.1392953125,0.9981972903370283,3.003208,16.312241,19.315449,3.003208,16.312241,19.315449,5.244523,64.6488,10000.0,2000000000.0
link_width_control,transpose,256,0.29,0.145,0.145,0,8,1,4,1,256,92398.0,92217.0,92398.0,92217.0,0.1440890625,0.1440890625,0.9980410831403277,10.569342,18.047334,28.616676,10.569342,18.047334,28.616676,5.228624,66.7308,10000.0,2000000000.0
link_width_control,transpose,256,0.3,0.15,0.15,0,8,1,4,1,256,94906.0,94721.0,94906.0,94721.0,0.1480015625,0.1480015625,0.9980507028006659,41.77818,18.575216,60.353396,41.77818,18.575216,60.353396,5.171293,67.999,10000.0,2000000000.0
link_width_control,transpose,256,0.31,0.155,0.155,0,8,1,4,1,256,97381.0,97188.0,97381.0,97188.0,0.15185625,0.15185625,0.9980180938786827,60.867854,18.816953,79.684807,60.867854,18.816953,79.684807,5.11771,69.2514,10000.0,2000000000.0
link_width_control,transpose,256,0.32,0.16,0.16,0,8,1,4,1,256,99884.0,99685.0,99884.0,99685.0,0.1557578125,0.1557578125,0.9980076889191463,72.33007,19.356924,91.686994,72.33007,19.356924,91.686994,5.064453,70.4991,10000.0,2000000000.0
link_width_control,transpose,256,0.33,0.165,0.165,0,8,1,4,1,256,102346.0,102124.0,102346.0,102124.0,0.15956875,0.15956875,0.9978308873820179,79.625171,20.32675,99.951921,79.625171,20.32675,99.951921,5.010419,71.6769,10000.0,2000000000.0
link_width_control,transpose,256,0.34,0.17,0.17,0,8,1,4,1,256,104504.0,104275.0,104504.0,104275.0,0.1629296875,0.1629296875,0.9978086963178443,103.743237,21.365581,125.108818,103.743237,21.365581,125.108818,4.952136,72.5777,10000.0,2000000000.0
link_width_control,transpose,256,0.35,0.175,0.175,0,8,1,4,1,256,106412.0,106183.0,106412.0,106183.0,0.1659109375,0.1659109375,0.9978479870691276,132.157219,21.454254,153.611473,132.157219,21.454254,153.611473,4.884322,73.1819,10000.0,2000000000.0
link_width_control,transpose,256,0.36,0.18,0.18,0,8,1,4,1,256,108277.0,108043.0,108277.0,108043.0,0.1688171875,0.1688171875,0.9978388762156322,156.333534,21.512296,177.84583,156.333534,21.512296,177.84583,4.817563,73.7415,10000.0,2000000000.0
link_width_control,transpose,256,0.37,0.185,0.185,0,8,1,4,1,256,110166.0,109928.0,110166.0,109928.0,0.1717625,0.1717625,0.9978396238403864,173.920384,21.675278,195.595663,173.920384,21.675278,195.595663,4.753584,74.3223,10000.0,2000000000.0
link_width_control,transpose,256,0.38,0.19,0.19,0,8,1,4,1,256,112059.0,111811.0,112059.0,111811.0,0.1747046875,0.1747046875,0.9977868801256481,184.626423,21.901745,206.528168,184.626423,21.901745,206.528168,4.689861,74.8848,10000.0,2000000000.0
link_width_control,transpose,256,0.39,0.195,0.195,0,8,1,4,1,256,113947.0,113694.0,113947.0,113694.0,0.177646875,0.177646875,0.9977796694954671,190.093074,22.313332,212.406407,190.093074,22.313332,212.406407,4.633666,75.5033,10000.0,2000000000.0
link_width_control,transpose,256,0.4,0.2,0.2,0,8,1,4,1,256,115853.0,115573.0,115853.0,115573.0,0.1805828125,0.1805828125,0.9975831441568194,195.273983,23.151567,218.425549,195.273983,23.151567,218.425549,4.575031,76.0762,10000.0,2000000000.0
link_width_control,transpose,256,0.41,0.205,0.205,0,8,1,4,1,256,117413.0,117128.0,117413.0,117128.0,0.1830125,0.1830125,0.9975726708286136,221.159979,23.587818,244.747797,221.159979,23.587818,244.747797,4.51378,76.3851,10000.0,2000000000.0
link_width_control,transpose,256,0.42,0.21,0.21,0,8,1,4,1,256,118827.0,118539.0,118827.0,118539.0,0.1852171875,0.1852171875,0.9975763084147542,249.267169,23.59771,272.86488,249.267169,23.59771,272.86488,4.454213,76.5963,10000.0,2000000000.0
link_width_control,transpose,256,0.43,0.215,0.215,0,8,1,4,1,256,120330.0,120039.0,120330.0,120039.0,0.1875609375,0.1875609375,0.9975816504612316,274.343105,23.612068,297.955173,274.343105,23.612068,297.955173,4.397871,76.8907,10000.0,2000000000.0
link_width_control,transpose,256,0.44,0.22,0.22,0,8,1,4,1,256,121747.0,121450.0,121747.0,121450.0,0.189765625,0.189765625,0.997560514838148,294.75846,23.60839,318.366851,294.75846,23.60839,318.366851,4.339201,77.0831,10000.0,2000000000.0
link_width_control,transpose,256,0.45,0.225,0.225,0,8,1,4,1,256,123098.0,122804.0,123098.0,122804.0,0.19188125,0.19188125,0.9976116590033957,309.89844,23.645606,333.544046,309.89844,23.645606,333.544046,4.282857,77.2479,10000.0,2000000000.0
link_width_control,transpose,256,0.46,0.23,0.23,0,8,1,4,1,256,124532.0,124232.0,124532.0,124232.0,0.1941125,0.1941125,0.9975909806314843,322.140777,23.696133,345.83691,322.140777,23.696133,345.83691,4.23052,77.4932,10000.0,2000000000.0
link_width_control,transpose,256,0.47,0.235,0.235,0,8,1,4,1,256,125859.0,125553.0,125859.0,125553.0,0.1961765625,0.1961765625,0.9975687078397254,329.432216,23.816372,353.248588,329.432216,23.816372,353.248588,4.175639,77.6298,10000.0,2000000000.0
link_width_control,transpose,256,0.48,0.24,0.24,0,8,1,4,1,256,127200.0,126890.0,127200.0,126890.0,0.198265625,0.198265625,0.997562893081761,333.320656,23.965726,357.286382,333.320656,23.965726,357.286382,4.122169,77.7767,10000.0,2000000000.0
link_width_control,transpose,256,0.49,0.245,0.245,0,8,1,4,1,256,128588.0,128261.0,128588.0,128261.0,0.2004078125,0.2004078125,0.9974569944318288,335.191633,24.220285,359.411918,335.191633,24.220285,359.411918,4.072056,77.975,10000.0,2000000000.0
link_width_control,transpose,256,0.5,0.25,0.25,0,8,1,4,1,256,129903.0,129573.0,129903.0,129573.0,0.2024578125,0.2024578125,0.9974596429643657,343.439142,24.758275,368.197418,343.439142,24.758275,368.197418,4.02553,78.1652,10000.0,2000000000.0
link_width_data,uniform_random,64,0.01,0.005,0.045,2,72,9,4,1,64,3165.0,3160.0,28485.0,28452.0,0.0049375,0.04445625,0.9984202211690363,2.0,25.03038,27.03038,2.0,19.101012,21.101012,5.269858,20.6903,10000.0,2000000000.0
link_width_data,uniform_random,64,0.02,0.01,0.09,2,72,9,4,1,64,6387.0,6372.0,57483.0,57391.0,0.00995625,0.0896734375,0.9976514795678723,2.000785,26.94366,28.944444,2.000784,20.196146,22.19693,5.270617,41.7608,10000.0,2000000000.0
link_width_data,uniform_random,64,0.03,0.015,0.135,2,72,9,4,1,64,9483.0,9459.0,85347.0,85189.0,0.0147796875,0.1331078125,0.9974691553305916,2.002643,29.413469,31.416112,2.002641,21.641796,23.644438,5.280729,62.084,10000.0,2000000000.0
link_width_data,uniform_random,64,0.04,0.02,0.18,2,72,9,4,1,64,12618.0,12563.0,113562.0,113194.0,0.0196296875,0.176865625,0.9956411475669679,2.004935,32.410889,34.415824,2.00493,23.430376,25.435306,5.246815,82.1469,10000.0,2000000000.0
link_width_data,uniform_random,64,0.05,0.025,0.225,2,72,9,4,1,64,15980.0,15919.0,143820.0,143435.0,0.0248734375,0.2241171875,0.9961827284105131,2.027703,37.0321,39.059803,2.027671,26.436023,28.463694,5.220155,103.6787,10000.0,2000000000.0
link_width_data,uniform_random,64,0.06,0.03,0.27,2,72,9,4,1,64,19130.0,19035.0,172170.0,171603.0,0.0297421875,0.2681296875,0.9950339780449555,2.082375,43.745626,45.828001,2.082236,31.505236,33.587472,5.257192,124.7265,10000.0,2000000000.0
link_width_data,uniform_random,64,0.07,0.035,0.31500000000000006,2,72,9,4,1,64,22312.0,22146.0,200808.0,199659.0,0.034603125,0.3119671875,0.9925600573682324,2.581279,52.959586,55.540865,2.582072,39.277909,41.859981,5.232351,144.7332,10000.0,2000000000.0
link_width_data,uniform_random,64,0.08,0.04,0.36,2,72,9,4,1,64,25329.0,25099.0,227961.0,226226.0,0.0392171875,0.353478125,0.9909194993880532,51.044344,85.026017,136.070361,51.021629,70.149532,121.171161,5.22714,163.9786,10000.0,2000000000.0
link_width_data,uniform_random,64,0.09,0.045,0.40499999999999997,2,72,9,4,1,64,25483.0,25176.0,229347.0,226880.0,0.0393375,0.3545,0.9879527528156026,425.342787,115.35367,540.696457,425.648277,100.304518,525.952794,5.138562,162.5071,10000.0,2000000000.0
link_width_data,uniform_random,64,0.1,0.05,0.45,2,72,9,4,1,64,25429.0,25102.0,228861.0,226237.0,0.039221875,0.3534953125,0.9871406661685477,730.605529,127.545694,858.151223,731.436091,112.405526,843.841617,5.109076,161.425,10000.0,2000000000.0
link_width_data,uniform_random,64,0.11,0.055,0.495,2,72,9,4,1,64,25672.0,25343.0,231048.0,228408.0,0.0395984375,0.3568875,0.9871844811467747,961.122953,131.063923,1092.186876,962.659701,115.797599,1078.4573,5.074581,162.0805,10000.0,2000000000.0
link_width_data,uniform_random,64,0.12,0.06,0.54,2,72,9,4,1,64,25786.0,25447.0,232074.0,229338.0,0.0397609375,0.358340625,0.9868533312650275,1142.930522,132.920501,1275.851024,1144.236223,117.582764,1261.818988,5.06616,162.5706,10000.0,2000000000.0
link_width_data,uniform_random,64,0.13,0.065,0.585,2,72,9,4,1,64,25918.0,25560.0,233262.0,230388.0,0.0399375,0.35998125,0.9861872058029169,1265.727621,134.480595,1400.208216,1267.703253,119.140988,1386.844241,5.018998,162.2577,10000.0,2000000000.0
link_width_data,uniform_random,64,0.14,0.07,0.6300000000000001,2,72,9,4,1,64,25404.0,25050.0,228636.0,225821.0,0.039140625,0.3528453125,0.9860651865847898,1547.733174,137.06004,1684.793214,1550.716328,121.800125,1672.516453,5.032269,159.3445,10000.0,2000000000.0
link_width_data,uniform_random,64,0.15,0.075,0.6749999999999999,2,72,9,4,1,64,25711.0,25340.0,231399.0,228443.0,0.03959375,0.3569421875,0.9855703784372447,1727.398461,137.76914,1865.167601,1730.594284,122.473024,1853.067308,5.015286,160.8515,10000.0,2000000000.0
link_width_data,uniform_random,64,0.16,0.08,0.72,2,72,9,4,1,64,25549.0,25203.0,229941.0,227099.0,0.0393796875,0.3548421875,0.9864573955927824,1939.152363,137.934294,2077.086656,1940.838617,122.578188,2063.416805,5.046059,160.5837,10000.0,2000000000.0
link_width_data,uniform_random,64,0.17,0.085,0.765,2,72,9,4,1,64,25462.0,25121.0,229158.0,226419.0,0.0392515625,0.3537796875,0.986607493519755,2085.932407,138.301381,2224.233788,2088.885668,122.982117,2211.867785,5.029551,159.661,10000.0,2000000000.0
link_width_data,uniform_random,64,0.18,0.09,0.8099999999999999,2,72,9,4,1,64,25586.0,25217.0,230274.0,227351.0,0.0394015625,0.3552359375,0.9855780504963652,2297.131697,138.083039,2435.214736,2300.613738,122.746634,2423.360372,5.006954,159.8624,10000.0,2000000000.0
link_width_data,uniform_random,64,0.19,0.095,0.855,2,72,9,4,1,64,25538.0,25168.0,229842.0,226888.0,0.039325,0.3545125,0.9855117863575847,2419.377901,138.804673,2558.182573,2423.905575,123.494667,2547.400242,5.034215,160.2014,10000.0,2000000000.0
link_width_data,uniform_random,64,0.2,0.1,0.9,2,72,9,4,1,64,25603.0,25236.0,230427.0,227460.0,0.03943125,0.35540625,0.9856657422958247,2520.252813,137.921026,2658.173839,2524.106625,122.586481,2646.693106,5.029909,160.4682,10000.0,2000000000.0
link_width_data,uniform_random,64,0.21,0.105,0.945,2,72,9,4,1,64,25668.0,25315.0,231012.0,228144.0,0.0395546875,0.356475,0.9862474676640175,2633.878728,138.103496,2771.982224,2637.810729,122.850143,2760.660872,5.028903,160.9076,10000.0,2000000000.0
link_width_data,uniform_random,64,0.22,0.11,0.99,2,72,9,4,1,64,25421.0,25062.0,228789.0,225887.0,0.039159375,0.3529484375,0.9858778175524173,2766.335049,138.639494,2904.974543,2770.397531,123.289525,2893.687056,5.023224,159.2104,10000.0,2000000000.0
link_width_data,uniform_random,64,0.23,0.115,1.0350000000000001,2,72,9,4,1,64,25550.0,25193.0,229950.0,227092.0,0.0393640625,0.35483125,0.986027397260274,2851.561108,137.777676,2989.338785,2856.173256,122.44127,2978.614526,5.020274,159.961,10000.0,2000000000.0
link_width_data,uniform_random,64,0.24,0.12,1.08,2,72,9,4,1,64,25722.0,25342.0,231498.0,228486.0,0.039596875,0.357009375,0.9852266542259545,2948.040723,137.458212,3085.498935,2952.900585,122.116257,3075.016841,5.004517,160.6682,10000.0,2000000000.0
link_width_data,uniform_random,64,0.25,0.125,1.125,2,72,9,4,1,64,25883.0,25522.0,232947.0,230050.0,0.039878125,0.359453125,0.9860526214117374,3017.243555,136.979861,3154.223415,3022.011758,121.568007,3143.579765,5.019657,162.0574,10000.0,2000000000.0
link_width_data,uniform_random,64,0.26,0.13,1.17,2,72,9,4,1,64,25286.0,24929.0,227574.0,224716.0,0.0389515625,0.35111875,0.9858815154631021,3089.296402,138.998837,3228.295238,3094.477598,123.761922,3218.23952,5.008598,158.062,10000.0,2000000000.0
link_width_data,uniform_random,64,0.27,0.135,1.215,2,72,9,4,1,64,25581.0,25216.0,230229.0,227318.0,0.0394,0.355184375,0.9857315976701458,3126.068647,138.261937,3264.330584,3131.680052,122.950967,3254.631019,5.003862,159.7874,10000.0,2000000000.0
link_width_data,uniform_random,64,0.28,0.14,1.2600000000000002,2,72,9,4,1,64,25663.0,25296.0,230967.0,228045.0,0.039525,0.3563203125,0.9856992557378327,3199.864722,137.643896,3337.508618,3205.463536,122.41455,3327.878085,5.003929,160.3159,10000.0,2000000000.0
link_width_data,uniform_random,64,0.29,0.145,1.305,2,72,9,4,1,64,25553.0,25191.0,229977.0,227089.0,0.0393609375,0.3548265625,0.9858333659452901,3253.11262,138.573578,3391.686197,3258.696273,123.310614,3382.006887,5.00118,159.562,10000.0,2000000000.0
link_width_data,uniform_random,64,0.3,0.15,1.3499999999999999,2,72,9,4,1,64,25486.0,25143.0,229374.0,226601.0,0.0392859375,0.3540640625,0.9865416306992074,3303.526827,138.517798,3442.044625,3308.38668,123.184686,3431.571366,5.020949,159.6136,10000.0,2000000000.0
link_width_data,uniform_random,64,0.31,0.155,1.395,2,72,9,4,1,64,25806.0,25449.0,232254.0,229369.0,0.0397640625,0.3583890625,0.9861660079051383,3339.53287,137.770718,3477.303588,3344.755146,122.495472,3467.250618,5.006418,161.3104,10000.0,2000000000.0
link_width_data,uniform_random,64,0.32,0.16,1.44,2,72,9,4,1,64,25717.0,25352.0,231453.0,228573.0,0.0396125,0.3571453125,0.9858070536998872,3403.580191,137.757258,3541.337449,3410.024364,122.426997,3532.451361,5.021744,161.0852,10000.0,2000000000.0
link_width_data,uniform_random,64,0.33,0.165,1.485,2,72,9,4,1,64,25649.0,25279.0,230841.0,227898.0,0.0394984375,0.356090625,0.9855744863347499,3463.95874,137.433482,3601.392223,3469.916151,122.133139,3592.04929,5.015489,160.4263,10000.0,2000000000.0
link_width_data,uniform_random,64,0.34,0.17,1.53,2,72,9,4,1,64,25838.0,25493.0,232542.0,229792.0,0.0398328125,0.35905,0.9866475733415899,3476.78398,136.919311,3613.703291,3482.142799,121.643726,3603.786524,4.988912,161.1322,10000.0,2000000000.0
link_width_data,uniform_random,64,0.35,0.175,1.575,2,72,9,4,1,64,25374.0,25035.0,228366.0,225554.0,0.0391171875,0.352428125,0.9866398675809884,3552.410226,138.262592,3690.672818,3556.311105,123.013332,3679.324437,5.012392,158.6783,10000.0,2000000000.0
link_width_data,uniform_random,64,0.36,0.18,1.6199999999999999,2,72,9,4,1,64,25477.0,25128.0,229293.0,226446.0,0.0392625,0.353821875,0.9863013698630136,3544.135825,138.029688,3682.165513,3549.049367,122.671621,3671.720989,5.018172,159.4751,10000.0,2000000000.0
link_width_data,uniform_random,64,0.37,0.185,1.665,2,72,9,4,1,64,25462.0,25100.0,229158.0,226211.0,0.03921875,0.3534546875,0.9857827350561621,3622.760159,138.01004,3760.770199,3628.01602,122.732069,3750.748089,5.013134,159.2148,10000.0,2000000000.0
link_width_data,uniform_random,64,0.38,0.19,1.71,2,72,9,4,1,64,25779.0,25428.0,232011.0,229191.0,0.03973125,0.3581109375,0.9863842662632375,3595.417728,137.801793,3733.219522,3601.155351,122.440846,3723.596197,5.017706,161.3852,10000.0,2000000000.0
link_width_data,uniform_random,64,0.39,0.195,1.7550000000000001,2,72,9,4,1,64,25877.0,25524.0,232893.0,230068.0,0.03988125,0.35948125,0.986358542334892,3647.921525,136.376038,3784.297563,3653.857507,120.996384,3774.853891,5.024297,162.1355,10000.0,2000000000.0
link_width_data,uniform_random,64,0.4,0.2,1.8,2,72,9,4,1,64,25524.0,25171.0,229716.0,226909.0,0.0393296875,0.3545453125,0.9861698793292587,3686.829208,138.632593,3825.461801,3692.676223,123.304466,3815.980688,5.006249,159.5172,10000.0,2000000000.0
link_width_data,uniform_random,64,0.41,0.205,1.845,2,72,9,4,1,64,25647.0,25306.0,230823.0,228131.0,0.039540625,0.3564546875,0.9867040979451788,3750.060499,138.319094,3888.379594,3756.557035,123.056244,3879.613279,5.016837,160.5453,10000.0,2000000000.0
link_width_data,uniform_random,64,0.42,0.21,1.89,2,72,9,4,1,64,25391.0,25043.0,228519.0,225694.0,0.0391296875,0.352646875,0.986294356267969,3743.058539,138.642455,3881.700994,3748.365548,123.411256,3871.776804,5.00852,158.7176,10000.0,2000000000.0
link_width_data,uniform_random,64,0.43,0.215,1.935,2,72,9,4,1,64,25533.0,25179.0,229797.0,226968.0,0.0393421875,0.3546375,0.9861355892374574,3791.095437,138.476905,3929.572342,3797.329513,123.190754,3920.520267,5.032401,160.1568,10000.0,2000000000.0
link_width_data,uniform_random,64,0.44,0.22,1.98,2,72,9,4,1,64,25862.0,25482.0,232758.0,229726.0,0.039815625,0.358946875,0.98530662748434,3807.69708,137.184287,3944.881367,3814.544714,121.726748,3936.271463,5.018927,161.8939,10000.0,2000000000.0
link_width_data,uniform_random,64,0.45,0.225,2.025,2,72,9,4,1,64,25709.0,25360.0,231381.0,228538.0,0.039625,0.357090625,0.9864249873585126,3800.839314,137.353076,3938.19239,3805.998854,122.066904,3928.065757,4.995318,160.4179,10000.0,2000000000.0
link_width_data,uniform_random,64,0.46,0.23,2.0700000000000003,2,72,9,4,1,64,25595.0,25235.0,230355.0,227429.0,0.0394296875,0.3553578125,0.9859347528814222,3830.769526,137.859085,3968.628611,3836.274925,122.515295,3958.79022,5.006332,159.953,10000.0,2000000000.0
link_width_data,uniform_random,64,0.47,0.235,2.1149999999999998,2,72,9,4,1,64,25735.0,25394.0,231615.0,228874.0,0.039678125,0.357615625,0.9867495628521469,3818.275616,137.481492,3955.757108,3823.99941,122.246284,3946.245694,5.022777,161.2296,10000.0,2000000000.0
link_width_data,uniform_random,64,0.48,0.24,2.16,2,72,9,4,1,64,25782.0,25405.0,232038.0,229018.0,0.0396953125,0.357840625,0.9853773950818401,3916.63578,137.467231,4054.103011,3923.257836,122.156717,4045.414553,5.029945,161.6241,10000.0,2000000000.0
link_width_data,uniform_random,64,0.49,0.245,2.205,2,72,9,4,1,64,25723.0,25370.0,231507.0,228696.0,0.039640625,0.3573375,0.9862768728375384,3869.287387,137.499566,4006.786953,3875.706379,122.192863,3997.899242,5.014578,160.9554,10000.0,2000000000.0
link_width_data,uniform_random,64,0.5,0.25,2.25,2,72,9,4,1,64,25257.0,24900.0,227313.0,224448.0,0.03890625,0.3507,0.9858653046680128,3949.164217,139.817309,4088.981526,3955.704827,124.650774,4080.355601,5.020192,158.1105,10000.0,2000000000.0
link_width_data,uniform_random,128,0.01,0.005,0.025,2,72,5,4,1,128,3165.0,3162.0,15825.0,15810.0,0.004940625,0.024703125,0.9990521327014218,2.0,18.906388,20.906388,2.0,15.995889,17.995889,5.26945,11.496,10000.0,2000000000.0
link_width_data,uniform_random,128,0.02,0.01,0.05,2,72,5,4,1,128,6387.0,6378.0,31935.0,31904.0,0.009965625,0.04985,0.9985908877407234,2.0,19.294763,21.294763,2.0,16.259497,18.259497,5.271283,23.2085,10000.0,2000000000.0
link_width_data,uniform_random,128,0.03,0.015,0.075,2,72,5,4,1,128,9483.0,9469.0,47415.0,47350.0,0.0147953125,0.073984375,0.9985236739428451,2.0,19.844017,21.844017,2.0,16.60982,18.60982,5.28057,34.5048,10000.0,2000000000.0
link_width_data,uniform_random,128,0.04,0.02,0.1,2,72,5,4,1,128,12618.0,12584.0,63090.0,62941.0,0.0196625,0.0983453125,0.997305436677762,2.0,20.394708,22.394708,2.0,16.923309,18.923309,5.247104,45.6743,10000.0,2000000000.0
link_width_data,uniform_random,128,0.05,0.025,0.125,2,72,5,4,1,128,15980.0,15948.0,79900.0,79754.0,0.02491875,0.124615625,0.9979974968710889,2.000251,21.136945,23.137196,2.000251,17.360835,19.361085,5.221067,57.6327,10000.0,2000000000.0
link_width_data,uniform_random,128,0.06,0.03,0.15,2,72,5,4,1,128,19131.0,19091.0,95655.0,95493.0,0.0298296875,0.1492078125,0.9979091526841253,2.001938,22.08559,24.087528,2.001937,17.994052,19.995989,5.257872,69.3833,10000.0,2000000000.0
link_width_data,uniform_random,128,0.07,0.035,0.17500000000000002,2,72,5,4,1,128,22313.0,22254.0,111565.0,111321.0,0.034771875,0.1739390625,0.9973558015506655,2.001752,23.01721,25.018963,2.001752,18.559113,20.560865,5.237071,80.6565,10000.0,2000000000.0
link_width_data,uniform_random,128,0.08,0.04,0.2,2,72,5,4,1,128,25513.0,25456.0,127565.0,127360.0,0.039775,0.199,0.9977658448634029,2.0055,24.232283,26.237783,2.005496,19.398084,21.40358,5.236393,92.2305,10000.0,2000000000.0
link_width_data,uniform_random,128,0.09,0.045,0.22499999999999998,2,72,5,4,1,128,28723.0,28655.0,143615.0,143331.0,0.0447734375,0.2239546875,0.9976325592730564,2.009004,25.644181,27.653184,2.009,20.361513,22.370513,5.242313,103.9037,10000.0,2000000000.0
link_width_data,uniform_random,128,0.1,0.05,0.25,2,72,5,4,1,128,31970.0,31895.0,159850.0,159527.0,0.0498359375,0.2492609375,0.9976540506725055,2.015018,27.529738,29.544756,2.015013,21.786475,23.801488,5.2665,116.0259,10000.0,2000000000.0
link_width_data,uniform_random,128,0.11,0.055,0.275,2,72,5,4,1,128,35150.0,35059.0,175750.0,175398.0,0.0547796875,0.274059375,0.9974110953058322,2.046407,29.871959,31.918366,2.046449,23.637932,25.684381,5.253076,127.3464,10000.0,2000000000.0
link_width_data,uniform_random,128,0.12,0.06,0.3,2,72,5,4,1,128,38311.0,38178.0,191555.0,191019.0,0.059653125,0.2984671875,0.9965284122053718,2.06509,32.51197,34.57706,2.065046,25.875321,27.940367,5.257226,138.7936,10000.0,2000000000.0
link_width_data,uniform_random,128,0.13,0.065,0.325,2,72,5,4,1,128,41440.0,41276.0,207200.0,206544.0,0.06449375,0.322725,0.996042471042471,3.072052,37.560544,40.632595,3.071331,30.540771,33.612102,5.23059,149.5847,10000.0,2000000000.0
link_width_data,uniform_random,128,0.14,0.07,0.35000000000000003,2,72,5,4,1,128,44480.0,44254.0,222400.0,221411.0,0.069146875,0.3459546875,0.9949190647482015,10.493628,47.429611,57.923239,10.492961,40.032216,50.525177,5.246207,160.7512,10000.0,2000000000.0
link_width_data,uniform_random,128,0.15,0.075,0.375,2,72,5,4,1,128,46129.0,45819.0,230645.0,229259.0,0.0715921875,0.3582171875,0.9932797155802207,128.885048,64.42801,193.313058,129.128846,56.828125,185.95697,5.204014,165.5434,10000.0,2000000000.0
link_width_data,uniform_random,128,0.16,0.08,0.4,2,72,5,4,1,128,46162.0,45759.0,230810.0,228969.0,0.0714984375,0.3577640625,0.9912698756553009,338.910116,76.253109,415.163225,339.126179,68.619704,407.745883,5.179361,164.8934,10000.0,2000000000.0
link_width_data,uniform_random,128,0.17,0.085,0.42500000000000004,2,72,5,4,1,128,46787.0,46396.0,233935.0,232134.0,0.07249375,0.362709375,0.9916429777502298,495.483059,79.798237,575.281296,495.829922,72.100326,567.930247,5.12781,165.9271,10000.0,2000000000.0
link_width_data,uniform_random,128,0.18,0.09,0.44999999999999996,2,72,5,4,1,128,46301.0,45901.0,231505.0,229716.0,0.0717203125,0.35893125,0.9913608777348222,700.378685,83.636043,784.014727,701.171216,75.958797,777.130013,5.097394,163.5135,10000.0,2000000000.0
link_width_data,uniform_random,128,0.19,0.095,0.475,2,72,5,4,1,128,46560.0,46131.0,232800.0,230841.0,0.0720796875,0.3606890625,0.9907860824742268,834.733065,84.760682,919.493746,834.988429,77.054999,912.043428,5.089923,164.1794,10000.0,2000000000.0
link_width_data,uniform_random,128,0.2,0.1,0.5,2,72,5,4,1,128,46313.0,45901.0,231565.0,229690.0,0.0717203125,0.358890625,0.9911040096733099,974.007277,85.960502,1059.967778,974.689582,78.248535,1052.938117,5.072223,162.926,10000.0,2000000000.0
link_width_data,uniform_random,128,0.21,0.105,0.525,2,72,5,4,1,128,46024.0,45606.0,230120.0,228206.0,0.071259375,0.356571875,0.9909177820267686,1120.522234,88.036421,1208.558655,1121.669772,80.304751,1201.974523,5.055174,161.4714,10000.0,2000000000.0
link_width_data,uniform_random,128,0.22,0.11,0.55,2,72,5,4,1,128,46173.0,45782.0,230865.0,229091.0,0.071534375,0.3579546875,0.9915318476165724,1249.84697,88.015028,1337.861998,1250.764906,80.285974,1331.050879,5.032507,161.5139,10000.0,2000000000.0
link_width_data,uniform_random,128,0.23,0.115,0.5750000000000001,2,72,5,4,1,128,45758.0,45358.0,228790.0,226977.0,0.070871875,0.3546515625,0.9912583591940207,1402.325654,89.154548,1491.480202,1402.762447,81.428374,1484.190821,5.016918,159.6821,10000.0,2000000000.0
link_width_data,uniform_random,128,0.24,0.12,0.6,2,72,5,4,1,128,46201.0,45780.0,231005.0,229096.0,0.07153125,0.3579625,0.9908876431246076,1432.51765,89.511774,1522.029423,1433.705944,81.797412,1515.503357,5.022598,161.3344,10000.0,2000000000.0
link_width_data,uniform_random,128,0.25,0.125,0.625,2,72,5,4,1,128,46225.0,45796.0,231125.0,229185.0,0.07155625,0.3581015625,0.9907193077339103,1563.965958,89.735719,1653.701677,1565.567245,81.96896,1647.536204,5.033008,161.6521,10000.0,2000000000.0
link_width_data,uniform_random,128,0.26,0.13,0.65,2,72,5,4,1,128,45742.0,45316.0,228710.0,226755.0,0.07080625,0.3543046875,0.990686896069258,1703.07622,90.767455,1793.843676,1704.293731,83.042407,1787.336138,5.014311,159.5269,10000.0,2000000000.0
link_width_data,uniform_random,128,0.27,0.135,0.675,2,72,5,4,1,128,45853.0,45442.0,229265.0,227400.0,0.071003125,0.3553125,0.9910365733975967,1812.060363,90.632939,1902.693301,1813.551385,82.888747,1896.440132,5.015699,159.9706,10000.0,2000000000.0
link_width_data,uniform_random,128,0.28,0.14,0.7000000000000001,2,72,5,4,1,128,46148.0,45719.0,230740.0,228810.0,0.0714359375,0.357515625,0.9907038224841813,1903.075089,90.150944,1993.226033,1904.728705,82.41333,1987.142035,5.010725,160.8805,10000.0,2000000000.0
link_width_data,uniform_random,128,0.29,0.145,0.725,2,72,5,4,1,128,46222.0,45805.0,231110.0,229217.0,0.0715703125,0.3581515625,0.9909783220111635,1986.399869,90.527344,2076.927213,1988.070174,82.771592,2070.841766,5.033767,161.6683,10000.0,2000000000.0
link_width_data,uniform_random,128,0.3,0.15,0.75,2,72,5,4,1,128,46195.0,45757.0,230975.0,228991.0,0.0714953125,0.3577984375,0.9905184543781794,2096.52392,90.584741,2187.108661,2098.672376,82.830295,2181.50267,5.020437,161.2416,10000.0,2000000000.0
link_width_data,uniform_random,128,0.31,0.155,0.775,2,72,5,4,1,128,45981.0,45563.0,229905.0,227999.0,0.0711921875,0.3562484375,0.9909092886192122,2170.822575,90.768869,2261.591445,2172.613814,83.031755,2255.645569,5.010101,160.2865,10000.0,2000000000.0
link_width_data,uniform_random,128,0.32,0.16,0.8,2,72,5,4,1,128,46332.0,45915.0,231660.0,229730.0,0.0717421875,0.358953125,0.990999740999741,2239.003354,90.328585,2329.331939,2240.344504,82.551439,2322.895943,5.031759,161.9971,10000.0,2000000000.0
link_width_data,uniform_random,128,0.33,0.165,0.8250000000000001,2,72,5,4,1,128,45889.0,45458.0,229445.0,227457.0,0.071028125,0.3554015625,0.9906077709254941,2344.111883,90.401777,2434.513661,2345.83312,82.652712,2428.485832,4.993722,159.5606,10000.0,2000000000.0
link_width_data,uniform_random,128,0.34,0.17,0.8500000000000001,2,72,5,4,1,128,46503.0,46084.0,232515.0,230583.0,0.07200625,0.3602859375,0.9909898286132077,2385.321456,89.612837,2474.934294,2387.070291,81.873169,2468.943461,5.003383,161.948,10000.0,2000000000.0
link_width_data,uniform_random,128,0.35,0.175,0.875,2,72,5,4,1,128,46120.0,45687.0,230600.0,228633.0,0.0713859375,0.3572390625,0.99061144839549,2524.597697,90.221157,2614.818854,2526.661895,82.446366,2609.108261,5.00929,160.7225,10000.0,2000000000.0
link_width_data,uniform_random,128,0.36,0.18,0.8999999999999999,2,72,5,4,1,128,46493.0,46055.0,232465.0,230472.0,0.0719609375,0.3601125,0.9905792269804057,2530.596178,89.965216,2620.561394,2532.750694,82.188583,2614.939277,5.013416,162.1425,10000.0,2000000000.0
link_width_data,uniform_random,128,0.37,0.185,0.925,2,72,5,4,1,128,46211.0,45796.0,231055.0,229133.0,0.07155625,0.3580203125,0.9910194542424964,2630.703839,90.136955,2720.840794,2632.210053,82.363501,2714.573553,5.003971,160.9377,10000.0,2000000000.0
link_width_data,uniform_random,128,0.38,0.19,0.95,2,72,5,4,1,128,46322.0,45914.0,231610.0,229729.0,0.071740625,0.3589515625,0.9911920901515479,2658.594263,89.941543,2748.535806,2660.741848,82.171855,2742.913703,5.026914,161.869,10000.0,2000000000.0
link_width_data,uniform_random,128,0.39,0.195,0.9750000000000001,2,72,5,4,1,128,46048.0,45631.0,230240.0,228383.0,0.0712984375,0.3568484375,0.9909442321056289,2698.041003,90.409853,2788.450856,2701.210957,82.656406,2783.867363,5.01991,160.7488,10000.0,2000000000.0
link_width_data,uniform_random,128,0.4,0.2,1.0,2,72,5,4,1,128,45937.0,45530.0,229685.0,227811.0,0.071140625,0.3559546875,0.9911400396194788,2794.783242,90.976916,2885.760158,2796.677281,83.182704,2879.859985,5.025785,160.4735,10000.0,2000000000.0
link_width_data,uniform_random,128,0.41,0.205,1.025,2,72,5,4,1,128,46085.0,45677.0,230425.0,228540.0,0.0713703125,0.35709375,0.9911467939676685,2858.483307,90.817326,2949.300633,2860.519782,83.079159,2943.598941,5.021799,160.9069,10000.0,2000000000.0
link_width_data,uniform_random,128,0.42,0.21,1.05,2,72,5,4,1,128,45887.0,45461.0,229435.0,227466.0,0.0710328125,0.355415625,0.9907163248850437,2912.895933,90.855722,3003.751655,2914.93399,83.111186,2998.045176,5.028039,160.3502,10000.0,2000000000.0
link_width_data,uniform_random,128,0.43,0.215,1.075,2,72,5,4,1,128,45977.0,45545.0,229885.0,227912.0,0.0711640625,0.3561125,0.9906039976509994,2969.048084,90.531606,3059.57969,2971.276054,82.761228,3054.037282,5.035088,160.8007,10000.0,2000000000.0
link_width_data,uniform_random,128,0.44,0.22,1.1,2,72,5,4,1,128,46548.0,46123.0,232740.0,230815.0,0.0720671875,0.3606484375,0.9908696399415657,2941.51935,89.627323,3031.146673,2943.958365,81.846193,3025.804558,5.029643,162.6916,10000.0,2000000000.0
link_width_data,uniform_random,128,0.45,0.225,1.125,2,72,5,4,1,128,46321.0,45875.0,231605.0,229556.0,0.0716796875,0.35868125,0.990371537747458,2986.900076,89.953221,3076.853297,2989.181411,82.179686,3071.361097,5.023437,161.7564,10000.0,2000000000.0
link_width_data,uniform_random,128,0.46,0.23,1.1500000000000001,2,72,5,4,1,128,46293.0,45876.0,231465.0,229509.0,0.07168125,0.3586078125,0.9909921586416953,3058.119322,90.278948,3148.398269,3060.110824,82.505266,3142.616089,5.021916,161.6487,10000.0,2000000000.0
link_width_data,uniform_random,128,0.47,0.235,1.1749999999999998,2,72,5,4,1,128,46127.0,45708.0,230635.0,228750.0,0.07141875,0.357421875,0.9909163830294622,3082.55988,90.651549,3173.211429,3085.452848,82.916944,3168.369792,5.040507,161.491,10000.0,2000000000.0
link_width_data,uniform_random,128,0.48,0.24,1.2,2,72,5,4,1,128,46431.0,46027.0,232155.0,230308.0,0.0719171875,0.35985625,0.9912989166720511,3137.499011,90.26869,3227.767702,3140.021267,82.48512,3222.506387,5.025844,162.2233,10000.0,2000000000.0
link_width_data,uniform_random,128,0.49,0.245,1.225,2,72,5,4,1,128,46057.0,45628.0,230285.0,228286.0,0.07129375,0.356696875,0.9906854549796991,3144.297274,90.542781,3234.840054,3146.206868,82.779106,3228.985974,5.025104,160.8433,10000.0,2000000000.0
link_width_data,uniform_random,128,0.5,0.25,1.25,2,72,5,4,1,128,46544.0,46129.0,232720.0,230835.0,0.0720765625,0.3606796875,0.9910837057408044,3210.199332,90.244358,3300.443691,3212.886157,82.467217,3295.353374,5.020863,162.5102,10000.0,2000000000.0
link_width_data,uniform_random,256,0.01,0.005,0.015,2,72,3,4,1,256,3165.0,3162.0,9495.0,9486.0,0.004940625,0.014821875,0.9990521327014218,2.0,15.741935,17.741935,2.0,14.650011,16.650011,5.26945,6.8982,10000.0,2000000000.0
link_width_data,uniform_random,256,0.02,0.01,0.03,2,72,3,4,1,256,6387.0,6381.0,19161.0,19145.0,0.0099703125,0.0299140625,0.9990605918271489,2.0,15.912866,17.912866,2.0,14.748707,16.748707,5.271611,13.9262,10000.0,2000000000.0
link_width_data,uniform_random,256,0.03,0.015,0.045,2,72,3,4,1,256,9483.0,9470.0,28449.0,28412.0,0.014796875,0.04439375,0.9986291258040705,2.0,16.130517,18.130517,2.0,14.879065,16.879065,5.280621,20.7066,10000.0,2000000000.0
link_width_data,uniform_random,256,0.04,0.02,0.06,2,72,3,4,1,256,12618.0,12590.0,37854.0,37774.0,0.019671875,0.059021875,0.9977809478522746,2.0,16.27077,18.27077,2.0,14.92786,16.92786,5.247154,27.4124,10000.0,2000000000.0
link_width_data,uniform_random,256,0.05,0.025,0.07500000000000001,2,72,3,4,1,256,15980.0,15949.0,47940.0,47858.0,0.0249203125,0.074778125,0.9980600750938673,2.0,16.449182,18.449182,2.0,15.008337,17.008337,5.221112,34.5865,10000.0,2000000000.0
link_width_data,uniform_random,256,0.06,0.03,0.09,2,72,3,4,1,256,19131.0,19105.0,57393.0,57320.0,0.0298515625,0.0895625,0.9986409492446814,2.0,16.806281,18.806281,2.0,15.25068,17.25068,5.258653,41.6401,10000.0,2000000000.0
link_width_data,uniform_random,256,0.07,0.035,0.10500000000000001,2,72,3,4,1,256,22313.0,22266.0,66939.0,66820.0,0.034790625,0.10440625,0.9978936046251065,2.0,17.008174,19.008174,2.0,15.352065,17.352065,5.237354,48.4101,10000.0,2000000000.0
link_width_data,uniform_random,256,0.08,0.04,0.12,2,72,3,4,1,256,25513.0,25483.0,76539.0,76453.0,0.0398171875,0.1194578125,0.9988241288754752,2.000078,17.298591,19.29867,2.000078,15.531555,17.531634,5.236106,55.3516,10000.0,2000000000.0
link_width_data,uniform_random,256,0.09,0.045,0.135,2,72,3,4,1,256,28723.0,28671.0,86169.0,86025.0,0.0447984375,0.1344140625,0.9981896041499844,2.000314,17.598305,19.598619,2.000314,15.715536,17.71585,5.242337,62.3612,10000.0,2000000000.0
link_width_data,uniform_random,256,0.1,0.05,0.15000000000000002,2,72,3,4,1,256,31970.0,31914.0,95910.0,95751.0,0.049865625,0.1496109375,0.9982483578354707,2.000971,17.998214,19.999185,2.000971,15.987342,17.988313,5.266817,69.634,10000.0,2000000000.0
link_width_data,uniform_random,256,0.11,0.055,0.165,2,72,3,4,1,256,35150.0,35093.0,105450.0,105304.0,0.0548328125,0.1645375,0.9983783783783784,2.00037,18.355883,20.356253,2.00037,16.209318,18.209688,5.253561,76.4365,10000.0,2000000000.0
link_width_data,uniform_random,256,0.12,0.06,0.18,2,72,3,4,1,256,38312.0,38227.0,114936.0,114703.0,0.0597296875,0.1792234375,0.9977813739820421,2.001203,18.705339,20.706542,2.001203,16.441157,18.44236,5.257299,83.3301,10000.0,2000000000.0
link_width_data,uniform_random,256,0.13,0.065,0.195,2,72,3,4,1,256,41441.0,41367.0,124323.0,124124.0,0.0646359375,0.19394375,0.9982143288048069,2.001765,19.092513,21.094278,2.001764,16.711522,18.713287,5.232195,89.8534,10000.0,2000000000.0
link_width_data,uniform_random,256,0.14,0.07,0.21000000000000002,2,72,3,4,1,256,44515.0,44436.0,133545.0,133336.0,0.06943125,0.2083375,0.9982253173087723,2.002363,19.601629,21.603992,2.002362,17.076761,19.079123,5.250862,96.7644,10000.0,2000000000.0
link_width_data,uniform_random,256,0.15,0.075,0.22499999999999998,2,72,3,4,1,256,47716.0,47617.0,143148.0,142900.0,0.0744015625,0.22328125,0.9979252242434403,2.002835,20.055253,22.058088,2.002834,17.39627,19.399104,5.241113,103.5667,10000.0,2000000000.0
link_width_data,uniform_random,256,0.16,0.08,0.24,2,72,3,4,1,256,50920.0,50813.0,152760.0,152475.0,0.0793953125,0.2382421875,0.9978986645718775,2.004093,20.790329,22.794423,2.004092,17.979747,19.98384,5.262725,110.8543,10000.0,2000000000.0
link_width_data,uniform_random,256,0.17,0.085,0.255,2,72,3,4,1,256,54190.0,54062.0,162570.0,162247.0,0.084471875,0.2535109375,0.9976379405794427,2.005938,21.357275,23.363213,2.005935,18.426079,20.432014,5.254507,117.844,10000.0,2000000000.0
link_width_data,uniform_random,256,0.18,0.09,0.27,2,72,3,4,1,256,57428.0,57312.0,172284.0,171987.0,0.08955,0.2687296875,0.9979800794037752,2.010818,22.171901,24.182719,2.010815,19.102479,21.113293,5.252781,124.8466,10000.0,2000000000.0
link_width_data,uniform_random,256,0.19,0.095,0.28500000000000003,2,72,3,4,1,256,60683.0,60526.0,182049.0,181636.0,0.094571875,0.28380625,0.9974127844701152,2.021809,23.150696,25.172504,2.021802,19.935283,21.957084,5.263417,132.0845,10000.0,2000000000.0
link_width_data,uniform_random,256,0.2,0.1,0.30000000000000004,2,72,3,4,1,256,63801.0,63649.0,191403.0,190987.0,0.0994515625,0.2984171875,0.9976175922007492,2.029694,24.394916,26.42461,2.029709,21.038971,23.06868,5.263772,138.8783,10000.0,2000000000.0
link_width_data,uniform_random,256,0.21,0.105,0.315,2,72,3,4,1,256,67103.0,66916.0,201309.0,200815.0,0.10455625,0.3137734375,0.9972132393484643,2.0347,25.878579,27.913279,2.034763,22.399178,24.433942,5.252685,145.831,10000.0,2000000000.0
link_width_data,uniform_random,256,0.22,0.11,0.33,2,72,3,4,1,256,70205.0,70033.0,210615.0,210167.0,0.1094265625,0.3283859375,0.9975500320489994,2.373624,28.961632,31.335256,2.373503,25.338693,27.712196,5.230598,152.133,10000.0,2000000000.0
link_width_data,uniform_random,256,0.23,0.115,0.34500000000000003,2,72,3,4,1,256,73249.0,72985.0,219747.0,219038.0,0.1140390625,0.342246875,0.9963958552335186,3.656121,33.190793,36.846914,3.658689,29.453501,33.112191,5.245314,158.9468,10000.0,2000000000.0
link_width_data,uniform_random,256,0.24,0.12,0.36,2,72,3,4,1,256,75751.0,75364.0,227253.0,226171.0,0.11775625,0.3533921875,0.9948911565523888,66.146927,45.478133,111.62506,66.177171,41.625297,107.802468,5.234548,163.9391,10000.0,2000000000.0
link_width_data,uniform_random,256,0.25,0.125,0.375,2,72,3,4,1,256,76961.0,76499.0,230883.0,229582.0,0.1195296875,0.358721875,0.993996959498967,147.722402,53.352867,201.075269,147.747197,49.440444,197.187641,5.217774,166.0719,10000.0,2000000000.0
link_width_data,uniform_random,256,0.26,0.13,0.39,2,72,3,4,1,256,77055.0,76562.0,231165.0,229765.0,0.119628125,0.3590078125,0.9936019726169619,269.221337,60.029767,329.251104,269.219864,56.103079,325.322943,5.173199,165.2025,10000.0,2000000000.0
link_width_data,uniform_random,256,0.27,0.135,0.405,2,72,3,4,1,256,77076.0,76581.0,231228.0,229843.0,0.1196578125,0.3591296875,0.993577767398412,437.632481,63.241705,500.874186,437.825955,59.281462,497.107417,5.172888,165.2654,10000.0,2000000000.0
link_width_data,uniform_random,256,0.28,0.14,0.42000000000000004,2,72,3,4,1,256,77461.0,76949.0,232383.0,230937.0,0.1202328125,0.3608390625,0.993390222176321,533.497394,64.400694,597.898088,533.620074,60.447832,594.067906,5.13954,165.2621,10000.0,2000000000.0
link_width_data,uniform_random,256,0.29,0.145,0.43499999999999994,2,72,3,4,1,256,77720.0,77219.0,233160.0,231729.0,0.1206546875,0.3620765625,0.9935537828100875,613.645644,65.579767,679.225411,613.963289,61.616854,675.580143,5.136737,165.7488,10000.0,2000000000.0
link_width_data,uniform_random,256,0.3,0.15,0.44999999999999996,2,72,3,4,1,256,76911.0,76389.0,230733.0,229258.0,0.1193578125,0.358215625,0.9932129344307056,736.930684,67.578251,804.508935,737.148405,63.603848,800.752253,5.119385,163.6184,10000.0,2000000000.0
link_width_data,uniform_random,256,0.31,0.155,0.46499999999999997,2,72,3,4,1,256,77339.0,76798.0,232017.0,230490.0,0.119996875,0.360140625,0.9930048229224583,796.674327,67.894542,864.568869,796.897631,63.919988,860.817619,5.092998,163.8714,10000.0,2000000000.0
link_width_data,uniform_random,256,0.32,0.16,0.48,2,72,3,4,1,256,77125.0,76580.0,231375.0,229852.0,0.11965625,0.35914375,0.992933549432739,897.992152,69.065291,967.057443,898.466792,65.092651,963.559443,5.090027,163.3444,10000.0,2000000000.0
link_width_data,uniform_random,256,0.33,0.165,0.495,2,72,3,4,1,256,77393.0,76860.0,232179.0,230654.0,0.12009375,0.360396875,0.9931130722416756,951.606674,69.69382,1021.300494,951.828375,65.719294,1017.547669,5.063298,163.2905,10000.0,2000000000.0
link_width_data,uniform_random,256,0.34,0.17,0.51,2,72,3,4,1,256,77225.0,76657.0,231675.0,230069.0,0.1197765625,0.3594828125,0.9926448688896082,980.875837,69.867501,1050.743337,981.209668,65.886395,1047.096062,5.057039,162.7672,10000.0,2000000000.0
link_width_data,uniform_random,256,0.35,0.175,0.5249999999999999,2,72,3,4,1,256,77316.0,76785.0,231948.0,230447.0,0.1199765625,0.3600734375,0.9931320813285737,1124.611526,70.219835,1194.83136,1124.870005,66.235738,1191.105742,5.043954,162.7008,10000.0,2000000000.0
link_width_data,uniform_random,256,0.36,0.18,0.54,2,72,3,4,1,256,76731.0,76182.0,230193.0,228626.0,0.119034375,0.357228125,0.9928451343003479,1168.630031,71.121459,1239.75149,1169.174258,67.148758,1236.323017,5.044684,161.4466,10000.0,2000000000.0
link_width_data,uniform_random,256,0.37,0.185,0.5549999999999999,2,72,3,4,1,256,76979.0,76407.0,230937.0,229322.0,0.1193859375,0.358315625,0.9925694020447134,1229.401953,71.592236,1300.994189,1229.90383,67.60859,1297.512419,5.033848,161.6922,10000.0,2000000000.0
link_width_data,uniform_random,256,0.38,0.19,0.5700000000000001,2,72,3,4,1,256,76231.0,75674.0,228693.0,227121.0,0.118240625,0.3548765625,0.9926932612716611,1308.530975,72.882285,1381.41326,1309.236455,68.895329,1378.131784,5.035466,160.1894,10000.0,2000000000.0
link_width_data,uniform_random,256,0.39,0.195,0.585,2,72,3,4,1,256,76907.0,76349.0,230721.0,229146.0,0.1192953125,0.358040625,0.9927444835970718,1334.582287,72.029535,1406.611822,1335.231651,68.038408,1403.270059,5.028833,161.4511,10000.0,2000000000.0
link_width_data,uniform_random,256,0.4,0.2,0.6000000000000001,2,72,3,4,1,256,76315.0,75758.0,228945.0,227374.0,0.118371875,0.355271875,0.992701303806591,1431.198131,72.903284,1504.101415,1431.770409,68.907034,1500.677443,5.032176,160.2921,10000.0,2000000000.0
link_width_data,uniform_random,256,0.41,0.205,0.615,2,72,3,4,1,256,76319.0,75734.0,228957.0,227299.0,0.118334375,0.3551546875,0.9923348052254354,1526.425899,73.568239,1599.994137,1527.119415,69.575594,1596.69501,5.026375,160.1132,10000.0,2000000000.0
link_width_data,uniform_random,256,0.42,0.21,0.63,2,72,3,4,1,256,76054.0,75510.0,228162.0,226613.0,0.117984375,0.3540828125,0.9928471875246535,1570.267819,73.545636,1643.813455,1570.878882,69.547224,1640.426105,5.025709,159.5631,10000.0,2000000000.0
link_width_data,uniform_random,256,0.43,0.215,0.645,2,72,3,4,1,256,76283.0,75702.0,228849.0,227203.0,0.118284375,0.3550046875,0.9923836241364393,1644.219215,73.534583,1717.753798,1645.070611,69.530116,1714.600727,5.036474,160.2862,10000.0,2000000000.0
link_width_data,uniform_random,256,0.44,0.22,0.66,2,72,3,4,1,256,76874.0,76303.0,230622.0,228998.0,0.1192234375,0.357809375,0.9925722611025835,1675.509194,73.056892,1748.566085,1676.169591,69.056385,1745.225976,5.02762,161.3352,10000.0,2000000000.0
link_width_data,uniform_random,256,0.45,0.225,0.675,2,72,3,4,1,256,76407.0,75812.0,229221.0,227531.0,0.11845625,0.3555171875,0.9922127553758163,1773.045415,73.56466,1846.610075,1773.899253,69.562455,1843.461709,5.035903,160.5054,10000.0,2000000000.0
link_width_data,uniform_random,256,0.46,0.23,0.6900000000000001,2,72,3,4,1,256,76360.0,75757.0,229080.0,227376.0,0.1183703125,0.355275,0.9921031953902567,1840.883958,73.525813,1914.409771,1841.690266,69.530439,1911.220705,5.037339,160.4547,10000.0,2000000000.0
link_width_data,uniform_random,256,0.47,0.235,0.705,2,72,3,4,1,256,76757.0,76181.0,230271.0,228641.0,0.1190328125,0.3572515625,0.9924957984288078,1907.571599,73.149539,1980.721138,1908.377063,69.149711,1977.526773,5.029168,161.1022,10000.0,2000000000.0
link_width_data,uniform_random,256,0.48,0.24,0.72,2,72,3,4,1,256,76594.0,76012.0,229782.0,228104.0,0.11876875,0.3564125,0.9924014935895762,1959.37973,73.218571,2032.5983,1959.828982,69.213881,2029.042862,5.026519,160.6916,10000.0,2000000000.0
link_width_data,uniform_random,256,0.49,0.245,0.735,2,72,3,4,1,256,76377.0,75824.0,229131.0,227544.0,0.118475,0.3555375,0.9927596004032627,2013.474705,73.757953,2087.232657,2014.145778,69.764665,2083.910444,5.038709,160.5433,10000.0,2000000000.0
link_width_data,uniform_random,256,0.5,0.25,0.75,2,72,3,4,1,256,76453.0,75893.0,229359.0,227777.0,0.1185828125,0.3559015625,0.9926752383817509,2094.234844,73.889054,2168.123898,2094.962095,69.878241,2164.840335,5.025595,160.406,10000.0,2000000000.0
link_width_data,transpose,64,0.01,0.005,0.045,2,72,9,4,1,64,3151.0,3146.0,28359.0,28335.0,0.004915625,0.0442734375,0.9984132021580451,2.0,25.474253,27.474253,2.0,19.381966,21.381966,5.32444,20.7594,10000.0,2000000000.0
link_width_data,transpose,64,0.02,0.01,0.09,2,72,9,4,1,64,6392.0,6373.0,57528.0,57406.0,0.0099578125,0.089696875,0.9970275344180225,2.0,28.97003,30.97003,2.0,21.506254,23.506254,5.270773,41.7946,10000.0,2000000000.0
link_width_data,transpose,64,0.03,0.015,0.135,2,72,9,4,1,64,9506.0,9464.0,85554.0,85275.0,0.0147875,0.1332421875,0.9955817378497791,2.218407,43.476014,45.694421,2.218153,33.610601,35.828754,5.281313,62.1786,10000.0,2000000000.0
link_width_data,transpose,64,0.04,0.02,0.18,2,72,9,4,1,64,11997.0,11892.0,107973.0,107157.0,0.01858125,0.1674328125,0.9912478119529883,107.496805,85.451816,192.948621,107.720345,73.80677,181.527114,4.878431,73.8843,10000.0,2000000000.0
link_width_data,transpose,64,0.05,0.025,0.225,2,72,9,4,1,64,13835.0,13682.0,124515.0,123317.0,0.021378125,0.1926828125,0.9889410914347669,257.093188,106.66043,363.753618,257.282873,94.100894,351.383767,4.326508,78.227,10000.0,2000000000.0
link_width_data,transpose,64,0.06,0.03,0.27,2,72,9,4,1,64,15001.0,14803.0,135009.0,133437.0,0.0231296875,0.2084953125,0.9868008799413373,391.94312,118.267784,510.210903,392.645308,105.477087,498.122395,3.878909,78.6759,10000.0,2000000000.0
link_width_data,transpose,64,0.07,0.035,0.31500000000000006,2,72,9,4,1,64,15989.0,15769.0,143901.0,142136.0,0.0246390625,0.2220875,0.9862405403715054,502.487729,122.862896,625.350625,503.076392,109.843608,612.919999,3.554582,79.1896,10000.0,2000000000.0
link_width_data,transpose,64,0.08,0.04,0.36,2,72,9,4,1,64,16862.0,16637.0,151758.0,149947.0,0.0259953125,0.2342921875,0.9866563871426877,611.736611,126.653724,738.390335,613.053746,113.603093,726.656839,3.302554,79.7574,10000.0,2000000000.0
link_width_data,transpose,64,0.09,0.045,0.40499999999999997,2,72,9,4,1,64,17611.0,17369.0,158499.0,156548.0,0.0271390625,0.24460625,0.9862585883822611,746.758478,126.066095,872.824573,748.377124,112.960332,861.337456,3.087909,79.9055,10000.0,2000000000.0
link_width_data,transpose,64,0.1,0.05,0.45,2,72,9,4,1,64,18325.0,18077.0,164925.0,162921.0,0.0282453125,0.2545640625,0.9864665757162346,818.306024,125.664546,943.97057,820.252306,112.549156,932.801462,2.907925,80.2225,10000.0,2000000000.0
link_width_data,transpose,64,0.11,0.055,0.495,2,72,9,4,1,64,18987.0,18726.0,170883.0,168773.0,0.029259375,0.2637078125,0.9862537525675462,878.652889,127.617484,1006.270373,880.518744,114.168463,994.687207,2.773026,80.8127,10000.0,2000000000.0
link_width_data,transpose,64,0.12,0.06,0.54,2,72,9,4,1,64,19537.0,19270.0,175833.0,173682.0,0.030109375,0.271378125,0.9863336233812765,970.370835,127.736689,1098.107525,972.816665,114.266406,1087.083071,2.66677,81.3202,10000.0,2000000000.0
link_width_data,transpose,64,0.13,0.065,0.585,2,72,9,4,1,64,20019.0,19754.0,180171.0,178055.0,0.030865625,0.2782109375,0.9867625755532244,1125.73575,126.286625,1252.022375,1128.186953,112.90604,1241.092994,2.604555,82.2472,10000.0,2000000000.0
link_width_data,transpose,64,0.14,0.07,0.6300000000000001,2,72,9,4,1,64,20494.0,20228.0,184446.0,182307.0,0.03160625,0.2848546875,0.9870205913926027,1249.062043,124.951651,1374.013694,1250.910113,111.415908,1362.326021,2.56994,83.5768,10000.0,2000000000.0
link_width_data,transpose,64,0.15,0.075,0.6749999999999999,2,72,9,4,1,64,20991.0,20723.0,188919.0,186772.0,0.0323796875,0.29183125,0.9872326235053118,1339.651498,122.078608,1461.730107,1341.486154,108.469267,1449.955422,2.497441,84.2633,10000.0,2000000000.0
link_width_data,transpose,64,0.16,0.08,0.72,2,72,9,4,1,64,21487.0,21216.0,193383.0,191218.0,0.03315,0.298778125,0.9873877228091404,1417.500189,119.977847,1537.478035,1419.97848,106.351018,1526.329498,2.44774,85.3121,10000.0,2000000000.0
link_width_data,transpose,64,0.17,0.085,0.765,2,72,9,4,1,64,21971.0,21700.0,197739.0,195556.0,0.03390625,0.30555625,0.9876655591461472,1482.19788,118.235668,1600.433548,1484.450173,104.44264,1588.892813,2.398975,86.2845,10000.0,2000000000.0
link_width_data,transpose,64,0.18,0.09,0.8099999999999999,2,72,9,4,1,64,22488.0,22214.0,202392.0,200191.0,0.034709375,0.3127984375,0.9878157239416577,1531.93162,116.757315,1648.688935,1533.996074,102.784586,1636.780659,2.352393,87.3949,10000.0,2000000000.0
link_width_data,transpose,64,0.19,0.095,0.855,2,72,9,4,1,64,23032.0,22757.0,207288.0,205090.0,0.0355578125,0.320453125,0.9880600903091351,1561.323417,115.76772,1677.091137,1563.749032,101.634687,1665.383719,2.308577,88.6261,10000.0,2000000000.0
link_width_data,transpose,64,0.2,0.1,0.9,2,72,9,4,1,64,23488.0,23209.0,211392.0,209171.0,0.0362640625,0.3268296875,0.9881215940054496,1593.158947,114.919859,1708.078806,1595.627276,100.54421,1696.171486,2.27173,89.6163,10000.0,2000000000.0
link_width_data,transpose,64,0.21,0.105,0.945,2,72,9,4,1,64,23989.0,23706.0,215901.0,213648.0,0.037040625,0.333825,0.9882029263412397,1622.051928,114.066565,1736.118493,1624.395796,99.322226,1723.718022,2.233375,90.7086,10000.0,2000000000.0
link_width_data,transpose,64,0.22,0.11,0.99,2,72,9,4,1,64,24453.0,24168.0,220077.0,217816.0,0.0377625,0.3403375,0.9883449883449883,1663.115483,113.423287,1776.53877,1665.317167,98.268979,1763.586146,2.199453,91.7355,10000.0,2000000000.0
link_width_data,transpose,64,0.23,0.115,1.0350000000000001,2,72,9,4,1,64,24592.0,24304.0,221328.0,219077.0,0.037975,0.3423078125,0.9882888744307091,1777.760245,112.640224,1890.400469,1780.4529,97.373376,1877.826276,2.18693,91.9986,10000.0,2000000000.0
link_width_data,transpose,64,0.24,0.12,1.08,2,72,9,4,1,64,24610.0,24325.0,221490.0,219231.0,0.0380078125,0.3425484375,0.9884193417310037,1898.974018,112.619322,2011.59334,1901.895567,97.312,1999.207566,2.185476,92.033,10000.0,2000000000.0
link_width_data,transpose,64,0.25,0.125,1.125,2,72,9,4,1,64,24629.0,24344.0,221661.0,219414.0,0.0380375,0.342834375,0.9884282756100532,2008.733487,112.599408,2121.332895,2011.642343,97.279422,2108.921764,2.184063,92.0782,10000.0,2000000000.0
link_width_data,transpose,64,0.26,0.13,1.17,2,72,9,4,1,64,24641.0,24358.0,221769.0,219506.0,0.038059375,0.342978125,0.9885150764985188,2121.36723,112.922038,2234.289268,2124.308935,97.605419,2221.914353,2.186911,92.1743,10000.0,2000000000.0
link_width_data,transpose,64,0.27,0.135,1.215,2,72,9,4,1,64,24644.0,24363.0,221796.0,219563.0,0.0380671875,0.3430671875,0.9885976302548287,2218.459057,112.914666,2331.373722,2221.613255,97.616529,2319.229784,2.186571,92.1919,10000.0,2000000000.0
link_width_data,transpose,64,0.28,0.14,1.2600000000000002,2,72,9,4,1,64,24644.0,24365.0,221796.0,219593.0,0.0380703125,0.3431140625,0.988678785911378,2311.939503,113.438908,2425.378412,2315.417764,98.106324,2413.524088,2.190252,92.2784,10000.0,2000000000.0
link_width_data,transpose,64,0.29,0.145,1.305,2,72,9,4,1,64,24651.0,24370.0,221859.0,219626.0,0.038078125,0.343165625,0.9886008681189404,2409.696553,112.691875,2522.388428,2413.068548,97.376276,2510.444824,2.183339,92.1419,10000.0,2000000000.0
link_width_data,transpose,64,0.3,0.15,1.3499999999999999,2,72,9,4,1,64,24659.0,24375.0,221931.0,219653.0,0.0380859375,0.3432078125,0.9884829068494262,2495.320533,112.904369,2608.224903,2498.233364,97.517361,2595.750725,2.188807,92.274,10000.0,2000000000.0
link_width_data,transpose,64,0.31,0.155,1.395,2,72,9,4,1,64,24660.0,24378.0,221940.0,219667.0,0.038090625,0.3432296875,0.9885644768856447,2568.769792,112.927558,2681.69735,2571.572034,97.523861,2669.095895,2.188522,92.2712,10000.0,2000000000.0
link_width_data,transpose,64,0.32,0.16,1.44,2,72,9,4,1,64,24660.0,24379.0,221940.0,219676.0,0.0380921875,0.34324375,0.9886050283860502,2638.567907,112.932483,2751.50039,2641.480444,97.525351,2739.005795,2.188086,92.2642,10000.0,2000000000.0
link_width_data,transpose,64,0.33,0.165,1.485,2,72,9,4,1,64,24662.0,24380.0,221958.0,219688.0,0.03809375,0.3432625,0.9885654042656719,2709.467432,112.937121,2822.404553,2712.62022,97.550089,2810.17031,2.18813,92.2706,10000.0,2000000000.0
link_width_data,transpose,64,0.34,0.17,1.53,2,72,9,4,1,64,24663.0,24381.0,221967.0,219697.0,0.0380953125,0.3432765625,0.9885658678992824,2772.75686,112.928223,2885.685083,2776.001966,97.541519,2873.543485,2.188041,92.2715,10000.0,2000000000.0
link_width_data,transpose,64,0.35,0.175,1.575,2,72,9,4,1,64,24661.0,24381.0,221949.0,219707.0,0.0380953125,0.3432921875,0.9886460403065569,2833.446249,113.439523,2946.885772,2836.961321,98.052957,2935.014278,2.191182,92.344,10000.0,2000000000.0
link_width_data,transpose,64,0.36,0.18,1.6199999999999999,2,72,9,4,1,64,24663.0,24381.0,221967.0,219707.0,0.0380953125,0.3432921875,0.9885658678992824,2886.890201,112.894385,2999.784586,2890.479675,97.508564,2987.988239,2.187987,92.2783,10000.0,2000000000.0
link_width_data,transpose,64,0.37,0.185,1.665,2,72,9,4,1,64,24660.0,24380.0,221940.0,219707.0,0.03809375,0.3432921875,0.9886455798864558,2940.553322,112.714643,3053.267966,2944.376902,97.334905,3041.711807,2.181961,92.1481,10000.0,2000000000.0
link_width_data,transpose,64,0.38,0.19,1.71,2,72,9,4,1,64,24659.0,24379.0,221931.0,219712.0,0.0380921875,0.3433,0.9886451194290117,2989.884819,112.722917,3102.607736,2993.882478,97.303793,3091.186271,2.181765,92.1456,10000.0,2000000000.0
link_width_data,transpose,64,0.39,0.195,1.7550000000000001,2,72,9,4,1,64,24660.0,24381.0,221940.0,219721.0,0.0380953125,0.3433140625,0.9886861313868613,3035.671794,112.719331,3148.391124,3039.68714,97.313752,3137.000892,2.181676,92.1474,10000.0,2000000000.0
link_width_data,transpose,64,0.4,0.2,1.8,2,72,9,4,1,64,24660.0,24382.0,221940.0,219721.0,0.038096875,0.3433140625,0.9887266828872668,3080.710401,112.728283,3193.438684,3084.550266,97.315268,3181.865534,2.181767,92.1491,10000.0,2000000000.0
link_width_data,transpose,64,0.41,0.205,1.845,2,72,9,4,1,64,24658.0,24382.0,221922.0,219719.0,0.038096875,0.3433109375,0.9888068780923027,3121.6958,112.853539,3234.54934,3125.687332,97.445906,3223.133238,2.181905,92.1498,10000.0,2000000000.0
link_width_data,transpose,64,0.42,0.21,1.89,2,72,9,4,1,64,24656.0,24381.0,221904.0,219725.0,0.0380953125,0.3433203125,0.9888465282284231,3164.916738,112.886715,3277.803454,3169.018573,97.468918,3266.487491,2.182,92.1524,10000.0,2000000000.0
link_width_data,transpose,64,0.43,0.215,1.935,2,72,9,4,1,64,24656.0,24380.0,221904.0,219732.0,0.03809375,0.34333125,0.9888059701492538,3206.635316,112.870386,3319.505701,3211.081572,97.455655,3308.537227,2.181658,92.1484,10000.0,2000000000.0
link_width_data,transpose,64,0.44,0.22,1.98,2,72,9,4,1,64,24659.0,24380.0,221931.0,219740.0,0.03809375,0.34334375,0.9886856725739082,3241.930476,112.842617,3354.773093,3246.52396,97.418576,3343.942537,2.181405,92.1486,10000.0,2000000000.0
link_width_data,transpose,64,0.45,0.225,2.025,2,72,9,4,1,64,24659.0,24381.0,221931.0,219740.0,0.0380953125,0.34334375,0.9887262257188045,3277.736803,112.839629,3390.576432,3282.314786,97.418777,3379.733562,2.181405,92.1486,10000.0,2000000000.0
link_width_data,transpose,64,0.46,0.23,2.0700000000000003,2,72,9,4,1,64,24658.0,24381.0,221922.0,219740.0,0.0380953125,0.34334375,0.988766323302782,3309.799065,112.80936,3422.608425,3314.43485,97.387258,3411.822108,2.180996,92.1417,10000.0,2000000000.0
link_width_data,transpose,64,0.47,0.235,2.1149999999999998,2,72,9,4,1,64,24658.0,24381.0,221922.0,219743.0,0.0380953125,0.3433484375,0.988766323302782,3342.328124,112.812928,3455.141052,3347.041212,97.39953,3444.440742,2.180993,92.1432,10000.0,2000000000.0
link_width_data,transpose,64,0.48,0.24,2.16,2,72,9,4,1,64,24656.0,24381.0,221904.0,219743.0,0.0380953125,0.3433484375,0.9888465282284231,3375.674993,113.191953,3488.866946,3380.434166,97.770145,3478.204311,2.183951,92.2087,10000.0,2000000000.0
link_width_data,transpose,64,0.49,0.245,2.205,2,72,9,4,1,64,24653.0,24380.0,221877.0,219743.0,0.03809375,0.3433484375,0.9889262970023932,3407.1258,113.13347,3520.25927,3412.022344,97.724929,3509.747273,2.183414,92.1978,10000.0,2000000000.0
link_width_data,transpose,64,0.5,0.25,2.25,2,72,9,4,1,64,24653.0,24380.0,221877.0,219742.0,0.03809375,0.343346875,0.9889262970023932,3436.046021,113.142125,3549.188146,3440.975485,97.734043,3538.709528,2.183524,92.2009,10000.0,2000000000.0
link_width_data,transpose,128,0.01,0.005,0.025,2,72,5,4,1,128,3151.0,3149.0,15755.0,15745.0,0.0049203125,0.0246015625,0.9993652808632181,2.0,19.008257,21.008257,2.0,16.097174,18.097174,5.323595,11.5339,10000.0,2000000000.0
link_width_data,transpose,128,0.02,0.01,0.05,2,72,5,4,1,128,6392.0,6379.0,31960.0,31906.0,0.0099671875,0.049853125,0.9979662077596996,2.0,19.475466,21.475466,2.0,16.36736,18.36736,5.270984,23.2299,10000.0,2000000000.0
link_width_data,transpose,128,0.03,0.015,0.075,2,72,5,4,1,128,9506.0,9484.0,47530.0,47434.0,0.01481875,0.074115625,0.9976856722070271,2.0,20.407212,22.407212,2.0,16.974259,18.974259,5.282582,34.5859,10000.0,2000000000.0
link_width_data,transpose,128,0.04,0.02,0.1,2,72,5,4,1,128,12607.0,12579.0,63035.0,62912.0,0.0196546875,0.0983,0.9977790116601888,2.0,21.834089,23.834089,2.0,17.945495,19.945495,5.261476,45.7377,10000.0,2000000000.0
link_width_data,transpose,128,0.05,0.025,0.125,2,72,5,4,1,128,15968.0,15929.0,79840.0,79680.0,0.0248890625,0.1245,0.9975576152304609,2.001067,25.363488,27.364555,2.001067,20.819453,22.82052,5.247063,57.8104,10000.0,2000000000.0
link_width_data,transpose,128,0.06,0.03,0.15,2,72,5,4,1,128,18959.0,18870.0,94795.0,94402.0,0.029484375,0.147503125,0.9953056595812015,29.354743,41.766879,71.121622,29.379844,36.512108,65.891951,5.173598,67.836,10000.0,2000000000.0
link_width_data,transpose,128,0.07,0.035,0.17500000000000002,2,72,5,4,1,128,21320.0,21187.0,106600.0,106018.0,0.0331046875,0.165653125,0.9937617260787992,103.11356,56.69637,159.809931,103.398253,50.995576,154.393829,4.91958,73.5163,10000.0,2000000000.0
link_width_data,transpose,128,0.08,0.04,0.2,2,72,5,4,1,128,23246.0,23081.0,116230.0,115474.0,0.0360640625,0.180428125,0.9929020046459606,174.219401,62.767384,236.986786,174.538052,56.790368,231.32842,4.606942,76.472,10000.0,2000000000.0
link_width_data,transpose,128,0.09,0.045,0.22499999999999998,2,72,5,4,1,128,24906.0,24724.0,124530.0,123700.0,0.03863125,0.19328125,0.9926925238898258,259.317869,70.034056,329.351925,259.79021,63.902967,323.693177,4.331382,78.4942,10000.0,2000000000.0
link_width_data,transpose,128,0.1,0.05,0.25,2,72,5,4,1,128,26178.0,25965.0,130890.0,129905.0,0.0405703125,0.2029765625,0.9918633967453587,343.475063,75.851762,419.326825,343.811762,69.563935,413.375698,4.047789,78.7593,10000.0,2000000000.0
link_width_data,transpose,128,0.11,0.055,0.275,2,72,5,4,1,128,27162.0,26944.0,135810.0,134809.0,0.0421,0.2106390625,0.9919740814373021,441.692436,77.301811,518.994247,442.109459,71.00569,513.115148,3.816971,78.6114,10000.0,2000000000.0
link_width_data,transpose,128,0.12,0.06,0.3,2,72,5,4,1,128,28160.0,27928.0,140800.0,139736.0,0.0436375,0.2183375,0.9917613636363637,500.197651,78.010062,578.207713,501.146168,71.691053,572.837222,3.620084,78.733,10000.0,2000000000.0
link_width_data,transpose,128,0.13,0.065,0.325,2,72,5,4,1,128,29171.0,28923.0,145855.0,144701.0,0.0451921875,0.2260953125,0.9914984059511158,534.325035,80.51077,614.835805,535.088776,74.097864,609.18664,3.451586,79.0892,10000.0,2000000000.0
link_width_data,transpose,128,0.14,0.07,0.35000000000000003,2,72,5,4,1,128,30015.0,29760.0,150075.0,148884.0,0.0465,0.23263125,0.991504247876062,596.485081,81.989415,678.474496,597.277746,75.519384,672.797131,3.318463,79.3907,10000.0,2000000000.0
link_width_data,transpose,128,0.15,0.075,0.375,2,72,5,4,1,128,30704.0,30443.0,153520.0,152314.0,0.0475671875,0.237990625,0.9914994788952579,690.550898,81.892258,772.443156,691.740017,75.437511,767.177528,3.198944,79.3976,10000.0,2000000000.0
link_width_data,transpose,128,0.16,0.08,0.4,2,72,5,4,1,128,31406.0,31142.0,157030.0,155805.0,0.048659375,0.2434453125,0.9915939629370184,768.218997,81.396474,849.615471,769.203857,74.965142,844.169,3.095112,79.5969,10000.0,2000000000.0
link_width_data,transpose,128,0.17,0.085,0.42500000000000004,2,72,5,4,1,128,32102.0,31836.0,160510.0,159281.0,0.04974375,0.2488765625,0.9917139119058003,815.812728,81.17031,896.983038,816.628606,74.659055,891.287661,2.994933,79.7717,10000.0,2000000000.0
link_width_data,transpose,128,0.18,0.09,0.44999999999999996,2,72,5,4,1,128,32826.0,32548.0,164130.0,162846.0,0.05085625,0.254446875,0.9915311033936514,847.362081,81.056378,928.418459,848.071122,74.509991,922.581113,2.900348,80.0194,10000.0,2000000000.0
link_width_data,transpose,128,0.19,0.095,0.475,2,72,5,4,1,128,33568.0,33283.0,167840.0,166523.0,0.0520046875,0.2601921875,0.9915097712106768,859.758796,81.222125,940.980921,860.926262,74.631685,935.557947,2.814722,80.3963,10000.0,2000000000.0
link_width_data,transpose,128,0.2,0.1,0.5,2,72,5,4,1,128,34153.0,33856.0,170765.0,169402.0,0.0529,0.264690625,0.9913038386086142,899.614396,82.51146,982.125857,900.958737,75.886648,976.845386,2.756178,80.7921,10000.0,2000000000.0
link_width_data,transpose,128,0.21,0.105,0.525,2,72,5,4,1,128,34693.0,34394.0,173465.0,172070.0,0.053740625,0.268859375,0.9913815467097109,954.169216,81.887044,1036.05626,954.929099,75.249131,1030.17823,2.683164,80.8101,10000.0,2000000000.0
link_width_data,transpose,128,0.22,0.11,0.55,2,72,5,4,1,128,35207.0,34918.0,176035.0,174687.0,0.054559375,0.2729484375,0.9917914051183003,1039.792113,80.764735,1120.556847,1040.777064,74.150143,1114.927207,2.639647,81.2693,10000.0,2000000000.0
link_width_data,transpose,128,0.23,0.115,0.5750000000000001,2,72,5,4,1,128,35752.0,35463.0,178760.0,177412.0,0.0554109375,0.27720625,0.9919165361378385,1122.188647,80.335956,1202.524603,1123.440602,73.73672,1197.177322,2.617918,82.1535,10000.0,2000000000.0
link_width_data,transpose,128,0.24,0.12,0.6,2,72,5,4,1,128,36246.0,35952.0,181230.0,179880.0,0.056175,0.2810625,0.9918887601390498,1196.085698,79.578382,1275.66408,1197.427385,72.967973,1270.395358,2.582477,82.6499,10000.0,2000000000.0
link_width_data,transpose,128,0.25,0.125,0.625,2,72,5,4,1,128,36730.0,36438.0,183650.0,182303.0,0.056934375,0.2848484375,0.9920500952899537,1261.169987,78.548411,1339.718398,1262.528538,71.93762,1334.466158,2.553683,83.2335,10000.0,2000000000.0
link_width_data,transpose,128,0.26,0.13,0.65,2,72,5,4,1,128,37229.0,36936.0,186145.0,184807.0,0.0577125,0.2887609375,0.992129791291735,1322.071123,77.513537,1399.58466,1323.386776,70.890843,1394.277619,2.522058,83.7897,10000.0,2000000000.0
link_width_data,transpose,128,0.27,0.135,0.675,2,72,5,4,1,128,37718.0,37422.0,188590.0,187231.0,0.058471875,0.2925484375,0.9921522880322392,1368.620571,77.097189,1445.71776,1369.969711,70.46871,1440.438421,2.492215,84.3309,10000.0,2000000000.0
link_width_data,transpose,128,0.28,0.14,0.7000000000000001,2,72,5,4,1,128,38213.0,37912.0,191065.0,189692.0,0.0592375,0.29639375,0.9921230994687672,1410.043548,76.487207,1486.530755,1411.668231,69.851965,1481.520196,2.466356,84.9444,10000.0,2000000000.0
link_width_data,transpose,128,0.29,0.145,0.725,2,72,5,4,1,128,38738.0,38440.0,193690.0,192330.0,0.0600625,0.300515625,0.9923072951623728,1445.0,75.739048,1520.739048,1446.636682,69.08358,1515.720262,2.435938,85.5415,10000.0,2000000000.0
link_width_data,transpose,128,0.3,0.15,0.75,2,72,5,4,1,128,39237.0,38940.0,196185.0,194828.0,0.06084375,0.30441875,0.992430613961312,1482.986364,75.165126,1558.151489,1484.785914,68.483806,1553.26972,2.41453,86.2339,10000.0,2000000000.0
link_width_data,transpose,128,0.31,0.155,0.775,2,72,5,4,1,128,39715.0,39415.0,198575.0,197199.0,0.0615859375,0.3081234375,0.9924461790255571,1514.737232,74.589572,1589.326805,1516.351467,67.85968,1584.211147,2.390316,86.8016,10000.0,2000000000.0
link_width_data,transpose,128,0.32,0.16,0.8,2,72,5,4,1,128,40185.0,39886.0,200925.0,199564.0,0.062321875,0.31181875,0.9925594127161876,1540.126285,73.67189,1613.798175,1541.63287,66.89696,1608.52983,2.350865,87.0505,10000.0,2000000000.0
link_width_data,transpose,128,0.33,0.165,0.8250000000000001,2,72,5,4,1,128,40683.0,40378.0,203415.0,202030.0,0.063090625,0.315671875,0.9925030110857115,1566.394522,73.547278,1639.9418,1567.715131,66.728327,1634.443459,2.336405,87.8348,10000.0,2000000000.0
link_width_data,transpose,128,0.34,0.17,0.8500000000000001,2,72,5,4,1,128,41197.0,40892.0,205985.0,204600.0,0.06389375,0.3196875,0.9925965482923513,1585.266947,72.866062,1658.133009,1586.6213,65.998661,1652.619961,2.311359,88.4369,10000.0,2000000000.0
link_width_data,transpose,128,0.35,0.175,0.875,2,72,5,4,1,128,41716.0,41408.0,208580.0,207182.0,0.0647,0.323721875,0.9926167417777352,1600.098411,72.560616,1672.659027,1601.594009,65.658455,1667.252464,2.290942,89.1267,10000.0,2000000000.0
link_width_data,transpose,128,0.36,0.18,0.8999999999999999,2,72,5,4,1,128,42208.0,41898.0,211040.0,209635.0,0.065465625,0.3275546875,0.9926554207733131,1613.199126,72.128861,1685.327987,1614.874367,65.162745,1680.037112,2.269134,89.7212,10000.0,2000000000.0
link_width_data,transpose,128,0.37,0.185,0.925,2,72,5,4,1,128,42703.0,42398.0,213515.0,212115.0,0.066246875,0.3314296875,0.9928576446619676,1628.170173,71.60609,1699.776263,1629.336987,64.552233,1693.88922,2.249082,90.3576,10000.0,2000000000.0
link_width_data,transpose,128,0.38,0.19,0.95,2,72,5,4,1,128,43210.0,42901.0,216050.0,214641.0,0.0670328125,0.3353765625,0.9928488775746355,1643.847952,71.11396,1714.961912,1644.935278,63.955381,1708.890659,2.222893,90.869,10000.0,2000000000.0
link_width_data,transpose,128,0.39,0.195,0.9750000000000001,2,72,5,4,1,128,43669.0,43356.0,218345.0,216923.0,0.06774375,0.3389421875,0.9928324440678742,1662.96674,70.801158,1733.767898,1664.016997,63.562776,1727.579773,2.204026,91.4237,10000.0,2000000000.0
link_width_data,transpose,128,0.4,0.2,1.0,2,72,5,4,1,128,44025.0,43708.0,220125.0,218700.0,0.06829375,0.34171875,0.9927995457126633,1698.07422,70.618811,1768.693031,1699.12898,63.284664,1762.413644,2.189822,91.8601,10000.0,2000000000.0
link_width_data,transpose,128,0.41,0.205,1.025,2,72,5,4,1,128,44126.0,43809.0,220630.0,219219.0,0.0684515625,0.3425296875,0.9928160268322531,1757.638453,70.568764,1828.207218,1758.702216,63.192556,1821.894772,2.186042,91.9939,10000.0,2000000000.0
link_width_data,transpose,128,0.42,0.21,1.05,2,72,5,4,1,128,44169.0,43850.0,220845.0,219414.0,0.068515625,0.342834375,0.9927777400439222,1823.65927,70.540137,1894.199407,1824.965772,63.179679,1888.145451,2.17853,91.9096,10000.0,2000000000.0
link_width_data,transpose,128,0.43,0.215,1.075,2,72,5,4,1,128,44187.0,43865.0,220935.0,219479.0,0.0685390625,0.3429359375,0.9927127888292937,1898.15281,70.614978,1968.767788,1899.358394,63.217219,1962.575613,2.183325,92.0433,10000.0,2000000000.0
link_width_data,transpose,128,0.44,0.22,1.1,2,72,5,4,1,128,44196.0,43875.0,220980.0,219539.0,0.0685546875,0.3430296875,0.992736899266902,1962.120934,70.354416,2032.47535,1963.367798,62.956518,2026.324316,2.180178,91.9971,10000.0,2000000000.0
link_width_data,transpose,128,0.45,0.225,1.125,2,72,5,4,1,128,44213.0,43892.0,221065.0,219622.0,0.06858125,0.343159375,0.9927396919458078,2022.470883,70.34373,2092.814613,2023.785645,62.952864,2086.73851,2.179417,92.0151,10000.0,2000000000.0
link_width_data,transpose,128,0.46,0.23,1.1500000000000001,2,72,5,4,1,128,44218.0,43899.0,221090.0,219651.0,0.0685921875,0.3432046875,0.9927857433624316,2081.57081,70.34855,2151.91936,2082.838189,62.977068,2145.815257,2.179011,92.0178,10000.0,2000000000.0
link_width_data,transpose,128,0.47,0.235,1.1749999999999998,2,72,5,4,1,128,44224.0,43903.0,221120.0,219664.0,0.0685984375,0.343225,0.992741497829233,2139.628385,70.469285,2210.09767,2140.955436,63.097203,2204.052639,2.182643,92.1038,10000.0,2000000000.0
link_width_data,transpose,128,0.48,0.24,1.2,2,72,5,4,1,128,44229.0,43908.0,221145.0,219688.0,0.06860625,0.3432625,0.9927423183883877,2197.195363,70.454473,2267.649836,2198.732225,63.077173,2261.809398,2.182559,92.1123,10000.0,2000000000.0
link_width_data,transpose,128,0.49,0.245,1.225,2,72,5,4,1,128,44234.0,43911.0,221170.0,219705.0,0.0686109375,0.3432890625,0.9926979246733282,2251.222108,70.401653,2321.623762,2252.706306,63.039389,2315.745695,2.185139,92.181,10000.0,2000000000.0
link_width_data,transpose,128,0.5,0.25,1.25,2,72,5,4,1,128,44232.0,43910.0,221160.0,219706.0,0.068609375,0.343290625,0.9927202025682763,2303.825803,70.266158,2374.091961,2305.252096,62.913371,2368.165467,2.181388,92.0992,10000.0,2000000000.0
link_width_data,transpose,256,0.01,0.005,0.015,2,72,3,4,1,256,3151.0,3149.0,9453.0,9447.0,0.0049203125,0.0147609375,0.9993652808632181,2.0,15.815815,17.815815,2.0,14.740235,16.740235,5.323595,6.9206,10000.0,2000000000.0
link_width_data,transpose,256,0.02,0.01,0.03,2,72,3,4,1,256,6392.0,6381.0,19176.0,19148.0,0.0099703125,0.02991875,0.998279098873592,2.0,15.921956,17.921956,2.0,14.756946,16.756946,5.271464,13.9412,10000.0,2000000000.0
link_width_data,transpose,256,0.03,0.015,0.045,2,72,3,4,1,256,9506.0,9487.0,28518.0,28466.0,0.0148234375,0.044478125,0.9980012623606144,2.0,16.190366,18.190366,2.0,14.922504,16.922504,5.283145,20.7575,10000.0,2000000000.0
link_width_data,transpose,256,0.04,0.02,0.06,2,72,3,4,1,256,12607.0,12583.0,37821.0,37754.0,0.0196609375,0.058990625,0.9980962957087333,2.0,16.450052,18.450052,2.0,15.06251,17.06251,5.261959,27.45,10000.0,2000000000.0
link_width_data,transpose,256,0.05,0.025,0.07500000000000001,2,72,3,4,1,256,15968.0,15938.0,47904.0,47821.0,0.024903125,0.0747203125,0.9981212424849699,2.0,16.79552,18.79552,2.0,15.267539,17.267539,5.247527,34.6973,10000.0,2000000000.0
link_width_data,transpose,256,0.06,0.03,0.09,2,72,3,4,1,256,19104.0,19063.0,57312.0,57198.0,0.0297859375,0.089371875,0.9978538525963149,2.0,17.268059,19.268059,2.0,15.585073,17.585073,5.244904,41.487,10000.0,2000000000.0
link_width_data,transpose,256,0.07,0.035,0.10500000000000001,2,72,3,4,1,256,22259.0,22211.0,66777.0,66645.0,0.0347046875,0.1041328125,0.9978435688934812,2.000045,17.917068,19.917113,2.000045,16.054498,18.054543,5.250206,48.372,10000.0,2000000000.0
link_width_data,transpose,256,0.08,0.04,0.12,2,72,3,4,1,256,25466.0,25410.0,76398.0,76246.0,0.039703125,0.119134375,0.9978009895547004,2.000039,18.910901,20.910941,2.000039,16.843284,18.843323,5.246124,55.3071,10000.0,2000000000.0
link_width_data,transpose,256,0.09,0.045,0.135,2,72,3,4,1,256,28697.0,28630.0,86091.0,85909.0,0.044734375,0.1342328125,0.9976652611771265,2.004506,21.505414,23.50992,2.004505,19.208057,21.212562,5.235796,62.2332,10000.0,2000000000.0
link_width_data,transpose,256,0.1,0.05,0.15000000000000002,2,72,3,4,1,256,31709.0,31597.0,95127.0,94809.0,0.0493703125,0.1481390625,0.9964678797817654,21.55116,33.519416,55.070576,21.583542,31.008016,52.591558,5.160713,67.9846,10000.0,2000000000.0
link_width_data,transpose,256,0.11,0.055,0.165,2,72,3,4,1,256,34173.0,34037.0,102519.0,102138.0,0.0531828125,0.159590625,0.9960202499048957,63.080354,39.893645,102.973999,63.155593,37.22823,100.383824,5.00656,71.6684,10000.0,2000000000.0
link_width_data,transpose,256,0.12,0.06,0.18,2,72,3,4,1,256,36236.0,36060.0,108708.0,108214.0,0.05634375,0.169084375,0.99514295176068,126.080172,47.270244,173.350416,126.099682,44.506949,170.606631,4.822019,73.948,10000.0,2000000000.0
link_width_data,transpose,256,0.13,0.065,0.195,2,72,3,4,1,256,38119.0,37935.0,114357.0,113831.0,0.0592734375,0.1778609375,0.995173010834492,167.305602,49.947674,217.253275,167.478253,47.107361,214.585614,4.633922,75.6399,10000.0,2000000000.0
link_width_data,transpose,256,0.14,0.07,0.21000000000000002,2,72,3,4,1,256,39875.0,39639.0,119625.0,118956.0,0.0619359375,0.18586875,0.9940815047021944,214.233533,55.490098,269.723631,214.496906,52.579029,267.075936,4.474259,77.1675,10000.0,2000000000.0
link_width_data,transpose,256,0.15,0.075,0.22499999999999998,2,72,3,4,1,256,41239.0,41000.0,123717.0,123038.0,0.0640625,0.192246875,0.9942045151434322,277.06161,56.91839,333.98,277.20935,53.951527,331.160877,4.295307,77.6089,10000.0,2000000000.0
link_width_data,transpose,256,0.16,0.08,0.24,2,72,3,4,1,256,42655.0,42403.0,127965.0,127248.0,0.0662546875,0.198825,0.9940921345680459,311.067849,59.159187,370.227036,311.197983,56.137519,367.335502,4.139067,78.2777,10000.0,2000000000.0
link_width_data,transpose,256,0.17,0.085,0.255,2,72,3,4,1,256,43887.0,43599.0,131661.0,130839.0,0.0681234375,0.2044359375,0.9934376922551097,342.849997,63.356338,406.206335,342.99225,60.305933,403.298183,3.986885,78.5038,10000.0,2000000000.0
link_width_data,transpose,256,0.18,0.09,0.27,2,72,3,4,1,256,44904.0,44607.0,134712.0,133866.0,0.0696984375,0.209165625,0.99338588989845,417.052055,63.714238,480.766292,417.15709,60.650143,477.807233,3.852898,78.5271,10000.0,2000000000.0
link_width_data,transpose,256,0.19,0.095,0.28500000000000003,2,72,3,4,1,256,45922.0,45617.0,137766.0,136893.0,0.0712765625,0.2138953125,0.9933583032097905,465.176119,63.72245,528.898569,465.383394,60.656652,526.040046,3.729132,78.606,10000.0,2000000000.0
link_width_data,transpose,256,0.2,0.1,0.30000000000000004,2,72,3,4,1,256,46875.0,46556.0,140625.0,139722.0,0.07274375,0.218315625,0.9931946666666667,497.350997,64.193681,561.544677,497.933618,61.119237,559.052855,3.619244,78.6951,10000.0,2000000000.0
link_width_data,transpose,256,0.21,0.105,0.315,2,72,3,4,1,256,47903.0,47574.0,143709.0,142770.0,0.074334375,0.223078125,0.9931319541573597,514.045992,65.16076,579.206752,514.338573,62.066625,576.405197,3.512194,78.8833,10000.0,2000000000.0
link_width_data,transpose,256,0.22,0.11,0.33,2,72,3,4,1,256,48875.0,48523.0,146625.0,145621.0,0.0758171875,0.2275328125,0.9927979539641943,536.588175,66.529131,603.117305,536.899115,63.399365,600.29848,3.417419,79.0771,10000.0,2000000000.0
link_width_data,transpose,256,0.23,0.115,0.34500000000000003,2,72,3,4,1,256,49753.0,49404.0,149259.0,148261.0,0.07719375,0.2316578125,0.9929853476172291,571.616185,67.384685,639.00087,572.035808,64.246579,636.282387,3.33555,79.297,10000.0,2000000000.0
link_width_data,transpose,256,0.24,0.12,0.36,2,72,3,4,1,256,50437.0,50078.0,151311.0,150289.0,0.078246875,0.2348265625,0.9928822094890656,636.472802,67.737989,704.210791,636.905562,64.594881,701.500442,3.25799,79.2152,10000.0,2000000000.0
link_width_data,transpose,256,0.25,0.125,0.375,2,72,3,4,1,256,51112.0,50753.0,153336.0,152306.0,0.0793015625,0.237978125,0.9929762091094068,696.76364,67.543002,764.306642,697.314321,64.408579,761.7229,3.192927,79.2887,10000.0,2000000000.0
link_width_data,transpose,256,0.26,0.13,0.39,2,72,3,4,1,256,51814.0,51451.0,155442.0,154406.0,0.0803921875,0.241259375,0.9929941714594511,748.887816,67.293094,816.18091,749.529137,64.156898,813.686036,3.128518,79.3803,10000.0,2000000000.0
link_width_data,transpose,256,0.27,0.135,0.405,2,72,3,4,1,256,52511.0,52143.0,157533.0,156481.0,0.0814734375,0.2445015625,0.9929919445449524,787.88683,67.046277,854.933107,788.357181,63.915197,852.272378,3.068935,79.5175,10000.0,2000000000.0
link_width_data,transpose,256,0.28,0.14,0.42000000000000004,2,72,3,4,1,256,53199.0,52830.0,159597.0,158539.0,0.082546875,0.2477171875,0.9930637793943495,818.393678,66.831989,885.225667,819.044355,63.702149,882.746504,3.010426,79.6318,10000.0,2000000000.0
link_width_data,transpose,256,0.29,0.145,0.43499999999999994,2,72,3,4,1,256,53933.0,53560.0,161799.0,160736.0,0.0836875,0.25115,0.9930840116440769,844.244698,66.653435,910.898133,844.816444,63.501213,908.317658,2.952668,79.8029,10000.0,2000000000.0
link_width_data,transpose,256,0.3,0.15,0.44999999999999996,2,72,3,4,1,256,54627.0,54253.0,163881.0,162803.0,0.0847703125,0.2543796875,0.9931535687480549,862.337862,66.617514,928.955376,862.508215,63.443874,925.952089,2.897293,79.9266,10000.0,2000000000.0
link_width_data,transpose,256,0.31,0.155,0.46499999999999997,2,72,3,4,1,256,55321.0,54938.0,165963.0,164862.0,0.085840625,0.257596875,0.9930767701234613,870.87222,66.692726,937.564946,871.426096,63.516626,934.942722,2.842013,80.0288,10000.0,2000000000.0
link_width_data,transpose,256,0.32,0.16,0.48,2,72,3,4,1,256,56003.0,55606.0,168009.0,166882.0,0.086884375,0.260753125,0.9929110940485331,875.008488,66.926573,941.935061,875.500354,63.732224,939.232578,2.788905,80.1234,10000.0,2000000000.0
link_width_data,transpose,256,0.33,0.165,0.495,2,72,3,4,1,256,56665.0,56264.0,169995.0,168850.0,0.0879125,0.263828125,0.9929233212741552,888.646737,67.207184,955.853921,889.25326,63.986005,953.239266,2.741842,80.2725,10000.0,2000000000.0
link_width_data,transpose,256,0.34,0.17,0.51,2,72,3,4,1,256,57254.0,56853.0,171762.0,170609.0,0.0888328125,0.2665765625,0.9929961225416565,917.890085,67.29629,985.186375,918.365637,64.069439,982.435077,2.705531,80.4893,10000.0,2000000000.0
link_width_data,transpose,256,0.35,0.175,0.5249999999999999,2,72,3,4,1,256,57803.0,57397.0,173409.0,172248.0,0.0896828125,0.2691375,0.9929761431067592,965.855341,67.072408,1032.927749,966.250732,63.851638,1030.10237,2.679625,80.8149,10000.0,2000000000.0
link_width_data,transpose,256,0.36,0.18,0.54,2,72,3,4,1,256,58309.0,57906.0,174927.0,173766.0,0.090478125,0.271509375,0.9930885455075545,1018.56868,66.67076,1085.23944,1018.91538,63.453075,1082.368455,2.659726,81.1795,10000.0,2000000000.0
link_width_data,transpose,256,0.37,0.185,0.5549999999999999,2,72,3,4,1,256,58809.0,58401.0,176427.0,175269.0,0.0912515625,0.2738578125,0.993062286384737,1069.468536,66.286279,1135.754816,1069.951475,63.072346,1133.023821,2.638675,81.5121,10000.0,2000000000.0
link_width_data,transpose,256,0.38,0.19,0.5700000000000001,2,72,3,4,1,256,59335.0,58930.0,178005.0,176846.0,0.092078125,0.276321875,0.9931743490351395,1118.757543,65.864348,1184.62189,1119.162022,62.656656,1181.818678,2.617588,81.87,10000.0,2000000000.0
link_width_data,transpose,256,0.39,0.195,0.585,2,72,3,4,1,256,59827.0,59422.0,179481.0,178321.0,0.092846875,0.2786265625,0.9932304812208534,1163.548265,65.43595,1228.984215,1163.944342,62.233876,1226.178218,2.599436,82.2286,10000.0,2000000000.0
link_width_data,transpose,256,0.4,0.2,0.6000000000000001,2,72,3,4,1,256,60314.0,59910.0,180942.0,179790.0,0.093609375,0.280921875,0.9933017209934675,1206.730729,64.969621,1271.700351,1207.354119,61.774531,1269.12865,2.5811,82.5734,10000.0,2000000000.0
link_width_data,transpose,256,0.41,0.205,0.615,2,72,3,4,1,256,60788.0,60383.0,182364.0,181209.0,0.0943484375,0.2831390625,0.9933375008225308,1249.327311,64.522713,1313.850024,1249.989294,61.335121,1311.324415,2.563659,82.9071,10000.0,2000000000.0
link_width_data,transpose,256,0.42,0.21,0.63,2,72,3,4,1,256,61272.0,60870.0,183816.0,182671.0,0.095109375,0.2854234375,0.9934390912651783,1285.979448,64.093396,1350.072844,1286.668289,60.90928,1347.577568,2.546097,83.2514,10000.0,2000000000.0
link_width_data,transpose,256,0.43,0.215,0.645,2,72,3,4,1,256,61764.0,61359.0,185292.0,184144.0,0.0958734375,0.287725,0.9934427822032251,1325.758047,63.642465,1389.400512,1326.56786,60.465554,1387.033414,2.529553,83.6172,10000.0,2000000000.0
link_width_data,transpose,256,0.44,0.22,0.66,2,72,3,4,1,256,62260.0,61855.0,186780.0,185633.0,0.0966484375,0.2900515625,0.9934950208801799,1356.133409,63.151289,1419.284698,1357.056208,59.992755,1417.048962,2.511999,83.9666,10000.0,2000000000.0
link_width_data,transpose,256,0.45,0.225,0.675,2,72,3,4,1,256,62747.0,62342.0,188241.0,187096.0,0.097409375,0.2923375,0.9935455081517841,1383.7579,62.744875,1446.502775,1384.726237,59.587827,1444.314063,2.495297,84.3143,10000.0,2000000000.0
link_width_data,transpose,256,0.46,0.23,0.6900000000000001,2,72,3,4,1,256,63222.0,62814.0,189666.0,188505.0,0.098146875,0.2945390625,0.9935465502514947,1412.634667,62.345114,1474.979782,1413.45672,59.186218,1472.642938,2.479828,84.6559,10000.0,2000000000.0
link_width_data,transpose,256,0.47,0.235,0.705,2,72,3,4,1,256,63690.0,63283.0,191070.0,189913.0,0.0988796875,0.2967390625,0.9936096718480139,1437.664871,61.949686,1499.614557,1438.477624,58.787766,1497.26539,2.464286,84.9913,10000.0,2000000000.0
link_width_data,transpose,256,0.48,0.24,0.72,2,72,3,4,1,256,64190.0,63782.0,192570.0,191406.0,0.099659375,0.299071875,0.9936438697616451,1460.281804,61.554247,1521.836051,1461.047606,58.391367,1519.438973,2.447959,85.3468,10000.0,2000000000.0
link_width_data,transpose,256,0.49,0.245,0.735,2,72,3,4,1,256,64681.0,64275.0,194043.0,192880.0,0.1004296875,0.301375,0.9937230407693141,1481.550245,61.137814,1542.688059,1482.179951,57.958726,1540.138677,2.432435,85.702,10000.0,2000000000.0
link_width_data,transpose,256,0.5,0.25,0.75,2,72,3,4,1,256,65176.0,64767.0,195528.0,194357.0,0.1011984375,0.3036828125,0.9937246839327359,1501.424908,60.79576,1562.220668,1502.192337,57.61898,1559.811316,2.41752,86.0661,10000.0,2000000000.0
